plant_id,volume,species_raw,species_current,genus,epithet,group,family,dutch_name,kb_link,multi_species,all_species
KW_T_423_1_0020R,1,Veronica chamaedrys,Veronica chamaedrys,Veronica,chamaedrys,Flowering plants,Brassicaceae,Pinksterbloem,https://galerij.kb.nl/kb.html#/nl/florabatava16/page/13/zoom/3/lat/-66.12496236487968/lng/-29.267578125,False,Veronica chamaedrys
KW_T_423_1_0022R,1,Menyanthes trifoliata,Menyanthes trifoliata,Menyanthes,trifoliata,Flowering plants,Ranunculaceae,Bosanemoon (gevuldbloemig),https://galerij.kb.nl/kb.html#/nl/florabatava16/page/78/zoom/3/lat/-66.12496236487968/lng/-29.267578125,False,Menyanthes trifoliata
KW_T_423_1_0024R,1,Anagallis arvensis,Anagallis arvensis subsp. arvensis,Anagallis,arvensis subsp. arvensis,Flowering plants,Plantaginaceae,Vlasbekje (pelorisch),https://galerij.kb.nl/kb.html#/nl/florabatava03/page/55/zoom/3/lat/-69.162557908105/lng/-39.19921875,False,Anagallis arvensis subsp. arvensis
KW_T_423_1_0026R,1,Lychnis flos cuculi,Silene flos-cuculi,Silene,flos-cuculi,Flowering plants,Saxifragaceae,Haarlems klokkenspel,https://galerij.kb.nl/kb.html#/nl/florabatava15/page/39/zoom/3/lat/-65.98227002980873/lng/-25.224609375,False,Silene flos-cuculi
KW_T_423_1_0028R,1,Caltha palustris,Caltha palustris subsp. palustris,Caltha,palustris subsp. palustris,Flowering plants,Asteraceae,Akkerdistel,https://galerij.kb.nl/kb.html#/nl/florabatava23/page/56/zoom/3/lat/-67.16995497083366/lng/-27.509765625,False,Caltha palustris subsp. palustris
KW_T_423_1_0030R,1,Convallaria majalis,Convallaria majalis,Convallaria,majalis,Flowering plants,Poaceae,Geknikte vossenstaart,https://galerij.kb.nl/kb.html#/nl/florabatava24/page/10/zoom/3/lat/-65.6220226151064/lng/-26.103515625,False,Convallaria majalis
KW_T_423_1_0032R,1,Epilobium angustifolium,Chamaenerion angustifolium,Chamaenerion,angustifolium,Flowering plants,Cyperaceae,Dwergzegge / Geelgroene zegge,https://galerij.kb.nl/kb.html#/nl/florabatava06/page/42/zoom/3/lat/-68.59248658252949/lng/-37.96875,False,Chamaenerion angustifolium
KW_T_423_1_0034R,1,Erica tetralix,Erica tetralix,Erica,tetralix,Mosses,Orthotrichaceae,cf. Gewone haarmuts,https://galerij.kb.nl/kb.html#/nl/florabatava12/page/43/zoom/3/lat/-66.5482634621744/lng/-29.091796875,False,Erica tetralix
KW_T_423_1_0036R,1,Oxalis acetosella,Oxalis acetosella,Oxalis,acetosella,Fungi,Postiaceae,Boompuist anamorf,https://galerij.kb.nl/kb.html#/nl/florabatava24/page/90/zoom/3/lat/-65.6220226151064/lng/-26.103515625,False,Oxalis acetosella
KW_T_423_1_0038R,1,Viola tricolor,Viola tricolor,Viola,tricolor,Flowering plants,Salicaceae,Canadapopulier,https://galerij.kb.nl/kb.html#/nl/florabatava14/page/81/zoom/3/lat/-65.03506043658815/lng/-28.916015625,False,Viola tricolor
KW_T_423_1_0040R,1,Hippuris vulgaris,Hippuris vulgaris,Hippuris,vulgaris,Flowering plants,Salicaceae,Canadapopulier,https://galerij.kb.nl/kb.html#/nl/florabatava14/page/81/zoom/3/lat/-65.03506043658815/lng/-28.916015625,False,Hippuris vulgaris
KW_T_423_1_0042R,1,Hottonia palustris,Hottonia palustris,Hottonia,palustris,Flowering plants,Poaceae,cf. Hennegras,https://galerij.kb.nl/kb.html#/nl/florabatava13/page/89/zoom/3/lat/-66.5482634621744/lng/-29.091796875,False,Hottonia palustris
KW_T_423_1_0044R,1,Convulvulus arvensis,Convolvulus arvensis,Convolvulus,arvensis,Flowering plants,Salicaceae,Grauwe abeel,https://galerij.kb.nl/kb.html#/nl/florabatava14/page/86/zoom/3/lat/-65.03506043658815/lng/-28.916015625,False,Convolvulus arvensis
KW_T_423_1_0046R,1,Galanthus nivalis,Galanthus nivalis,Galanthus,nivalis,Flowering plants,Salicaceae,Grauwe abeel,https://galerij.kb.nl/kb.html#/nl/florabatava14/page/86/zoom/3/lat/-65.03506043658815/lng/-28.916015625,False,Galanthus nivalis
KW_T_423_1_0048R,1,Papaver argemone,Papaver argemone,Papaver,argemone,Flowering plants,Rosaceae,Duinroos x Egelantier,https://galerij.kb.nl/kb.html#/nl/florabatava14/page/69/zoom/3/lat/-65.03506043658815/lng/-28.916015625,False,Papaver argemone
KW_T_423_1_0050R,1,Ajuga reptans,Ajuga reptans,Ajuga,reptans,Flowering plants,Rosaceae,Duinroos x Egelantier,https://galerij.kb.nl/kb.html#/nl/florabatava15/page/19/zoom/3/lat/-70.81581215931347/lng/-57.568359375,False,Ajuga reptans
KW_T_423_1_0052R,1,Fumaria bulbosa,Corydalis solida,Corydalis,solida,Flowering plants,Rosaceae,Braam spec.,https://galerij.kb.nl/kb.html#/nl/florabatava24/page/62/zoom/3/lat/-65.6220226151064/lng/-26.103515625,False,Corydalis solida
KW_T_423_1_0054R,1,Ornithopus perpusillus,Ornithopus perpusillus,Ornithopus,perpusillus,Flowering plants,Potamogetonaceae,Plat fonteinkruid,https://galerij.kb.nl/kb.html#/nl/florabatava01/page/67/zoom/3/lat/-67.06743335108297/lng/-51.328125,False,Ornithopus perpusillus
KW_T_423_1_0056R,1,Bellis perennis,Bellis perennis,Bellis,perennis,Mosses,Bryaceae,cf. Dicht knikmos,https://galerij.kb.nl/kb.html#/nl/florabatava17/page/36/zoom/3/lat/-68.56038368664157/lng/-27.333984375,False,Bellis perennis
KW_T_423_1_0058R,1,Orchis latifolia,Dactylorhiza praetermissa,Dactylorhiza,praetermissa,Mosses,Pylaisiaceae,cf. Gewoon puntmos,https://galerij.kb.nl/kb.html#/nl/florabatava11/page/63/zoom/3/lat/-68.56038368664157/lng/-36.474609375,False,Dactylorhiza praetermissa
KW_T_423_1_0060R,1,Lycopus europaeus,Lycopus europaeus,Lycopus,europaeus,Fungi,Cortinariaceae,Geelplaatgordijnzwam s.l.,https://galerij.kb.nl/kb.html#/nl/florabatava19/page/27/zoom/3/lat/-68.6885206018014/lng/-21.357421875,False,Lycopus europaeus
KW_T_423_1_0062R,1,Valeriana officinalis,Valeriana officinalis,Valeriana,officinalis,Flowering plants,Cyperaceae,cf. Stijve zegge,https://galerij.kb.nl/kb.html#/nl/florabatava13/page/53/zoom/3/lat/-66.5482634621744/lng/-29.091796875,False,Valeriana officinalis
KW_T_423_1_0064R,1,Lonicera periclymenum,Lonicera periclymenum,Lonicera,periclymenum,Flowering plants,Salicaceae,Basterdkraakwilg,https://galerij.kb.nl/kb.html#/nl/florabatava14/page/15/zoom/3/lat/-65.03506043658815/lng/-28.916015625,False,Lonicera periclymenum
KW_T_423_1_0066R,1,Aethusa cynapium,Aethusa cynapium,Aethusa,cynapium,Flowering plants,Cyperaceae,Geelgroene x Blonde zegge,https://galerij.kb.nl/kb.html#/nl/florabatava18/page/80/zoom/3/lat/-68.56038368664157/lng/-27.333984375,False,Aethusa cynapium
KW_T_423_1_0068R,1,Adoxa moschatellina,Adoxa moschatellina,Adoxa,moschatellina,Flowering plants,Ulmaceae,Hollandse iep,https://galerij.kb.nl/kb.html#/nl/florabatava15/page/86/zoom/3/lat/-65.98227002980873/lng/-25.224609375,False,Adoxa moschatellina
KW_T_423_1_0070R,1,Ranunculus bulbosus,Ranunculus bulbosus,Ranunculus,bulbosus,Flowering plants,Ericaceae,Bastaardbosbes,https://galerij.kb.nl/kb.html#/nl/florabatava22/page/64/zoom/3/lat/-69.13127122963648/lng/-27.333984375,False,Ranunculus bulbosus
KW_T_423_1_0072R,1,Cardamine pratensis,Cardamine pratensis,Cardamine,pratensis,Flowering plants,Ericaceae,Bastaardbosbes,https://galerij.kb.nl/kb.html#/nl/florabatava22/page/64/zoom/3/lat/-69.13127122963648/lng/-27.333984375,False,Cardamine pratensis
KW_T_423_1_0074R,1,Erodium (Geranium) cicutarium,Erodium cicutarium,Erodium,cicutarium,Fungi,Entolomataceae,Staalsteeltje spec.,https://galerij.kb.nl/kb.html#/nl/florabatava27/page/62/zoom/3/lat/-66.23145747862573/lng/-39.55078125,False,Erodium cicutarium
KW_T_423_1_0076R,1,Hieracium pilosella,Pilosella officinarum,Pilosella,officinarum,Fungi,Entolomataceae,Staalsteeltje spec.,https://galerij.kb.nl/kb.html#/nl/florabatava27/page/62/zoom/3/lat/-66.23145747862573/lng/-39.55078125,False,Pilosella officinarum
KW_T_423_1_0078R,1,Urtica dioica,Urtica dioica,Urtica,dioica,Fungi,Entolomataceae,Staalsteeltje spec.,https://galerij.kb.nl/kb.html#/nl/florabatava27/page/62/zoom/3/lat/-66.23145747862573/lng/-39.55078125,False,Urtica dioica
KW_T_423_1_0080R,1,Verbena officinalis,Verbena officinalis,Verbena,officinalis,Fungi,Entolomataceae,Staalsteeltje spec.,https://galerij.kb.nl/kb.html#/nl/florabatava27/page/62/zoom/3/lat/-66.23145747862573/lng/-39.55078125,False,Verbena officinalis
KW_T_423_1_0082R,1,Eriophorum polystachion,Eriophorum angustifolium,Eriophorum,angustifolium,Flowering plants,Asparagaceae,Basterdhyacint,https://galerij.kb.nl/kb.html#/nl/florabatava01/page/51/zoom/3/lat/-67.06743335108297/lng/-51.328125,False,Eriophorum angustifolium
KW_T_423_1_0084R,1,Galium verum,Galium verum,Galium,verum,Flowering plants,Fabaceae,,https://galerij.kb.nl/kb.html#/nl/florabatava24/page/39/zoom/3/lat/-65.6220226151064/lng/-26.103515625,False,Galium verum
KW_T_423_1_0086R,1,Cynoglossum officinale,Cynoglossum officinale,Cynoglossum,officinale,Flowering plants,Poaceae,cf. Schaduwgras,https://galerij.kb.nl/kb.html#/nl/florabatava15/page/77/zoom/3/lat/-65.98227002980873/lng/-25.224609375,False,Cynoglossum officinale
KW_T_423_1_0088R,1,Scandix pecten,Scandix pecten-veneris,Scandix,pecten-veneris,Flowering plants,Rosaceae,,https://galerij.kb.nl/kb.html#/nl/florabatava15/page/80/zoom/3/lat/-65.98227002980873/lng/-25.224609375,False,Scandix pecten-veneris
KW_T_423_1_0090R,1,Hyacinthus non-scripta,Hyacinthoides × massartiana,Hyacinthoides,× massartiana,Flowering plants,Asteraceae,Nieuw-Nederlandse aster,https://galerij.kb.nl/kb.html#/nl/florabatava15/page/69/zoom/3/lat/-65.98227002980873/lng/-25.224609375,False,Hyacinthoides × massartiana
KW_T_423_1_0092R,1,Agrimonia eupatoria,Agrimonia eupatoria,Agrimonia,eupatoria,Flowering plants,Poaceae,Basterdkweek,https://galerij.kb.nl/kb.html#/nl/florabatava19/page/15/zoom/3/lat/-68.6885206018014/lng/-21.357421875,False,Agrimonia eupatoria
KW_T_423_1_0094R,1,Malva sylvestris,Malva sylvestris,Malva,sylvestris,Flowering plants,Alismataceae,(Smalle of slanke) waterweegbree,https://galerij.kb.nl/kb.html#/nl/florabatava04/page/35/zoom/3/lat/-68.46379955520322/lng/-47.98828124999999,False,Malva sylvestris
KW_T_423_1_0096R,1,Spartium scoparium,Cytisus scoparius,Cytisus,scoparius,Flowering plants,Plantaginaceae,cf. Klein sterrenkroos,https://galerij.kb.nl/kb.html#/nl/florabatava13/page/71/zoom/3/lat/-66.5482634621744/lng/-29.091796875,False,Cytisus scoparius
KW_T_423_1_0098R,1,Tussilago Farfara,Tussilago farfara,Tussilago,farfara,Mosses,Sphagnaceae,cf. Wrattig veenmos,https://galerij.kb.nl/kb.html#/nl/florabatava11/page/58/zoom/3/lat/-68.56038368664157/lng/-35.77148437499999,False,Tussilago farfara
KW_T_423_1_0100R,1,Bromus sterilis,Anisantha sterilis,Anisantha,sterilis,Flowering plants,Cyperaceae,,https://galerij.kb.nl/kb.html#/nl/florabatava13/page/17/zoom/3/lat/-66.5482634621744/lng/-29.091796875,False,Anisantha sterilis
KW_T_423_1_0102R,1,Plantago lanceolata,Plantago lanceolata,Plantago,lanceolata,Flowering plants,Rosaceae,cf. Fraaie schuilbraam,https://galerij.kb.nl/kb.html#/nl/florabatava26/page/55/zoom/3/lat/-66.86108230224609/lng/-34.98046875,False,Plantago lanceolata
KW_T_423_1_0104R,1,Cerastium arvense,Cerastium arvense,Cerastium,arvense,Flowering plants,Cyperaceae,Valse voszegge x IJle zegge,https://galerij.kb.nl/kb.html#/nl/florabatava24/page/69/zoom/3/lat/-65.6220226151064/lng/-26.103515625,False,Cerastium arvense
KW_T_423_1_0106R,1,Euphorbia palustris,Euphorbia palustris,Euphorbia,palustris,Flowering plants,Cyperaceae,Valse voszegge x IJle zegge,https://galerij.kb.nl/kb.html#/nl/florabatava25/page/76/zoom/3/lat/-62.062733258846514/lng/-25.400390625,False,Euphorbia palustris
KW_T_423_1_0108R,1,Lepidium ruderale,Lepidium ruderale,Lepidium,ruderale,Flowering plants,Salicaceae,Bittere wilg x Katwilg,https://galerij.kb.nl/kb.html#/nl/florabatava17/page/64/zoom/3/lat/-68.56038368664157/lng/-27.333984375,False,Lepidium ruderale
KW_T_423_1_0110R,1,Geum urbanum,Geum urbanum,Geum,urbanum,Flowering plants,Asteraceae,Paardenbloem,https://galerij.kb.nl/kb.html#/nl/florabatava03/page/71/zoom/3/lat/-69.162557908105/lng/-39.19921875,False,Geum urbanum
KW_T_423_1_0112R,1,Sisymbrium sophia,Descurainia sophia,Descurainia,sophia,Fungi,Boletaceae,Gewone berkenboleet s.l.,https://galerij.kb.nl/kb.html#/nl/florabatava10/page/30/zoom/3/lat/-64.43489204304058/lng/-17.666015625,False,Descurainia sophia
KW_T_423_1_0114R,1,Geranium robertianum,Geranium robertianum,Geranium,robertianum,Fungi,Physalacrisceae,Gewoon fluweelpootje s.l.,https://galerij.kb.nl/kb.html#/nl/florabatava10/page/89/zoom/2/lat/0.17578097424708533/lng/-0.17578125,False,Geranium robertianum
KW_T_423_1_0116R,1,Ervum hirsutum,Vicia hirsuta,Vicia,hirsuta,Fungi,Clavariaceae,Gele knotszwam s.l.,https://galerij.kb.nl/kb.html#/nl/florabatava11/page/22/zoom/3/lat/-67.50856836293859/lng/-37.001953125,False,Vicia hirsuta
KW_T_423_1_0118R,1,Chrysanthemum Leucanthemum,Leucanthemum vulgare,Leucanthemum,vulgare,Fungi,Xylariaceae,Speldenprikzwam s.l.,https://galerij.kb.nl/kb.html#/nl/florabatava11/page/23/zoom/3/lat/-67.50856836293859/lng/-37.001953125,False,Leucanthemum vulgare
KW_T_423_1_0120R,1,Poa annua,Poa annua,Poa,annua,Fungi,Psathyrellaceae,Glimmerinktzwam s.l.,https://galerij.kb.nl/kb.html#/nl/florabatava11/page/28/zoom/3/lat/-67.50856836293859/lng/-37.001953125,False,Poa annua
KW_T_423_1_0122R,1,Potamogeton compressum,Potamogeton cf compressus,Potamogeton,cf compressus,Fungi,Geoglossaceae,Slanke aardtong s.l.,https://galerij.kb.nl/kb.html#/nl/florabatava11/page/37/zoom/3/lat/-67.50856836293859/lng/-37.001953125,False,Potamogeton cf compressus
KW_T_423_1_0124R,1,Samolus Valerandi,Samolus valerandi,Samolus,valerandi,Fungi,Boletaceae,Roodsteelfluweelboleet s.l.,https://galerij.kb.nl/kb.html#/nl/florabatava12/page/27/zoom/3/lat/-66.5482634621744/lng/-29.091796875,False,Samolus valerandi
KW_T_423_1_0126R,1,Chenopodium rubrum,Chenopodium album,Chenopodium,album,Fungi,Clavicipitaceae,Echte moederkoren s.l.,https://galerij.kb.nl/kb.html#/nl/florabatava12/page/33/zoom/3/lat/-66.5482634621744/lng/-29.091796875,False,Chenopodium album
KW_T_423_1_0128R,1,Stellaria graminea,Stellaria graminea,Stellaria,graminea,Fungi,Gelatinodiscaceae,Paarse knoopzwam s.l.,https://galerij.kb.nl/kb.html#/nl/florabatava14/page/43/zoom/3/lat/-65.03506043658815/lng/-28.916015625,False,Stellaria graminea
KW_T_423_1_0130R,1,Nymphaea lutea,Nuphar lutea,Nuphar,lutea,Fungi,Melanoleucaceae,Kortstelige veldridderzwam s.l.,https://galerij.kb.nl/kb.html#/nl/florabatava14/page/63/zoom/3/lat/-65.03506043658815/lng/-28.916015625,False,Nuphar lutea
KW_T_423_1_0132R,1,Teucrium Scorodonia,Teucrium scorodonia,Teucrium,scorodonia,Fungi,Omphalotaceae,Eikenbladzwammetje s.l.,https://galerij.kb.nl/kb.html#/nl/florabatava17/page/52/zoom/3/lat/-68.56038368664157/lng/-27.333984375,False,Teucrium scorodonia
KW_T_423_1_0134R,1,Trifolium arvense,Trifolium arvense,Trifolium,arvense,Flowering plants,Poaceae,Veldbeemgras,https://galerij.kb.nl/kb.html#/nl/florabatava18/page/50/zoom/3/lat/-68.56038368664157/lng/-27.333984375,False,Trifolium arvense
KW_T_423_1_0136R,1,Centaurea jacea,Centaurea jacea,Centaurea,jacea,Fungi,Tricholomataceae,Witte ridderzwam s.l.,https://galerij.kb.nl/kb.html#/nl/florabatava18/page/57/zoom/3/lat/-68.56038368664157/lng/-27.333984375,False,Centaurea jacea
KW_T_423_1_0138R,1,Asplenium Ruta muraria,Asplenium ruta-muraria,Asplenium,ruta-muraria,Fungi,Russulaceae,Braakrussula,https://galerij.kb.nl/kb.html#/nl/florabatava18/page/62/zoom/3/lat/-68.56038368664157/lng/-27.333984375,False,Asplenium ruta-muraria
KW_T_423_1_0140R,1,Aira cespitosa,Deschampsia cespitosa,Deschampsia,cespitosa,Fungi,Russulaceae,Duifrussula s.l.,https://galerij.kb.nl/kb.html#/nl/florabatava19/page/42/zoom/3/lat/-68.6885206018014/lng/-21.357421875,False,Deschampsia cespitosa
KW_T_423_1_0142R,1,Hydrocotyle vulgaris,Hydrocotyle vulgaris,Hydrocotyle,vulgaris,Fungi,Russulaceae,Vissige eikenrussula s.l.,https://galerij.kb.nl/kb.html#/nl/florabatava19/page/47/zoom/3/lat/-68.6885206018014/lng/-21.357421875,False,Hydrocotyle vulgaris
KW_T_423_1_0144R,1,Parnassia palustris,Parnassia palustris,Parnassia,palustris,Fungi,Pyronemataceae,Oranje mosbekertje s.l.,https://galerij.kb.nl/kb.html#/nl/florabatava19/page/53/zoom/3/lat/-68.6885206018014/lng/-21.357421875,False,Parnassia palustris
KW_T_423_1_0146R,1,Rumex acetosella,Rumex acetosella,Rumex,acetosella,Fungi,Russulaceae,Smakelijke melkzwam s.l.,https://galerij.kb.nl/kb.html#/nl/florabatava19/page/58/zoom/3/lat/-68.6885206018014/lng/-21.357421875,False,Rumex acetosella
KW_T_423_1_0148R,1,Sedum acre,Sedum acre,Sedum,acre,Fungi,Tremellaceae ,Bruine trilzwam s.l.,https://galerij.kb.nl/kb.html#/nl/florabatava19/page/83/zoom/3/lat/-68.6885206018014/lng/-21.357421875,False,Sedum acre
KW_T_423_1_0150R,1,Potentilla reptans,Potentilla reptans,Potentilla,reptans,Fungi,Squamanitaceae,Oranjegele korrelhoed s.l.,https://galerij.kb.nl/kb.html#/nl/florabatava19/page/92/zoom/3/lat/-68.6885206018014/lng/-21.357421875,False,Potentilla reptans
KW_T_423_1_0152R,1,Thymus serpyllum,Thymus pulegioides,Thymus,pulegioides,Fungi,Physalacrisceae,Gewoon fluweelpootje s.l.,https://galerij.kb.nl/kb.html#/nl/florabatava21/page/62/zoom/3/lat/-67.1016555307692/lng/-17.841796875,False,Thymus pulegioides
KW_T_423_1_0154R,1,Thlaspi arvense,Thlaspi arvense,Thlaspi,arvense,Fungi,Russulaceae,Vissige eikenrussula s.l.,https://galerij.kb.nl/kb.html#/nl/florabatava21/page/67/zoom/3/lat/-67.90861918215302/lng/-50.88867187499999,False,Thlaspi arvense
KW_T_423_1_0156R,1,Sonchus arvensis,Sonchus arvensis,Sonchus,arvensis,Fungi,Boletaceae,Roodsteelfluweelboleet s.l.,https://galerij.kb.nl/kb.html#/nl/florabatava23/page/75/zoom/3/lat/-67.16995497083366/lng/-27.509765625,False,Sonchus arvensis
KW_T_423_1_0158R,1,Erigeron canadense,Conyza canadensis,Conyza,canadensis,Fungi,Phallaceae,Kleine stinkzwam s.l.,https://galerij.kb.nl/kb.html#/nl/florabatava24/page/65/zoom/3/lat/-65.6220226151064/lng/-26.103515627,False,Conyza canadensis
KW_T_423_1_0160R,1,Verbascum nigrum,Verbascum nigrum,Verbascum,nigrum,Fungi,Hydnaceae,Witte koraalzwam s.l.,https://galerij.kb.nl/kb.html#/nl/florabatava25/page/11/zoom/3/lat/-69.53451763078357/lng/-18.45703125,False,Verbascum nigrum
KW_T_423_1_0162R,1,Euonymus europaeus,Euonymus europaeus,Euonymus,europaeus,Fungi,Bolbitiaceae,Franjebreeksteeltje s.l.,https://galerij.kb.nl/kb.html#/nl/florabatava25/page/42/zoom/3/lat/-69.53451763078357/lng/-18.544921875,False,Euonymus europaeus
KW_T_423_1_0164R,1,Myosurus minimus,Myosurus minimus,Myosurus,minimus,Fungi,Ophiocordycipitaceae,Ronde truffelknotszwam s.l.,https://galerij.kb.nl/kb.html#/nl/florabatava25/page/61/zoom/3/lat/-69.53451763078357/lng/-18.544921875,False,Myosurus minimus
KW_T_423_1_0166R,1,Triglochin palustre,Triglochin palustris,Triglochin,palustris,Fungi,Crepidotaceae,Wit oorzwammetje s.l.,https://galerij.kb.nl/kb.html#/nl/florabatava25/page/66/zoom/3/lat/-69.53451763078357/lng/-18.45703125,False,Triglochin palustris
KW_T_423_1_0168R,1,Polygonum amphibium,Persicaria amphibia,Persicaria,amphibia,Fungi,Mycenaceae,Graskleefsteelmycena s.l.,https://galerij.kb.nl/kb.html#/nl/florabatava25/page/90/zoom/3/lat/-70.61261423801925/lng/-18.80859375,False,Persicaria amphibia
KW_T_423_1_0170R,1,Ranunculus Ficaria,Ficaria verna subsp. verna,Ficaria,verna subsp. verna,Fungi,Cortinariaceae,Bleke galgordijnzwam s.l.,https://galerij.kb.nl/kb.html#/nl/florabatava25/page/101/zoom/3/lat/-70.61261423801925/lng/-18.80859375,False,Ficaria verna subsp. verna
KW_T_423_1_0172R,1,Prunella vulgaris,Prunella vulgaris,Prunella,vulgaris,Fungi,Strophariaceae,Oranjebloesemzwam s.l.,https://galerij.kb.nl/kb.html#/nl/florabatava26/page/101/zoom/3/lat/-68.33437594128185/lng/-36.38671875,False,Prunella vulgaris
KW_T_423_1_0174R,1,Eupatorium cannabinum,Eupatorium cannabinum,Eupatorium,cannabinum,Fungi,Marasmiaceae,Brandnetelklokje s.l.,https://galerij.kb.nl/kb.html#/nl/florabatava26/page/111/zoom/3/lat/-68.33437594128185/lng/-36.38671875,False,Eupatorium cannabinum
KW_T_423_1_0176R,1,Ophrys ovata,Listera ovata,Listera,ovata,Fungi,Hygrocybaceae,Puntmutswasplaat s.l.,https://galerij.kb.nl/kb.html#/nl/florabatava27/page/22/zoom/3/lat/-66.23145747862573/lng/-39.55078125,False,Listera ovata
KW_T_423_1_0178R,1,Salix alba,Salix alba,Salix,alba,Fungi,Typhulaceae,Wit poedersteelknotsje s.l.,https://galerij.kb.nl/kb.html#/nl/florabatava27/page/43/zoom/3/lat/-66.23145747862573/lng/-39.55078125,False,Salix alba
KW_T_423_2_0013R,2,Veronica officinalis,Veronica officinalis,Veronica,officinalis,Fungi,Mycenaceae,Graskleefsteelmycena s.l.,https://galerij.kb.nl/kb.html#/nl/florabatava27/page/94/zoom/3/lat/-65.69447579373418/lng/-82.177734375,False,Veronica officinalis
KW_T_423_2_0015R,2,Veronica Anagallis,Veronica catenata,Veronica,catenata,Fungi,Hygrophoropsidaceae,Knolletjesplooivlies s.l.,https://galerij.kb.nl/kb.html#/nl/florabatava28/page/52/zoom/3/lat/-67.80924450600008/lng/-32.87109375,False,Veronica catenata
KW_T_423_2_0017R,2,Veronica triphyllos,Veronica triphyllos,Veronica,triphyllos,Flowering plants,Cyperaceae,Heen,https://galerij.kb.nl/kb.html#/nl/florabatava07/page/48/zoom/3/lat/-68.72044056989829/lng/-31.46484375,False,Veronica triphyllos
KW_T_423_2_0019R,2,Anthoxanthum odoratum,Anthoxanthum odoratum,Anthoxanthum,odoratum,Flowering plants,Asteraceae,Boshavikskruid,https://galerij.kb.nl/kb.html#/nl/florabatava21/page/45/zoom/3/lat/-66.26685631430843/lng/-18.720703125,False,Anthoxanthum odoratum
KW_T_423_2_0021R,2,Alopecurus bulbosus,Alopecurus bulbosus,Alopecurus,bulbosus,Fungi,Stereocaulaceae,cf. Wollig Korrelloof,https://galerij.kb.nl/kb.html#/nl/florabatava11/page/69/zoom/3/lat/-68.56038368664157/lng/-36.474609375,False,Alopecurus bulbosus
KW_T_423_2_0023R,2,Agrostis spica venti,Apera spica-venti,Apera,spica-venti,Flowering plants,Rosaceae,cf. Roze purperbraam,https://galerij.kb.nl/kb.html#/nl/florabatava23/page/36/zoom/3/lat/-67.16995497083366/lng/-27.509765625,False,Apera spica-venti
KW_T_423_2_0025R,2,Dactylis glomerata,Dactylis glomerata,Dactylis,glomerata,Flowering plants,Rosaceae,Humusbraam spec.?,https://galerij.kb.nl/kb.html#/nl/florabatava26/page/108/zoom/3/lat/-68.33437594128185/lng/-36.38671875,False,Dactylis glomerata
KW_T_423_2_0027R,2,Bromus giganteus,Festuca gigantea,Festuca,gigantea,Flowering plants,Rosaceae,Roggebraam spec.?,https://galerij.kb.nl/kb.html#/nl/florabatava27/page/101/zoom/3/lat/-67.40748724648755/lng/-42.71484375,False,Festuca gigantea
KW_T_423_2_0029R,2,Scabiosa arvensis,Knautia arvensis,Knautia,arvensis,Flowering plants,Salicaceae,Boswilg x Katwilg,https://galerij.kb.nl/kb.html#/nl/florabatava14/page/39/zoom/3/lat/-65.03506043658815/lng/-28.916015625,False,Knautia arvensis
KW_T_423_2_0031R,2,Cornus sanguinea,Cornus sanguinea,Cornus,sanguinea,Fungi,Mycenaceae,cf. Scherpe schelpzwam?,https://galerij.kb.nl/kb.html#/nl/florabatava11/page/13/zoom/3/lat/-67.50856836293859/lng/-37.001953125,False,Cornus sanguinea
KW_T_423_2_0033R,2,Potamogeton marinum,Potamogeton pectinatus,Potamogeton,pectinatus,Flowering plants,Brassicaceae,Vlashuttentut,https://galerij.kb.nl/kb.html#/nl/florabatava08/page/27/zoom/3/lat/-66.93006025862445/lng/-28.828124999999996,False,Potamogeton pectinatus
KW_T_423_2_0035R,2,Sagina procumbens,Sagina procumbens,Sagina,procumbens,Flowering plants,Montiaceae,Groot bronkruid,https://galerij.kb.nl/kb.html#/nl/florabatava16/page/73/zoom/3/lat/-66.12496236487968/lng/-29.267578125,False,Sagina procumbens
KW_T_423_2_0037R,2,Asperugo procumbens,Asperugo procumbens,Asperugo,procumbens,Flowering plants,Caryophyllaceae,Eenjarige hardbloem,https://galerij.kb.nl/kb.html#/nl/florabatava07/page/83/zoom/3/lat/-68.72044056989829/lng/-31.46484375,False,Asperugo procumbens
KW_T_423_2_0039R,2,Lycopsis arvensis,Anchusa arvensis,Anchusa,arvensis,Flowering plants,Primulaceae,Rood guichelheil,https://galerij.kb.nl/kb.html#/nl/florabatava01/page/18/zoom/3/lat/-67.06743335108297/lng/-51.328125,False,Anchusa arvensis
KW_T_423_2_0041R,2,Lysimachia vulgaris,Lysimachia vulgaris,Lysimachia,vulgaris,Flowering plants,Rosaceae,Vogelkers,https://galerij.kb.nl/kb.html#/nl/florabatava21/page/39/zoom/3/lat/-66.26685631430843/lng/-18.720703125,False,Lysimachia vulgaris
KW_T_423_2_0043R,2,Verbascum blattaria,Verbascum blattaria,Verbascum,blattaria,Flowering plants,Poaceae,Biestarwegras,https://galerij.kb.nl/kb.html#/nl/florabatava04/page/16/zoom/3/lat/-68.46379955520322/lng/-47.98828124999999,False,Verbascum blattaria
KW_T_423_2_0045R,2,Datura Stramonium,Datura stramonium,Datura,stramonium,Flowering plants,Boraginaceae,Zompvergeet-mij-nietje,https://galerij.kb.nl/kb.html#/nl/florabatava08/page/14/zoom/3/lat/-66.93006025862445/lng/-28.828124999999996,False,Datura stramonium
KW_T_423_2_0047R,2,Solanum nigrum,Solanum nigrum subsp. nigrum,Solanum,nigrum subsp. nigrum,Flowering plants,Violaceae,Zinkviooltje,https://galerij.kb.nl/kb.html#/nl/florabatava22/page/18/zoom/3/lat/-69.13127122963648/lng/-27.333984375,False,Solanum nigrum subsp. nigrum
KW_T_423_2_0049R,2,Glaux maritima,Glaux maritima,Glaux,maritima,Flowering plants,Brassicaceae,Randjesbloem,https://galerij.kb.nl/kb.html#/nl/florabatava18/page/38/zoom/3/lat/-68.56038368664157/lng/-27.333984375,False,Glaux maritima
KW_T_423_2_0051R,2,Salsola kali,Salsola kali,Salsola,kali,Flowering plants,Fabaceae,Gewone rolklaver,https://galerij.kb.nl/kb.html#/nl/florabatava03/page/66/zoom/3/lat/-69.162557908105/lng/-39.19921875,False,Salsola kali
KW_T_423_2_0053R,2,Eryngium maritimum,Eryngium maritimum,Eryngium,maritimum,Flowering plants,Liliaceae,Roggelelie,https://galerij.kb.nl/kb.html#/nl/florabatava16/page/34/zoom/3/lat/-66.12496236487968/lng/-29.267578125,False,Eryngium maritimum
KW_T_423_2_0055R,2,Daucus carota,Daucus carota,Daucus,carota,Flowering plants,Boraginaceae,Veelkleurig vergeet-mij-nietje,https://galerij.kb.nl/kb.html#/nl/florabatava08/page/79/zoom/3/lat/-66.93006025862445/lng/-28.828124999999996,False,Daucus carota
KW_T_423_2_0057R,2,Conium maculatum,Conium maculatum,Conium,maculatum,Flowering plants,Poaceae,Stomp kweldergras,https://galerij.kb.nl/kb.html#/nl/florabatava05/page/69/zoom/3/lat/-68.72044056989829/lng/-48.69140625,False,Conium maculatum
KW_T_423_2_0059R,2,Phellandrium aquaticum,Oenanthe aquatica,Oenanthe,aquatica,Flowering plants,Asteraceae,Duinkruiskruid,https://galerij.kb.nl/kb.html#/nl/florabatava15/page/35/zoom/3/lat/-65.98227002980873/lng/-25.224609375,False,Oenanthe aquatica
KW_T_423_2_0061R,2,Allium vineale,Allium vineale,Allium,vineale,Flowering plants,Fabaceae,,https://galerij.kb.nl/kb.html#/nl/florabatava22/page/43/zoom/3/lat/-69.13127122963648/lng/-27.333984375,False,Allium vineale
KW_T_423_2_0063R,2,Asparagus officinalis,Asparagus officinalis subsp. officinalis,Asparagus,officinalis subsp. officinalis,Flowering plants,Typhaceae,Grote egelskop,https://galerij.kb.nl/kb.html#/nl/florabatava03/page/86/zoom/3/lat/-69.162557908105/lng/-39.19921875,False,Asparagus officinalis subsp. officinalis
KW_T_423_2_0065R,2,Convallaria polygonatum,Polygonatum odoratum,Polygonatum,odoratum,Flowering plants,Primulaceae,Blauw guichelheil,https://galerij.kb.nl/kb.html#/nl/florabatava16/page/55/zoom/3/lat/-66.12496236487968/lng/-29.267578125,False,Polygonatum odoratum
KW_T_423_2_0067R,2,Convallaria multiflora,Polygonatum multiflorum,Polygonatum,multiflorum,Flowering plants,Lamiaceae,Kleine gele dovenetel,https://galerij.kb.nl/kb.html#/nl/florabatava28/page/90/zoom/3/lat/-67.80924450600008/lng/-32.87109375,False,Polygonatum multiflorum
KW_T_423_2_0069R,2,Juncus effusus,Juncus effusus,Juncus,effusus,Flowering plants,Fabaceae,Slanke wikke,https://galerij.kb.nl/kb.html#/nl/florabatava04/page/67/zoom/3/lat/-68.46379955520322/lng/-47.98828124999999,False,Juncus effusus
KW_T_423_2_0071R,2,Juncus pilosus,Luzula pilosa,Luzula,pilosa,Flowering plants,Fabaceae,Slanke wikke,https://galerij.kb.nl/kb.html#/nl/florabatava12/page/20/zoom/3/lat/-66.5482634621744/lng/-29.091796875,False,Luzula pilosa
KW_T_423_2_0073R,2,Epilobium pubescens,Epilobium parviflorum,Epilobium,parviflorum,Flowering plants,Orchidaceae,Brede wespenorchis,https://galerij.kb.nl/kb.html#/nl/florabatava15/page/11/zoom/3/lat/-65.98227002980873/lng/-25.224609375,False,Epilobium parviflorum
KW_T_423_2_0075R,2,Polygonum persicaria,Persicaria maculosa,Persicaria,maculosa,Flowering plants,Brassicaceae,Ruige scheefkelk,https://galerij.kb.nl/kb.html#/nl/florabatava13/page/69/zoom/3/lat/-66.5482634621744/lng/-29.091796875,False,Persicaria maculosa
KW_T_423_2_0077R,2,Polygonum dumetorum,Fallopia dumetorum,Fallopia,dumetorum,Flowering plants,Fabaceae,Basterdklaver,https://galerij.kb.nl/kb.html#/nl/florabatava18/page/48/zoom/3/lat/-68.56038368664157/lng/-27.333984375,False,Fallopia dumetorum
KW_T_423_2_0079R,2,Sedum telephium,Sedum telephium,Sedum,telephium,Flowering plants,Brassicaceae,,https://galerij.kb.nl/kb.html#/nl/florabatava22/page/50/zoom/3/lat/-69.13127122963648/lng/-27.333984375,False,Sedum telephium
KW_T_423_2_0081R,2,Cerastium aquaticum,Stellaria aquatica,Stellaria,aquatica,Flowering plants,Polygonaceae,Beklierde duizendknoop,https://galerij.kb.nl/kb.html#/nl/florabatava08/page/50/zoom/3/lat/-66.93006025862445/lng/-28.828124999999996,False,Stellaria aquatica
KW_T_423_2_0083R,2,Prunus padus,Prunus padus,Prunus,padus,Flowering plants,Orchidaceae,Gevlekte orchis,https://galerij.kb.nl/kb.html#/nl/florabatava07/page/61/zoom/3/lat/-68.72044056989829/lng/-31.46484375,False,Prunus padus
KW_T_423_2_0085R,2,Rosa spinosissima,Rosa spinosissima,Rosa,spinosissima,Flowering plants,Amaranthaceae,Strandbiet,https://galerij.kb.nl/kb.html#/nl/florabatava03/page/34/zoom/3/lat/-69.162557908105/lng/-39.19921875,False,Rosa spinosissima
KW_T_423_2_0087R,2,Rubus idaeus,Rubus idaeus,Rubus,idaeus,Flowering plants,Asteraceae,Duinaveruit,https://galerij.kb.nl/kb.html#/nl/florabatava25/page/15/zoom/3/lat/-69.53451763078357/lng/-18.45703125,False,Rubus idaeus
KW_T_423_2_0089R,2,Tormentilla erecta,Potentilla erecta,Potentilla,erecta,Flowering plants,Lamiaceae,Stinkende ballote,https://galerij.kb.nl/kb.html#/nl/florabatava03/page/50/zoom/3/lat/-69.162557908105/lng/-39.19921875,False,Potentilla erecta
KW_T_423_2_0091R,2,Comarum palustre,Comarum palustre,Comarum,palustre,Flowering plants,Asteraceae,Kleine morgenster,https://galerij.kb.nl/kb.html#/nl/florabatava16/page/74/zoom/3/lat/-66.12496236487968/lng/-29.267578125,False,Comarum palustre
KW_T_423_2_0093R,2,Stratiotes Aloides,Stratiotes aloides,Stratiotes,aloides,Flowering plants,Lamiaceae,Grote gele dovenetel,https://galerij.kb.nl/kb.html#/nl/florabatava10/page/48/zoom/3/lat/-67.50856836293859/lng/-37.001953125,False,Stratiotes aloides
KW_T_423_2_0095R,2,Stachys palustris,Stachys palustris,Stachys,palustris,Flowering plants,Ranunculaceae,Bosboterbloem,https://galerij.kb.nl/kb.html#/nl/florabatava22/page/13/zoom/3/lat/-69.13127122963648/lng/-27.333984375,False,Stachys palustris
KW_T_423_2_0097R,2,Scutellaria galericulata,Scutellaria galericulata,Scutellaria,galericulata,Flowering plants,Fabaceae,Smalle wikke,https://galerij.kb.nl/kb.html#/nl/florabatava20/page/49/zoom/3/lat/-68.49604022839505/lng/-29.443359375,False,Scutellaria galericulata
KW_T_423_2_0099R,2,Euphrasia officinalis,Euphrasia stricta,Euphrasia,stricta,Flowering plants,Solanaceae,Zwarte nachtschade,https://galerij.kb.nl/kb.html#/nl/florabatava02/page/25/zoom/3/lat/-68.52823492039876/lng/-50.625,False,Euphrasia stricta
KW_T_423_2_0101R,2,Antirrhinum cymbalaria,Cymbalaria muralis,Cymbalaria,muralis,Flowering plants,Hypericaceae,Kantig hertshooi,https://galerij.kb.nl/kb.html#/nl/florabatava18/page/68/zoom/3/lat/-68.56038368664157/lng/-27.333984375,False,Cymbalaria muralis
KW_T_423_2_0103R,2,Antirrhinum minus,Chaenorhinum minus,Chaenorhinum,minus,Flowering plants,Asparagaceae,Asperge,https://galerij.kb.nl/kb.html#/nl/florabatava02/page/33/zoom/3/lat/-68.52823492039876/lng/-50.625,False,Chaenorhinum minus
KW_T_423_2_0105R,2,Scrophularia nodosa,Scrophularia nodosa,Scrophularia,nodosa,Flowering plants,Asteraceae,Oosterse morgenster,https://galerij.kb.nl/kb.html#/nl/florabatava21/page/24/zoom/3/lat/-66.26685631430843/lng/-18.720703125,False,Scrophularia nodosa
KW_T_423_2_0107R,2,Orobanche major,Orobanche caryophyllacea,Orobanche,caryophyllacea,Flowering plants,Polygonaceae,Spinaziezuring,https://galerij.kb.nl/kb.html#/nl/florabatava25/page/39/zoom/3/lat/-69.53451763078357/lng/-18.45703125,False,Orobanche caryophyllacea
KW_T_423_2_0109R,2,Cakile maritima (Bunias Cakile),Cakile maritima,Cakile,maritima,Flowering plants,Ranunculaceae,Gewone dotterbloem,https://galerij.kb.nl/kb.html#/nl/florabatava01/page/20/zoom/3/lat/-67.06743335108297/lng/-51.328125,False,Cakile maritima
KW_T_423_2_0111R,2,Lepidium latifolium,Lepidium latifolium,Lepidium,latifolium,Flowering plants,Gentianaceae,Zomerbitterling,https://galerij.kb.nl/kb.html#/nl/florabatava22/page/55/zoom/3/lat/-69.13127122963648/lng/-27.333984375,False,Lepidium latifolium
KW_T_423_2_0113R,2,Thlaspi Bursa Pastoris,Capsella bursa-pastoris,Capsella,bursa-pastoris,Flowering plants,Caryophyllaceae,Kleine hardbloem,https://galerij.kb.nl/kb.html#/nl/florabatava04/page/38/zoom/3/lat/-68.46379955520322/lng/-47.98828124999999,False,Capsella bursa-pastoris
KW_T_423_2_0115R,2,Cochlearia officinalis,Cochlearia officinalis,Cochlearia,officinalis,Flowering plants,Poaceae,Timoteegras,https://galerij.kb.nl/kb.html#/nl/florabatava07/page/8/zoom/3/lat/-68.72044056989829/lng/-31.46484375,False,Cochlearia officinalis
KW_T_423_2_0117R,2,Cardamine hirsuta,Cardamine flexuosa,Cardamine,flexuosa,Flowering plants,Asteraceae,Gele morgenster,https://galerij.kb.nl/kb.html#/nl/florabatava05/page/30/zoom/3/lat/-68.72044056989829/lng/-48.69140625,False,Cardamine flexuosa
KW_T_423_2_0119R,2,Erysimum officinale,Sisymbrium officinale,Sisymbrium,officinale,Flowering plants,Asparagaceae,Liggende asperge,https://galerij.kb.nl/kb.html#/nl/florabatava15/page/10/zoom/3/lat/-65.98227002980873/lng/-25.224609375,False,Sisymbrium officinale
KW_T_423_2_0121R,2,Sinapis arvensis,Sinapis arvensis,Sinapis,arvensis,Flowering plants,Amaryllidaceae,Wilde narcis,https://galerij.kb.nl/kb.html#/nl/florabatava04/page/31/zoom/3/lat/-68.46379955520322/lng/-47.98828124999999,False,Sinapis arvensis
KW_T_423_2_0123R,2,Malva rotundifolia,Malva neglecta,Malva,neglecta,Flowering plants,Fabaceae,Kruipend stalkruid,https://galerij.kb.nl/kb.html#/nl/florabatava03/page/61/zoom/3/lat/-69.162557908105/lng/-39.19921875,False,Malva neglecta
KW_T_423_2_0125R,2,Fumaria officinalis,Fumaria officinalis,Fumaria,officinalis,Flowering plants,Apiaceae,Pastinaak,https://galerij.kb.nl/kb.html#/nl/florabatava05/page/36/zoom/3/lat/-68.72044056989829/lng/-48.69140625,False,Fumaria officinalis
KW_T_423_2_0127R,2,Genista anglica,Genista anglica,Genista,anglica,Flowering plants,Brassicaceae,Zaadhuttentut,https://galerij.kb.nl/kb.html#/nl/florabatava18/page/23/zoom/3/lat/-68.56038368664157/lng/-27.333984375,False,Genista anglica
KW_T_423_2_0129R,2,Ulex europaeus,Ulex europaeus,Ulex,europaeus,Flowering plants,Fabaceae,Vergeten wikke,https://galerij.kb.nl/kb.html#/nl/florabatava02/page/67/zoom/3/lat/-68.78414378041504/lng/-51.15234375,False,Ulex europaeus
KW_T_423_2_0131R,2,Vicia sativa,Vicia sativa subsp. segetalis,Vicia,sativa subsp. segetalis,Flowering plants,Gentianaceae,Herfstbitterling,https://galerij.kb.nl/kb.html#/nl/florabatava14/page/56/zoom/3/lat/-65.03506043658815/lng/-28.916015625,False,Vicia sativa subsp. segetalis
KW_T_423_2_0133R,2,Coronilla varia,Securigera varia,Securigera,varia,Flowering plants,Orobanchaceae,Rode ogentroost,https://galerij.kb.nl/kb.html#/nl/florabatava03/page/52/zoom/3/lat/-69.162557908105/lng/-39.19921875,False,Securigera varia
KW_T_423_2_0135R,2,Hypericum quadrangulare,Hypericum tetrapterum,Hypericum,tetrapterum,Flowering plants,Fabaceae,Kattendoorn,https://galerij.kb.nl/kb.html#/nl/florabatava03/page/60/zoom/3/lat/-69.162557908105/lng/-39.19921875,False,Hypericum tetrapterum
KW_T_423_2_0137R,2,Leontodon autumnale,Leontodon autumnalis,Leontodon,autumnalis,Flowering plants,Plantaginaceae,Brede ereprijs,https://galerij.kb.nl/kb.html#/nl/florabatava06/page/8/zoom/3/lat/-68.59248658252949/lng/-37.96875,False,Leontodon autumnalis
KW_T_423_2_0139R,2,Leontodon hispidum,Leontodon hispidus,Leontodon,hispidus,Flowering plants,Ranunculaceae,Gewoon speenkruid,https://galerij.kb.nl/kb.html#/nl/florabatava01/page/91/zoom/3/lat/-67.06743335108297/lng/-51.328125,False,Leontodon hispidus
KW_T_423_2_0141R,2,Hieracium murorum,Hieracium sect. Vulgata,Hieracium,sect. Vulgata,Flowering plants,Caryophyllaceae,Gewone hoornbloem,https://galerij.kb.nl/kb.html#/nl/florabatava04/page/42/zoom/3/lat/-68.46379955520322/lng/-47.98828124999999,False,Hieracium sect. Vulgata
KW_T_423_2_0143R,2,Carduus nutans,Carduus nutans,Carduus,nutans,Flowering plants,Asteraceae,Jakobskruiskruid,https://galerij.kb.nl/kb.html#/nl/florabatava03/page/81/zoom/3/lat/-69.162557908105/lng/-39.19921875,False,Carduus nutans
KW_T_423_2_0145R,2,Carduus palustris,Cirsium palustre,Cirsium,palustre,Flowering plants,Lamiaceae,,https://galerij.kb.nl/kb.html#/nl/florabatava20/page/56/zoom/3/lat/-68.49604022839505/lng/-29.443359375,False,Cirsium palustre
KW_T_423_2_0147R,2,Onopordum Acanthium,Onopordum acanthium,Onopordum,acanthium,Flowering plants,Rosaceae,Braam (kruising),https://galerij.kb.nl/kb.html#/nl/florabatava23/page/81/zoom/3/lat/-67.16995497083366/lng/-27.509765625,False,Onopordum acanthium
KW_T_423_2_0149R,2,Aster tripolium,Tripolium pannonicum,Tripolium,pannonicum,Flowering plants,Rosaceae,Braam (kruising),https://galerij.kb.nl/kb.html#/nl/florabatava24/page/68/zoom/3/lat/-62.79493487887006/lng/-23.818359375,False,Tripolium pannonicum
KW_T_423_2_0151R,2,Cineraria palustris,Tephroseris palustris,Tephroseris,palustris,Mosses,Pottiaceae,Groot duinsterretje,https://galerij.kb.nl/kb.html#/nl/florabatava13/page/48/zoom/3/lat/-66.5482634621744/lng/-29.091796875,False,Tephroseris palustris
KW_T_423_2_0153R,2,Inula dysenterica,Pulicaria dysenterica,Pulicaria,dysenterica,Fungi,Omphalotaceae,Botercollybia,https://galerij.kb.nl/kb.html#/nl/florabatava23/page/18/zoom/3/lat/-67.16995497083366/lng/-27.509765625,False,Pulicaria dysenterica
KW_T_423_2_0155R,2,Centaurea calcitrapa,Centaurea calcitrapa,Centaurea,calcitrapa,Fungi,Omphalotaceae,Botercollybia var. butyracea,https://galerij.kb.nl/kb.html#/nl/florabatava17/page/72/zoom/3/lat/-68.56038368664157/lng/-27.333984375,False,Centaurea calcitrapa
KW_T_423_2_0157R,2,Ophrys spiralis,Spiranthes spiralis,Spiranthes,spiralis,Fungi,Phyllotopsidaceae,Pijpknotszwam (var. contorta),https://galerij.kb.nl/kb.html#/nl/florabatava25/page/52/zoom/3/lat/-69.53451763078357/lng/-18.45703125,False,Spiranthes spiralis
KW_T_423_2_0159R,2,Aristolochia clematitis,Aristolochia clematitis,Aristolochia,clematitis,Fungi,Hysterangiaceae,Grote worteltruffel,https://galerij.kb.nl/kb.html#/nl/florabatava25/page/70/zoom/3/lat/-69.53451763078357/lng/-18.544921875,False,Aristolochia clematitis
KW_T_423_2_0161R,2,Myriophyllum spicatum,Myriophyllum spicatum,Myriophyllum,spicatum,Flowering plants,Asteraceae,Waterkruiskruid var. erratica,https://galerij.kb.nl/kb.html#/nl/florabatava19/page/50/zoom/3/lat/-68.6885206018014/lng/-21.357421875,False,Myriophyllum spicatum
KW_T_423_2_0163R,2,Bryonia dioica,Bryonia dioica,Bryonia,dioica,Flowering plants,Asteraceae,Waterkruiskruid var. erratica,https://galerij.kb.nl/kb.html#/nl/florabatava19/page/50/zoom/3/lat/-68.6885206018014/lng/-21.357421875,False,Bryonia dioica
KW_T_423_2_0165R,2,Hippophae Rhamnoides,Hippophae rhamnoides,Hippophae,rhamnoides,Fungi,Phyllotopsidaceae,Pijpknotszwam (var. fistulosa),https://galerij.kb.nl/kb.html#/nl/florabatava25/page/53/zoom/3/lat/-69.53451763078357/lng/-18.544921875,False,Hippophae rhamnoides
KW_T_423_2_0168R,2,Humulus lupulus Mas.,Humulus lupulus,Humulus,lupulus,Fungi,Hygrocybaceae,Hooilandwasplaat (var. rubra),https://galerij.kb.nl/kb.html#/nl/florabatava27/page/36/zoom/3/lat/-66.23145747862573/lng/-39.55078125,False,Humulus lupulus
KW_T_423_2_0169R,2,Humulus lupulus Mas.,Humulus lupulus,Humulus,lupulus,Flowering plants,Violaceae,Veen-melkviooltje,https://galerij.kb.nl/kb.html#/nl/florabatava09/page/34/zoom/3/lat/-68.62454366344708/lng/-30.849609375,False,Humulus lupulus
KW_T_423_2_0171R,2,Polypodium filix-mas,Dryopteris filix-mas,Dryopteris,filix-mas,Flowering plants,Fabaceae,Bonte Luzerne,https://galerij.kb.nl/kb.html#/nl/florabatava21/page/23/zoom/3/lat/-66.26685631430843/lng/-18.720703125,False,Dryopteris filix-mas
KW_T_423_3_0010R,3,Valeriana olitoria,Valerianella locusta,Valerianella,locusta,Flowering plants,Rosaceae,cf. Fraaie kambraam,https://galerij.kb.nl/kb.html#/nl/florabatava23/page/32/zoom/3/lat/-67.16995497083366/lng/-27.509765625,False,Valerianella locusta
KW_T_423_3_0012R,3,Schoenus nigricans,Schoenus nigricans,Schoenus,nigricans,Flowering plants,Rosaceae,cf. Fraaie kambraam,https://galerij.kb.nl/kb.html#/nl/florabatava28/page/42/zoom/3/lat/-62.226996036319726/lng/-40.869140625,False,Schoenus nigricans
KW_T_423_3_0014R,3,Milium effusum,Milium effusum,Milium,effusum,Flowering plants,Asteraceae,Dicht havikskruid,https://galerij.kb.nl/kb.html#/nl/florabatava02/page/72/zoom/3/lat/-68.78414378041504/lng/-51.15234375,False,Milium effusum
KW_T_423_3_0016R,3,Aira flexuosa,Deschampsia flexuosa,Deschampsia,flexuosa,Flowering plants,Asteraceae,Dicht havikskruid,https://galerij.kb.nl/kb.html#/nl/florabatava16/page/38/zoom/3/lat/-70.55417853776078/lng/-61.962890625,False,Deschampsia flexuosa
KW_T_423_3_0018R,3,Aira canescens,Corynephorus canescens,Corynephorus,canescens,Flowering plants,Polygonaceae,Spinaziezuring,https://galerij.kb.nl/kb.html#/nl/florabatava24/page/74/zoom/3/lat/-65.6220226151064/lng/-26.103515625,False,Corynephorus canescens
KW_T_423_3_0020R,3,Poa trivialis,Poa trivialis,Poa,trivialis,Flowering plants,Polygonaceae,,https://galerij.kb.nl/kb.html#/nl/florabatava26/page/51/zoom/3/lat/-66.86108230224609/lng/-34.98046875,False,Poa trivialis
KW_T_423_3_0022R,3,Avena flavescens,Trisetum flavescens,Trisetum,flavescens,Flowering plants,Rosaceae,Dauwbraam kruising?,https://galerij.kb.nl/kb.html#/nl/florabatava28/page/47/zoom/3/lat/-67.80924450600008/lng/-32.87109375,False,Trisetum flavescens
KW_T_423_3_0024R,3,Arundo Phragmites,Phragmites australis,Phragmites,australis,Flowering plants,Typhaceae,Kleine x Kleinste egelskop,https://galerij.kb.nl/kb.html#/nl/florabatava22/page/82/zoom/3/lat/-69.13127122963648/lng/-27.333984375,False,Phragmites australis
KW_T_423_3_0026R,3,Lolium parenne,Lolium perenne,Lolium,perenne,Flowering plants,Cyperaceae,Valse voszegge x IJle zegge,https://galerij.kb.nl/kb.html#/nl/florabatava23/page/17/zoom/3/lat/-67.16995497083366/lng/-27.509765625,False,Lolium perenne
KW_T_423_3_0028R,3,Elymus arenarius,Leymus arenarius,Leymus,arenarius,Flowering plants,Salicaceae,Bittere wilg x Kruipwilg,https://galerij.kb.nl/kb.html#/nl/florabatava23/page/61/zoom/3/lat/-67.16995497083366/lng/-27.509765625,False,Leymus arenarius
KW_T_423_3_0030R,3,Dipsacus sylvestris,Dipsacus fullonum,Dipsacus,fullonum,Flowering plants,Salicaceae,Bittere wilg x Kruipwilg,https://galerij.kb.nl/kb.html#/nl/florabatava23/page/61/zoom/3/lat/-67.16995497083366/lng/-27.509765625,False,Dipsacus fullonum
KW_T_423_3_0032R,3,Scabiosa succisa,Succisa pratensis,Succisa,pratensis,Flowering plants,Scrophulariaceae,Koningskaars x Zwarte toorts,https://galerij.kb.nl/kb.html#/nl/florabatava22/page/38/zoom/3/lat/-69.13127122963648/lng/-27.333984375,False,Succisa pratensis
KW_T_423_3_0034R,3,Scabiosa columbaria,Scabiosa columbaria,Scabiosa,columbaria,Flowering plants,Cyperaceae,Driekantige x Ruwe bies,https://galerij.kb.nl/kb.html#/nl/florabatava23/page/53/zoom/3/lat/-67.16995497083366/lng/-27.509765625,False,Scabiosa columbaria
KW_T_423_3_0036R,3,Galium Mollugo,Galium mollugo,Galium,mollugo,Flowering plants,Lamiaceae,Wollige munt,https://galerij.kb.nl/kb.html#/nl/florabatava15/page/9/zoom/3/lat/-65.98227002980873/lng/-25.224609375,False,Galium mollugo
KW_T_423_3_0038R,3,Myosotis scorpioides,Myosotis scorpioides,Myosotis,scorpioides,Flowering plants,Salicaceae,Geoorde x cf. Grauwe wilg,https://galerij.kb.nl/kb.html#/nl/florabatava18/page/14/zoom/3/lat/-68.56038368664157/lng/-27.333984375,False,Myosotis scorpioides
KW_T_423_3_0040R,3,Symphytum officinale,Symphytum officinale,Symphytum,officinale,Flowering plants,Rosaceae,Braam kruising,https://galerij.kb.nl/kb.html#/nl/florabatava28/page/59/zoom/3/lat/-67.80924450600008/lng/-32.87109375,False,Symphytum officinale
KW_T_423_3_0042R,3,Echium vulgare- Gemeene Slangenkop,Echium vulgare,Echium,vulgare,Flowering plants,Scrophulariaceae,cf. Stalkaars x Zwarte toorts,https://galerij.kb.nl/kb.html#/nl/florabatava21/page/48/zoom/3/lat/-66.26685631430843/lng/-18.720703125,False,Echium vulgare
KW_T_423_3_0044R,3,Lysimachia nummularia,Lysimachia nummularia,Lysimachia,nummularia,Flowering plants,Cyperaceae,cf. Pluimzegge,https://galerij.kb.nl/kb.html#/nl/florabatava08/page/87/zoom/3/lat/-66.93006025862445/lng/-28.828124999999996,False,Lysimachia nummularia
KW_T_423_3_0046R,3,Convolvulus sepium,Convolvulus sepium,Convolvulus,sepium,Flowering plants,Scrophulariaceae,cf. Zwarte x paarse toorts,https://galerij.kb.nl/kb.html#/nl/florabatava20/page/67/zoom/3/lat/-68.49604022839505/lng/-29.443359375,False,Convolvulus sepium
KW_T_423_3_0048R,3,Campanula persicifolia,Campanula rapunculus ,Campanula,rapunculus,Fungi,Physalacriaceae,Gewone dennenkegelzwam (A); Sparrenkegelzwam (B),https://galerij.kb.nl/kb.html#/nl/florabatava28/page/78/zoom/3/lat/-67.80924450600008/lng/-32.87109375,False,Campanula rapunculus 
KW_T_423_3_0050R,3,Campanula Speculum,Legousia speculum-veneris,Legousia,speculum-veneris,,,,,False,Legousia speculum-veneris
KW_T_423_3_0052R,3,Verbascum thapsus,Verbascum thapsus,Verbascum,thapsus,Fungi,Tricholomataceae,Zilveren ridderzwam (boven); Muisgrijze ridderzwam (onder),https://galerij.kb.nl/kb.html#/nl/florabatava20/page/26/zoom/3/lat/-68.49604022839505/lng/-29.443359375,False,Verbascum thapsus
KW_T_423_3_0054R,3,Rhamnus catharticus,Rhamnus cathartica,Rhamnus,cathartica,,,,,False,Rhamnus cathartica
KW_T_423_3_0056R,3,Rhamnus frangula,Rhamnus frangula,Rhamnus,frangula,Mosses,Grimmiaceae,Achterlichtmos [Gebogen en/of Muurachterachterlichtmos],https://galerij.kb.nl/kb.html#/nl/florabatava09/page/43/zoom/3/lat/-68.62454366344708/lng/-30.849609375,False,Rhamnus frangula
KW_T_423_3_0058R,3,Illecebrum verticillatum,Illecebrum verticillatum,Illecebrum,verticillatum,Fungi,Geastraceae,Bruine aardster (a-c en h); Heideaardster (e en g),https://galerij.kb.nl/kb.html#/nl/florabatava15/page/32/zoom/3/lat/-65.98227002980873/lng/-25.224609375,False,Illecebrum verticillatum
KW_T_423_3_0060R,3,Beta maritima,Beta vulgaris subsp. maritima,Beta,vulgaris subsp. maritima,,,,,False,Beta vulgaris subsp. maritima
KW_T_423_3_0062R,3,Sium latifolium,Sium latifolium,Sium,latifolium,Flowering plants,Plantaginaceae,Gewone ereprijs,https://galerij.kb.nl/kb.html#/nl/florabatava01/page/16/zoom/3/lat/-67.06743335108297/lng/-51.328125,False,Sium latifolium
KW_T_423_3_0064R,3,Statice armeria,Armeria maritima,Armeria,maritima,Flowering plants,Menyanthaceae,Waterdrieblad,https://galerij.kb.nl/kb.html#/nl/florabatava01/page/17/zoom/3/lat/-67.06743335108297/lng/-51.328125,False,Armeria maritima
KW_T_423_3_0066R,3,Anthericum ossifragum,Narthecium ossifragum,Narthecium,ossifragum,Flowering plants,Caryophyllaceae,Echte koekoeksbloem,https://galerij.kb.nl/kb.html#/nl/florabatava01/page/19/zoom/3/lat/-67.06743335108297/lng/-51.328125,False,Narthecium ossifragum
KW_T_423_3_0068R,3,Convallaria bifolia,Maianthemum bifolium,Maianthemum,bifolium,Flowering plants,Asparagaceae,Lelietje-van-dalen,https://galerij.kb.nl/kb.html#/nl/florabatava01/page/21/zoom/3/lat/-67.06743335108297/lng/-51.328125,False,Maianthemum bifolium
KW_T_423_3_0070R,3,Juncus campestris,Luzula campestris,Luzula,campestris,Flowering plants,Onagraceae,Wilgenroosje,https://galerij.kb.nl/kb.html#/nl/florabatava01/page/22/zoom/3/lat/-67.06743335108297/lng/-51.328125,False,Luzula campestris
KW_T_423_3_0072R,3,Berberis vulgaris,Berberis vulgaris,Berberis,vulgaris,Flowering plants,Ericaceae,Gewone dophei,https://galerij.kb.nl/kb.html#/nl/florabatava01/page/23/zoom/3/lat/-67.06743335108297/lng/-51.328125,False,Berberis vulgaris
KW_T_423_3_0074R,3,Polygonum aviculare,Polygonum aviculare,Polygonum,aviculare,Flowering plants,Oxalidaceae,Witte klaverzuuring,https://galerij.kb.nl/kb.html#/nl/florabatava01/page/24/zoom/3/lat/-67.06743335108297/lng/-51.328125,False,Polygonum aviculare
KW_T_423_3_0076R,3,Pyrola rotundifolia,Pyrola rotundifolia,Pyrola,rotundifolia,Flowering plants,Violaceae,Driekleurig viooltje,https://galerij.kb.nl/kb.html#/nl/florabatava01/page/25/zoom/3/lat/-67.06743335108297/lng/-51.328125,False,Pyrola rotundifolia
KW_T_423_3_0078R,3,Sedum album,Sedum album,Sedum,album,Flowering plants,Plantaginaceae,Lidsteng,https://galerij.kb.nl/kb.html#/nl/florabatava01/page/26/zoom/3/lat/-67.06743335108297/lng/-51.328125,False,Sedum album
KW_T_423_3_0080R,3,Agrostemma githago,Agrostemma githago,Agrostemma,githago,Flowering plants,Primulaceae,Waterviolier,https://galerij.kb.nl/kb.html#/nl/florabatava01/page/27/zoom/3/lat/-67.06743335108297/lng/-51.328125,False,Agrostemma githago
KW_T_423_3_0082R,3,Prunus avium,Prunus avium,Prunus,avium,Flowering plants,Convolvulaceae,Akkerwinde,https://galerij.kb.nl/kb.html#/nl/florabatava01/page/28/zoom/3/lat/-67.06743335108297/lng/-51.328125,False,Prunus avium
KW_T_423_3_0084R,3,Chelidonium majus,Chelidonium majus,Chelidonium,majus,Flowering plants,Amaryllidaceae,Gewoon sneeuwklokje,https://galerij.kb.nl/kb.html#/nl/florabatava01/page/29/zoom/3/lat/-67.06743335108297/lng/-51.328125,False,Chelidonium majus
KW_T_423_3_0086R,3,Ranunculus flammula,Ranunculus flammula,Ranunculus,flammula,Flowering plants,Papaveraceae,Ruige klaproos,https://galerij.kb.nl/kb.html#/nl/florabatava01/page/30/zoom/3/lat/-67.06743335108297/lng/-51.328125,False,Ranunculus flammula
KW_T_423_3_0088R,3,Mentha sylvestris,Mentha suaveolens,Mentha,suaveolens,Flowering plants,Lamiaceae,Kruipend zenegroen,https://galerij.kb.nl/kb.html#/nl/florabatava01/page/31/zoom/3/lat/-67.06743335108297/lng/-51.328125,False,Mentha suaveolens
KW_T_423_3_0090R,3,Mentha aquatica,Mentha aquatica,Mentha,aquatica,Flowering plants,Papaveraceae,Vingerhelmbloem,https://galerij.kb.nl/kb.html#/nl/florabatava01/page/32/zoom/3/lat/-67.06743335108297/lng/-51.328125,False,Mentha aquatica
KW_T_423_3_0092R,3,Ballota nigra,Ballota nigra subsp. meridionalis,Ballota,nigra subsp. meridionalis,Flowering plants,Fabaceae,Klein vogelpootje,https://galerij.kb.nl/kb.html#/nl/florabatava01/page/33/zoom/3/lat/-67.06743335108297/lng/-51.328125,False,Ballota nigra subsp. meridionalis
KW_T_423_3_0094R,3,Origanum vulgare,Origanum vulgare,Origanum,vulgare,Flowering plants,Asteraceae,Madeliefje,https://galerij.kb.nl/kb.html#/nl/florabatava01/page/34/zoom/3/lat/-67.06743335108297/lng/-51.328125,False,Origanum vulgare
KW_T_423_3_0096R,3,Euphrasia Odontites,Odontites vernus subsp. serotinus,Odontites,vernus subsp. serotinus,Flowering plants,Orchidaceae,Rietorchis,https://galerij.kb.nl/kb.html#/nl/florabatava01/page/35/zoom/3/lat/-67.06743335108297/lng/-51.328125,False,Odontites vernus subsp. serotinus
KW_T_423_3_0098R,3,Melampyrum arvense,Melampyrum arvense,Melampyrum,arvense,Flowering plants,Lamiaceae,Wolfspoot,https://galerij.kb.nl/kb.html#/nl/florabatava01/page/36/zoom/3/lat/-67.06743335108297/lng/-51.328125,False,Melampyrum arvense
KW_T_423_3_0100R,3,Antirrhinum linaria,Linaria vulgaris,Linaria,vulgaris,Flowering plants,Caprifoliaceae,Echte valeriaan,https://galerij.kb.nl/kb.html#/nl/florabatava01/page/37/zoom/3/lat/-67.06743335108297/lng/-51.328125,False,Linaria vulgaris
KW_T_423_3_0102R,3,"Antirrhinum Linaria, Peloria",Linaria vulgaris 'Peloria',Linaria,vulgaris 'Peloria',Flowering plants,Caprifoliaceae,Wilde kamperfoelie,https://galerij.kb.nl/kb.html#/nl/florabatava01/page/38/zoom/3/lat/-67.06743335108297/lng/-51.328125,False,Linaria vulgaris 'Peloria'
KW_T_423_3_0104R,3,Cochlearia coronopus,Lepidium coronopus,Lepidium,coronopus,Flowering plants,Apiaceae,Hondspeterselie,https://galerij.kb.nl/kb.html#/nl/florabatava01/page/39/zoom/3/lat/-67.06743335108297/lng/-51.328125,False,Lepidium coronopus
KW_T_423_3_0106R,3,Erysimum cheiranthoides,Erysimum cheiranthoides,Erysimum,cheiranthoides,Flowering plants,Viburnaceae,Muskuskruid,https://galerij.kb.nl/kb.html#/nl/florabatava01/page/40/zoom/3/lat/-67.06743335108297/lng/-51.328125,False,Erysimum cheiranthoides
KW_T_423_3_0108R,3,Fumaria claviculata,Ceratocapnos claviculata,Ceratocapnos,claviculata,Flowering plants,Ranunculaceae,Knolboterbloem,https://galerij.kb.nl/kb.html#/nl/florabatava01/page/41/zoom/3/lat/-67.06743335108297/lng/-51.328125,False,Ceratocapnos claviculata
KW_T_423_3_0110R,3,Polygala vulgaris,Polygala vulgaris,Polygala,vulgaris,Flowering plants,Brassicaceae,Pinksterbloem,https://galerij.kb.nl/kb.html#/nl/florabatava01/page/42/zoom/3/lat/-67.06743335108297/lng/-51.328125,False,Polygala vulgaris
KW_T_423_3_0112R,3,Ononis spinosa,Ononis spinosa subsp. spinosa,Ononis,spinosa subsp. spinosa,Flowering plants,Geraniaceae,Gewone reigersbek,https://galerij.kb.nl/kb.html#/nl/florabatava01/page/43/zoom/3/lat/-67.06743335108297/lng/-51.328125,False,Ononis spinosa subsp. spinosa
KW_T_423_3_0114R,3,Ononis arvensis,Ononis spinosa subsp. repens,Ononis,spinosa subsp. repens,Flowering plants,Asteraceae,Muizenoor,https://galerij.kb.nl/kb.html#/nl/florabatava01/page/44/zoom/3/lat/-67.06743335108297/lng/-51.328125,False,Ononis spinosa subsp. repens
KW_T_423_3_0116R,3,Anthyllis vulneraria,Anthyllis vulneraria,Anthyllis,vulneraria,Flowering plants,Urticaceae,Grote brandnetel,https://galerij.kb.nl/kb.html#/nl/florabatava01/page/45/zoom/3/lat/-67.06743335108297/lng/-51.328125,False,Anthyllis vulneraria
KW_T_423_3_0118R,3,Lathyrus tuberosus,Lathyrus tuberosus,Lathyrus,tuberosus,Flowering plants,Verbenaceae,IJzerhard,https://galerij.kb.nl/kb.html#/nl/florabatava01/page/46/zoom/3/lat/-67.06743335108297/lng/-51.328125,False,Lathyrus tuberosus
KW_T_423_3_0120R,3,Lathyrus pratensis,Lathyrus pratensis,Lathyrus,pratensis,Flowering plants,Cyperaceae,Veenpluis,https://galerij.kb.nl/kb.html#/nl/florabatava01/page/47/zoom/3/lat/-67.06743335108297/lng/-51.328125,False,Lathyrus pratensis
KW_T_423_3_0122R,3,Vicia cracca,Vicia cracca,Vicia,cracca,Flowering plants,Rubiaceae,Geel walstro,https://galerij.kb.nl/kb.html#/nl/florabatava01/page/48/zoom/3/lat/-67.06743335108297/lng/-51.328125,False,Vicia cracca
KW_T_423_3_0124R,3,Lotus corniculatus,Lotus corniculatus subsp. corniculatus,Lotus,corniculatus subsp. corniculatus,Flowering plants,Boraginaceae,Veldhondstong,https://galerij.kb.nl/kb.html#/nl/florabatava01/page/49/zoom/3/lat/-67.06743335108297/lng/-51.328125,False,Lotus corniculatus subsp. corniculatus
KW_T_423_3_0126R,3,Trigonella corniculata,Medicago falcata,Medicago,falcata,Flowering plants,Apiaceae,Naaldenkervel,https://galerij.kb.nl/kb.html#/nl/florabatava01/page/50/zoom/3/lat/-67.06743335108297/lng/-51.328125,False,Medicago falcata
KW_T_423_3_0128R,3,Medicago lupulina,Medicago lupulina,Medicago,lupulina,Flowering plants,Rosaceae,Gewone agrimonie,https://galerij.kb.nl/kb.html#/nl/florabatava01/page/52/zoom/3/lat/-67.06743335108297/lng/-51.328125,False,Medicago lupulina
KW_T_423_3_0130R,3,Picris hieracioides,Picris hieracioides,Picris,hieracioides,Flowering plants,Malvaceae,Groot kaasjeskruid,https://galerij.kb.nl/kb.html#/nl/florabatava01/page/53/zoom/3/lat/-67.06743335108297/lng/-51.328125,False,Picris hieracioides
KW_T_423_3_0132R,3,Sonchus oleraceus,Sonchus oleraceus,Sonchus,oleraceus,Flowering plants,Fabaceae,Brem,https://galerij.kb.nl/kb.html#/nl/florabatava01/page/54/zoom/3/lat/-67.06743335108297/lng/-51.328125,False,Sonchus oleraceus
KW_T_423_3_0134R,3,Leontodon taraxacum,Taraxacum sect. Ruderalia,Taraxacum,sect. Ruderalia,Flowering plants,Asteraceae,Klein hoefblad,https://galerij.kb.nl/kb.html#/nl/florabatava01/page/55/zoom/3/lat/-67.06743335108297/lng/-51.328125,False,Taraxacum sect. Ruderalia
KW_T_423_3_0136R,3,Hieracium umbellatum,Hieracium umbellatum,Hieracium,umbellatum,Flowering plants,Poaceae,IJle dravik,https://galerij.kb.nl/kb.html#/nl/florabatava01/page/56/zoom/3/lat/-67.06743335108297/lng/-51.328125,False,Hieracium umbellatum
KW_T_423_3_0138R,3,Lapsana communis,Lapsana communis,Lapsana,communis,Flowering plants,Plantaginaceae,Smalle weegbree,https://galerij.kb.nl/kb.html#/nl/florabatava01/page/57/zoom/3/lat/-67.06743335108297/lng/-51.328125,False,Lapsana communis
KW_T_423_3_0140R,3,Carduus crispus,Carduus crispus,Carduus,crispus,Flowering plants,Caryophyllaceae,Akkerhoornbloem,https://galerij.kb.nl/kb.html#/nl/florabatava01/page/58/zoom/3/lat/-67.06743335108297/lng/-51.328125,False,Carduus crispus
KW_T_423_3_0142R,3,Cnicus (Carduus) heterophyllus,Cirsium dissectum,Cirsium,dissectum,Flowering plants,Euphorbiaceae,Moeraswolfsmelk,https://galerij.kb.nl/kb.html#/nl/florabatava01/page/59/zoom/3/lat/-67.06743335108297/lng/-51.328125,False,Cirsium dissectum
KW_T_423_3_0144R,3,Bidens cernua,Bidens cernua,Bidens,cernua,Flowering plants,Brassicaceae,Steenkruidkers,https://galerij.kb.nl/kb.html#/nl/florabatava01/page/60/zoom/3/lat/-67.06743335108297/lng/-51.328125,False,Bidens cernua
KW_T_423_3_0146R,3,Tanacetum vulgare,Tanacetum vulgare,Tanacetum,vulgare,Flowering plants,Rosaceae,Geel nagelkruid,https://galerij.kb.nl/kb.html#/nl/florabatava01/page/61/zoom/3/lat/-67.06743335108297/lng/-51.328125,False,Tanacetum vulgare
KW_T_423_3_0148R,3,Gnaphalium (Filago) arvense,Logfia minima,Logfia,minima,Flowering plants,Brassicaceae,Sofiekruid,https://galerij.kb.nl/kb.html#/nl/florabatava01/page/62/zoom/3/lat/-67.06743335108297/lng/-51.328125,False,Logfia minima
KW_T_423_3_0150R,3,Tussilago hybrida,Petasites hybridus,Petasites,hybridus,Flowering plants,Geraniaceae,Robertskruid,https://galerij.kb.nl/kb.html#/nl/florabatava01/page/63/zoom/3/lat/-67.06743335108297/lng/-51.328125,False,Petasites hybridus
KW_T_423_3_0152R,3,Senecio vulgaris,Senecio vulgaris,Senecio,vulgaris,Flowering plants,Fabaceae,Ringelwikke,https://galerij.kb.nl/kb.html#/nl/florabatava01/page/64/zoom/3/lat/-67.06743335108297/lng/-51.328125,False,Senecio vulgaris
KW_T_423_3_0154R,3,Senecio jacobaea,Jacobaea vulgaris subsp. vulgaris,Jacobaea,vulgaris subsp. vulgaris,Flowering plants,Asteraceae,Gewone margriet,https://galerij.kb.nl/kb.html#/nl/florabatava01/page/65/zoom/3/lat/-67.06743335108297/lng/-51.328125,False,Jacobaea vulgaris subsp. vulgaris
KW_T_423_3_0156R,3,Achillea ptarmica,Achillea ptarmica,Achillea,ptarmica,Flowering plants,Poaceae,Straatgras,https://galerij.kb.nl/kb.html#/nl/florabatava01/page/66/zoom/3/lat/-67.06743335108297/lng/-51.328125,False,Achillea ptarmica
KW_T_423_3_0158R,3,Achillea millefolium,Achillea millefolium,Achillea,millefolium,Flowering plants,Primulaceae,Waterpunge,https://galerij.kb.nl/kb.html#/nl/florabatava01/page/68/zoom/3/lat/-67.06743335108297/lng/-51.328125,False,Achillea millefolium
KW_T_423_3_0160R,3,Orchis bifolia,Platanthera bifolia,Platanthera,bifolia,Flowering plants,Amaranthaceae,Melganzenvoet,https://galerij.kb.nl/kb.html#/nl/florabatava01/page/69/zoom/3/lat/-67.06743335108297/lng/-51.328125,False,Platanthera bifolia
KW_T_423_3_0162R,3,Epipactis palustris (Serapias longifolia),Epipactis palustris,Epipactis,palustris,Flowering plants,Caryophyllaceae,Grasmuur,https://galerij.kb.nl/kb.html#/nl/florabatava01/page/70/zoom/3/lat/-67.06743335108297/lng/-51.328125,False,Epipactis palustris
KW_T_423_3_0164R,3,Sparganium ramosum,Sparganium erectum subsp. erectum,Sparganium,erectum subsp. erectum,Flowering plants,Nymphaeaceae,Gele plomp,https://galerij.kb.nl/kb.html#/nl/florabatava01/page/71/zoom/3/lat/-67.06743335108297/lng/-51.328125,False,Sparganium erectum subsp. erectum
KW_T_423_3_0166R,3,Mercurialis annua,Mercurialis annua,Mercurialis,annua,Flowering plants,Lamiaceae,Valse salie,https://galerij.kb.nl/kb.html#/nl/florabatava01/page/72/zoom/3/lat/-67.06743335108297/lng/-51.328125,False,Mercurialis annua
KW_T_423_3_0167R,3,Holcus oodoratus,Hierochloe odorata,Hierochloe,odorata,Flowering plants,Fabaceae,Hazenpootje,https://galerij.kb.nl/kb.html#/nl/florabatava01/page/73/zoom/3/lat/-67.06743335108297/lng/-51.328125,False,Hierochloe odorata
KW_T_423_4_0009L,4,Circaea lutetiana,Circaea lutetiana,Circaea,lutetiana,Flowering plants,Asteraceae,Knoopkruid,https://galerij.kb.nl/kb.html#/nl/florabatava01/page/74/zoom/3/lat/-67.06743335108297/lng/-51.328125,False,Circaea lutetiana
KW_T_423_4_0011L,4,Veronica scutellata,Veronica scutellata,Veronica,scutellata,Flowering plants,Aspleniaceae,Muurvaren,https://galerij.kb.nl/kb.html#/nl/florabatava01/page/75/zoom/3/lat/-67.06743335108297/lng/-51.328125,False,Veronica scutellata
KW_T_423_4_0013L,4,Utricularia vulgaris,Utricularia australis,Utricularia,australis,Flowering plants,Poaceae,Ruwe smele,https://galerij.kb.nl/kb.html#/nl/florabatava01/page/76/zoom/3/lat/-67.06743335108297/lng/-51.328125,False,Utricularia australis
KW_T_423_4_0015L,4,Salvia pratensis,Salvia pratensis,Salvia,pratensis,Flowering plants,Araliaceae,Gewone waternavel,https://galerij.kb.nl/kb.html#/nl/florabatava01/page/77/zoom/3/lat/-67.06743335108297/lng/-51.328125,False,Salvia pratensis
KW_T_423_4_0017L,4,Phalaris arenaria,Phleum arenarium,Phleum,arenarium,Flowering plants,Celastraceae,Parnassia,https://galerij.kb.nl/kb.html#/nl/florabatava01/page/78/zoom/3/lat/-67.06743335108297/lng/-51.328125,False,Phleum arenarium
KW_T_423_4_0019L,4,Poa aquatica,Glyceria maxima,Glyceria,maxima,Flowering plants,Polygonaceae,Schapenzuring,https://galerij.kb.nl/kb.html#/nl/florabatava01/page/79/zoom/3/lat/-67.06743335108297/lng/-51.328125,False,Glyceria maxima
KW_T_423_4_0021L,4,Briza media,Briza media,Briza,media,Flowering plants,Crassulaceae,Muurpeper,https://galerij.kb.nl/kb.html#/nl/florabatava01/page/80/zoom/3/lat/-67.06743335108297/lng/-51.328125,False,Briza media
KW_T_423_4_0023L,4,Festuca duriuscula,Festuca ovina-groep,Festuca,ovina-groep,Flowering plants,Rosaceae,Vijfvingerkruid,https://galerij.kb.nl/kb.html#/nl/florabatava01/page/81/zoom/3/lat/-67.06743335108297/lng/-51.328125,False,Festuca ovina-groep
KW_T_423_4_0025L,4,Triticum junceum,Elymus farctus subsp. boreoatlanticus,Elymus,farctus subsp. boreoatlanticus,Flowering plants,Lamiaceae,Grote tijm,https://galerij.kb.nl/kb.html#/nl/florabatava01/page/82/zoom/3/lat/-67.06743335108297/lng/-51.328125,False,Elymus farctus subsp. boreoatlanticus
KW_T_423_4_0027L,4,Plantago major,Plantago major,Plantago,major,Flowering plants,Brassicaceae,Witte krodde,https://galerij.kb.nl/kb.html#/nl/florabatava01/page/83/zoom/3/lat/-67.06743335108297/lng/-51.328125,False,Plantago major
KW_T_423_4_0029L,4,Plantago media,Plantago media,Plantago,media,Flowering plants,Asteraceae,Akker-melkdistel,https://galerij.kb.nl/kb.html#/nl/florabatava01/page/84/zoom/3/lat/-67.06743335108297/lng/-51.328125,False,Plantago media
KW_T_423_4_0031L,4,Plantago maritima,Plantago maritima,Plantago,maritima,Flowering plants,Asteraceae,Canadese fijnstraal,https://galerij.kb.nl/kb.html#/nl/florabatava01/page/85/zoom/3/lat/-67.06743335108297/lng/-51.328125,False,Plantago maritima
KW_T_423_4_0033L,4,Campanula rotundifolia,Campanula rotundifolia,Campanula,rotundifolia,Flowering plants,Scrophulariaceae,Zwarte toorts,https://galerij.kb.nl/kb.html#/nl/florabatava01/page/86/zoom/3/lat/-67.06743335108297/lng/-51.328125,False,Campanula rotundifolia
KW_T_423_4_0035L,4,Impatiens Noli tangere,Impatiens noli-tangere,Impatiens,noli-tangere,Flowering plants,Celastraceae,Wilde kardinaalsmuts,https://galerij.kb.nl/kb.html#/nl/florabatava01/page/87/zoom/3/lat/-67.06743335108297/lng/-51.328125,False,Impatiens noli-tangere
KW_T_423_4_0037L,4,Chironia centaurium,Centaurium littorale,Centaurium,littorale,Flowering plants,Ranunculaceae,Muizenstaart,https://galerij.kb.nl/kb.html#/nl/florabatava01/page/88/zoom/3/lat/-67.06743335108297/lng/-51.328125,False,Centaurium littorale
KW_T_423_4_0039L,4,Chenopodium polyspermum,Chenopodium polyspermum,Chenopodium,polyspermum,Flowering plants,Juncaginaceae,Moeraszoutgras,https://galerij.kb.nl/kb.html#/nl/florabatava01/page/89/zoom/3/lat/-67.06743335108297/lng/-51.328125,False,Chenopodium polyspermum
KW_T_423_4_0041L,4,Ulmus campestris,Ulmus glabra,Ulmus,glabra,Flowering plants,Polygonaceae,Veenwortel,https://galerij.kb.nl/kb.html#/nl/florabatava01/page/90/zoom/3/lat/-67.06743335108297/lng/-51.328125,False,Ulmus glabra
KW_T_423_4_0043L,4,Caucalis scandicina (Scandix anthriscus),Anthriscus caucalis,Anthriscus,caucalis,Flowering plants,Lamiaceae,Gewone Brunel,https://galerij.kb.nl/kb.html#/nl/florabatava01/page/92/zoom/3/lat/-67.06743335108297/lng/-51.328125,False,Anthriscus caucalis
KW_T_423_4_0045L,4,Angelica sylvestris,Angelica sylvestris,Angelica,sylvestris,Flowering plants,Asteraceae,Koninginnen-kruid,https://galerij.kb.nl/kb.html#/nl/florabatava01/page/93/zoom/3/lat/-67.06743335108297/lng/-51.328125,False,Angelica sylvestris
KW_T_423_4_0047L,4,Cicuta virosa,Cicuta virosa,Cicuta,virosa,Flowering plants,Orchidaceae,Grote keverorchis,https://galerij.kb.nl/kb.html#/nl/florabatava01/page/94/zoom/3/lat/-67.06743335108297/lng/-51.328125,False,Cicuta virosa
KW_T_423_4_0049L,4,Carum carvi,Carum carvi,Carum,carvi,Flowering plants,Salicaceae,Witte wilg,https://galerij.kb.nl/kb.html#/nl/florabatava01/page/95/zoom/3/lat/-67.06743335108297/lng/-51.328125,False,Carum carvi
KW_T_423_4_0051L,4,Apium graveolens,Apium graveolens,Apium,graveolens,Flowering plants,Plantaginaceae,Mannetjesereprijs,https://galerij.kb.nl/kb.html#/nl/florabatava02/page/8/zoom/3/lat/-67.06743335108297/lng/-51.85546874999999,False,Apium graveolens
KW_T_423_4_0053L,4,Alsine media,Stellaria media,Stellaria,media,Flowering plants,Plantaginaceae,Rode waterereprijs,https://galerij.kb.nl/kb.html#/nl/florabatava02/page/9/zoom/3/lat/-67.06743335108297/lng/-51.85546874999999,False,Stellaria media
KW_T_423_4_0055L,4,Narcissus Pseudo-Narcissus,Narcissus pseudonarcissus subsp. pseudonarcissus,Narcissus,pseudonarcissus subsp. pseudonarcissus,Flowering plants,Plantaginaceae,Handjesereprijs,https://galerij.kb.nl/kb.html#/nl/florabatava02/page/10/zoom/3/lat/-67.06743335108297/lng/-51.85546874999999,False,Narcissus pseudonarcissus subsp. pseudonarcissus
KW_T_423_4_0057L,4,Ornithogalum nutans,Ornithogalum nutans,Ornithogalum,nutans,Flowering plants,Poaceae,Gewoon reukgras,https://galerij.kb.nl/kb.html#/nl/florabatava02/page/11/zoom/3/lat/-67.06743335108297/lng/-51.85546874999999,False,Ornithogalum nutans
KW_T_423_4_0059L,4,Triglochin maritimum,Triglochin maritima,Triglochin,maritima,Flowering plants,Poaceae,Knolvossenstaart,https://galerij.kb.nl/kb.html#/nl/florabatava02/page/12/zoom/3/lat/-67.06743335108297/lng/-51.85546874999999,False,Triglochin maritima
KW_T_423_4_0061L,4,Alisma Plantago,Alisma plantago-aquatica,Alisma,plantago-aquatica,Flowering plants,Poaceae,Grote windhalm,https://galerij.kb.nl/kb.html#/nl/florabatava02/page/13/zoom/3/lat/-67.06743335108297/lng/-51.85546874999999,False,Alisma plantago-aquatica
KW_T_423_4_0063L,4,Alisma ranunculoides,Alisma (gramineum of lanceolatum),Alisma,(gramineum of lanceolatum),Flowering plants,Poaceae,Kropaar,https://galerij.kb.nl/kb.html#/nl/florabatava02/page/14/zoom/3/lat/-67.06743335108297/lng/-51.85546874999999,False,Alisma (gramineum of lanceolatum)
KW_T_423_4_0065L,4,Polygonum Bistorta,Persicaria bistorta,Persicaria,bistorta,Flowering plants,Poaceae,Reuzenzwenkgras,https://galerij.kb.nl/kb.html#/nl/florabatava02/page/15/zoom/3/lat/-67.06743335108297/lng/-51.85546874999999,False,Persicaria bistorta
KW_T_423_4_0067L,4,Butomus umbellatus,Butomus umbellatus,Butomus,umbellatus,Flowering plants,Caprifoliaceae,Beemdkroon,https://galerij.kb.nl/kb.html#/nl/florabatava02/page/16/zoom/3/lat/-67.06743335108297/lng/-51.85546874999999,False,Butomus umbellatus
KW_T_423_4_0069L,4,Scleranthus perennis,Scleranthus annuus subsp. polycarpos,Scleranthus,annuus subsp. polycarpos,Flowering plants,Cornaceae,Rode kornoelje,https://galerij.kb.nl/kb.html#/nl/florabatava02/page/17/zoom/3/lat/-69.53451763078357/lng/-46.40625,False,Scleranthus annuus subsp. polycarpos
KW_T_423_4_0071L,4,Dianthus prolifer,Petrorhagia prolifera,Petrorhagia,prolifera,Flowering plants,Potamogetonaceae,Schedefonteinkruid,https://galerij.kb.nl/kb.html#/nl/florabatava02/page/18/zoom/3/lat/-69.53451763078357/lng/-46.40625,False,Petrorhagia prolifera
KW_T_423_4_0073L,4,Silene conica,Silene conica,Silene,conica,Flowering plants,Caryophyllaceae,Liggende vetmuur,https://galerij.kb.nl/kb.html#/nl/florabatava02/page/19/zoom/3/lat/-69.53451763078357/lng/-46.40625,False,Silene conica
KW_T_423_4_0075L,4,Stellaria holostea,Stellaria holostea,Stellaria,holostea,Flowering plants,Boraginaceae,Scherpkruid,https://galerij.kb.nl/kb.html#/nl/florabatava02/page/20/zoom/3/lat/-69.53451763078357/lng/-46.40625,False,Stellaria holostea
KW_T_423_4_0077L,4,Cerastium vulgatum,Cerastium fontanum subsp. vulgare,Cerastium,fontanum subsp. vulgare,Flowering plants,Boraginaceae,Kromhals,https://galerij.kb.nl/kb.html#/nl/florabatava02/page/21/zoom/3/lat/-69.53451763078357/lng/-46.40625,False,Cerastium fontanum subsp. vulgare
KW_T_423_4_0079L,4,Lythrum Salicaria,Lythrum salicaria,Lythrum,salicaria,Flowering plants,Primulaceae,Grote wederik,https://galerij.kb.nl/kb.html#/nl/florabatava02/page/22/zoom/3/lat/-69.53451763078357/lng/-46.40625,False,Lythrum salicaria
KW_T_423_4_0081L,4,Reseda Luteola,Reseda luteola,Reseda,luteola,Flowering plants,Scrophulariaceae,Mottenkruid,https://galerij.kb.nl/kb.html#/nl/florabatava02/page/23/zoom/3/lat/-68.52823492039876/lng/-50.625,False,Reseda luteola
KW_T_423_4_0083L,4,Euphorbia Peplus,Euphorbia peplus,Euphorbia,peplus,Flowering plants,Solanaceae,Doornappel,https://galerij.kb.nl/kb.html#/nl/florabatava02/page/24/zoom/3/lat/-68.52823492039876/lng/-50.625,False,Euphorbia peplus
KW_T_423_4_0085L,4,Euphorbia helioscopia,Euphorbia helioscopia,Euphorbia,helioscopia,Flowering plants,Primulaceae,Melkkruid,https://galerij.kb.nl/kb.html#/nl/florabatava02/page/26/zoom/3/lat/-68.52823492039876/lng/-50.625,False,Euphorbia helioscopia
KW_T_423_4_0087L,4,Sorbus aucuparia,Sorbus aucuparia,Sorbus,aucuparia,Flowering plants,Amaranthaceae,Stekend loogkruid,https://galerij.kb.nl/kb.html#/nl/florabatava02/page/27/zoom/3/lat/-68.52823492039876/lng/-50.625,False,Sorbus aucuparia
KW_T_423_4_0089L,4,Rosa canina,Rosa canina,Rosa,canina,Flowering plants,Apiaceae,Blauwe zeedistel,https://galerij.kb.nl/kb.html#/nl/florabatava02/page/28/zoom/3/lat/-68.52823492039876/lng/-50.625,False,Rosa canina
KW_T_423_4_0091L,4,Rubus caesius,Rubus caesius,Rubus,caesius,Flowering plants,Apiaceae,Peen,https://galerij.kb.nl/kb.html#/nl/florabatava02/page/29/zoom/3/lat/-68.52823492039876/lng/-50.625,False,Rubus caesius
KW_T_423_4_0093L,4,Potentilla Anserina,Potentilla anserina,Potentilla,anserina,Flowering plants,Apiaceae,Gevlekte scheerling,https://galerij.kb.nl/kb.html#/nl/florabatava02/page/30/zoom/3/lat/-68.52823492039876/lng/-50.625,False,Potentilla anserina
KW_T_423_4_0095L,4,Papaver rhoeas,Papaver rhoeas,Papaver,rhoeas,Flowering plants,Apiaceae,Watertorkruid,https://galerij.kb.nl/kb.html#/nl/florabatava02/page/31/zoom/3/lat/-68.52823492039876/lng/-50.625,False,Papaver rhoeas
KW_T_423_4_0097L,4,Anemone nemorosa,Anemone nemorosa,Anemone,nemorosa,Flowering plants,Amaryllidaceae,Kraailook,https://galerij.kb.nl/kb.html#/nl/florabatava02/page/32/zoom/3/lat/-68.52823492039876/lng/-50.625,False,Anemone nemorosa
KW_T_423_4_0099L,4,Ranunculus sceleratus,Ranunculus sceleratus,Ranunculus,sceleratus,Flowering plants,Asparagaceae,Welriekende salomonszegel,https://galerij.kb.nl/kb.html#/nl/florabatava02/page/34/zoom/3/lat/-68.52823492039876/lng/-50.625,False,Ranunculus sceleratus
KW_T_423_4_0101L,4,Ranunculus arvensis,Ranunculus arvensis,Ranunculus,arvensis,Flowering plants,Asparagaceae,Gewone salomonszegel,https://galerij.kb.nl/kb.html#/nl/florabatava02/page/35/zoom/3/lat/-68.52823492039876/lng/-50.625,False,Ranunculus arvensis
KW_T_423_4_0103L,4,Hyssopus offinalis,Hyssopus officinalis,Hyssopus,officinalis,Flowering plants,Juncaceae,Pitrus,https://galerij.kb.nl/kb.html#/nl/florabatava02/page/36/zoom/3/lat/-68.52823492039876/lng/-50.625,False,Hyssopus officinalis
KW_T_423_4_0105L,4,Nepeta cataria,Nepeta cataria,Nepeta,cataria,Flowering plants,Juncaceae,Ruige veldbies,https://galerij.kb.nl/kb.html#/nl/florabatava02/page/37/zoom/3/lat/-68.52823492039876/lng/-50.625,False,Nepeta cataria
KW_T_423_4_0107L,4,Lamium purpureum,Lamium purpureum,Lamium,purpureum,Flowering plants,Onagraceae,Viltige basterdwederik,https://galerij.kb.nl/kb.html#/nl/florabatava02/page/38/zoom/3/lat/-68.52823492039876/lng/-50.625,False,Lamium purpureum
KW_T_423_4_0109L,4,Stachys sylvatica,Stachys sylvatica,Stachys,sylvatica,Flowering plants,Polygonaceae,Perzikkruid,https://galerij.kb.nl/kb.html#/nl/florabatava02/page/39/zoom/3/lat/-68.52823492039876/lng/-50.625,False,Stachys sylvatica
KW_T_423_4_0111L,4,Leonurus Cardiaca,Leonurus cardiaca,Leonurus,cardiaca,Flowering plants,Polygonaceae,Heggenduizendknoop,https://galerij.kb.nl/kb.html#/nl/florabatava02/page/40/zoom/3/lat/-68.52823492039876/lng/-50.625,False,Leonurus cardiaca
KW_T_423_4_0113L,4,Cochlearia armoracia,Armoracia rusticana,Armoracia,rusticana,Flowering plants,Crassulaceae,Hemelsleutel,https://galerij.kb.nl/kb.html#/nl/florabatava02/page/41/zoom/3/lat/-68.52823492039876/lng/-50.625,False,Armoracia rusticana
KW_T_423_4_0115L,4,Sisymbrium tenuifolium,Diplotaxis tenuifolia,Diplotaxis,tenuifolia,Flowering plants,Caryophyllaceae,Watermuur,https://galerij.kb.nl/kb.html#/nl/florabatava02/page/42/zoom/3/lat/-68.52823492039876/lng/-50.625,False,Diplotaxis tenuifolia
KW_T_423_4_0117L,4,Cheiranthus Cheiri,Erysimum cheiri,Erysimum,cheiri,Flowering plants,Rosaceae,Gewone vogelkers,https://galerij.kb.nl/kb.html#/nl/florabatava02/page/43/zoom/3/lat/-68.52823492039876/lng/-50.625,False,Erysimum cheiri
KW_T_423_4_0119L,4,Brassica Napus,Brassica napus,Brassica,napus,Flowering plants,Rosaceae,Duinroos,https://galerij.kb.nl/kb.html#/nl/florabatava02/page/44/zoom/3/lat/-68.52823492039876/lng/-50.625,False,Brassica napus
KW_T_423_4_0121L,4,Sinapis nigra,Brassica nigra,Brassica,nigra,Flowering plants,Rosaceae,Framboos,https://galerij.kb.nl/kb.html#/nl/florabatava02/page/45/zoom/3/lat/-68.52823492039876/lng/-50.625,False,Brassica nigra
KW_T_423_4_0123L,4,Althaea officinalis,Althaea officinalis,Althaea,officinalis,Flowering plants,Rosaceae,Tormentil,https://galerij.kb.nl/kb.html#/nl/florabatava02/page/46/zoom/3/lat/-65.6582745198266/lng/-51.15234375,False,Althaea officinalis
KW_T_423_4_0125L,4,Vicia sepium,Vicia sepium,Vicia,sepium,Flowering plants,Rosaceae,Wateraardbei,https://galerij.kb.nl/kb.html#/nl/florabatava02/page/47/zoom/3/lat/-69.34933863977649/lng/-49.04296875,False,Vicia sepium
KW_T_423_4_0127L,4,Ervum tetraspermum,Vicia tetrasperma subsp. gracilis,Vicia,tetrasperma subsp. gracilis,Flowering plants,Hydrocharitaceae,Krabbenscheer,https://galerij.kb.nl/kb.html#/nl/florabatava02/page/48/zoom/3/lat/-69.34933863977649/lng/-49.04296875,False,Vicia tetrasperma subsp. gracilis
KW_T_423_4_0129L,4,Melilotus officinalis,Melilotus officinalis,Melilotus,officinalis,Flowering plants,Lamiaceae,Moerasandoorn,https://galerij.kb.nl/kb.html#/nl/florabatava02/page/49/zoom/3/lat/-69.34933863977649/lng/-49.04296875,False,Melilotus officinalis
KW_T_423_4_0131L,4,Trifolium procumbens,Trifolium campestre,Trifolium,campestre,Flowering plants,Lamiaceae,Blauw glidkruid,https://galerij.kb.nl/kb.html#/nl/florabatava02/page/50/zoom/3/lat/-69.34933863977649/lng/-49.04296875,False,Trifolium campestre
KW_T_423_4_0133L,4,Tragopogon porrifolium,Tragopogon porrifolius,Tragopogon,porrifolius,Flowering plants,Orobanchaceae,Stijve ogentroost,https://galerij.kb.nl/kb.html#/nl/florabatava02/page/51/zoom/3/lat/-69.34933863977649/lng/-49.04296875,False,Tragopogon porrifolius
KW_T_423_4_0135L,4,Leontodon hirtum,Leontodon saxatilis,Leontodon,saxatilis,Flowering plants,Plantaginaceae,Muurleeuwenbek,https://galerij.kb.nl/kb.html#/nl/florabatava02/page/52/zoom/3/lat/-69.34933863977649/lng/-49.04296875,False,Leontodon saxatilis
KW_T_423_4_0137L,4,Arctium lappa,Arctium lappa,Arctium,lappa,Flowering plants,Plantaginaceae,Kleine leeuwenbek,https://galerij.kb.nl/kb.html#/nl/florabatava02/page/53/zoom/3/lat/-69.34933863977649/lng/-49.04296875,False,Arctium lappa
KW_T_423_4_0139L,4,Carduus lanceolatus,Cirsium vulgare,Cirsium,vulgare,Flowering plants,Scrophulariaceae,Knopig helmkruid,https://galerij.kb.nl/kb.html#/nl/florabatava02/page/54/zoom/3/lat/-69.34933863977649/lng/-49.04296875,False,Cirsium vulgare
KW_T_423_4_0141L,4,Erigeron acre,Erigeron acris,Erigeron,acris,Flowering plants,Orobanchaceae,Walstrobremraap,https://galerij.kb.nl/kb.html#/nl/florabatava02/page/55/zoom/3/lat/-69.34933863977649/lng/-49.04296875,False,Erigeron acris
KW_T_423_4_0143L,4,Senecio viscosus,Senecio viscosus,Senecio,viscosus,Flowering plants,Brassicaceae,Zeeraket,https://galerij.kb.nl/kb.html#/nl/florabatava02/page/56/zoom/3/lat/-69.34933863977649/lng/-49.04296875,False,Senecio viscosus
KW_T_423_4_0145L,4,Senecio paludosus,Jacobaea paludosa,Jacobaea,paludosa,Flowering plants,Brassicaceae,Peperkers,https://galerij.kb.nl/kb.html#/nl/florabatava02/page/57/zoom/3/lat/-69.34933863977649/lng/-49.04296875,False,Jacobaea paludosa
KW_T_423_4_0147L,4,Matricaria Chamomilla,Matricaria chamomilla,Matricaria,chamomilla,Flowering plants,Brassicaceae,Herderstasje,https://galerij.kb.nl/kb.html#/nl/florabatava02/page/58/zoom/3/lat/-68.78414378041504/lng/-51.15234375,False,Matricaria chamomilla
KW_T_423_4_0149L,4,Anthemius cotula,Anthemis cotula,Anthemis,cotula,Flowering plants,Brassicaceae,Echt lepelblad,https://galerij.kb.nl/kb.html#/nl/florabatava02/page/59/zoom/3/lat/-68.78414378041504/lng/-51.15234375,False,Anthemis cotula
KW_T_423_4_0151L,4,Anthemis tinctoria,Anthemis tinctoria,Anthemis,tinctoria,Flowering plants,Brassicaceae,Bosveldkers,https://galerij.kb.nl/kb.html#/nl/florabatava02/page/60/zoom/3/lat/-68.78414378041504/lng/-51.15234375,False,Anthemis tinctoria
KW_T_423_4_0153L,4,Ophrys monorchis,Herminium monorchis,Herminium,monorchis,Flowering plants,Brassicaceae,Gewone raket,https://galerij.kb.nl/kb.html#/nl/florabatava02/page/61/zoom/3/lat/-68.78414378041504/lng/-51.15234375,False,Herminium monorchis
KW_T_423_4_0155L,4,Malaxis (Ophrys) Loeselii,Liparis loeselii,Liparis,loeselii,Flowering plants,Brassicaceae,Herik,https://galerij.kb.nl/kb.html#/nl/florabatava02/page/62/zoom/3/lat/-68.78414378041504/lng/-51.15234375,False,Liparis loeselii
KW_T_423_4_0157L,4,Typha angustifolia,Typha angustifolia,Typha,angustifolia,Flowering plants,Malvaceae,Klein kaasjeskruid,https://galerij.kb.nl/kb.html#/nl/florabatava02/page/63/zoom/3/lat/-68.78414378041504/lng/-51.15234375,False,Typha angustifolia
KW_T_423_4_0159L,4,Sparganium simplex,Sparganium emersum,Sparganium,emersum,Flowering plants,Papaveraceae,Gewone duivenkervel,https://galerij.kb.nl/kb.html#/nl/florabatava02/page/64/zoom/3/lat/-68.78414378041504/lng/-51.15234375,False,Sparganium emersum
KW_T_423_4_0161L,4,Alnus glutinosa,Alnus glutinosa,Alnus,glutinosa,Flowering plants,Fabaceae,Stekelbrem,https://galerij.kb.nl/kb.html#/nl/florabatava02/page/65/zoom/3/lat/-68.78414378041504/lng/-51.15234375,False,Alnus glutinosa
KW_T_423_4_0163L,4,Sagittaria sagittifolia,Sagittaria sagittifolia,Sagittaria,sagittifolia,Flowering plants,Fabaceae,Gaspeldoorn,https://galerij.kb.nl/kb.html#/nl/florabatava02/page/66/zoom/3/lat/-68.78414378041504/lng/-51.15234375,False,Sagittaria sagittifolia
KW_T_423_4_0165L,4,Atriplex laciniata,Atriplex laciniata,Atriplex,laciniata,Flowering plants,Fabaceae,Bont kroonkruid,https://galerij.kb.nl/kb.html#/nl/florabatava02/page/68/zoom/3/lat/-68.78414378041504/lng/-51.15234375,False,Atriplex laciniata
KW_T_423_4_0167L,4,Acer pseudo-platanus,Acer pseudoplatanus,Acer,pseudoplatanus,Flowering plants,Hypericaceae,Gevleugeld hertshooi,https://galerij.kb.nl/kb.html#/nl/florabatava02/page/69/zoom/3/lat/-68.78414378041504/lng/-51.15234375,False,Acer pseudoplatanus
KW_T_423_5_0010R,5,Caucalis anthriscus,Torilis japonica,Torilis,japonica,Flowering plants,Asteraceae,Vertakte leeuwentand,https://galerij.kb.nl/kb.html#/nl/florabatava02/page/70/zoom/3/lat/-68.78414378041504/lng/-51.15234375,False,Torilis japonica
KW_T_423_5_0012R,5,Saxifraga Tridactylites,Saxifraga tridactylites,Saxifraga,tridactylites,Flowering plants,Asteraceae,Ruige leeuwentand,https://galerij.kb.nl/kb.html#/nl/florabatava02/page/71/zoom/3/lat/-68.78414378041504/lng/-51.15234375,False,Saxifraga tridactylites
KW_T_423_5_0014R,5,Thalictrum flavum,Thalictrum flavum,Thalictrum,flavum,Flowering plants,Asteraceae,Knikkende distel,https://galerij.kb.nl/kb.html#/nl/florabatava02/page/73/zoom/3/lat/-68.78414378041504/lng/-54.31640625,False,Thalictrum flavum
KW_T_423_5_0016R,5,Trifolium pratense,Trifolium pratense,Trifolium,pratense,Flowering plants,Asteraceae,Kale jonker,https://galerij.kb.nl/kb.html#/nl/florabatava02/page/74/zoom/3/lat/-68.78414378041504/lng/-54.31640625,False,Trifolium pratense
KW_T_423_5_0018R,5,Centaurea Cyanus,Centaurea cyanus,Centaurea,cyanus,Flowering plants,Asteraceae,Wegdistel,https://galerij.kb.nl/kb.html#/nl/florabatava02/page/75/zoom/3/lat/-68.78414378041504/lng/-54.31640625,False,Centaurea cyanus
KW_T_423_5_0020R,5,Hyoscyamus niger,Hyoscyamus niger,Hyoscyamus,niger,Flowering plants,Asteraceae,Zulte,https://galerij.kb.nl/kb.html#/nl/florabatava02/page/76/zoom/3/lat/-68.78414378041504/lng/-54.31640625,False,Hyoscyamus niger
KW_T_423_5_0022R,5,Lobelia Dortmanna,Lobelia dortmanna,Lobelia,dortmanna,Flowering plants,Asteraceae,Moerasandijvie,https://galerij.kb.nl/kb.html#/nl/florabatava02/page/77/zoom/3/lat/-68.78414378041504/lng/-54.31640625,False,Lobelia dortmanna
KW_T_423_5_0024R,5,Ranunculus hederaceus,Ranunculus hederaceus,Ranunculus,hederaceus,Flowering plants,Asteraceae,Heelblaadjes,https://galerij.kb.nl/kb.html#/nl/florabatava02/page/78/zoom/3/lat/-68.78414378041504/lng/-54.31640625,False,Ranunculus hederaceus
KW_T_423_5_0026R,5,Prenanthes muralis,Mycelis muralis,Mycelis,muralis,Flowering plants,Asteraceae,Kalketrip,https://galerij.kb.nl/kb.html#/nl/florabatava02/page/79/zoom/3/lat/-68.78414378041504/lng/-54.31640625,False,Mycelis muralis
KW_T_423_5_0028R,5,Urtica urens,Urtica urens,Urtica,urens,Flowering plants,Orchidaceae,Herfstschroeforchis,https://galerij.kb.nl/kb.html#/nl/florabatava02/page/80/zoom/3/lat/-68.78414378041504/lng/-54.31640625,False,Urtica urens
KW_T_423_5_0030L,5,Villarsia (Menyanthes ) nymphoides,Nymphoides peltata,Nymphoides,peltata,Flowering plants,Aristolochiaceae,Pijpbloem,https://galerij.kb.nl/kb.html#/nl/florabatava02/page/81/zoom/3/lat/-68.78414378041504/lng/-54.31640625,False,Nymphoides peltata
KW_T_423_5_0032L,5,Chenopodium hybridum,Chenopodium hybridum,Chenopodium,hybridum,Flowering plants,Haloragaceae,Aarvederkruid,https://galerij.kb.nl/kb.html#/nl/florabatava02/page/82/zoom/3/lat/-68.78414378041504/lng/-54.31640625,False,Chenopodium hybridum
KW_T_423_5_0034L,5,Galeopsis Tetrahit,Galeopsis tetrahit,Galeopsis,tetrahit,Flowering plants,Cucurbitaceae,Heggenrank,https://galerij.kb.nl/kb.html#/nl/florabatava02/page/83/zoom/3/lat/-68.78414378041504/lng/-54.31640625,False,Galeopsis tetrahit
KW_T_423_5_0036L,5,Artemisia vulgaris,Artemisia vulgaris,Artemisia,vulgaris,Flowering plants,Elaeagnaceae,Duindoorn,https://galerij.kb.nl/kb.html#/nl/florabatava02/page/84/zoom/3/lat/-68.78414378041504/lng/-54.31640625,False,Artemisia vulgaris
KW_T_423_5_0038L,5,Myriophyllum verticillatum,Myriophyllum verticillatum,Myriophyllum,verticillatum,Flowering plants,Cannabaceae,Hop (mannelijke plant),https://galerij.kb.nl/kb.html#/nl/florabatava02/page/85/zoom/3/lat/-68.78414378041504/lng/-54.31640625,False,Myriophyllum verticillatum
KW_T_423_5_0040L,5,Iris Pseud-acorus,Iris pseudacorus,Iris,pseudacorus,Flowering plants,Cannabaceae,Hop (mannelijke plant),https://galerij.kb.nl/kb.html#/nl/florabatava02/page/85/zoom/3/lat/-68.78414378041504/lng/-54.31640625,False,Iris pseudacorus
KW_T_423_5_0042L,5,Chenopodium glaucum,Chenopodium glaucum,Chenopodium,glaucum,Ferns,Dryopteridaceae,Mannetjesvaren,https://galerij.kb.nl/kb.html#/nl/florabatava02/page/88/zoom/3/lat/-68.78414378041504/lng/-54.31640625,False,Chenopodium glaucum
KW_T_423_5_0044L,5,Epilobium montanum,Epilobium montanum,Epilobium,montanum,Flowering plants,Caprifoliaceae,Veldsla,https://galerij.kb.nl/kb.html#/nl/florabatava03/page/9/zoom/3/lat/-69.162557908105/lng/-39.19921875,False,Epilobium montanum
KW_T_423_5_0046L,5,Geranium pratense,Geranium pratense,Geranium,pratense,Flowering plants,Cyperaceae,Knopbies,https://galerij.kb.nl/kb.html#/nl/florabatava03/page/10/zoom/3/lat/-69.162557908105/lng/-39.19921875,False,Geranium pratense
KW_T_423_5_0048L,5,Littorella lacustris,Littorella uniflora,Littorella,uniflora,Flowering plants,Poaceae,Bosgierstgras,https://galerij.kb.nl/kb.html#/nl/florabatava03/page/11/zoom/3/lat/-69.162557908105/lng/-39.19921875,False,Littorella uniflora
KW_T_423_5_0050L,5,Veronica hederifolia,Veronica hederifolia,Veronica,hederifolia,Flowering plants,Poaceae,Bochtige smele,https://galerij.kb.nl/kb.html#/nl/florabatava03/page/12/zoom/3/lat/-69.162557908105/lng/-39.19921875,False,Veronica hederifolia
KW_T_423_5_0052L,5,Tragopogon pratensis,Tragopogon pratensis subsp. pratensis,Tragopogon,pratensis subsp. pratensis,Flowering plants,Poaceae,Buntgras,https://galerij.kb.nl/kb.html#/nl/florabatava03/page/13/zoom/3/lat/-69.162557908105/lng/-39.19921875,False,Tragopogon pratensis subsp. pratensis
KW_T_423_5_0054L,5,Carduus (Serratula) arvensis,Cirsium arvense,Cirsium,arvense,Flowering plants,Poaceae,Ruw beemdgras,https://galerij.kb.nl/kb.html#/nl/florabatava03/page/14/zoom/3/lat/-69.162557908105/lng/-39.19921875,False,Cirsium arvense
KW_T_423_5_0056L,5,Solidago virgaurea,Solidago virgaurea,Solidago,virgaurea,Flowering plants,Poaceae,Goudhaver,https://galerij.kb.nl/kb.html#/nl/florabatava03/page/15/zoom/3/lat/-69.162557908105/lng/-39.19921875,False,Solidago virgaurea
KW_T_423_5_0058L,5,Corylus avellana,Corylus avellana,Corylus,avellana,Flowering plants,Poaceae,Riet,https://galerij.kb.nl/kb.html#/nl/florabatava03/page/16/zoom/3/lat/-69.162557908105/lng/-39.19921875,False,Corylus avellana
KW_T_423_5_0060L,5,Galium (Valantia) cruciatum,Cruciata laevipes,Cruciata,laevipes,Flowering plants,Poaceae,Engels raaigras,https://galerij.kb.nl/kb.html#/nl/florabatava03/page/17/zoom/3/lat/-69.162557908105/lng/-39.19921875,False,Cruciata laevipes
KW_T_423_5_0062L,5,Gentiana pneumonanthe,Gentiana pneumonanthe,Gentiana,pneumonanthe,Flowering plants,Poaceae,Zandhaver,https://galerij.kb.nl/kb.html#/nl/florabatava03/page/18/zoom/3/lat/-69.162557908105/lng/-39.19921875,False,Gentiana pneumonanthe
KW_T_423_5_0064L,5,Pastinaca sativa,Pastinaca sativa subsp. sativa,Pastinaca,sativa subsp. sativa,Flowering plants,Caprifoliaceae,Grote kaardebol,https://galerij.kb.nl/kb.html#/nl/florabatava03/page/19/zoom/3/lat/-69.162557908105/lng/-39.19921875,False,Pastinaca sativa subsp. sativa
KW_T_423_5_0066L,5,Juncus bulbosa,Juncus articulatus,Juncus,articulatus,Flowering plants,Caprifoliaceae,Blauwe knoop,https://galerij.kb.nl/kb.html#/nl/florabatava03/page/20/zoom/3/lat/-69.162557908105/lng/-39.19921875,False,Juncus articulatus
KW_T_423_5_0068L,5,Hypochoeris radicata,Hypochaeris radicata,Hypochaeris,radicata,Flowering plants,Caprifoliaceae,Duifkruid,https://galerij.kb.nl/kb.html#/nl/florabatava03/page/21/zoom/3/lat/-69.162557908105/lng/-39.19921875,False,Hypochaeris radicata
KW_T_423_5_0070L,5,Chenopodium hirsutum,Bassia hirsuta,Bassia,hirsuta,Flowering plants,Rubiaceae,Glad walstro,https://galerij.kb.nl/kb.html#/nl/florabatava03/page/22/zoom/3/lat/-69.162557908105/lng/-39.19921875,False,Bassia hirsuta
KW_T_423_5_0072L,5,Atriplex littoralis,Atriplex littoralis,Atriplex,littoralis,Flowering plants,Boraginaceae,Moerasvergeet-mij-nietje,https://galerij.kb.nl/kb.html#/nl/florabatava03/page/23/zoom/3/lat/-69.162557908105/lng/-39.19921875,False,Atriplex littoralis
KW_T_423_5_0074L,5,Juncus lampocarpos,Juncus articulatus,Juncus,articulatus,Flowering plants,Boraginaceae,Gewone smeerwortel,https://galerij.kb.nl/kb.html#/nl/florabatava03/page/24/zoom/3/lat/-69.162557908105/lng/-39.19921875,False,Juncus articulatus
KW_T_423_5_0076L,5,Arenaria marina,Spergularia media,Spergularia,media,Flowering plants,Boraginaceae,Slangenkruid,https://galerij.kb.nl/kb.html#/nl/florabatava03/page/25/zoom/3/lat/-69.162557908105/lng/-39.19921875,False,Spergularia media
KW_T_423_5_0078L,5,Aster puniceus,Symphyotrichum puniceum,Symphyotrichum,puniceum,Flowering plants,Primulaceae,Penningkruid,https://galerij.kb.nl/kb.html#/nl/florabatava03/page/26/zoom/3/lat/-69.162557908105/lng/-39.19921875,False,Symphyotrichum puniceum
KW_T_423_5_0080L,5,Salicornia herbacea,Salicornia europaea,Salicornia,europaea,Flowering plants,Convolvulaceae,Haagwinde,https://galerij.kb.nl/kb.html#/nl/florabatava03/page/27/zoom/3/lat/-69.162557908105/lng/-39.19921875,False,Salicornia europaea
KW_T_423_5_0082L,5,Hordeum murinum,Hordeum murinum,Hordeum,murinum,Flowering plants,Campanulaceae,Rapunzelklokje,https://galerij.kb.nl/kb.html#/nl/florabatava03/page/28/zoom/3/lat/-69.162557908105/lng/-39.19921875,False,Hordeum murinum
KW_T_423_5_0084L,5,Hordeum pratense,Hordeum secalinum,Hordeum,secalinum,Flowering plants,Campanulaceae,Groot spiegelklokje,https://galerij.kb.nl/kb.html#/nl/florabatava03/page/29/zoom/3/lat/-69.162557908105/lng/-39.19921875,False,Hordeum secalinum
KW_T_423_5_0086L,5,Hordeum maritimum,Hordeum marinum,Hordeum,marinum,Flowering plants,Scrophulariaceae,Koningskaars,https://galerij.kb.nl/kb.html#/nl/florabatava03/page/30/zoom/3/lat/-69.162557908105/lng/-39.19921875,False,Hordeum marinum
KW_T_423_5_0088L,5,Conyza squarrosa,Inula conyzae,Inula,conyzae,Flowering plants,Rhamnaceae,Wegedoorn,https://galerij.kb.nl/kb.html#/nl/florabatava03/page/31/zoom/3/lat/-69.162557908105/lng/-39.19921875,False,Inula conyzae
KW_T_423_5_0090L,5,Ruppia rostellata,Ruppia maritima,Ruppia,maritima,Flowering plants,Rhamnaceae,Sporkehout,https://galerij.kb.nl/kb.html#/nl/florabatava03/page/32/zoom/3/lat/-69.162557908105/lng/-39.19921875,False,Ruppia maritima
KW_T_423_5_0092L,5,Ornithogalum umbellatum,Ornithogalum umbellatum,Ornithogalum,umbellatum,Flowering plants,Caryophyllaceae,Grondster,https://galerij.kb.nl/kb.html#/nl/florabatava03/page/33/zoom/3/lat/-69.162557908105/lng/-39.19921875,False,Ornithogalum umbellatum
KW_T_423_5_0094L,5,Epilobium palustre,Epilobium palustre,Epilobium,palustre,Flowering plants,Apiaceae,Grote watereppe,https://galerij.kb.nl/kb.html#/nl/florabatava03/page/35/zoom/3/lat/-69.162557908105/lng/-39.19921875,False,Epilobium palustre
KW_T_423_5_0096L,5,Crepis biennis,Crepis biennis,Crepis,biennis,Flowering plants,Plumbaginaceae,Engels gras,https://galerij.kb.nl/kb.html#/nl/florabatava03/page/36/zoom/3/lat/-69.162557908105/lng/-39.19921875,False,Crepis biennis
KW_T_423_5_0098L,5,Carex riparia,Carex riparia/acutiformis,Carex,riparia/acutiformis,Flowering plants,Nartheciaceae,Beenbreek,https://galerij.kb.nl/kb.html#/nl/florabatava03/page/37/zoom/3/lat/-69.162557908105/lng/-39.19921875,False,Carex riparia/acutiformis
KW_T_423_5_0100L,5,Poa procumbens,Puccinellia rupestris,Puccinellia,rupestris,Flowering plants,Asparagaceae,Dalkruid,https://galerij.kb.nl/kb.html#/nl/florabatava03/page/38/zoom/3/lat/-69.162557908105/lng/-39.19921875,False,Puccinellia rupestris
KW_T_423_5_0102L,5,Arenaria salina,Spergularia salina,Spergularia,salina,Flowering plants,Juncaceae,Gewone veldbies,https://galerij.kb.nl/kb.html#/nl/florabatava03/page/39/zoom/3/lat/-69.162557908105/lng/-39.19921875,False,Spergularia salina
KW_T_423_5_0104L,5,Trifolium repens,Trifolium repens,Trifolium,repens,Flowering plants,Berberidaceae,Zuurbes,https://galerij.kb.nl/kb.html#/nl/florabatava03/page/40/zoom/3/lat/-69.162557908105/lng/-39.19921875,False,Trifolium repens
KW_T_423_5_0106L,5,Trifolium fragiferum,Trifolium fragiferum,Trifolium,fragiferum,Flowering plants,Polygonaceae,Gewoon varkensgras,https://galerij.kb.nl/kb.html#/nl/florabatava03/page/41/zoom/3/lat/-69.162557908105/lng/-39.19921875,False,Trifolium fragiferum
KW_T_423_5_0108L,5,Carlina vulgaris,Carlina vulgaris,Carlina,vulgaris,Flowering plants,Ericaceae,Rond wintergroen,https://galerij.kb.nl/kb.html#/nl/florabatava03/page/42/zoom/3/lat/-69.162557908105/lng/-39.19921875,False,Carlina vulgaris
KW_T_423_5_0110L,5,Schedonorus elatior,Schedonorus arundinaceus,Schedonorus,arundinaceus,Flowering plants,Crassulaceae,Wit vetkruid,https://galerij.kb.nl/kb.html#/nl/florabatava03/page/43/zoom/3/lat/-69.162557908105/lng/-39.19921875,False,Schedonorus arundinaceus
KW_T_423_5_0112L,5,Gentiana uliginosa,Gentianella amarella,Gentianella,amarella,Flowering plants,Caryophyllaceae,Bolderik,https://galerij.kb.nl/kb.html#/nl/florabatava03/page/44/zoom/3/lat/-69.162557908105/lng/-39.19921875,False,Gentianella amarella
KW_T_423_5_0114L,5,Aegopodium podagraria,Aegopodium podagraria,Aegopodium,podagraria,Flowering plants,Rosaceae,Zoete kers,https://galerij.kb.nl/kb.html#/nl/florabatava03/page/45/zoom/3/lat/-69.162557908105/lng/-39.19921875,False,Aegopodium podagraria
KW_T_423_5_0116L,5,Rumex Acetosa,Rumex acetosa,Rumex,acetosa,Flowering plants,Papaveraceae,Stinkende gouwe,https://galerij.kb.nl/kb.html#/nl/florabatava03/page/46/zoom/3/lat/-69.162557908105/lng/-39.19921875,False,Rumex acetosa
KW_T_423_5_0118L,5,Glechoma hederacea,Glechoma hederacea,Glechoma,hederacea,Flowering plants,Ranunculaceae,Egelboterbloem,https://galerij.kb.nl/kb.html#/nl/florabatava03/page/47/zoom/3/lat/-69.162557908105/lng/-39.19921875,False,Glechoma hederacea
KW_T_423_5_0120L,5,Veronica peregrina,Veronica peregrina,Veronica,peregrina,Flowering plants,Lamiaceae,Witte munt,https://galerij.kb.nl/kb.html#/nl/florabatava03/page/48/zoom/3/lat/-69.162557908105/lng/-39.19921875,False,Veronica peregrina
KW_T_423_5_0122L,5,Tulipa sylvestris,Tulipa sylvestris,Tulipa,sylvestris,Flowering plants,Lamiaceae,Watermunt,https://galerij.kb.nl/kb.html#/nl/florabatava03/page/49/zoom/3/lat/-69.162557908105/lng/-39.19921875,False,Tulipa sylvestris
KW_T_423_5_0124L,5,Andromeda polifolia,Andromeda polifolia,Andromeda,polifolia,Flowering plants,Lamiaceae,Wilde marjolein,https://galerij.kb.nl/kb.html#/nl/florabatava03/page/51/zoom/3/lat/-69.162557908105/lng/-39.19921875,False,Andromeda polifolia
KW_T_423_5_0126L,5,Honkenya peploides,Honckenya peploides,Honckenya,peploides,Flowering plants,Orobanchaceae,Wilde weit,https://galerij.kb.nl/kb.html#/nl/florabatava03/page/53/zoom/3/lat/-69.162557908105/lng/-39.19921875,False,Honckenya peploides
KW_T_423_5_0128L,5,Parietaria diffusa,Parietaria judaica,Parietaria,judaica,Flowering plants,Plantaginaceae,Vlasbekje,https://galerij.kb.nl/kb.html#/nl/florabatava03/page/54/zoom/3/lat/-69.162557908105/lng/-39.19921875,False,Parietaria judaica
KW_T_423_5_0130L,5,Poa distans,Puccinellia distans subsp. distans,Puccinellia,distans subsp. distans,Flowering plants,Brassicaceae,Grote varkenskers,https://galerij.kb.nl/kb.html#/nl/florabatava03/page/56/zoom/3/lat/-69.162557908105/lng/-39.19921875,False,Puccinellia distans subsp. distans
KW_T_423_5_0132L,5,Poa maritima,Puccinella maritima,Puccinella,maritima,Flowering plants,Brassicaceae,Gewone steenraket,https://galerij.kb.nl/kb.html#/nl/florabatava03/page/57/zoom/3/lat/-69.162557908105/lng/-39.19921875,False,Puccinella maritima
KW_T_423_5_0134L,5,Oxycoccus palustris,Oxycoccus palustris,Oxycoccus,palustris,Flowering plants,Papaveraceae,Rankende helmbloem,https://galerij.kb.nl/kb.html#/nl/florabatava03/page/58/zoom/3/lat/-69.162557908105/lng/-39.19921875,False,Oxycoccus palustris
KW_T_423_5_0136L,5,Alyssum calycinum,Alyssum alyssoides,Alyssum,alyssoides,Flowering plants,Polygalaceae,Gewone vleugeltjesbloem,https://galerij.kb.nl/kb.html#/nl/florabatava03/page/59/zoom/3/lat/-69.162557908105/lng/-39.19921875,False,Alyssum alyssoides
KW_T_423_5_0138L,5,Arabis Thaliana,Arabidopsis thaliana,Arabidopsis,thaliana,Flowering plants,Fabaceae,Wondklaver,https://galerij.kb.nl/kb.html#/nl/florabatava03/page/62/zoom/3/lat/-69.162557908105/lng/-39.19921875,False,Arabidopsis thaliana
KW_T_423_5_0140L,5,Galium palustre,Galium palustre,Galium,palustre,Flowering plants,Fabaceae,Aardaker,https://galerij.kb.nl/kb.html#/nl/florabatava03/page/63/zoom/3/lat/-69.162557908105/lng/-39.19921875,False,Galium palustre
KW_T_423_5_0142L,5,Galium Aparine,Galium aparine,Galium,aparine,Flowering plants,Fabaceae,Veldlathyrus,https://galerij.kb.nl/kb.html#/nl/florabatava03/page/64/zoom/3/lat/-69.162557908105/lng/-39.19921875,False,Galium aparine
KW_T_423_5_0144L,5,Chenopodium maritimum,Suaeda maritima,Suaeda,maritima,Flowering plants,Fabaceae,Vogelwikke,https://galerij.kb.nl/kb.html#/nl/florabatava03/page/65/zoom/3/lat/-69.162557908105/lng/-39.19921875,False,Suaeda maritima
KW_T_423_5_0146L,5,Lamium album,Lamium album,Lamium,album,Flowering plants,Fabaceae,Sikkelklaver,https://galerij.kb.nl/kb.html#/nl/florabatava03/page/67/zoom/3/lat/-69.162557908105/lng/-39.19921875,False,Lamium album
KW_T_423_5_0148L,5,Geranium Phaeum,Geranium phaeum,Geranium,phaeum,Flowering plants,Fabaceae,Hopklaver,https://galerij.kb.nl/kb.html#/nl/florabatava03/page/68/zoom/3/lat/-69.162557908105/lng/-39.19921875,False,Geranium phaeum
KW_T_423_5_0150L,5,Viola arvensis,Viola arvensis,Viola,arvensis,Flowering plants,Asteraceae,Echt bitterkruid,https://galerij.kb.nl/kb.html#/nl/florabatava03/page/69/zoom/3/lat/-69.162557908105/lng/-39.19921875,False,Viola arvensis
KW_T_423_5_0152L,5,Chaerophyllum sativum,Anthriscus cerefolium,Anthriscus,cerefolium,Flowering plants,Asteraceae,Gewone melkdistel,https://galerij.kb.nl/kb.html#/nl/florabatava03/page/70/zoom/3/lat/-69.162557908105/lng/-39.19921875,False,Anthriscus cerefolium
KW_T_423_5_0154L,5,Chaerophyllum sylvestre,Anthriscus sylvestris,Anthriscus,sylvestris,Flowering plants,Asteraceae,Schermhavikskruid,https://galerij.kb.nl/kb.html#/nl/florabatava03/page/72/zoom/3/lat/-69.162557908105/lng/-39.19921875,False,Anthriscus sylvestris
KW_T_423_5_0156L,5,Hyacinthus botryoides,Muscari botryoides,Muscari,botryoides,Flowering plants,Asteraceae,Akkerkool,https://galerij.kb.nl/kb.html#/nl/florabatava03/page/73/zoom/3/lat/-69.162557908105/lng/-39.19921875,False,Muscari botryoides
KW_T_423_5_0158L,5,Carex panicea,Carex panicea,Carex,panicea,Flowering plants,Asteraceae,Kruldistel,https://galerij.kb.nl/kb.html#/nl/florabatava03/page/74/zoom/3/lat/-69.162557908105/lng/-39.19921875,False,Carex panicea
KW_T_423_5_0160L,5,Valeriana dioica,Valeriana dioica,Valeriana,dioica,Flowering plants,Asteraceae,Spaanse ruiter,https://galerij.kb.nl/kb.html#/nl/florabatava03/page/75/zoom/3/lat/-69.162557908105/lng/-39.19921875,False,Valeriana dioica
KW_T_423_5_0162L,5,Myosotis arvensis,Myosotis arvensis,Myosotis,arvensis,Flowering plants,Asteraceae,Knikkend tandzaad,https://galerij.kb.nl/kb.html#/nl/florabatava03/page/76/zoom/3/lat/-69.162557908105/lng/-39.19921875,False,Myosotis arvensis
KW_T_423_5_0164L,5,Crataegus oxyacantha,Crataegus monogyna,Crataegus,monogyna,Flowering plants,Asteraceae,Boerenwormkruid,https://galerij.kb.nl/kb.html#/nl/florabatava03/page/77/zoom/3/lat/-69.162557908105/lng/-39.19921875,False,Crataegus monogyna
KW_T_423_5_0166L,5,Crataegus oxyacanthoides,Crataegus laevigata,Crataegus,laevigata,Flowering plants,Asteraceae,Dwergviltkruid,https://galerij.kb.nl/kb.html#/nl/florabatava03/page/78/zoom/3/lat/-69.162557908105/lng/-39.19921875,False,Crataegus laevigata
KW_T_423_5_0168L,5,Equisetum arvense,Equisetum arvense,Equisetum,arvense,Flowering plants,Asteraceae,Groot hoefblad,https://galerij.kb.nl/kb.html#/nl/florabatava03/page/79/zoom/3/lat/-69.162557908105/lng/-39.19921875,False,Equisetum arvense
KW_T_423_6_0009R,6,Veronica teucrium,Veronica austriaca subsp. teucrium,Veronica,austriaca subsp. teucrium,Flowering plants,Asteraceae,Klein kruiskruid,https://galerij.kb.nl/kb.html#/nl/florabatava03/page/80/zoom/3/lat/-69.162557908105/lng/-39.19921875,False,Veronica austriaca subsp. teucrium
KW_T_423_6_0011L,6,Alopecurus geniculatus,Alopecurus geniculatus,Alopecurus,geniculatus,Flowering plants,Asteraceae,Wilde bertram,https://galerij.kb.nl/kb.html#/nl/florabatava03/page/82/zoom/3/lat/-69.162557908105/lng/-39.19921875,False,Alopecurus geniculatus
KW_T_423_6_0013L,6,Solanum dulcamara,Solanum dulcamara,Solanum,dulcamara,Flowering plants,Asteraceae,Duizendblad,https://galerij.kb.nl/kb.html#/nl/florabatava03/page/83/zoom/3/lat/-69.162557908105/lng/-39.19921875,False,Solanum dulcamara
KW_T_423_6_0015L,6,Stellaria palustris,Stellaria palustris,Stellaria,palustris,Flowering plants,Orchidaceae,Welriekende nachtorchis,https://galerij.kb.nl/kb.html#/nl/florabatava03/page/84/zoom/3/lat/-69.162557908105/lng/-39.19921875,False,Stellaria palustris
KW_T_423_6_0017L,6,Sisymbrium amphibium,Rorippa amphibia,Rorippa,amphibia,Flowering plants,Orchidaceae,Moeraswespenorchis,https://galerij.kb.nl/kb.html#/nl/florabatava03/page/85/zoom/3/lat/-69.162557908105/lng/-39.19921875,False,Rorippa amphibia
KW_T_423_6_0019L,6,Agrostis alba,Agrostis spec.,Agrostis,spec.,Flowering plants,Euphorbiaceae,Tuinbingelkruid,https://galerij.kb.nl/kb.html#/nl/florabatava03/page/87/zoom/3/lat/-69.162557908105/lng/-39.19921875,False,Agrostis spec.
KW_T_423_6_0021L,6,Agrostis vulgaris,Agrostis capillaris,Agrostis,capillaris,Flowering plants,Poaceae,Veenreukgras,https://galerij.kb.nl/kb.html#/nl/florabatava03/page/88/zoom/3/lat/-69.162557908105/lng/-39.19921875,False,Agrostis capillaris
KW_T_423_6_0023L,6,Lychnis sylvestris,Silene dioica,Silene,dioica,Flowering plants,Onagraceae,Groot heksenkruid,https://galerij.kb.nl/kb.html#/nl/florabatava04/page/8/zoom/3/lat/-68.46379955520322/lng/-47.98828124999999,False,Silene dioica
KW_T_423_6_0025L,6,Bidens tripartita,Bidens tripartita,Bidens,tripartita,Flowering plants,Plantaginaceae,Schildereprijs,https://galerij.kb.nl/kb.html#/nl/florabatava04/page/9/zoom/3/lat/-68.46379955520322/lng/-47.98828124999999,False,Bidens tripartita
KW_T_423_6_0027L,6,Arnica montana,Arnica montana,Arnica,montana,Flowering plants,Lentibulariaceae,Loos blaasjeskruid,https://galerij.kb.nl/kb.html#/nl/florabatava04/page/10/zoom/3/lat/-68.46379955520322/lng/-47.98828124999999,False,Arnica montana
KW_T_423_6_0029L,6,Phalaris canariensis,Phalaris canariensis,Phalaris,canariensis,Flowering plants,Lamiaceae,Veldsalie,https://galerij.kb.nl/kb.html#/nl/florabatava04/page/11/zoom/3/lat/-68.46379955520322/lng/-47.98828124999999,False,Phalaris canariensis
KW_T_423_6_0031L,6,Viola palustris,Viola palustris,Viola,palustris,Flowering plants,Poaceae,Zanddoddegras,https://galerij.kb.nl/kb.html#/nl/florabatava04/page/12/zoom/3/lat/-68.46379955520322/lng/-47.98828124999999,False,Viola palustris
KW_T_423_6_0033L,6,Viola odorata,Viola odorata,Viola,odorata,Flowering plants,Poaceae,Liesgras,https://galerij.kb.nl/kb.html#/nl/florabatava04/page/13/zoom/3/lat/-68.46379955520322/lng/-47.98828124999999,False,Viola odorata
KW_T_423_6_0035L,6,Arenaria trinervis,Moehringia trinervia,Moehringia,trinervia,Flowering plants,Poaceae,Bevertjes,https://galerij.kb.nl/kb.html#/nl/florabatava04/page/14/zoom/3/lat/-68.46379955520322/lng/-47.98828124999999,False,Moehringia trinervia
KW_T_423_6_0037L,6,Lamium incisum,Lamium hybridum,Lamium,hybridum,Flowering plants,Poaceae,,https://galerij.kb.nl/kb.html#/nl/florabatava04/page/15/zoom/3/lat/-68.46379955520322/lng/-47.98828124999999,False,Lamium hybridum
KW_T_423_6_0039L,6,Alopecurus pratensis,Alopecurus pratensis,Alopecurus,pratensis,Flowering plants,Plantaginaceae,Grote weegbree,https://galerij.kb.nl/kb.html#/nl/florabatava04/page/17/zoom/3/lat/-68.46379955520322/lng/-47.98828124999999,False,Alopecurus pratensis
KW_T_423_6_0041L,6,Pedicularis palustris,Pedicularis palustris,Pedicularis,palustris,Flowering plants,Plantaginaceae,Ruige weegbree,https://galerij.kb.nl/kb.html#/nl/florabatava04/page/18/zoom/3/lat/-68.46379955520322/lng/-47.98828124999999,False,Pedicularis palustris
KW_T_423_6_0043L,6,Iberis nudicaulis,Teesdalia nudicaulis,Teesdalia,nudicaulis,Flowering plants,Plantaginaceae,Zeeweegbree,https://galerij.kb.nl/kb.html#/nl/florabatava04/page/19/zoom/3/lat/-68.46379955520322/lng/-47.98828124999999,False,Teesdalia nudicaulis
KW_T_423_6_0045L,6,Erysimum alliaria,Alliaria petiolata,Alliaria,petiolata,Flowering plants,Campanulaceae,Grasklokje,https://galerij.kb.nl/kb.html#/nl/florabatava04/page/20/zoom/3/lat/-68.46379955520322/lng/-47.98828124999999,False,Alliaria petiolata
KW_T_423_6_0047L,6,Gnaphalium germanicum,Filago vulgaris,Filago,vulgaris,Flowering plants,Balsaminaceae,Groot springzaad,https://galerij.kb.nl/kb.html#/nl/florabatava04/page/21/zoom/3/lat/-68.46379955520322/lng/-47.98828124999999,False,Filago vulgaris
KW_T_423_6_0049L,6,Epilobium roseum,Epilobium roseum,Epilobium,roseum,Flowering plants,Gentianaceae,Strandduizendguldenkruid,https://galerij.kb.nl/kb.html#/nl/florabatava04/page/22/zoom/3/lat/-68.46379955520322/lng/-47.98828124999999,False,Epilobium roseum
KW_T_423_6_0051L,6,Polygonum hydropiper,Persicaria hydropiper,Persicaria,hydropiper,Flowering plants,Amaranthaceae,Korrelganzenvoet,https://galerij.kb.nl/kb.html#/nl/florabatava04/page/23/zoom/3/lat/-68.46379955520322/lng/-47.98828124999999,False,Persicaria hydropiper
KW_T_423_6_0053L,6,Polygonum minus,Persicaria minor,Persicaria,minor,Flowering plants,Ulmaceae,Ruwe iep,https://galerij.kb.nl/kb.html#/nl/florabatava04/page/24/zoom/3/lat/-68.46379955520322/lng/-47.98828124999999,False,Persicaria minor
KW_T_423_6_0055L,6,Prunus spinosa,Prunus spinosa,Prunus,spinosa,Flowering plants,Apiaceae,Fijne kervel,https://galerij.kb.nl/kb.html#/nl/florabatava04/page/25/zoom/3/lat/-68.46379955520322/lng/-47.98828124999999,False,Prunus spinosa
KW_T_423_6_0057L,6,Chrysanthemum segetum,Glebionis segetum,Glebionis,segetum,Flowering plants,Apiaceae,Gewone engelwortel,https://galerij.kb.nl/kb.html#/nl/florabatava04/page/26/zoom/3/lat/-68.46379955520322/lng/-47.98828124999999,False,Glebionis segetum
KW_T_423_6_0059L,6,Peplis portula,Lythrum portula,Lythrum,portula,Flowering plants,Apiaceae,Waterscheerling,https://galerij.kb.nl/kb.html#/nl/florabatava04/page/27/zoom/3/lat/-68.46379955520322/lng/-47.98828124999999,False,Lythrum portula
KW_T_423_6_0061L,6,Spergula arvensis,Spergula arvensis,Spergula,arvensis,Flowering plants,Apiaceae,Karwij,https://galerij.kb.nl/kb.html#/nl/florabatava04/page/28/zoom/3/lat/-68.46379955520322/lng/-47.98828124999999,False,Spergula arvensis
KW_T_423_6_0063L,6,Gnaphalium sylvaticum,Gnaphalium sylvaticum,Gnaphalium,sylvaticum,Flowering plants,Apiaceae,Selderij,https://galerij.kb.nl/kb.html#/nl/florabatava04/page/29/zoom/3/lat/-68.46379955520322/lng/-47.98828124999999,False,Gnaphalium sylvaticum
KW_T_423_6_0065L,6,Gnaphalium uliginosum,Gnaphalium uliginosum,Gnaphalium,uliginosum,Flowering plants,Caryophyllaceae,Vogelmuur,https://galerij.kb.nl/kb.html#/nl/florabatava04/page/30/zoom/3/lat/-68.46379955520322/lng/-47.98828124999999,False,Gnaphalium uliginosum
KW_T_423_6_0067L,6,Betula alba,Betula pendula,Betula,pendula,Flowering plants,Asparagaceae,Knikkende vogelmelk,https://galerij.kb.nl/kb.html#/nl/florabatava04/page/32/zoom/3/lat/-68.46379955520322/lng/-47.98828124999999,False,Betula pendula
KW_T_423_6_0069L,6,Lysimachia thyrsiflora,Lysimachia thyrsiflora,Lysimachia,thyrsiflora,Flowering plants,Juncaginaceae,Schorrenzoutgras,https://galerij.kb.nl/kb.html#/nl/florabatava04/page/33/zoom/3/lat/-68.46379955520322/lng/-47.98828124999999,False,Lysimachia thyrsiflora
KW_T_423_6_0071L,6,Rhinanthus crista galli,Rhinanthus angustifolius,Rhinanthus,angustifolius,Flowering plants,Alismataceae,Grote waterweegbree,https://galerij.kb.nl/kb.html#/nl/florabatava04/page/34/zoom/3/lat/-68.46379955520322/lng/-47.98828124999999,False,Rhinanthus angustifolius
KW_T_423_6_0073L,6,Rhinanthus minor,Rhinanthus minor,Rhinanthus,minor,Flowering plants,Polygonaceae,Adderwortel,https://galerij.kb.nl/kb.html#/nl/florabatava04/page/36/zoom/3/lat/-68.46379955520322/lng/-47.98828124999999,False,Rhinanthus minor
KW_T_423_6_0075L,6,Jasione montana,Jasione montana,Jasione,montana,Flowering plants,Butomaceae,Zwanenbloem,https://galerij.kb.nl/kb.html#/nl/florabatava04/page/37/zoom/3/lat/-68.46379955520322/lng/-47.98828124999999,False,Jasione montana
KW_T_423_6_0077L,6,Carex flava,Carex oederi / demissa,Carex,oederi / demissa,Flowering plants,Caryophyllaceae,Slanke mantelanjer,https://galerij.kb.nl/kb.html#/nl/florabatava04/page/39/zoom/3/lat/-68.46379955520322/lng/-47.98828124999999,False,Carex oederi / demissa
KW_T_423_6_0079L,6,Echinochloa crus galli,Echinochloa crus-galli,Echinochloa,crus-galli,Flowering plants,Caryophyllaceae,Kegelsilene,https://galerij.kb.nl/kb.html#/nl/florabatava04/page/40/zoom/3/lat/-68.46379955520322/lng/-47.98828124999999,False,Echinochloa crus-galli
KW_T_423_6_0081L,6,Spergula nodosa,Sagina nodosa,Sagina,nodosa,Flowering plants,Caryophyllaceae,Grote muur,https://galerij.kb.nl/kb.html#/nl/florabatava04/page/41/zoom/3/lat/-68.46379955520322/lng/-47.98828124999999,False,Sagina nodosa
KW_T_423_6_0083L,6,Cirsium anglicum,Cirsium dissectum,Cirsium,dissectum,Flowering plants,Lythraceae,Grote kattenstaart,https://galerij.kb.nl/kb.html#/nl/florabatava04/page/43/zoom/3/lat/-68.46379955520322/lng/-47.98828124999999,False,Cirsium dissectum
KW_T_423_6_0085L,6,Polypodium vulgare,Polypodium vulgare,Polypodium,vulgare,Flowering plants,Resedaceae,Wouw,https://galerij.kb.nl/kb.html#/nl/florabatava04/page/44/zoom/3/lat/-68.46379955520322/lng/-47.98828124999999,False,Polypodium vulgare
KW_T_423_6_0087L,6,Lycopodium inundatum,Lycopodiella inundata,Lycopodiella,inundata,Flowering plants,Euphorbiaceae,Tuinwolfsmelk,https://galerij.kb.nl/kb.html#/nl/florabatava04/page/45/zoom/3/lat/-68.46379955520322/lng/-47.98828124999999,False,Lycopodiella inundata
KW_T_423_6_0089L,6,Chenopodium rubrum,Chenopodium album,Chenopodium,album,Flowering plants,Euphorbiaceae,Kroontjeskruid,https://galerij.kb.nl/kb.html#/nl/florabatava04/page/46/zoom/3/lat/-68.46379955520322/lng/-47.98828124999999,False,Chenopodium album
KW_T_423_6_0091L,6,Polygonum lapathifolium,Persicaria lapathifolia,Persicaria,lapathifolia,Flowering plants,Rosaceae,Wilde lijsterbes,https://galerij.kb.nl/kb.html#/nl/florabatava04/page/47/zoom/3/lat/-68.46379955520322/lng/-47.98828124999999,False,Persicaria lapathifolia
KW_T_423_6_0093L,6,Lathyrus palustris,Lathyrus palustris,Lathyrus,palustris,Flowering plants,Rosaceae,Hondsroos,https://galerij.kb.nl/kb.html#/nl/florabatava04/page/48/zoom/3/lat/-68.46379955520322/lng/-47.98828124999999,False,Lathyrus palustris
KW_T_423_6_0095L,6,Artemisia maritima,Artemisia maritima,Artemisia,maritima,Flowering plants,Rosaceae,Dauwbraam,https://galerij.kb.nl/kb.html#/nl/florabatava04/page/49/zoom/3/lat/-68.46379955520322/lng/-47.98828124999999,False,Artemisia maritima
KW_T_423_6_0097L,6,Pteris aquilina,Pteridium aquilinum,Pteridium,aquilinum,Flowering plants,Rosaceae,Zilverschoon,https://galerij.kb.nl/kb.html#/nl/florabatava04/page/50/zoom/3/lat/-68.46379955520322/lng/-47.98828124999999,False,Pteridium aquilinum
KW_T_423_6_0099L,6,Crocus vernus,Crocus vernus,Crocus,vernus,Flowering plants,Papaveraceae,Grote klaproos,https://galerij.kb.nl/kb.html#/nl/florabatava04/page/51/zoom/3/lat/-68.46379955520322/lng/-47.98828124999999,False,Crocus vernus
KW_T_423_6_0101L,6,Scirpus caespitosus,Trichophorum germanicum,Trichophorum,germanicum,Flowering plants,Ranunculaceae,Bosanemoon,https://galerij.kb.nl/kb.html#/nl/florabatava04/page/52/zoom/3/lat/-68.46379955520322/lng/-47.98828124999999,False,Trichophorum germanicum
KW_T_423_6_0103L,6,Myosotis stricta,Myosotis discolor,Myosotis,discolor,Flowering plants,Ranunculaceae,Blaartrekkende boterbloem,https://galerij.kb.nl/kb.html#/nl/florabatava04/page/53/zoom/3/lat/-68.46379955520322/lng/-47.98828124999999,False,Myosotis discolor
KW_T_423_6_0105L,6,Vaccinium Myrtillus,Vaccinium myrtillus,Vaccinium,myrtillus,Flowering plants,Ranunculaceae,Akkerboterbloem,https://galerij.kb.nl/kb.html#/nl/florabatava04/page/54/zoom/3/lat/-68.46379955520322/lng/-47.98828124999999,False,Vaccinium myrtillus
KW_T_423_6_0107L,6,Erysimum barbarea,Barbarea vulgaris,Barbarea,vulgaris,Flowering plants,Lamiaceae,Hyssop,https://galerij.kb.nl/kb.html#/nl/florabatava04/page/55/zoom/3/lat/-68.46379955520322/lng/-47.98828124999999,False,Barbarea vulgaris
KW_T_423_6_0109L,6,Fedia dentata,Valerianella dentata,Valerianella,dentata,Flowering plants,Lamiaceae,Wild kattenkruid,https://galerij.kb.nl/kb.html#/nl/florabatava04/page/56/zoom/3/lat/-68.46379955520322/lng/-47.98828124999999,False,Valerianella dentata
KW_T_423_6_0111L,6,Festuca bromioides,Vulpia bromoides,Vulpia,bromoides,Flowering plants,Lamiaceae,Paarse dovenetel,https://galerij.kb.nl/kb.html#/nl/florabatava04/page/57/zoom/3/lat/-68.46379955520322/lng/-47.98828124999999,False,Vulpia bromoides
KW_T_423_6_0113L,6,Juncus squarrosus,Juncus squarrosus,Juncus,squarrosus,Flowering plants,Lamiaceae,Bosandoorn,https://galerij.kb.nl/kb.html#/nl/florabatava04/page/58/zoom/3/lat/-68.46379955520322/lng/-47.98828124999999,False,Juncus squarrosus
KW_T_423_6_0115L,6,Pedicularis sylvatica,Pedicularis sylvatica,Pedicularis,sylvatica,Flowering plants,Lamiaceae,Hartgespan,https://galerij.kb.nl/kb.html#/nl/florabatava04/page/59/zoom/3/lat/-68.46379955520322/lng/-47.98828124999999,False,Pedicularis sylvatica
KW_T_423_6_0117L,6,Equisetum palustre,Equisetum palustre,Equisetum,palustre,Flowering plants,Brassicaceae,Mierikswortel,https://galerij.kb.nl/kb.html#/nl/florabatava04/page/60/zoom/3/lat/-68.46379955520322/lng/-47.98828124999999,False,Equisetum palustre
KW_T_423_6_0119L,6,Aira caryophyllea,Aira caryophyllea,Aira,caryophyllea,Flowering plants,Brassicaceae,Grote zandkool,https://galerij.kb.nl/kb.html#/nl/florabatava04/page/61/zoom/3/lat/-68.46379955520322/lng/-47.98828124999999,False,Aira caryophyllea
KW_T_423_6_0121L,6,Potamogeton natans,Potamogeton natans,Potamogeton,natans,Flowering plants,Brassicaceae,Muurbloem,https://galerij.kb.nl/kb.html#/nl/florabatava04/page/62/zoom/3/lat/-68.46379955520322/lng/-47.98828124999999,False,Potamogeton natans
KW_T_423_6_0123L,6,Viola sylvestris,Viola riviniana,Viola,riviniana,Flowering plants,Brassicaceae,Koolzaad,https://galerij.kb.nl/kb.html#/nl/florabatava04/page/63/zoom/3/lat/-68.46379955520322/lng/-47.98828124999999,False,Viola riviniana
KW_T_423_6_0125L,6,Viburnum Opulus,Viburnum opulus,Viburnum,opulus,Flowering plants,Brassicaceae,Zwarte mosterd,https://galerij.kb.nl/kb.html#/nl/florabatava04/page/64/zoom/3/lat/-68.46379955520322/lng/-47.98828124999999,False,Viburnum opulus
KW_T_423_6_0127L,6,Anemone ranunculoides,Anemone ranunculoides,Anemone,ranunculoides,Flowering plants,Malvaceae,Heemst,https://galerij.kb.nl/kb.html#/nl/florabatava04/page/65/zoom/3/lat/-68.46379955520322/lng/-47.98828124999999,False,Anemone ranunculoides
KW_T_423_6_0129L,6,Alisma natans,Luronium natans,Luronium,natans,Flowering plants,Fabaceae,Heggenwikke,https://galerij.kb.nl/kb.html#/nl/florabatava04/page/66/zoom/3/lat/-68.46379955520322/lng/-47.98828124999999,False,Luronium natans
KW_T_423_6_0131L,6,Vaccinium Vitis Idaea,Vaccinium vitis-idaea,Vaccinium,vitis-idaea,Flowering plants,Fabaceae,Citroengele honingklaver,https://galerij.kb.nl/kb.html#/nl/florabatava04/page/68/zoom/3/lat/-68.46379955520322/lng/-47.98828124999999,False,Vaccinium vitis-idaea
KW_T_423_6_0133L,6,Ranunculus repens,Ranunculus repens,Ranunculus,repens,Flowering plants,Fabaceae,Liggende klaver,https://galerij.kb.nl/kb.html#/nl/florabatava04/page/69/zoom/3/lat/-68.46379955520322/lng/-47.98828124999999,False,Ranunculus repens
KW_T_423_6_0135L,6,Ranunculus acris,Ranunculus acris,Ranunculus,acris,Flowering plants,Asteraceae,Paarse morgenster,https://galerij.kb.nl/kb.html#/nl/florabatava04/page/70/zoom/3/lat/-68.46379955520322/lng/-47.98828124999999,False,Ranunculus acris
KW_T_423_6_0137L,6,Equisetum limosum,Equisetum fluviatile,Equisetum,fluviatile,Flowering plants,Asteraceae,Kleine leeuwentand,https://galerij.kb.nl/kb.html#/nl/florabatava04/page/71/zoom/3/lat/-68.46379955520322/lng/-47.98828124999999,False,Equisetum fluviatile
KW_T_423_6_0139L,6,Carex dioica,Carex dioica,Carex,dioica,Flowering plants,Asteraceae,Grote klit,https://galerij.kb.nl/kb.html#/nl/florabatava04/page/72/zoom/3/lat/-68.46379955520322/lng/-47.98828124999999,False,Carex dioica
KW_T_423_6_0141L,6,Carex pilulifera,Carex pilulifera,Carex,pilulifera,Flowering plants,Asteraceae,Speerdistel,https://galerij.kb.nl/kb.html#/nl/florabatava04/page/73/zoom/3/lat/-68.46379955520322/lng/-47.98828124999999,False,Carex pilulifera
KW_T_423_6_0143L,6,Carex lasiocarpa,Carex lasiocarpa,Carex,lasiocarpa,Flowering plants,Asteraceae,Scherpe fijnstraal,https://galerij.kb.nl/kb.html#/nl/florabatava04/page/74/zoom/3/lat/-68.46379955520322/lng/-47.98828124999999,False,Carex lasiocarpa
KW_T_423_6_0145L,6,Carex hirta,Carex hirta,Carex,hirta,Flowering plants,Asteraceae,Kleverig kruiskruid,https://galerij.kb.nl/kb.html#/nl/florabatava04/page/75/zoom/3/lat/-68.46379955520322/lng/-47.98828124999999,False,Carex hirta
KW_T_423_6_0147L,6,Carex caespitosa,Carex nigra,Carex,nigra,Flowering plants,Asteraceae,Moeraskruiskruid,https://galerij.kb.nl/kb.html#/nl/florabatava04/page/76/zoom/3/lat/-68.46379955520322/lng/-47.98828124999999,False,Carex nigra
KW_T_423_6_0149L,6,Heleocharis palustris,Eleocharis palustris,Eleocharis,palustris,Flowering plants,Asteraceae,Echte kamille,https://galerij.kb.nl/kb.html#/nl/florabatava04/page/77/zoom/3/lat/-68.46379955520322/lng/-47.98828124999999,False,Eleocharis palustris
KW_T_423_6_0151L,6,Chaerophyllum temulum,Chaerophyllum temulum,Chaerophyllum,temulum,Flowering plants,Asteraceae,Stinkende kamille,https://galerij.kb.nl/kb.html#/nl/florabatava04/page/78/zoom/3/lat/-68.46379955520322/lng/-47.98828124999999,False,Chaerophyllum temulum
KW_T_423_6_0153L,6,Sambucus nigra,Sambucus nigra,Sambucus,nigra,Flowering plants,Asteraceae,Gele kamille,https://galerij.kb.nl/kb.html#/nl/florabatava04/page/79/zoom/3/lat/-68.46379955520322/lng/-47.98828124999999,False,Sambucus nigra
KW_T_423_6_0155L,6,Ranunculus aquatilis,Ranunculus peltatus,Ranunculus,peltatus,Flowering plants,Orchidaceae,Honingorchis,https://galerij.kb.nl/kb.html#/nl/florabatava04/page/80/zoom/3/lat/-68.46379955520322/lng/-47.98828124999999,False,Ranunculus peltatus
KW_T_423_6_0157R,6,Ranunculus aquatilis,Ranunculus peltatus,Ranunculus,peltatus,Flowering plants,Orchidaceae,Groenknolorchis,https://galerij.kb.nl/kb.html#/nl/florabatava04/page/81/zoom/3/lat/-68.46379955520322/lng/-47.98828124999999,False,Ranunculus peltatus
KW_T_423_6_0159L,6,Veronica Beccabunga,Veronica beccabunga,Veronica,beccabunga,Flowering plants,Typhaceae,Kleine lisdodde,https://galerij.kb.nl/kb.html#/nl/florabatava04/page/82/zoom/3/lat/-68.46379955520322/lng/-47.98828124999999,False,Veronica beccabunga
KW_T_423_6_0161L,6,Veronica agrestis,Veronica agrestis,Veronica,agrestis,Flowering plants,Typhaceae,Kleine egelskop,https://galerij.kb.nl/kb.html#/nl/florabatava04/page/83/zoom/3/lat/-68.46379955520322/lng/-47.98828124999999,False,Veronica agrestis
KW_T_423_6_0163L,6,Veronica serpyllifolia,Veronica serpyllifolia,Veronica,serpyllifolia,Flowering plants,Betulaceae,Zwarte els,https://galerij.kb.nl/kb.html#/nl/florabatava04/page/84/zoom/3/lat/-68.46379955520322/lng/-47.98828124999999,False,Veronica serpyllifolia
KW_T_423_6_0165L,6,Vinca minor,Vinca minor,Vinca,minor,Flowering plants,Alismataceae,Pijlkruid,https://galerij.kb.nl/kb.html#/nl/florabatava04/page/85/zoom/3/lat/-68.46379955520322/lng/-47.98828124999999,False,Vinca minor
KW_T_423_6_0167L,6,Draba verna,Erophila verna,Erophila,verna,Flowering plants,Amaranthaceae,Gelobde melde,https://galerij.kb.nl/kb.html#/nl/florabatava04/page/86/zoom/3/lat/-68.46379955520322/lng/-47.98828124999999,False,Erophila verna
KW_T_423_7_0009L,7,Phleum pratense,Phleum pratense subsp. pratense,Phleum,pratense subsp. pratense,Flowering plants,Sapindaceae,Gewone esdoorn,https://galerij.kb.nl/kb.html#/nl/florabatava04/page/87/zoom/3/lat/-68.46379955520322/lng/-47.98828124999999,False,Phleum pratense subsp. pratense
KW_T_423_7_0011L,7,Bromus racemosus,Bromus racemosus,Bromus,racemosus,Flowering plants,Apiaceae,Heggendoornzaad,https://galerij.kb.nl/kb.html#/nl/florabatava05/page/9/zoom/3/lat/-68.72044056989829/lng/-48.69140625,False,Bromus racemosus
KW_T_423_7_0013L,7,Ranunculus lingua,Ranunculus lingua,Ranunculus,lingua,Flowering plants,Saxifragaceae,Kandelaartje,https://galerij.kb.nl/kb.html#/nl/florabatava05/page/10/zoom/3/lat/-68.72044056989829/lng/-48.69140625,False,Ranunculus lingua
KW_T_423_7_0015L,7,Ranunculus auricomus,Ranunculus auricomus,Ranunculus,auricomus,Flowering plants,Ranunculaceae,Poelruit,https://galerij.kb.nl/kb.html#/nl/florabatava05/page/11/zoom/3/lat/-68.72044056989829/lng/-48.69140625,False,Ranunculus auricomus
KW_T_423_7_0017L,7,Orchis morio,Orchis morio,Orchis,morio,Flowering plants,Fabaceae,Rode klaver,https://galerij.kb.nl/kb.html#/nl/florabatava05/page/12/zoom/3/lat/-68.72044056989829/lng/-48.69140625,False,Orchis morio
KW_T_423_7_0019L,7,Agropyrum repens,Elymus repens,Elymus,repens,Flowering plants,Asteraceae,Korenbloem,https://galerij.kb.nl/kb.html#/nl/florabatava05/page/13/zoom/3/lat/-68.72044056989829/lng/-48.69140625,False,Elymus repens
KW_T_423_7_0021L,7,Oxalis stricta,Oxalis stricta,Oxalis,stricta,Flowering plants,Solanaceae,Bilzekruid,https://galerij.kb.nl/kb.html#/nl/florabatava05/page/14/zoom/3/lat/-68.72044056989829/lng/-48.69140625,False,Oxalis stricta
KW_T_423_7_0023L,7,Aspidium dilatatum,Dryopteris dilatata,Dryopteris,dilatata,Flowering plants,Campanulaceae,Waterlobelia,https://galerij.kb.nl/kb.html#/nl/florabatava05/page/15/zoom/3/lat/-68.72044056989829/lng/-48.69140625,False,Dryopteris dilatata
KW_T_423_7_0025L,7,Aspidium spinulosum,Dryopteris carthusiana,Dryopteris,carthusiana,Flowering plants,Ranunculaceae,Klimopwaterranonkel,https://galerij.kb.nl/kb.html#/nl/florabatava05/page/16/zoom/3/lat/-68.72044056989829/lng/-48.69140625,False,Dryopteris carthusiana
KW_T_423_7_0027L,7,Lomaria Spicant,Struthiopteris spicant,Struthiopteris,spicant,Flowering plants,Asteraceae,Muursla,https://galerij.kb.nl/kb.html#/nl/florabatava05/page/17/zoom/3/lat/-68.72044056989829/lng/-48.69140625,False,Struthiopteris spicant
KW_T_423_7_0029L,7,Avena (Aira) praecox,Aira praecox,Aira,praecox,Flowering plants,Urticaceae,Kleine brandnetel,https://galerij.kb.nl/kb.html#/nl/florabatava05/page/18/zoom/3/lat/-68.72044056989829/lng/-48.69140625,False,Aira praecox
KW_T_423_7_0031L,7,Stellaria Alsine,Stellaria uliginosa,Stellaria,uliginosa,Flowering plants,Menyanthaceae,Watergentiaan,https://galerij.kb.nl/kb.html#/nl/florabatava05/page/19/zoom/3/lat/-68.72044056989829/lng/-48.69140625,False,Stellaria uliginosa
KW_T_423_7_0033L,7,Lamium amplexicaule,Lamium amplexicaule,Lamium,amplexicaule,Flowering plants,Amaranthaceae,Esdoornganzenvoet,https://galerij.kb.nl/kb.html#/nl/florabatava05/page/20/zoom/3/lat/-68.72044056989829/lng/-48.69140625,False,Lamium amplexicaule
KW_T_423_7_0035L,7,Salix triandra,Salix triandra,Salix,triandra,Flowering plants,Lamiaceae,Gewone hennepnetel,https://galerij.kb.nl/kb.html#/nl/florabatava05/page/21/zoom/3/lat/-68.72044056989829/lng/-48.69140625,False,Salix triandra
KW_T_423_7_0037L,7,Agaricus muscarius,Amanita muscaria,Amanita,muscaria,Flowering plants,Asteraceae,Bijvoet,https://galerij.kb.nl/kb.html#/nl/florabatava05/page/22/zoom/3/lat/-68.72044056989829/lng/-48.69140625,False,Amanita muscaria
KW_T_423_7_0039L,7,Utricularia minor,Utricularia minor,Utricularia,minor,Flowering plants,Haloragaceae,Kransvederkruid,https://galerij.kb.nl/kb.html#/nl/florabatava05/page/23/zoom/3/lat/-68.72044056989829/lng/-48.69140625,False,Utricularia minor
KW_T_423_7_0041L,7,Phalaris arundinacea,Phalaris arundinacea,Phalaris,arundinacea,Flowering plants,Iridaceae,Gele lis,https://galerij.kb.nl/kb.html#/nl/florabatava05/page/24/zoom/3/lat/-68.72044056989829/lng/-48.69140625,False,Phalaris arundinacea
KW_T_423_7_0043L,7,Potamogeton perfoliatum,Potamogeton perfoliatus,Potamogeton,perfoliatus,Flowering plants,Amaranthaceae,Zeegroene ganzenvoet,https://galerij.kb.nl/kb.html#/nl/florabatava05/page/25/zoom/3/lat/-68.72044056989829/lng/-48.69140625,False,Potamogeton perfoliatus
KW_T_423_7_0045L,7,Heracleum sphondylium,Heracleum sphondylium,Heracleum,sphondylium,Flowering plants,Onagraceae,Bergbasterdwederik,https://galerij.kb.nl/kb.html#/nl/florabatava05/page/26/zoom/3/lat/-68.72044056989829/lng/-48.69140625,False,Heracleum sphondylium
KW_T_423_7_0047L,7,Arenaria rubra,Spergularia rubra,Spergularia,rubra,Flowering plants,Geraniaceae,Beemdooievaarsbek,https://galerij.kb.nl/kb.html#/nl/florabatava05/page/27/zoom/3/lat/-68.72044056989829/lng/-48.69140625,False,Spergularia rubra
KW_T_423_7_0049L,7,Erythraea (Chironia) Centaurium,Centaurium erythraea,Centaurium,erythraea,Flowering plants,Plantaginaceae,Oeverkruid,https://galerij.kb.nl/kb.html#/nl/florabatava05/page/28/zoom/3/lat/-68.72044056989829/lng/-48.69140625,False,Centaurium erythraea
KW_T_423_7_0051L,7,Oenanthe fistulosa,Oenanthe fistulosa,Oenanthe,fistulosa,Flowering plants,Plantaginaceae,Klimopereprijs,https://galerij.kb.nl/kb.html#/nl/florabatava05/page/29/zoom/3/lat/-68.72044056989829/lng/-48.69140626,False,Oenanthe fistulosa
KW_T_423_7_0053L,7,Thysselinum (Salinum) palustre,Peucedanum palustre,Peucedanum,palustre,Flowering plants,Asteraceae,Akkerdistel,https://galerij.kb.nl/kb.html#/nl/florabatava05/page/31/zoom/3/lat/-68.72044056989829/lng/-48.69140625,False,Peucedanum palustre
KW_T_423_7_0055L,7,Geranium dissectum,Geranium dissectum,Geranium,dissectum,Flowering plants,Asteraceae,Echte guldenroede,https://galerij.kb.nl/kb.html#/nl/florabatava05/page/32/zoom/3/lat/-68.72044056989829/lng/-48.69140625,False,Geranium dissectum
KW_T_423_7_0057L,7,Geranium pusillum,Geranium pusillum,Geranium,pusillum,Flowering plants,Betulaceae,Hazelaar,https://galerij.kb.nl/kb.html#/nl/florabatava05/page/33/zoom/3/lat/-68.72044056989829/lng/-48.69140625,False,Geranium pusillum
KW_T_423_7_0059L,7,Linum catharticum,Linum catharticum,Linum,catharticum,Flowering plants,Rubiaceae,Kruisbladwalstro,https://galerij.kb.nl/kb.html#/nl/florabatava05/page/34/zoom/3/lat/-68.72044056989829/lng/-48.69140625,False,Linum catharticum
KW_T_423_7_0061L,7,Hypericum humifusum,Hypericum humifusum,Hypericum,humifusum,Flowering plants,Gentianaceae,Klokjesgentiaan,https://galerij.kb.nl/kb.html#/nl/florabatava05/page/35/zoom/3/lat/-68.72044056989829/lng/-48.69140625,False,Hypericum humifusum
KW_T_423_7_0063L,7,Stachys arvensis,Stachys arvensis,Stachys,arvensis,Flowering plants,Juncaceae,Zomprus,https://galerij.kb.nl/kb.html#/nl/florabatava05/page/37/zoom/3/lat/-68.72044056989829/lng/-48.69140625,False,Stachys arvensis
KW_T_423_7_0065L,7,Pyrethrum inodorum,Tripleurospermum maritimum,Tripleurospermum,maritimum,Flowering plants,Asteraceae,Gewoon biggenkruid,https://galerij.kb.nl/kb.html#/nl/florabatava05/page/38/zoom/3/lat/-68.72044056989829/lng/-48.69140625,False,Tripleurospermum maritimum
KW_T_423_7_0067L,7,Sphaeria hypoxylon,Xylaria hypoxylon,Xylaria,hypoxylon,Flowering plants,Amaranthaceae,Ruig zoutkruid,https://galerij.kb.nl/kb.html#/nl/florabatava05/page/39/zoom/3/lat/-68.72044056989829/lng/-48.69140625,False,Xylaria hypoxylon
KW_T_423_7_0069L,7,Torilis nodosa,Torilis nodosa,Torilis,nodosa,Flowering plants,Amaranthaceae,Strandmelde,https://galerij.kb.nl/kb.html#/nl/florabatava05/page/40/zoom/3/lat/-68.72044056989829/lng/-48.69140625,False,Torilis nodosa
KW_T_423_7_0071L,7,Drosera rotundifolia,Drosera rotundifolia,Drosera,rotundifolia,Flowering plants,Juncaceae,Zomprus,https://galerij.kb.nl/kb.html#/nl/florabatava05/page/41/zoom/3/lat/-68.72044056989829/lng/-48.69140625,False,Drosera rotundifolia
KW_T_423_7_0073L,7,Drosera longifolia,Drosera intermedia,Drosera,intermedia,Flowering plants,Caryophyllaceae,Gerande schijnspurrie,https://galerij.kb.nl/kb.html#/nl/florabatava05/page/42/zoom/3/lat/-68.72044056989829/lng/-48.69140625,False,Drosera intermedia
KW_T_423_7_0075L,7,Doronicum pardalianches,Doronicum pardalianches,Doronicum,pardalianches,Flowering plants,Asteraceae,Herfstaster,https://galerij.kb.nl/kb.html#/nl/florabatava05/page/43/zoom/3/lat/-68.72044056989829/lng/-48.69140625,False,Doronicum pardalianches
KW_T_423_7_0077L,7,Myrica gale,Myrica gale,Myrica,gale,Flowering plants,Amaranthaceae,Kortarige zeekraal,https://galerij.kb.nl/kb.html#/nl/florabatava05/page/44/zoom/3/lat/-68.72044056989829/lng/-48.69140625,False,Myrica gale
KW_T_423_7_0079L,7,Digitaria glabra,Digitaria ischaemum,Digitaria,ischaemum,Flowering plants,Poaceae,Kruipertje,https://galerij.kb.nl/kb.html#/nl/florabatava05/page/45/zoom/3/lat/-68.72044056989829/lng/-48.69140625,False,Digitaria ischaemum
KW_T_423_7_0081L,7,Schedonorus pratensis,Festuca pratensis,Festuca,pratensis,Flowering plants,Poaceae,Veldgerst,https://galerij.kb.nl/kb.html#/nl/florabatava05/page/46/zoom/3/lat/-68.72044056989829/lng/-48.69140625,False,Festuca pratensis
KW_T_423_7_0083L,7,Galium saxatile,Galium saxatile,Galium,saxatile,Flowering plants,Poaceae,Zeegerst,https://galerij.kb.nl/kb.html#/nl/florabatava05/page/47/zoom/3/lat/-68.72044056989829/lng/-48.69140625,False,Galium saxatile
KW_T_423_7_0085L,7,Geranium molle,Geranium molle,Geranium,molle,Flowering plants,Asteraceae,Donderkruid,https://galerij.kb.nl/kb.html#/nl/florabatava05/page/48/zoom/3/lat/-68.72044056989829/lng/-48.69140625,False,Geranium molle
KW_T_423_7_0087L,7,Equisetum multiforme,Equisetum variegatum,Equisetum,variegatum,Flowering plants,Ruppiaceae,Snavelruppia,https://galerij.kb.nl/kb.html#/nl/florabatava05/page/49/zoom/3/lat/-68.72044056989829/lng/-48.69140625,False,Equisetum variegatum
KW_T_423_7_0089L,7,Scirpus maritimus,Bolboschoenus maritimus s.str.,Bolboschoenus,maritimus s.str.,Flowering plants,Asparagaceae,Gewone vogelmelk,https://galerij.kb.nl/kb.html#/nl/florabatava05/page/50/zoom/3/lat/-68.72044056989829/lng/-48.69140625,False,Bolboschoenus maritimus s.str.
KW_T_423_7_0091L,7,Scirpus triqueter,Schoenoplectus triqueter,Schoenoplectus,triqueter,Flowering plants,Onagraceae,Moerasbasterdwederik,https://galerij.kb.nl/kb.html#/nl/florabatava05/page/51/zoom/3/lat/-68.72044056989829/lng/-48.69140625,False,Schoenoplectus triqueter
KW_T_423_7_0093L,7,Atriplex patula,Atriplex prostrata,Atriplex,prostrata,Flowering plants,Asteraceae,Groot streepzaad,https://galerij.kb.nl/kb.html#/nl/florabatava05/page/52/zoom/3/lat/-68.72044056989829/lng/-48.69140625,False,Atriplex prostrata
KW_T_423_7_0095L,7,Genista pilosa,Genista pilosa,Genista,pilosa,Flowering plants,Cyperaceae,Oeverzegge/Moeraszegge,https://galerij.kb.nl/kb.html#/nl/florabatava05/page/53/zoom/3/lat/-68.72044056989829/lng/-48.69140625,False,Genista pilosa
KW_T_423_7_0097L,7,Zannichellia palustris,Zannichellia palustris,Zannichellia,palustris,Flowering plants,Poaceae,Dichtbloemig kweldergras,https://galerij.kb.nl/kb.html#/nl/florabatava05/page/54/zoom/3/lat/-68.72044056989829/lng/-48.69140625,False,Zannichellia palustris
KW_T_423_7_0099L,7,Nardus stricta,Nardus stricta,Nardus,stricta,Flowering plants,Caryophyllaceae,Zilte schijnspurrie,https://galerij.kb.nl/kb.html#/nl/florabatava05/page/55/zoom/3/lat/-68.72044056989829/lng/-48.69140625,False,Nardus stricta
KW_T_423_7_0101L,7,Meum inundatum,Apium inundatum,Apium,inundatum,Flowering plants,Fabaceae,Witte klaver,https://galerij.kb.nl/kb.html#/nl/florabatava05/page/56/zoom/3/lat/-68.72044056989829/lng/-48.69140625,False,Apium inundatum
KW_T_423_7_0103L,7,Acorus calamus,Acorus calamus,Acorus,calamus,Flowering plants,Fabaceae,Aardbeiklaver,https://galerij.kb.nl/kb.html#/nl/florabatava05/page/57/zoom/3/lat/-68.72044056989829/lng/-48.69140625,False,Acorus calamus
KW_T_423_7_0105L,7,Orchis conopsea,Gymnadenia conopsea,Gymnadenia,conopsea,Flowering plants,Asteraceae,Driedistel,https://galerij.kb.nl/kb.html#/nl/florabatava05/page/58/zoom/3/lat/-68.72044056989829/lng/-48.69140625,False,Gymnadenia conopsea
KW_T_423_7_0107L,7,Lycopodium clavatum,Lycopodium clavatum,Lycopodium,clavatum,Flowering plants,Poaceae,Rietzwenkgras,https://galerij.kb.nl/kb.html#/nl/florabatava05/page/59/zoom/3/lat/-68.72044056989829/lng/-48.69140625,False,Lycopodium clavatum
KW_T_423_7_0109L,7,Cynosurus cristatus,Cynosurus cristatus,Cynosurus,cristatus,Flowering plants,Gentianaceae,Slanke gentiaan,https://galerij.kb.nl/kb.html#/nl/florabatava05/page/60/zoom/3/lat/-68.72044056989829/lng/-48.69140625,False,Cynosurus cristatus
KW_T_423_7_0111L,7,Rumex crispus,Rumex crispus,Rumex,crispus,Flowering plants,Apiaceae,Zevenblad,https://galerij.kb.nl/kb.html#/nl/florabatava05/page/61/zoom/3/lat/-68.72044056989829/lng/-48.69140625,False,Rumex crispus
KW_T_423_7_0113L,7,Rumex obtusifolius,Rumex obtusifolius,Rumex,obtusifolius,Flowering plants,Polygonaceae,Veldzuring,https://galerij.kb.nl/kb.html#/nl/florabatava05/page/62/zoom/3/lat/-68.72044056989829/lng/-48.69140625,False,Rumex obtusifolius
KW_T_423_7_0115L,7,Orchis maculata,Dactylorhiza maculata subsp. maculata,Dactylorhiza,maculata subsp. maculata,Flowering plants,Lamiaceae,Hondsdraf,https://galerij.kb.nl/kb.html#/nl/florabatava05/page/63/zoom/3/lat/-68.72044056989829/lng/-48.69140625,False,Dactylorhiza maculata subsp. maculata
KW_T_423_7_0117L,7,Myriophyllum alterniflorum,Myriophyllum alterniflorum,Myriophyllum,alterniflorum,Flowering plants,Plantaginaceae,Vreemde ereprijs,https://galerij.kb.nl/kb.html#/nl/florabatava05/page/64/zoom/3/lat/-68.72044056989829/lng/-48.69140625,False,Myriophyllum alterniflorum
KW_T_423_7_0119L,7,Holcus mollis,Holcus mollis,Holcus,mollis,Flowering plants,Liliaceae,Bostulp,https://galerij.kb.nl/kb.html#/nl/florabatava05/page/65/zoom/3/lat/-68.72044056989829/lng/-48.69140625,False,Holcus mollis
KW_T_423_7_0121L,7,Holcus lanatus,Holcus lanatus,Holcus,lanatus,Flowering plants,Ericaceae,Lavendelhei,https://galerij.kb.nl/kb.html#/nl/florabatava05/page/66/zoom/3/lat/-68.72044056989829/lng/-48.69140625,False,Holcus lanatus
KW_T_423_7_0123L,7,Erythraea (Chironia) pulchella,Centaurium pulchellum,Centaurium,pulchellum,Flowering plants,Caryophyllaceae,Zeepostelein,https://galerij.kb.nl/kb.html#/nl/florabatava05/page/67/zoom/3/lat/-68.72044056989829/lng/-48.69140625,False,Centaurium pulchellum
KW_T_423_7_0125L,7,Nymphaea alba,Nymphaea alba,Nymphaea,alba,Flowering plants,Urticaceae,Klein glaskruid,https://galerij.kb.nl/kb.html#/nl/florabatava05/page/68/zoom/3/lat/-68.72044056989829/lng/-48.69140625,False,Nymphaea alba
KW_T_423_7_0127L,7,Senecio sylvaticus,Senecio sylvaticus,Senecio,sylvaticus,Flowering plants,Poaceae,Gewoon kweldergras,https://galerij.kb.nl/kb.html#/nl/florabatava05/page/70/zoom/3/lat/-68.72044056989829/lng/-48.69140625,False,Senecio sylvaticus
KW_T_423_7_0129L,7,Ophiurus incurvatus,Parapholis strigosa,Parapholis,strigosa,Flowering plants,Ericaceae,Kleine veenbes,https://galerij.kb.nl/kb.html#/nl/florabatava05/page/71/zoom/3/lat/-68.72044056989829/lng/-48.69140625,False,Parapholis strigosa
KW_T_423_7_0131L,7,Hypericum perforatum,Hypericum perforatum,Hypericum,perforatum,Flowering plants,Brassicaceae,Bleek schildzaad,https://galerij.kb.nl/kb.html#/nl/florabatava05/page/72/zoom/3/lat/-68.72044056989829/lng/-48.69140625,False,Hypericum perforatum
KW_T_423_7_0133L,7,Sonchus asper,Sonchus asper,Sonchus,asper,Flowering plants,Brassicaceae,Zandraket,https://galerij.kb.nl/kb.html#/nl/florabatava05/page/73/zoom/3/lat/-68.72044056989829/lng/-48.69140625,False,Sonchus asper
KW_T_423_7_0135L,7,Carex pulicaris,Carex pulicaris,Carex,pulicaris,Flowering plants,Rubiaceae,Moeraswaltro,https://galerij.kb.nl/kb.html#/nl/florabatava05/page/74/zoom/3/lat/-68.72044056989829/lng/-48.69140625,False,Carex pulicaris
KW_T_423_7_0137L,7,Polypodium phegopteris,Phegopteris connectilis,Phegopteris,connectilis,Flowering plants,Rubiaceae,Kleefkruid,https://galerij.kb.nl/kb.html#/nl/florabatava05/page/75/zoom/3/lat/-68.72044056989829/lng/-48.69140625,False,Phegopteris connectilis
KW_T_423_7_0139L,7,Alopecurus agrestis,Alopecurus myosuroides,Alopecurus,myosuroides,Flowering plants,Amaranthaceae,Klein schorrenkruid,https://galerij.kb.nl/kb.html#/nl/florabatava05/page/76/zoom/3/lat/-68.72044056989829/lng/-48.69140625,False,Alopecurus myosuroides
KW_T_423_7_0141L,7,Potamogeton zosteraefolium,Potamogeton compressus,Potamogeton,compressus,Flowering plants,Lamiaceae,Witte dovenetel,https://galerij.kb.nl/kb.html#/nl/florabatava05/page/77/zoom/3/lat/-68.72044056989829/lng/-48.69140625,False,Potamogeton compressus
KW_T_423_7_0143L,7,Arenaria serpyllifolia,Arenaria serpyllifolia,Arenaria,serpyllifolia,Flowering plants,Geraniaceae,Donkere ooievaarsbek,https://galerij.kb.nl/kb.html#/nl/florabatava05/page/78/zoom/3/lat/-68.72044056989829/lng/-48.69140625,False,Arenaria serpyllifolia
KW_T_423_7_0145L,7,Cerastium semidecandrum,Cerastium semidecandrum,Cerastium,semidecandrum,Flowering plants,Violaceae,Akkerviooltje,https://galerij.kb.nl/kb.html#/nl/florabatava05/page/79/zoom/3/lat/-68.72044056989829/lng/-48.69140625,False,Cerastium semidecandrum
KW_T_423_7_0147L,7,Sparganium natans,Sparganium natans,Sparganium,natans,Flowering plants,Apiaceae,Echte kervel,https://galerij.kb.nl/kb.html#/nl/florabatava05/page/80/zoom/3/lat/-68.72044056989829/lng/-48.69140625,False,Sparganium natans
KW_T_423_7_0149L,7,Veronica arvensis,Veronica arvensis,Veronica,arvensis,Flowering plants,Apiaceae,Fluitenkruid,https://galerij.kb.nl/kb.html#/nl/florabatava05/page/81/zoom/3/lat/-68.72044056989829/lng/-48.69140625,False,Veronica arvensis
KW_T_423_7_0151L,7,Alchemilla vulgaris,Alchemilla glabra,Alchemilla,glabra,Flowering plants,Asparagaceae,Blauwe druifjes,https://galerij.kb.nl/kb.html#/nl/florabatava05/page/82/zoom/3/lat/-68.72044056989829/lng/-48.69140625,False,Alchemilla glabra
KW_T_423_7_0153L,7,Alchemilla Aphanes,Aphanes australis,Aphanes,australis,Flowering plants,Cyperaceae,Blauwe zegge,https://galerij.kb.nl/kb.html#/nl/florabatava05/page/83/zoom/3/lat/-68.72044056989829/lng/-48.69140625,False,Aphanes australis
KW_T_423_7_0155L,7,Ribes rubrum,Ribes rubrum,Ribes,rubrum,Flowering plants,Caprifoliaceae,Kleine valeriaan,https://galerij.kb.nl/kb.html#/nl/florabatava05/page/84/zoom/3/lat/-68.72044056989829/lng/-48.69140625,False,Ribes rubrum
KW_T_423_7_0157L,7,Carex intermedia,Carex disticha,Carex,disticha,Flowering plants,Boraginaceae,Akkervergeet-mij-nietje,https://galerij.kb.nl/kb.html#/nl/florabatava05/page/85/zoom/3/lat/-68.72044056989829/lng/-48.69140625,False,Carex disticha
KW_T_423_7_0159L,7,Scleranthus annuus,Scleranthus annuus subsp. annuus,Scleranthus,annuus subsp. annuus,Flowering plants,Rosaceae,Eenstijlige meidoorn,https://galerij.kb.nl/kb.html#/nl/florabatava05/page/86/zoom/3/lat/-68.72044056989829/lng/-48.69140625,False,Scleranthus annuus subsp. annuus
KW_T_423_7_0161L,7,Euphorbia exigua,Euphorbia exigua,Euphorbia,exigua,Flowering plants,Rosaceae,Tweestijlige meidoorn,https://galerij.kb.nl/kb.html#/nl/florabatava05/page/87/zoom/3/lat/-68.72044056989829/lng/-48.69140625,False,Euphorbia exigua
KW_T_423_7_0163L,7,Trifolium medium,Trifolium medium,Trifolium,medium,Ferns,Equisetaceae,Heermoes,https://galerij.kb.nl/kb.html#/nl/florabatava05/page/88/zoom/3/lat/-68.72044056989829/lng/-48.69140625,False,Trifolium medium
KW_T_423_7_0165L,7,Trifolium campestre,Trifolium campestre,Trifolium,campestre,Flowering plants,Poaceae,Geknikte vossenstaart,https://galerij.kb.nl/kb.html#/nl/florabatava06/page/9/zoom/3/lat/-68.59248658252949/lng/-37.96875,False,Trifolium campestre
KW_T_423_7_0167L,7,Hydrocharis morsus ranae,Hydrocharis morsus-ranae,Hydrocharis,morsus-ranae,Flowering plants,Solanaceae,Bitterzoet,https://galerij.kb.nl/kb.html#/nl/florabatava06/page/10/zoom/3/lat/-68.59248658252949/lng/-37.96875,False,Hydrocharis morsus-ranae
KW_T_423_8_0011L,8,Avena fatua,Avena fatua,Avena,fatua,Flowering plants,Caryophyllaceae,Zeegroene muur,https://galerij.kb.nl/kb.html#/nl/florabatava06/page/11/zoom/3/lat/-68.59248658252949/lng/-37.96875,False,Avena fatua
KW_T_423_8_0013L,8,Potamogeton densum,Groenlandia densa,Groenlandia,densa,Flowering plants,Brassicaceae,Gele waterkers,https://galerij.kb.nl/kb.html#/nl/florabatava06/page/12/zoom/3/lat/-68.59248658252949/lng/-37.96875,False,Groenlandia densa
KW_T_423_8_0015L,8,Sedum reflexum,Sedum reflexum,Sedum,reflexum,Flowering plants,Poaceae,Struisgras spec.,https://galerij.kb.nl/kb.html#/nl/florabatava06/page/13/zoom/3/lat/-68.59248658252949/lng/-37.96875,False,Sedum reflexum
KW_T_423_8_0017L,8,Sonchus palustris,Sonchus palustris,Sonchus,palustris,Flowering plants,Poaceae,Gewoon struisgras,https://galerij.kb.nl/kb.html#/nl/florabatava06/page/14/zoom/3/lat/-68.59248658252949/lng/-37.96875,False,Sonchus palustris
KW_T_423_8_0019L,8,Anthemis arvensis,Anthemis arvensis,Anthemis,arvensis,Flowering plants,Caryophyllaceae,Dagkoekoeksbloem,https://galerij.kb.nl/kb.html#/nl/florabatava06/page/15/zoom/3/lat/-68.59248658252949/lng/-37.96875,False,Anthemis arvensis
KW_T_423_8_0021L,8,Myosotis caespitosa,Myosotis laxa subsp. caespitosa,Myosotis,laxa subsp. caespitosa,Flowering plants,Asteraceae,Veerdelig tandzaad,https://galerij.kb.nl/kb.html#/nl/florabatava06/page/16/zoom/3/lat/-68.59248658252949/lng/-37.96875,False,Myosotis laxa subsp. caespitosa
KW_T_423_8_0023L,8,Sium angustifolium,Berula erecta,Berula,erecta,Flowering plants,Asteraceae,Valkruid,https://galerij.kb.nl/kb.html#/nl/florabatava06/page/17/zoom/3/lat/-68.59248658252949/lng/-37.96875,False,Berula erecta
KW_T_423_8_0025L,8,Rumex palustris,Rumex palustris,Rumex,palustris,Flowering plants,Poaceae,Kanariezaad,https://galerij.kb.nl/kb.html#/nl/florabatava06/page/18/zoom/3/lat/-68.59248658252949/lng/-37.96875,False,Rumex palustris
KW_T_423_8_0027L,8,Polygonum Convolvulus,Fallopia convolvulus,Fallopia,convolvulus,Flowering plants,Violaceae,Moerasviooltje,https://galerij.kb.nl/kb.html#/nl/florabatava06/page/19/zoom/3/lat/-68.59248658252949/lng/-37.96875,False,Fallopia convolvulus
KW_T_423_8_0029L,8,Galeopsis ochroleuca,Galeopsis segetum,Galeopsis,segetum,Flowering plants,Violaceae,Maarts viooltje,https://galerij.kb.nl/kb.html#/nl/florabatava06/page/20/zoom/3/lat/-68.59248658252949/lng/-37.96875,False,Galeopsis segetum
KW_T_423_8_0031L,8,Poa compressa,Poa compressa,Poa,compressa,Flowering plants,Caryophyllaceae,Drienerfmuur,https://galerij.kb.nl/kb.html#/nl/florabatava06/page/21/zoom/3/lat/-68.59248658252949/lng/-37.96875,False,Poa compressa
KW_T_423_8_0033L,8,Potamogeton crispum,Potamogeton crispus,Potamogeton,crispus,Flowering plants,Lamiaceae,Ingesneden dovenetel,https://galerij.kb.nl/kb.html#/nl/florabatava06/page/22/zoom/3/lat/-68.59248658252949/lng/-37.96875,False,Potamogeton crispus
KW_T_423_8_0035L,8,Fragaria vesca,Fragaria vesca,Fragaria,vesca,Flowering plants,Poaceae,Grote vossenstaart,https://galerij.kb.nl/kb.html#/nl/florabatava06/page/23/zoom/3/lat/-68.59248658252949/lng/-37.96875,False,Fragaria vesca
KW_T_423_8_0037L,8,Lapsana minima,Arnoseris minima,Arnoseris,minima,Flowering plants,Orobanchaceae,Moeraskartelblad,https://galerij.kb.nl/kb.html#/nl/florabatava06/page/24/zoom/3/lat/-68.59248658252949/lng/-37.96875,False,Arnoseris minima
KW_T_423_8_0039L,8,Osmunda regalis,Osmunda regalis,Osmunda,regalis,Flowering plants,Brassicaceae,Klein tasjeskruid,https://galerij.kb.nl/kb.html#/nl/florabatava06/page/25/zoom/3/lat/-68.59248658252949/lng/-37.96875,False,Osmunda regalis
KW_T_423_8_0041L,8,Rhynchospora alba,Rhynchospora alba,Rhynchospora,alba,Flowering plants,Brassicaceae,Look-zonder-look,https://galerij.kb.nl/kb.html#/nl/florabatava06/page/26/zoom/3/lat/-68.59248658252949/lng/-37.96875,False,Rhynchospora alba
KW_T_423_8_0043L,8,Festuca ovina,Festuca filiformis,Festuca,filiformis,Flowering plants,Asteraceae,Duits viltkruid,https://galerij.kb.nl/kb.html#/nl/florabatava06/page/27/zoom/3/lat/-68.59248658252949/lng/-37.96875,False,Festuca filiformis
KW_T_423_8_0045L,8,Dianthus deltoides,Dianthus deltoides,Dianthus,deltoides,Flowering plants,Onagraceae,Bleke basterdwederik,https://galerij.kb.nl/kb.html#/nl/florabatava06/page/28/zoom/3/lat/-68.59248658252949/lng/-37.96875,False,Dianthus deltoides
KW_T_423_8_0047L,8,Myagrum dentatum,Camelina sativa subsp. alyssum,Camelina,sativa subsp. alyssum,Flowering plants,Polygonaceae,Waterpeper,https://galerij.kb.nl/kb.html#/nl/florabatava06/page/29/zoom/3/lat/-68.59248658252949/lng/-37.96875,False,Camelina sativa subsp. alyssum
KW_T_423_8_0049L,8,Sisymbrium palustre,Rorippa palustris,Rorippa,palustris,Flowering plants,Polygonaceae,Kleine duizendknoop,https://galerij.kb.nl/kb.html#/nl/florabatava06/page/30/zoom/3/lat/-68.59248658252949/lng/-37.96875,False,Rorippa palustris
KW_T_423_8_0051L,8,Isolepis (Scirpus) fluitans,Eleogiton fluitans,Eleogiton,fluitans,Flowering plants,Rosaceae,Sleedoorn,https://galerij.kb.nl/kb.html#/nl/florabatava06/page/31/zoom/3/lat/-68.59248658252949/lng/-37.96875,False,Eleogiton fluitans
KW_T_423_8_0053L,8,Cuscuta Epilinum,Cuscuta epilinum,Cuscuta,epilinum,Flowering plants,Asteraceae,Gele ganzenbloem,https://galerij.kb.nl/kb.html#/nl/florabatava06/page/32/zoom/3/lat/-68.59248658252949/lng/-37.96875,False,Cuscuta epilinum
KW_T_423_8_0055L,8,Cuscuta Epithymum,Cuscuta epithymum,Cuscuta,epithymum,Flowering plants,Lythraceae,Waterpostelein,https://galerij.kb.nl/kb.html#/nl/florabatava06/page/33/zoom/3/lat/-68.59248658252949/lng/-37.96875,False,Cuscuta epithymum
KW_T_423_8_0057L,8,Juncus obtusiflorus,Juncus subnodulosus,Juncus,subnodulosus,Flowering plants,Caryophyllaceae,Gewone spurrie,https://galerij.kb.nl/kb.html#/nl/florabatava06/page/34/zoom/3/lat/-68.59248658252949/lng/-37.96875,False,Juncus subnodulosus
KW_T_423_8_0059L,8,Artemisia absinthium,Artemisia absinthium,Artemisia,absinthium,Flowering plants,Asteraceae,Bosdroogbloem,https://galerij.kb.nl/kb.html#/nl/florabatava06/page/35/zoom/3/lat/-68.59248658252949/lng/-37.96875,False,Artemisia absinthium
KW_T_423_8_0061L,8,Pinguicula vulgaris,Pinguicula vulgaris,Pinguicula,vulgaris,Flowering plants,Asteraceae,Moerasdroogbloem,https://galerij.kb.nl/kb.html#/nl/florabatava06/page/36/zoom/3/lat/-68.59248658252949/lng/-37.96875,False,Pinguicula vulgaris
KW_T_423_8_0063L,8,Arundo arenaria,Calamagrostis arenaria,Calamagrostis,arenaria,Flowering plants,Betulaceae,Ruwe berk,https://galerij.kb.nl/kb.html#/nl/florabatava06/page/37/zoom/3/lat/-68.59248658252949/lng/-37.96875,False,Calamagrostis arenaria
KW_T_423_8_0065L,8,Hedera helix,Hedera helix,Hedera,helix,Flowering plants,Primulaceae,Moeraswederik,https://galerij.kb.nl/kb.html#/nl/florabatava06/page/38/zoom/3/lat/-68.59248658252949/lng/-37.96875,False,Hedera helix
KW_T_423_8_0067L,8,Gnaphalium dioicum,Antennaria dioica,Antennaria,dioica,Flowering plants,Orobanchaceae,Grote ratelaar,https://galerij.kb.nl/kb.html#/nl/florabatava06/page/39/zoom/3/lat/-68.59248658252949/lng/-37.96875,False,Antennaria dioica
KW_T_423_8_0069L,8,Agaricus comatus,Coprinus comatus,Coprinus,comatus,Flowering plants,Orobanchaceae,Kleine ratelaar,https://galerij.kb.nl/kb.html#/nl/florabatava06/page/40/zoom/3/lat/-68.59248658252949/lng/-37.96875,False,Coprinus comatus
KW_T_423_8_0071L,8,Callitriche verna,Callitriche obtusangula,Callitriche,obtusangula,Flowering plants,Campanulaceae,Zandblauwtje,https://galerij.kb.nl/kb.html#/nl/florabatava06/page/41/zoom/3/lat/-68.59248658252949/lng/-37.96875,False,Callitriche obtusangula
KW_T_423_8_0073L,8,Bromus mollis,Bromus hordeaceus,Bromus,hordeaceus,Flowering plants,Poaceae,Europese hanenpoot,https://galerij.kb.nl/kb.html#/nl/florabatava06/page/43/zoom/3/lat/-68.59248658252949/lng/-37.96875,False,Bromus hordeaceus
KW_T_423_8_0075L,8,Catabrosa aquatica,Catabrosa aquatica,Catabrosa,aquatica,Flowering plants,Caryophyllaceae,Sierlijke vetmuur,https://galerij.kb.nl/kb.html#/nl/florabatava06/page/44/zoom/3/lat/-68.59248658252949/lng/-37.96875,False,Catabrosa aquatica
KW_T_423_8_0077L,8,Papaver dubium,Papaver dubium,Papaver,dubium,Flowering plants,Asteraceae,Spaanse ruiter,https://galerij.kb.nl/kb.html#/nl/florabatava06/page/45/zoom/3/lat/-68.6885206018014/lng/-44.033203125,False,Papaver dubium
KW_T_423_8_0079L,8,"Thymus angustifolius, Thymus Sepyllum",Thymus serpyllum,Thymus,serpyllum,Ferns,Polypodiaceae,Gewone eikvaren,https://galerij.kb.nl/kb.html#/nl/florabatava06/page/46/zoom/3/lat/-68.59248658252949/lng/-37.96875,False,Thymus serpyllum
KW_T_423_8_0081L,8,Corrigiola littoralis,Corrigiola litoralis,Corrigiola,litoralis,Mosses,Lycopodiaceae,Moeraswolfsklauw,https://galerij.kb.nl/kb.html#/nl/florabatava06/page/47/zoom/3/lat/-68.59248658252949/lng/-37.96875,False,Corrigiola litoralis
KW_T_423_8_0083L,8,Erica vulgaris,Calluna vulgaris,Calluna,vulgaris,Flowering plants,Amaranthaceae,Melganzenvoet,https://galerij.kb.nl/kb.html#/nl/florabatava06/page/48/zoom/3/lat/-68.59248658252949/lng/-37.96875,False,Calluna vulgaris
KW_T_423_8_0085L,8,Polygonum tataricum,Fagopyrum tataricum,Fagopyrum,tataricum,Flowering plants,Polygonaceae,Beklierde duizendknoop,https://galerij.kb.nl/kb.html#/nl/florabatava06/page/49/zoom/3/lat/-68.59248658252949/lng/-37.96875,False,Fagopyrum tataricum
KW_T_423_8_0087L,8,Melampyrum vulgatum,Melampyrum pratense,Melampyrum,pratense,Flowering plants,Fabaceae,Moeraslathyrus,https://galerij.kb.nl/kb.html#/nl/florabatava06/page/50/zoom/3/lat/-68.59248658252949/lng/-37.96875,False,Melampyrum pratense
KW_T_423_8_0089L,8,Hypochoeris glabra,Hypochaeris glabra,Hypochaeris,glabra,Flowering plants,Asteraceae,Zeealsem,https://galerij.kb.nl/kb.html#/nl/florabatava06/page/51/zoom/3/lat/-68.59248658252949/lng/-37.96875,False,Hypochaeris glabra
KW_T_423_8_0091L,8,Glyceria fluitans,Glyceria fluitans,Glyceria,fluitans,Ferns,Dennstaedtiaceae,Adelaarsvaren,https://galerij.kb.nl/kb.html#/nl/florabatava06/page/52/zoom/3/lat/-68.59248658252949/lng/-37.96875,False,Glyceria fluitans
KW_T_423_8_0093L,8,"Polygonum lapathifolium var. nodosa, ochreis integerrimis",Persicaria lapathifolia subsp. lapathifolia,Persicaria,lapathifolia subsp. lapathifolia,Flowering plants,Iridaceae,Bonte krokus,https://galerij.kb.nl/kb.html#/nl/florabatava06/page/53/zoom/3/lat/-68.59248658252949/lng/-37.96875,False,Persicaria lapathifolia subsp. lapathifolia
KW_T_423_8_0095L,8,Limosella aquatica,Limosella aquatica,Limosella,aquatica,Flowering plants,Cyperaceae,Veenbies,https://galerij.kb.nl/kb.html#/nl/florabatava06/page/54/zoom/3/lat/-68.59248658252949/lng/-37.96875,False,Limosella aquatica
KW_T_423_8_0097L,8,Conifersstomum pyriforme,Physcomitrium pyriforme,Physcomitrium,pyriforme,Flowering plants,Boraginaceae,Veelkleurig vergeet-mij-nietje,https://galerij.kb.nl/kb.html#/nl/florabatava06/page/55/zoom/3/lat/-68.59248658252949/lng/-37.96876,False,Physcomitrium pyriforme
KW_T_423_8_0099L,8,Sphaerococcus crispus,Chondrus crispus,Chondrus,crispus,Flowering plants,Ericaceae,Blauwe bosbes,https://galerij.kb.nl/kb.html#/nl/florabatava06/page/56/zoom/3/lat/-68.59248658252949/lng/-37.96875,False,Chondrus crispus
KW_T_423_8_0101L,8,Laminaria saccharina,Saccharina latissima,Saccharina latissima,,Flowering plants,Brassicaceae,Gewoon barbarakruid,https://galerij.kb.nl/kb.html#/nl/florabatava06/page/57/zoom/3/lat/-68.59248658252949/lng/-37.96875,False,Saccharina latissima
KW_T_423_8_0103L,8,Triticum caesium,Elymus repens,Elymus,repens,Flowering plants,Caprifoliaceae,Getande veldsla,https://galerij.kb.nl/kb.html#/nl/florabatava06/page/58/zoom/3/lat/-68.59248658252949/lng/-37.96875,False,Elymus repens
KW_T_423_8_0105L,8,Cineraria palustris var. Hollandica,Tephroseris palustris,Tephroseris,palustris,Flowering plants,Poaceae,Eekhoorngras,https://galerij.kb.nl/kb.html#/nl/florabatava06/page/59/zoom/3/lat/-68.59248658252949/lng/-37.96875,False,Tephroseris palustris
KW_T_423_8_0107L,8,Mentha aquatica var. capitata,Mentha aquatica,Mentha,aquatica,Flowering plants,Juncaceae,Trekrus,https://galerij.kb.nl/kb.html#/nl/florabatava06/page/60/zoom/3/lat/-68.59248658252949/lng/-37.96875,False,Mentha aquatica
KW_T_423_8_0109L,8,Sagittaria sagittifolia var. breviscapa,Sagittaria sagittifolia,Sagittaria,sagittifolia,Flowering plants,Orobanchaceae,Heidekartelblad,https://galerij.kb.nl/kb.html#/nl/florabatava06/page/61/zoom/3/lat/-68.59248658252949/lng/-37.96875,False,Sagittaria sagittifolia
KW_T_423_8_0111L,8,Spartina stricta,Spartina spec.,Spartina,spec.,Ferns,Equisetaceae,Lidrus,https://galerij.kb.nl/kb.html#/nl/florabatava06/page/62/zoom/3/lat/-68.59248658252949/lng/-37.96875,False,Spartina spec.
KW_T_423_8_0113L,8,Statice limonium,Limonium vulgare,Limonium,vulgare,Flowering plants,Poaceae,Zilverhaver,https://galerij.kb.nl/kb.html#/nl/florabatava06/page/63/zoom/3/lat/-68.59248658252949/lng/-37.96875,False,Limonium vulgare
KW_T_423_8_0115L,8,Cystoseira nodosa,Ascophyllum nodosum,Ascophyllum,nodosum,Flowering plants,Potamogetonaceae,Drijvend fonteinkruid,https://galerij.kb.nl/kb.html#/nl/florabatava06/page/64/zoom/3/lat/-68.59248658252949/lng/-37.96875,False,Ascophyllum nodosum
KW_T_423_8_0117L,8,Fucus spiralis,Fucus spiralis,Fucus,spiralis,Flowering plants,Violaceae,Bleeksporig bosviooltje,https://galerij.kb.nl/kb.html#/nl/florabatava06/page/65/zoom/3/lat/-68.59248658252949/lng/-37.96875,False,Fucus spiralis
KW_T_423_8_0119L,8,Ranunculus philonitis,Ranunculus sardous,Ranunculus,sardous,Flowering plants,Viburnaceae,Gelderse roos,https://galerij.kb.nl/kb.html#/nl/florabatava06/page/66/zoom/3/lat/-68.59248658252949/lng/-37.96875,False,Ranunculus sardous
KW_T_423_8_0121L,8,Tormentilla reptans,Potentilla anglica,Potentilla,anglica,Flowering plants,Ranunculaceae,Gele anemoon,https://galerij.kb.nl/kb.html#/nl/florabatava06/page/67/zoom/3/lat/-68.59248658252949/lng/-37.96875,False,Potentilla anglica
KW_T_423_8_0123L,8,Ulva latissima,Ulva lactuca,Ulva,lactuca,Flowering plants,Alismataceae,Drijvende waterweegbree,https://galerij.kb.nl/kb.html#/nl/florabatava06/page/68/zoom/3/lat/-68.59248658252949/lng/-37.96875,False,Ulva lactuca
KW_T_423_8_0125L,8,Ulva purpurea,Porphyra purpurea,Porphyra,purpurea,Flowering plants,Ericaceae,Rode bosbes,https://galerij.kb.nl/kb.html#/nl/florabatava06/page/69/zoom/3/lat/-68.59248658252949/lng/-37.96875,False,Porphyra purpurea
KW_T_423_8_0127L,8,Bryomyces elegans,Ulota phyllantha,Ulota,phyllantha,Flowering plants,Ranunculaceae,Kruipende boterbloem,https://galerij.kb.nl/kb.html#/nl/florabatava06/page/70/zoom/3/lat/-68.59248658252949/lng/-37.96875,False,Ulota phyllantha
KW_T_423_8_0129L,8,Gratiola officinalis,Gratiola officinalis,Gratiola,officinalis,Flowering plants,Ranunculaceae,Scherpe boterbloem,https://galerij.kb.nl/kb.html#/nl/florabatava06/page/71/zoom/3/lat/-68.59248658252949/lng/-37.96875,False,Gratiola officinalis
KW_T_423_8_0131L,8,Polygonum fagopyrum,Fagopyrum esculentum,Fagopyrum,esculentum,Ferns,Equisetaceae,Holpijp,https://galerij.kb.nl/kb.html#/nl/florabatava06/page/72/zoom/3/lat/-68.59248658252949/lng/-37.96875,False,Fagopyrum esculentum
KW_T_423_8_0133L,8,Scilla bifolia,Scilla bifolia,Scilla,bifolia,Flowering plants,Cyperaceae,Tweehuizige zegge,https://galerij.kb.nl/kb.html#/nl/florabatava06/page/73/zoom/3/lat/-68.59248658252949/lng/-37.96875,False,Scilla bifolia
KW_T_423_8_0135L,8,Scrophularia aquatica,Scrophularia umbrosa,Scrophularia,umbrosa,Flowering plants,Cyperaceae,Pilzegge,https://galerij.kb.nl/kb.html#/nl/florabatava06/page/74/zoom/3/lat/-68.59248658252949/lng/-37.96875,False,Scrophularia umbrosa
KW_T_423_8_0137L,8,Peltigera polydactyla,Peltigera spec.,Peltigera,spec.,Flowering plants,Cyperaceae,Draadzegge,https://galerij.kb.nl/kb.html#/nl/florabatava06/page/75/zoom/3/lat/-68.59248658252949/lng/-37.96876,False,Peltigera spec.
KW_T_423_8_0139L,8,Peltigera polydactyla,Peltigera spec.,Peltigera,spec.,Flowering plants,Cyperaceae,Ruige zegge,https://galerij.kb.nl/kb.html#/nl/florabatava06/page/76/zoom/3/lat/-68.59248658252949/lng/-37.96875,False,Peltigera spec.
KW_T_423_8_0141L,8,Spermoedia clavus,Claviceps purpurea,Claviceps,purpurea,Flowering plants,Cyperaceae,Zwarte zegge,https://galerij.kb.nl/kb.html#/nl/florabatava06/page/77/zoom/3/lat/-68.59248658252949/lng/-37.96875,False,Claviceps purpurea
KW_T_423_8_0143L,8,Ilex aquifolium,Ilex aquifolium,Ilex,aquifolium,Flowering plants,Cyperaceae,Gewone waterbies,https://galerij.kb.nl/kb.html#/nl/florabatava06/page/78/zoom/3/lat/-68.59248658252949/lng/-37.96875,False,Ilex aquifolium
KW_T_423_8_0145L,8,Cardamine sylvatica,Cardamine flexuosa,Cardamine,flexuosa,Flowering plants,Apiaceae,Dolle kervel,https://galerij.kb.nl/kb.html#/nl/florabatava06/page/79/zoom/3/lat/-68.59248658252949/lng/-37.96875,False,Cardamine flexuosa
KW_T_423_8_0147L,8,Catharinea undulata,Atrichum undulatum,Atrichum,undulatum,Flowering plants,Viburnaceae,Gewone vlier,https://galerij.kb.nl/kb.html#/nl/florabatava06/page/80/zoom/3/lat/-68.59248658252949/lng/-37.96875,False,Atrichum undulatum
KW_T_423_8_0149L,8,Baeomyces roseus,Baeomyces roseus,Baeomyces,roseus,Flowering plants,Ranunculaceae,Grote waterranonkel,https://galerij.kb.nl/kb.html#/nl/florabatava06/page/81/zoom/3/lat/-68.59248658252949/lng/-37.96875,False,Baeomyces roseus
KW_T_423_8_0151L,8,Myosotis versicolor,Myosotis discolor subsp. discolor,Myosotis,discolor subsp. discolor,Flowering plants,Ranunculaceae,Grote waterranonkel,https://galerij.kb.nl/kb.html#/nl/florabatava06/page/81/zoom/3/lat/-68.59248658252949/lng/-37.96875,False,Myosotis discolor subsp. discolor
KW_T_423_8_0153L,8,Juncus tenageia,Juncus tenageia,Juncus,tenageia,Flowering plants,Plantaginaceae,Beekpunge,https://galerij.kb.nl/kb.html#/nl/florabatava06/page/83/zoom/3/lat/-68.59248658252949/lng/-37.96875,False,Juncus tenageia
KW_T_423_8_0155L,8,Eriophorum vaginatum,Eriophorum vaginatum,Eriophorum,vaginatum,Flowering plants,Plantaginaceae,Akkerereprijs,https://galerij.kb.nl/kb.html#/nl/florabatava06/page/84/zoom/3/lat/-68.59248658252949/lng/-37.96875,False,Eriophorum vaginatum
KW_T_423_8_0157L,8,Polytrichum formosum,Polytrichum formosum,Polytrichum,formosum,Flowering plants,Plantaginaceae,Tijmereprijs,https://galerij.kb.nl/kb.html#/nl/florabatava06/page/85/zoom/3/lat/-68.59248658252949/lng/-37.96875,False,Polytrichum formosum
KW_T_423_8_0159L,8,Polytrichum commune,Polytrichum commune,Polytrichum,commune,Flowering plants,Apocynaceae,Kleine maagdenpalm,https://galerij.kb.nl/kb.html#/nl/florabatava06/page/86/zoom/3/lat/-68.59248658252949/lng/-37.96875,False,Polytrichum commune
KW_T_423_8_0161L,8,Holosteum umbellatum,Holosteum umbellatum,Holosteum,umbellatum,Flowering plants,Brassicaceae,Vroegeling,https://galerij.kb.nl/kb.html#/nl/florabatava06/page/87/zoom/3/lat/-68.59248658252949/lng/-37.96875,False,Holosteum umbellatum
KW_T_423_8_0163L,8,Silene otites,Silene otites,Silene,otites,Flowering plants,Poaceae,Trosdravik,https://galerij.kb.nl/kb.html#/nl/florabatava07/page/9/zoom/3/lat/-68.72044056989829/lng/-31.46484375,False,Silene otites
KW_T_423_8_0165L,8,Carex leptostachys,Carex strigosa,Carex,strigosa,Flowering plants,Ranunculaceae,Grote boterbloem,https://galerij.kb.nl/kb.html#/nl/florabatava07/page/10/zoom/3/lat/-68.72044056989829/lng/-31.46484375,False,Carex strigosa
KW_T_423_8_0167L,8,Carex paniculata,Carex cf. paniculata subsp. paniculata,Carex,cf paniculata subsp. Paniculata,Flowering plants,Ranunculaceae,Gulden boterbloem,https://galerij.kb.nl/kb.html#/nl/florabatava07/page/11/zoom/3/lat/-68.72044056989829/lng/-31.46484375,False,Carex cf. paniculata subsp. paniculata
KW_T_423_8_0169L,8,Carex laevigata,Carex spec.,Carex,spec.,Flowering plants,Orchidaceae,Harlekijn,https://galerij.kb.nl/kb.html#/nl/florabatava07/page/12/zoom/3/lat/-68.72044056989829/lng/-31.46484375,False,Carex spec.
KW_T_423_9_0010L,9,Paris quadrifolia,Paris quadrifolia,Paris,quadrifolia,Flowering plants,Poaceae,Kweek,https://galerij.kb.nl/kb.html#/nl/florabatava07/page/13/zoom/3/lat/-68.72044056989829/lng/-31.46484375,False,Paris quadrifolia
KW_T_423_9_0012L,9,Sherardia arvensis,Sherardia arvensis,Sherardia,arvensis,Flowering plants,Oxalidaceae,Stijve klaverzuring,https://galerij.kb.nl/kb.html#/nl/florabatava07/page/14/zoom/3/lat/-68.72044056989829/lng/-31.46484375,False,Sherardia arvensis
KW_T_423_9_0014L,9,Arenaria tenuifolia,Minuartia hybrida,Minuartia,hybrida,Ferns,Dryopteridaceae,Brede stekelvaren,https://galerij.kb.nl/kb.html#/nl/florabatava07/page/15/zoom/3/lat/-68.72044056989829/lng/-31.46484375,False,Minuartia hybrida
KW_T_423_9_0016L,9,Leucoium aestivum,Leucojum aestivum,Leucojum,aestivum,Ferns,Dryopteridaceae,Smalle stekelvaren,https://galerij.kb.nl/kb.html#/nl/florabatava07/page/16/zoom/3/lat/-68.72044056989829/lng/-31.46484375,False,Leucojum aestivum
KW_T_423_9_0018L,9,Pulmonaria officinalis,Pulmonaria officinalis,Pulmonaria,officinalis,Ferns,Blechnaceae,Dubbelloof,https://galerij.kb.nl/kb.html#/nl/florabatava07/page/17/zoom/3/lat/-68.72044056989829/lng/-31.46484375,False,Pulmonaria officinalis
KW_T_423_9_0020L,9,Veronica montana,Veronica montana,Veronica,montana,Flowering plants,Poaceae,Vroege haver,https://galerij.kb.nl/kb.html#/nl/florabatava07/page/18/zoom/3/lat/-68.72044056989829/lng/-31.46484375,False,Veronica montana
KW_T_423_9_0022L,9,Anchusa officinalis,Anchusa officinalis,Anchusa,officinalis,Flowering plants,Caryophyllaceae,Moerasmuur,https://galerij.kb.nl/kb.html#/nl/florabatava07/page/19/zoom/3/lat/-68.72044056989829/lng/-31.46484375,False,Anchusa officinalis
KW_T_423_9_0024L,9,Pyrola minor,Pyrola minor,Pyrola,minor,Flowering plants,Lamiaceae,Hoenderbeet,https://galerij.kb.nl/kb.html#/nl/florabatava07/page/20/zoom/3/lat/-68.72044056989829/lng/-31.46484375,False,Pyrola minor
KW_T_423_9_0026L,9,Geum rivale,Geum rivale,Geum,rivale,Flowering plants,Salicaceae,Amandelwilg,https://galerij.kb.nl/kb.html#/nl/florabatava07/page/21/zoom/3/lat/-68.72044056989829/lng/-31.46484375,False,Geum rivale
KW_T_423_9_0028L,9,Carex ovalis,Carex leporina,Carex,leporina,Fungi,Amanitaceae,Vliegenzwam,https://galerij.kb.nl/kb.html#/nl/florabatava07/page/22/zoom/3/lat/-68.72044056989829/lng/-31.46484375,False,Carex leporina
KW_T_423_9_0030L,9,Schoenus compressus,Blysmus compressus,Blysmus,compressus,Flowering plants,Lentibulariaceae,Klein blaasjeskruid,https://galerij.kb.nl/kb.html#/nl/florabatava07/page/23/zoom/3/lat/-68.72044056989829/lng/-31.46484375,False,Blysmus compressus
KW_T_423_9_0032L,9,Scutellaria minor,Scutellaria minor,Scutellaria,minor,Flowering plants,Poaceae,Rietgras,https://galerij.kb.nl/kb.html#/nl/florabatava07/page/24/zoom/3/lat/-68.72044056989829/lng/-31.46484375,False,Scutellaria minor
KW_T_423_9_0034L,9,Serratula tinctoria,Serratula tinctoria,Serratula,tinctoria,Flowering plants,Potamogetonaceae,Doorgroeid fonteinkruid,https://galerij.kb.nl/kb.html#/nl/florabatava07/page/25/zoom/3/lat/-68.72044056989829/lng/-31.46484375,False,Serratula tinctoria
KW_T_423_9_0036L,9,Malaxis paludosa,Hammarbya paludosa,Hammarbya,paludosa,Flowering plants,Apiaceae,Gewone berenklauw,https://galerij.kb.nl/kb.html#/nl/florabatava07/page/26/zoom/3/lat/-68.72044056989829/lng/-31.46484375,False,Hammarbya paludosa
KW_T_423_9_0038L,9,Lichen parietinus,Xanthoria parietina,Xanthoria,parietina,Flowering plants,Caryophyllaceae,Rode schijnspurrie,https://galerij.kb.nl/kb.html#/nl/florabatava07/page/27/zoom/3/lat/-68.72044056989829/lng/-31.46484375,False,Xanthoria parietina
KW_T_423_9_0040L,9,Plantago coronopus,Plantago coronopus,Plantago,coronopus,Flowering plants,Gentianaceae,Echt duizendguldenkruid,https://galerij.kb.nl/kb.html#/nl/florabatava07/page/28/zoom/3/lat/-68.72044056989829/lng/-31.46484375,False,Plantago coronopus
KW_T_423_9_0042L,9,Marrubium vulgare,Marrubium vulgare,Marrubium,vulgare,Flowering plants,Apiaceae,Pijptorkruid,https://galerij.kb.nl/kb.html#/nl/florabatava07/page/29/zoom/3/lat/-68.72044056989829/lng/-31.46484375,False,Marrubium vulgare
KW_T_423_9_0044L,9,Cotula coronopifolia,Cotula coronopifolia,Cotula,coronopifolia,Flowering plants,Apiaceae,Melkeppe,https://galerij.kb.nl/kb.html#/nl/florabatava07/page/30/zoom/3/lat/-68.72044056989829/lng/-31.46484375,False,Cotula coronopifolia
KW_T_423_9_0046L,9,Ramalina calicaris,Ramalina spec.,Ramalina,spec.,Flowering plants,Geraniaceae,Slipbladige ooievaarsbek,https://galerij.kb.nl/kb.html#/nl/florabatava07/page/31/zoom/3/lat/-68.72044056989829/lng/-31.46484375,False,Ramalina spec.
KW_T_423_9_0048L,9,Cantharellus cibarius,Hygrophoropsis aurantiaca,Hygrophoropsis,aurantiaca,Flowering plants,Geraniaceae,Kleine ooievaarsbek,https://galerij.kb.nl/kb.html#/nl/florabatava07/page/32/zoom/3/lat/-68.72044056989829/lng/-31.46484375,False,Hygrophoropsis aurantiaca
KW_T_423_9_0050L,9,Scirpus lacustris,Schoenoplectus lacustris,Schoenoplectus,lacustris,Flowering plants,Linaceae,Geelhartje,https://galerij.kb.nl/kb.html#/nl/florabatava07/page/33/zoom/3/lat/-68.72044056989829/lng/-31.46484375,False,Schoenoplectus lacustris
KW_T_423_9_0052L,9,Potamogeton praelongum,Potamogeton praelongus,Potamogeton,praelongus,Flowering plants,Hypericaceae,Liggend hertshooi,https://galerij.kb.nl/kb.html#/nl/florabatava07/page/34/zoom/3/lat/-68.72044056989829/lng/-31.46484375,False,Potamogeton praelongus
KW_T_423_9_0054L,9,Herniaria glabra,Herniaria glabra,Herniaria,glabra,Flowering plants,Lamiaceae,Akkerandoorn,https://galerij.kb.nl/kb.html#/nl/florabatava07/page/35/zoom/3/lat/-68.72044056989829/lng/-31.46484375,False,Herniaria glabra
KW_T_423_9_0056L,9,Vicia villosa,Vicia villosa,Vicia,villosa,Flowering plants,Asteraceae,Reukeloze kamille,https://galerij.kb.nl/kb.html#/nl/florabatava07/page/36/zoom/3/lat/-68.72044056989829/lng/-31.46484375,False,Vicia villosa
KW_T_423_9_0058L,9,Equisetum hyemale,Equisetum hyemale,Equisetum,hyemale,Fungi,Xylariaceae,Geweizwam,https://galerij.kb.nl/kb.html#/nl/florabatava07/page/37/zoom/3/lat/-68.72044056989829/lng/-31.46484375,False,Equisetum hyemale
KW_T_423_9_0060L,9,Viola stagnina,Viola stagnina var. stagnina,Viola,stagnina var. stagnina,Flowering plants,Apiaceae,Knopig doornzaad,https://galerij.kb.nl/kb.html#/nl/florabatava07/page/38/zoom/3/lat/-68.72044056989829/lng/-31.46484375,False,Viola stagnina var. stagnina
KW_T_423_9_0062L,9,Fritillaria meleagris,Fritillaria meleagris,Fritillaria,meleagris,Flowering plants,Droseraceae,Ronde zonnedauw,https://galerij.kb.nl/kb.html#/nl/florabatava07/page/39/zoom/3/lat/-68.72044056989829/lng/-31.46484375,False,Fritillaria meleagris
KW_T_423_9_0064L,9,Lathyrus sylvestris,Lathyrus sylvestris,Lathyrus,sylvestris,Flowering plants,Droseraceae,Kleine zonnedauw,https://galerij.kb.nl/kb.html#/nl/florabatava07/page/40/zoom/3/lat/-68.72044056989829/lng/-31.46484375,False,Lathyrus sylvestris
KW_T_423_9_0066L,9,Polytrichum aloides,Pogonatum aloides,Pogonatum,aloides,Flowering plants,Asteraceae,Hartbladzonnebloem,https://galerij.kb.nl/kb.html#/nl/florabatava07/page/41/zoom/3/lat/-68.72044056989829/lng/-31.46484375,False,Pogonatum aloides
KW_T_423_9_0068L,9,Morchella esculenta,Morchella esculenta,Morchella,esculenta,Flowering plants,Myricaceae,Wilde gagel,https://galerij.kb.nl/kb.html#/nl/florabatava07/page/42/zoom/3/lat/-68.72044056989829/lng/-31.46484375,False,Morchella esculenta
KW_T_423_9_0070L,9,Galium boreale,Galium boreale,Galium,boreale,Flowering plants,Poaceae,Glad vingergras,https://galerij.kb.nl/kb.html#/nl/florabatava07/page/43/zoom/3/lat/-68.72044056989829/lng/-31.46484375,False,Galium boreale
KW_T_423_9_0072L,9,Geranium lucidum,Geranium lucidum,Geranium,lucidum,Flowering plants,Poaceae,Beemdlangbloem,https://galerij.kb.nl/kb.html#/nl/florabatava07/page/44/zoom/3/lat/-68.72044056989829/lng/-31.46484375,False,Geranium lucidum
KW_T_423_9_0074L,9,Achillea nobilis,Achillea nobilis,Achillea,nobilis,Flowering plants,Rubiaceae,Liggend walstro,https://galerij.kb.nl/kb.html#/nl/florabatava07/page/45/zoom/3/lat/-68.72044056989829/lng/-31.46484375,False,Achillea nobilis
KW_T_423_9_0076L,9,Grimmia pulvinata,Grimmia pulvinata,Grimmia,pulvinata,Flowering plants,Geraniaceae,Zachte ooievaarsbek,https://galerij.kb.nl/kb.html#/nl/florabatava07/page/46/zoom/3/lat/-68.72044056989829/lng/-31.46484375,False,Grimmia pulvinata
KW_T_423_9_0078L,9,Grimmia apocarpa,Schistidium spec. [S. apocarpum s.str. en/of S. crassipilum],Schistidium,,Ferns,Equisetaceae,Bonte paardenstaart,https://galerij.kb.nl/kb.html#/nl/florabatava07/page/47/zoom/3/lat/-68.72044056989829/lng/-31.46484375,False,Schistidium spec. [S. apocarpum s.str. en/of S. crassipilum]
KW_T_423_9_0080L,9,Schoenus mariscus,Cladium mariscus,Cladium,mariscus,Flowering plants,Cyperaceae,Driekantige bies,https://galerij.kb.nl/kb.html#/nl/florabatava07/page/49/zoom/3/lat/-68.72044056989829/lng/-31.46484375,False,Cladium mariscus
KW_T_423_9_0082L,9,Delphinium consolida,Consolida regalis,Consolida,regalis,Flowering plants,Amaranthaceae,Spiesmelde,https://galerij.kb.nl/kb.html#/nl/florabatava07/page/50/zoom/3/lat/-68.72044056989829/lng/-31.46484375,False,Consolida regalis
KW_T_423_9_0084L,9,Carex teretiuscula,Carex diandra,Carex,diandra,Flowering plants,Fabaceae,Kruipbrem,https://galerij.kb.nl/kb.html#/nl/florabatava07/page/51/zoom/3/lat/-68.72044056989829/lng/-31.46484375,False,Carex diandra
KW_T_423_9_0086L,9,Climacium dendroides / Polytrichum urnigerum,Climacium dendroides / Pogonatum urnigerum,Climacium / Pogonatum,dendroides / urnigerum,Flowering plants,Potamogetonaceae / Poaceae,Zittende zannichellia / Borstelgras,https://galerij.kb.nl/kb.html#/nl/florabatava07/page/52/zoom/3/lat/-68.72044056989829/lng/-31.46484375,True,Climacium dendroides / Pogonatum urnigerum
KW_T_423_9_0088L,9,Fontinalis Antipyretica,Fontinalis antipyretica,Fontinalis,antipyretica,Flowering plants,Apiaceae,Ondergedoken moerasscherm,https://galerij.kb.nl/kb.html#/nl/florabatava07/page/54/zoom/3/lat/-68.72044056989829/lng/-31.46484375,False,Fontinalis antipyretica
KW_T_423_9_0090L,9,Lithospermum arvense,Lithospermum arvense,Lithospermum,arvense,Flowering plants,Acoraceae,Kalmoes,https://galerij.kb.nl/kb.html#/nl/florabatava07/page/55/zoom/3/lat/-68.72044056989829/lng/-31.46484375,False,Lithospermum arvense
KW_T_423_9_0092L,9,Phyteuma spicatum,Phyteuma spicatum,Phyteuma,spicatum,Flowering plants,Orchidaceae,Grote muggenorchis,https://galerij.kb.nl/kb.html#/nl/florabatava07/page/56/zoom/3/lat/-68.72044056989829/lng/-31.46484375,False,Phyteuma spicatum
KW_T_423_9_0094L,9,Lepidium campestre,Lepidium campestre,Lepidium,campestre,Ferns,Lycopodiaceae,Grote wolfsklauw,https://galerij.kb.nl/kb.html#/nl/florabatava07/page/57/zoom/3/lat/-68.72044056989829/lng/-31.46484375,False,Lepidium campestre
KW_T_423_9_0096L,9,Fissidens bryoïdes / Fissidens adiantoïdes / Fissidens taxifolius,Fissidens bryoides / Fissidens adianthoides / Fissidens taxifolius,Fissidens,bryoides / adianthoides / taxifolius,Flowering plants,Poaceae / Polygonaceae,Kamgras / Krulzuring / Ridderzuring,https://galerij.kb.nl/kb.html#/nl/florabatava07/page/58/zoom/3/lat/-68.72044056989829/lng/-31.46484375,True,Fissidens bryoides / Fissidens adianthoides / Fissidens taxifolius
KW_T_423_9_0098L,9,Cystoseira siliquosa,Halidrys siliquosa,Halidrys,siliquosa,Flowering plants,Haloragaceae,Teer vederkruid,https://galerij.kb.nl/kb.html#/nl/florabatava07/page/62/zoom/3/lat/-68.72044056989829/lng/-31.46484375,False,Halidrys siliquosa
KW_T_423_9_0100L,9,Exacum filiforme,Cicendia filiformis,Cicendia,filiformis,Flowering plants,Poaceae,Gladde witbol,https://galerij.kb.nl/kb.html#/nl/florabatava07/page/63/zoom/3/lat/-68.72044056989829/lng/-31.46484375,False,Cicendia filiformis
KW_T_423_9_0102L,9,Mentha pulegium,Mentha pulegium,Mentha,pulegium,Flowering plants,Poaceae,Gestreepte witbol,https://galerij.kb.nl/kb.html#/nl/florabatava07/page/64/zoom/3/lat/-68.72044056989829/lng/-31.46484375,False,Mentha pulegium
KW_T_423_9_0104L,9,Carex arenaria,Carex arenaria,Carex,arenaria,Flowering plants,Gentianaceae,Fraai duizend-guldenkruid,https://galerij.kb.nl/kb.html#/nl/florabatava07/page/65/zoom/3/lat/-68.72044056989829/lng/-31.46484375,False,Carex arenaria
KW_T_423_9_0106L,9,Parietaria officinalis,Parietaria officinalis,Parietaria,officinalis,Flowering plants,Nymphaeaceae,Witte waterlelie,https://galerij.kb.nl/kb.html#/nl/florabatava07/page/66/zoom/3/lat/-68.72044056989829/lng/-31.46484375,False,Parietaria officinalis
KW_T_423_9_0108L,9,Cetraria aculeata / Parmelia acetabulum,Cetraria aculeata / Parmelia acetabulum,Cetraria / Parmelia,aculeata / acetabulum,Flowering plants,Asteraceae / Poaceae,Boskruiskruid / Dunstaart,https://galerij.kb.nl/kb.html#/nl/florabatava07/page/67/zoom/3/lat/-68.72044056989829/lng/-31.46484375,True,Cetraria aculeata / Parmelia acetabulum
KW_T_423_9_0110L,9,Gagea arvensis,Gagea villosa,Gagea,villosa,Flowering plants,Hypericaceae,Sint-Janskruid,https://galerij.kb.nl/kb.html#/nl/florabatava07/page/69/zoom/3/lat/-68.72044056989829/lng/-31.46484375,False,Gagea villosa
KW_T_423_9_0112L,9,Gagea lutea,Gagea lutea,Gagea,lutea,Flowering plants,Asteraceae,Gekroesde melkdistel,https://galerij.kb.nl/kb.html#/nl/florabatava07/page/70/zoom/3/lat/-68.72044056989829/lng/-31.46484375,False,Gagea lutea
KW_T_423_9_0114L,9,Hieracium paludosum,Crepis paludosa,Crepis,paludosa,Flowering plants,Cyperaceae,Vlozegge,https://galerij.kb.nl/kb.html#/nl/florabatava07/page/71/zoom/3/lat/-68.72044056989829/lng/-31.46484375,False,Crepis paludosa
KW_T_423_9_0116L,9,Carex vesicaria,Carex vesicaria,Carex,vesicaria,Ferns,Thelypteridaceae,Smalle beukvaren,https://galerij.kb.nl/kb.html#/nl/florabatava07/page/72/zoom/3/lat/-68.72044056989829/lng/-31.46484375,False,Carex vesicaria
KW_T_423_9_0118L,9,Neckera heteromalla,Cryphaea heteromalla,Cryphaea,heteromalla,Flowering plants,Poaceae,Duist,https://galerij.kb.nl/kb.html#/nl/florabatava07/page/73/zoom/3/lat/-68.72044056989829/lng/-31.46484375,False,Cryphaea heteromalla
KW_T_423_9_0120L,9,Galium uliginosum,Galium uliginosum,Galium,uliginosum,Flowering plants,Potamogetonaceae,Plat fonteinkruid,https://galerij.kb.nl/kb.html#/nl/florabatava07/page/74/zoom/3/lat/-68.72044056989829/lng/-31.46484375,False,Galium uliginosum
KW_T_423_9_0122L,9,Juncus tenuis,Juncus tenuis,Juncus,tenuis,Flowering plants,Caryophyllaceae,Tengere Zandmuur?,https://galerij.kb.nl/kb.html#/nl/florabatava07/page/75/zoom/3/lat/-68.72044056989829/lng/-31.46484375,False,Juncus tenuis
KW_T_423_9_0124L,9,Thymus acinos,Clinopodium acinos,Clinopodium,acinos,Flowering plants,Caryophyllaceae,Zandhoornbloem,https://galerij.kb.nl/kb.html#/nl/florabatava07/page/76/zoom/3/lat/-68.72044056989829/lng/-31.46484375,False,Clinopodium acinos
KW_T_423_9_0126L,9,Lamium maculatum,Lamium maculatum,Lamium,maculatum,Flowering plants,Typhaceae,Kleinste egelskop,https://galerij.kb.nl/kb.html#/nl/florabatava07/page/77/zoom/3/lat/-68.72044056989829/lng/-31.46484375,False,Lamium maculatum
KW_T_423_9_0128L,9,Polytrichum nanum,Pogonatum nanum,Pogonatum,nanum,Flowering plants,Plantaginaceae,Veldereprijs,https://galerij.kb.nl/kb.html#/nl/florabatava07/page/78/zoom/3/lat/-68.72044056989829/lng/-31.46484375,False,Pogonatum nanum
KW_T_423_9_0130L,9,Rumex glomeratus,Rumex conglomeratus,Rumex,conglomeratus,Flowering plants,Rosaceae,Kale vrouwenmantel,https://galerij.kb.nl/kb.html#/nl/florabatava07/page/79/zoom/3/lat/-68.72044056989829/lng/-31.46484375,False,Rumex conglomeratus
KW_T_423_9_0132L,9,Euphorbia cyparissias,Euphorbia cyparissias,Euphorbia,cyparissias,Flowering plants,Rosaceae,Grote leeuwenklauw?,https://galerij.kb.nl/kb.html#/nl/florabatava07/page/80/zoom/3/lat/-68.72044056989829/lng/-31.46484375,False,Euphorbia cyparissias
KW_T_423_9_0134L,9,Euphorbia esula,Euphorbia esula,Euphorbia,esula,Flowering plants,Grossulariaceae,Aalbes,https://galerij.kb.nl/kb.html#/nl/florabatava07/page/81/zoom/3/lat/-68.72044056989829/lng/-31.46484375,False,Euphorbia esula
KW_T_423_9_0136L,9,Euphorbia gerardiana,Euphorbia seguieriana,Euphorbia,seguieriana,Flowering plants,Cyperaceae,Tweerijige zegge,https://galerij.kb.nl/kb.html#/nl/florabatava07/page/82/zoom/3/lat/-68.72044056989829/lng/-31.46484375,False,Euphorbia seguieriana
KW_T_423_9_0138L,9,Bryum ligulatum / Bryum hornum / Bryum cuspidatum,Plagiomnium undulatum / Mnium hornum / Plagiomnium cuspidatum,Plagiomnium / Mnium,undulatum / hornum / cuspidatum,Flowering plants,Euphorbiaceae / Fabaceae,Kleine wolfsmelk / Bochtige klaver / Liggende klaver,https://galerij.kb.nl/kb.html#/nl/florabatava07/page/84/zoom/3/lat/-68.72044056989829/lng/-31.46484375,True,Plagiomnium undulatum / Mnium hornum / Plagiomnium cuspidatum
KW_T_423_9_0140L,9,Selinum carvifolia,Dichoropetalum carvifolia,Dichoropetalum,carvifolia,Flowering plants,Hydrocharitaceae,Kikkerbeet,https://galerij.kb.nl/kb.html#/nl/florabatava07/page/87/zoom/3/lat/-68.72044056989829/lng/-31.46484375,False,Dichoropetalum carvifolia
KW_T_423_9_0142L,9,Reseda lutea,Reseda lutea,Reseda,lutea,Flowering plants,Poaceae,Oot,https://galerij.kb.nl/kb.html#/nl/florabatava08/page/9/zoom/3/lat/-66.93006025862445/lng/-28.828124999999996,False,Reseda lutea
KW_T_423_9_0144L,9,Medicago minima,Medicago minima,Medicago,minima,Flowering plants,Potamogetonaceae,Paarbladig fonteinkruid,https://galerij.kb.nl/kb.html#/nl/florabatava08/page/10/zoom/3/lat/-66.93006025862445/lng/-28.828124999999996,False,Medicago minima
KW_T_423_9_0146L,9,Empetrum nigrum,Empetrum nigrum,Empetrum,nigrum,Flowering plants,Crassulaceae,Tripmadam,https://galerij.kb.nl/kb.html#/nl/florabatava08/page/11/zoom/3/lat/-66.93006025862445/lng/-28.828124999999996,False,Empetrum nigrum
KW_T_423_9_0148L,9,Parmelia ciliaris,Anaptychia ciliaris,Anaptychia,ciliaris,Flowering plants,Asteraceae,Moerasmelkdistel,https://galerij.kb.nl/kb.html#/nl/florabatava08/page/12/zoom/3/lat/-66.93006025862445/lng/-28.828124999999996,False,Anaptychia ciliaris
KW_T_423_9_0150L,9,Eranthis hyemalis,Eranthis hyemalis,Eranthis,hyemalis,Flowering plants,Asteraceae,Valse kamille,https://galerij.kb.nl/kb.html#/nl/florabatava08/page/13/zoom/3/lat/-66.93006025862445/lng/-28.828124999999996,False,Eranthis hyemalis
KW_T_423_9_0152L,9,Linaria elatine,Kickxia elatine,Kickxia,elatine,Flowering plants,Apiaceae,Kleine watereppe,https://galerij.kb.nl/kb.html#/nl/florabatava08/page/15/zoom/3/lat/-66.93006025862445/lng/-28.828124999999996,False,Kickxia elatine
KW_T_423_9_0154L,9,Linaria spuria,Kickxia spuria,Kickxia,spuria,Flowering plants,Polygonaceae,Moeraszuring,https://galerij.kb.nl/kb.html#/nl/florabatava08/page/16/zoom/3/lat/-66.93006025862445/lng/-28.828124999999996,False,Kickxia spuria
KW_T_423_9_0156L,9,Turritis glabra,Turritis glabra,Turritis,glabra,Flowering plants,Polygonaceae,Zwaluwtong,https://galerij.kb.nl/kb.html#/nl/florabatava08/page/17/zoom/3/lat/-66.93006025862445/lng/-28.828124999999996,False,Turritis glabra
KW_T_423_9_0158L,9,Lycoperdon gemmatum / Lycoperdon caelatum,Calvatia excipuliforme / Calvatia utriformis,Calvatia,excipuliforme / utriformis,Flowering plants,Lamiaceae / Poaceae,Bleekgele hennepnetel / Plat beemdgras,https://galerij.kb.nl/kb.html#/nl/florabatava08/page/18/zoom/3/lat/-66.93006025862445/lng/-28.828124999999996,True,Calvatia excipuliforme / Calvatia utriformis
KW_T_423_9_0160L,9,Allium oleraceum,Allium oleraceum,Allium,oleraceum,Flowering plants,Potamogetonaceae,Gekroesd fonteinkruid,https://galerij.kb.nl/kb.html#/nl/florabatava08/page/20/zoom/3/lat/-66.93006025862445/lng/-28.828124999999996,False,Allium oleraceum
KW_T_423_9_0162L,9,Sedum sexangulare,Sedum sexangulare,Sedum,sexangulare,Flowering plants,Rosaceae,Bosaardbei,https://galerij.kb.nl/kb.html#/nl/florabatava08/page/21/zoom/3/lat/-66.93006025862445/lng/-28.828124999999996,False,Sedum sexangulare
KW_T_423_9_0164L,9,Stenactis annua,Erigeron annuus,Erigeron,annuus,Flowering plants,Asteraceae,Korensla,https://galerij.kb.nl/kb.html#/nl/florabatava08/page/22/zoom/3/lat/-66.93006025862445/lng/-28.828124999999996,False,Erigeron annuus
KW_T_423_9_0166L,9,Amarantus blitum,Amaranthus blitum,Amaranthus,blitum,Ferns,Osmundaceae,Koningsvaren,https://galerij.kb.nl/kb.html#/nl/florabatava08/page/23/zoom/3/lat/-66.93006025862445/lng/-28.828124999999996,False,Amaranthus blitum
KW_T_423_9_0168L,9,Scleroderma vulgare / Lycoperdon Bovista,Scleroderma citrinum / Calvatia gigantea,Scleroderma / Calvatia,citrinum / gigantea,Flowering plants,Cyperaceae / Poaceae,Witte snavelbies / Fijn schapengras,https://galerij.kb.nl/kb.html#/nl/florabatava08/page/24/zoom/3/lat/-66.93006025862445/lng/-28.828124999999996,True,Scleroderma citrinum / Calvatia gigantea
KW_T_423_10_0011L,10,Molinia coerulea,Molinia caerulea,Molinia,caerulea,Flowering plants,Caryophyllaceae,Steenanjer,https://galerij.kb.nl/kb.html#/nl/florabatava08/page/26/zoom/3/lat/-66.93006025862445/lng/-28.828124999999996,False,Molinia caerulea
KW_T_423_10_0013L,10,Silene noctiflora,Silene noctiflora,Silene,noctiflora,Flowering plants,Brassicaceae,Moeraskers,https://galerij.kb.nl/kb.html#/nl/florabatava08/page/28/zoom/3/lat/-66.93006025862445/lng/-28.828124999999996,False,Silene noctiflora
KW_T_423_10_0015L,10,Aspidium spinulosum,Dryopteris spec.,Dryopteris,spec.,Flowering plants,Cyperaceae,Vlottende bies,https://galerij.kb.nl/kb.html#/nl/florabatava08/page/29/zoom/3/lat/-66.93006025862445/lng/-28.828124999999996,False,Dryopteris spec.
KW_T_423_10_0017L,10,Hypnum undulatum / Hypnum rutabulum / Ophioglossum vulgatum / Hypnum splendens,Plagiothecium undulatum / Brachythecium rutabulum / Ophioglossum vulgatum / Hypnum splendens,Plagiothecium / Brachythecium / Ophioglossum / Hypnum,undulatum / rutabulum / vulgatum / splendens,Flowering plants,Convolvulaceae / Juncaceae / Asteraceae,Vlaswarkruid / Klein warkruid / Paddenrus / Absintalsem,https://galerij.kb.nl/kb.html#/nl/florabatava08/page/30/zoom/3/lat/-66.93006025862445/lng/-28.828124999999996,True,Plagiothecium undulatum / Brachythecium rutabulum / Ophioglossum vulgatum / Hypnum splendens
KW_T_423_10_0020L,10,Agaricus procerus / Agaricus salignus / Agaricus excoriatus,Macrolepiota procera / Pleurotus ostreatus / Macrolepiota mastoidea,Macrolepiota / Pleurotus,procera / ostreatus / mastoidea,Flowering plants,Lentibulariaceae / Poaceae / Araliaceae,Vetblad / Helm / Klimop,https://galerij.kb.nl/kb.html#/nl/florabatava08/page/34/zoom/3/lat/-66.93006025862445/lng/-28.828124999999996,True,Macrolepiota procera / Pleurotus ostreatus / Macrolepiota mastoidea
KW_T_423_10_0022L,10,Primula Elatior,Primula elatior,Primula,elatior,Flowering plants,Asteraceae,Rozenkransje,https://galerij.kb.nl/kb.html#/nl/florabatava08/page/37/zoom/3/lat/-66.93006025862445/lng/-28.828124999999996,False,Primula elatior
KW_T_423_10_0024L,10,Ribes uva crispa,Ribes uva-crispa,Ribes,uva-crispa,Fungi,Agaricaceae,Geschubde inktzwam,https://galerij.kb.nl/kb.html#/nl/florabatava08/page/38/zoom/3/lat/-66.93006025862445/lng/-28.828124999999996,False,Ribes uva-crispa
KW_T_423_10_0026L,10,Doronicum scorpioïdes,Doronicum plantagineum,Doronicum,plantagineum,Flowering plants,Plantaginaceae,Stomphoekig sterrenkroos,https://galerij.kb.nl/kb.html#/nl/florabatava08/page/39/zoom/3/lat/-66.93006025862445/lng/-28.828124999999996,False,Doronicum plantagineum
KW_T_423_10_0028L,10,Lycopodium complanatum,Diphasiastrum tristachyum,Diphasiastrum,tristachyum,Flowering plants,Poaceae,Zachte dravik,https://galerij.kb.nl/kb.html#/nl/florabatava08/page/40/zoom/3/lat/-66.93006025862445/lng/-28.828124999999996,False,Diphasiastrum tristachyum
KW_T_423_10_0030L,10,Polyporus squammosus,Polyporus squamosus,Polyporus,squamosus,Flowering plants,Poaceae,Watergras,https://galerij.kb.nl/kb.html#/nl/florabatava08/page/41/zoom/3/lat/-66.93006025862445/lng/-28.828124999999996,False,Polyporus squamosus
KW_T_423_10_0032L,10,Cochlearia danica,Cochlearia danica,Cochlearia,danica,Flowering plants,Papaveraceae,Bleke klaproos,https://galerij.kb.nl/kb.html#/nl/florabatava08/page/42/zoom/3/lat/-66.93006025862445/lng/-28.828124999999996,False,Cochlearia danica
KW_T_423_10_0034L,10,Nasturtium officinale,Nasturtium microphyllum,Nasturtium,microphyllum,Flowering plants,Lamiaceae,Kleine tijm,https://galerij.kb.nl/kb.html#/nl/florabatava08/page/43/zoom/3/lat/-66.93006025862445/lng/-28.828124999999996,False,Nasturtium microphyllum
KW_T_423_10_0036L,10,Trifolium striatum,Trifolium striatum,Trifolium,striatum,Flowering plants,Caryophyllaceae,Riempjes,https://galerij.kb.nl/kb.html#/nl/florabatava08/page/44/zoom/3/lat/-66.93006025862445/lng/-28.828124999999996,False,Trifolium striatum
KW_T_423_10_0038L,10,Mnium androgynum / Marchantia polymorpha,Aulacomnium androgynum / Marchantia polymorpha,Aulacomnium / Marchantia,androgynum / polymorpha,Flowering plants,Ericaceae / Polygonaceae,Struikhei / Franse boekweit,https://galerij.kb.nl/kb.html#/nl/florabatava08/page/45/zoom/3/lat/-66.93006025862445/lng/-28.828124999999996,True,Aulacomnium androgynum / Marchantia polymorpha
KW_T_423_10_0040L,10,Agaricus campestris,Agaricus campestris,Agaricus,campestris,Flowering plants,Orobanchaceae,Hengel,https://galerij.kb.nl/kb.html#/nl/florabatava08/page/47/zoom/3/lat/-66.93006025862445/lng/-28.828124999999996,False,Agaricus campestris
KW_T_423_10_0042L,10,Scirpus rothii,Schoenoplectus pungens,Schoenoplectus,pungens,Flowering plants,Asteraceae,Glad biggenkruid,https://galerij.kb.nl/kb.html#/nl/florabatava08/page/48/zoom/3/lat/-66.93006025862445/lng/-28.828124999999996,False,Schoenoplectus pungens
KW_T_423_10_0044L,10,Campanula persicifolia,Campanula persicifolia,Campanula,persicifolia,Flowering plants,Poaceae,Mannagras,https://galerij.kb.nl/kb.html#/nl/florabatava08/page/49/zoom/3/lat/-66.93006025862445/lng/-28.828124999999996,False,Campanula persicifolia
KW_T_423_10_0046L,10,Agaricus phalloïdes,Amanita citrina,Amanita,citrina,Flowering plants,Plantaginaceae,Slijkgroen,https://galerij.kb.nl/kb.html#/nl/florabatava08/page/51/zoom/3/lat/-66.93006025862445/lng/-28.828124999999996,False,Amanita citrina
KW_T_423_10_0048L,10,Boletus edulis,Boletus edulis,Boletus,edulis,Mosses,Funariaceae,Gewoon knikkertjesmos,https://galerij.kb.nl/kb.html#/nl/florabatava08/page/52/zoom/3/lat/-66.93006025862445/lng/-28.828124999999996,False,Boletus edulis
KW_T_423_10_0050L,10,Boletus scaber / Boletus felleus,Leccinum scabrum s.l. / Tylopilus felleus,Leccinum / Tylopilus,scabrum s.l. / felleus,Algae,Gigartinaceae / Laminariaceae,Iers mos / Suikerwier,https://galerij.kb.nl/kb.html#/nl/florabatava08/page/53/zoom/3/lat/-66.93006025862445/lng/-28.828124999999996,True,Leccinum scabrum s.l. / Tylopilus felleus
KW_T_423_10_0052L,10,Leersia oryzoïdes,Leersia oryzoides,Leersia,oryzoides,Flowering plants,Poaceae,Kweek,https://galerij.kb.nl/kb.html#/nl/florabatava08/page/55/zoom/3/lat/-66.89559561140706/lng/-28.916015625,False,Leersia oryzoides
KW_T_423_10_0054L,10,Saponaria officinalis,Saponaria officinalis,Saponaria,officinalis,Flowering plants,Asteraceae,Moerasandijvie,https://galerij.kb.nl/kb.html#/nl/florabatava08/page/56/zoom/3/lat/-66.89559561140706/lng/-28.916015625,False,Saponaria officinalis
KW_T_423_10_0056L,10,Agaricus floccosus,Pholiota squarrosa,Pholiota,squarrosa,Flowering plants,Lamiaceae,Watermunt,https://galerij.kb.nl/kb.html#/nl/florabatava08/page/57/zoom/3/lat/-66.93006025862445/lng/-28.828124999999996,False,Pholiota squarrosa
KW_T_423_10_0058L,10,Polyporus igniarius,Phellinus populicola,Phellinus,populicola,Flowering plants,Alismataceae,Pijlkruid,https://galerij.kb.nl/kb.html#/nl/florabatava08/page/58/zoom/3/lat/-66.89559561140706/lng/-28.916015625,False,Phellinus populicola
KW_T_423_10_0060L,10,Polyporus ribis,Phylloporia ribis,Phylloporia,ribis,Flowering plants,Poaceae,Slijkgras,https://galerij.kb.nl/kb.html#/nl/florabatava08/page/59/zoom/3/lat/-66.93006025862445/lng/-28.828124999999996,False,Phylloporia ribis
KW_T_423_10_0062L,10,Asperula odorata,Galium odoratum,Galium,odoratum,Flowering plants,Plumbaginaceae,Lamsoor,https://galerij.kb.nl/kb.html#/nl/florabatava08/page/60/zoom/3/lat/-66.93006025862445/lng/-28.828124999999996,False,Galium odoratum
KW_T_423_10_0064L,10,Chrysosplenium oppositifolium,Chrysosplenium oppositifolium,Chrysosplenium,oppositifolium,Algae,Fucaceae,Knotswier,https://galerij.kb.nl/kb.html#/nl/florabatava08/page/61/zoom/3/lat/-66.93006025862445/lng/-28.828124999999996,False,Chrysosplenium oppositifolium
KW_T_423_10_0066L,10,Potentilla argentea,Potentilla argentea,Potentilla,argentea,Algae,Fucaceae,Kleine zee-eik,https://galerij.kb.nl/kb.html#/nl/florabatava08/page/62/zoom/3/lat/-66.93006025862445/lng/-28.828124999999996,False,Potentilla argentea
KW_T_423_10_0068L,10,Cantharellus aurantiacus,Hygrophoropsis aurantiaca,Hygrophoropsis,aurantiaca,Flowering plants,Ranunculaceae,Behaarde boterbloem,https://galerij.kb.nl/kb.html#/nl/florabatava08/page/63/zoom/3/lat/-66.93006025862445/lng/-28.828124999999996,False,Hygrophoropsis aurantiaca
KW_T_423_10_0070L,10,Geaster mammosus / Tulostoma mammosum / Thelephora terrestris,Geastrum triplex / Tulostoma brumale / Thelephora terrestris,Geastrum / Tulostoma / Thelephora,triplex / brumale / terrestris,Flowering plants,Rosaceae / Chlorophyceae / Bangiaceae,Kruipganzerik / Zeesla / Purperwier,https://galerij.kb.nl/kb.html#/nl/florabatava08/page/64/zoom/3/lat/-66.93006025862445/lng/-28.828124999999996,True,Geastrum triplex / Tulostoma brumale / Thelephora terrestris
KW_T_423_10_0072L,10,Luzula maxima,Luzula sylvatica,Luzula,sylvatica,Mosses,Orthotrichaceae,Broeskroesmos,https://galerij.kb.nl/kb.html#/nl/florabatava08/page/67/zoom/3/lat/-66.93006025862445/lng/-28.828124999999996,False,Luzula sylvatica
KW_T_423_10_0074L,10,Lychnis dioica,Silene dioica,Silene,dioica,Flowering plants,Plantaginaceae,Genadekruid,https://galerij.kb.nl/kb.html#/nl/florabatava08/page/68/zoom/3/lat/-66.93006025862445/lng/-28.828124999999996,False,Silene dioica
KW_T_423_10_0076L,10,Medicago maculata,Medicago arabica,Medicago,arabica,Flowering plants,Polygonaceae,Boekweit,https://galerij.kb.nl/kb.html#/nl/florabatava08/page/69/zoom/3/lat/-66.93006025862445/lng/-28.828124999999996,False,Medicago arabica
KW_T_423_10_0077L,10,Medicago maculata,Medicago arabica,Medicago,arabica,Flowering plants,Asparagaceae,Vroege sterhyacint,https://galerij.kb.nl/kb.html#/nl/florabatava08/page/70/zoom/3/lat/-66.93006025862445/lng/-28.828124999999996,False,Medicago arabica
KW_T_423_10_0079L,10,Polyporus varius,Polyporus badius,Polyporus,badius,Flowering plants,Scrophulariaceae,Gevleugeld helmkruid,https://galerij.kb.nl/kb.html#/nl/florabatava08/page/71/zoom/3/lat/-66.93006025862445/lng/-28.828124999999996,False,Polyporus badius
KW_T_423_10_0081L,10,Gagea stenopetala,Gagea pratensis,Gagea,pratensis,Fungi,Peltigeraceae,Leermos,https://galerij.kb.nl/kb.html#/nl/florabatava08/page/72/zoom/3/lat/-66.93006025862445/lng/-28.828124999999996,False,Gagea pratensis
KW_T_423_10_0083L,10,Helleborus viridis,Helleborus viridis,Helleborus,viridis,Fungi,Peltigeraceae,Leermos,https://galerij.kb.nl/kb.html#/nl/florabatava08/page/72/zoom/3/lat/-66.93006025862445/lng/-28.828124999999996,False,Helleborus viridis
KW_T_423_10_0085L,10,Lamium galeobdolon,Lamiastrum galeobdolon subsp. montanum,Lamiastrum,galeobdolon subsp. montanum,Fungi,Clavicipitaceae,Echt moederkoren,https://galerij.kb.nl/kb.html#/nl/florabatava08/page/74/zoom/3/lat/-66.93006025862445/lng/-28.828124999999996,False,Lamiastrum galeobdolon subsp. montanum
KW_T_423_10_0087L,10,Carex pseudo-cyperus,Carex pseudocyperus,Carex,pseudocyperus,Flowering plants,Aquifoliaceae,Hulst,https://galerij.kb.nl/kb.html#/nl/florabatava08/page/75/zoom/3/lat/-66.93006025862445/lng/-28.828124999999996,False,Carex pseudocyperus
KW_T_423_10_0089L,10,Cyathus olla / Merulius lacrymans,Cyathus olla / Serpula lacrymans,Cyathus / Serpula,olla / lacrymans,Flowering plants,Brassicaceae / Polytrichaceae,Bosveldkers / Groot rimpelmos,https://galerij.kb.nl/kb.html#/nl/florabatava08/page/76/zoom/3/lat/-66.89559561140706/lng/-28.916015625,True,Cyathus olla / Serpula lacrymans
KW_T_423_10_0091L,10,Juncus maritimus,Juncus maritimus,Juncus,maritimus,Fungi,Baeomycetaceae,Roze heikorst,https://galerij.kb.nl/kb.html#/nl/florabatava08/page/78/zoom/3/lat/-66.93006025862445/lng/-28.828124999999996,False,Juncus maritimus
KW_T_423_10_0093L,10,Hypericum hirsutum,Hypericum hirsutum,Hypericum,hirsutum,Flowering plants,Juncaceae,Wijdbloeiende rus,https://galerij.kb.nl/kb.html#/nl/florabatava08/page/80/zoom/3/lat/-66.93006025862445/lng/-28.828124999999996,False,Hypericum hirsutum
KW_T_423_10_0095L,10,Hypericum montanum,Hypericum montanum,Hypericum,montanum,Flowering plants,Cyperaceae,Eenarig wollegras,https://galerij.kb.nl/kb.html#/nl/florabatava08/page/81/zoom/3/lat/-66.93006025862445/lng/-28.828124999999996,False,Hypericum montanum
KW_T_423_10_0097L,10,Equisetum telmateja,Equisetum telmateia,Equisetum,telmateia,Mosses,Polytrichaceae,Fraai haarmos,https://galerij.kb.nl/kb.html#/nl/florabatava08/page/82/zoom/3/lat/-66.93006025862445/lng/-28.828124999999996,False,Equisetum telmateia
KW_T_423_10_0099L,10,Agaricus rubescens,Amanita rubescens,Amanita,rubescens,Mosses,Polytrichaceae,Gewoon haarmos,https://galerij.kb.nl/kb.html#/nl/florabatava08/page/83/zoom/3/lat/-66.93006025862445/lng/-28.828124999999996,False,Amanita rubescens
KW_T_423_10_0101L,10,Convolvulus soldanella,Convolvulus soldanella,Convolvulus,soldanella,Flowering plants,Caryophyllaceae,Heelbeen,https://galerij.kb.nl/kb.html#/nl/florabatava08/page/84/zoom/3/lat/-66.93006025862445/lng/-28.828124999999996,False,Convolvulus soldanella
KW_T_423_10_0103L,10,Chondrilla juncea,Chondrilla juncea,Chondrilla,juncea,Flowering plants,Caryophyllaceae,Oorsilene,https://galerij.kb.nl/kb.html#/nl/florabatava08/page/85/zoom/3/lat/-66.93006025862445/lng/-28.828124999999996,False,Chondrilla juncea
KW_T_423_10_0105L,10,Typha latifolia,Typha latifolia,Typha,latifolia,Flowering plants,Cyperaceae,Slanke zegge,https://galerij.kb.nl/kb.html#/nl/florabatava08/page/86/zoom/3/lat/-66.93006025862445/lng/-28.828124999999996,False,Typha latifolia
KW_T_423_10_0107L,10,Agaricus velutinus,Lacrymaria lacrymabunda,Lacrymaria,lacrymabunda,Flowering plants,Cyperaceae,Zegge spec.,https://galerij.kb.nl/kb.html#/nl/florabatava08/page/88/zoom/3/lat/-66.93006025862445/lng/-28.828124999999996,False,Lacrymaria lacrymabunda
KW_T_423_10_0109L,10,Boletus cyanescens,Gyroporus cyanescens,Gyroporus,cyanescens,Flowering plants,Melanthiaceae,Eenbes,https://galerij.kb.nl/kb.html#/nl/florabatava09/page/9/zoom/3/lat/-68.65655498475735/lng/-30.761718749999996,False,Gyroporus cyanescens
KW_T_423_10_0111L,10,Triodia decumbens,Danthonia decumbens,Danthonia,decumbens,Flowering plants,Rubiaceae,Blauw walstro,https://galerij.kb.nl/kb.html#/nl/florabatava09/page/10/zoom/3/lat/-68.65655498475735/lng/-30.761718749999996,False,Danthonia decumbens
KW_T_423_10_0113L,10,Eryngium campestre,Eryngium campestre,Eryngium,campestre,Flowering plants,Caryophyllaceae,Tengere veldmuur,https://galerij.kb.nl/kb.html#/nl/florabatava09/page/11/zoom/3/lat/-68.65655498475735/lng/-30.761718749999996,False,Eryngium campestre
KW_T_423_10_0115L,10,Epilobium hirsutum,Epilobium hirsutum,Epilobium,hirsutum,Flowering plants,Amaryllidaceae,Zomerklokje,https://galerij.kb.nl/kb.html#/nl/florabatava09/page/12/zoom/3/lat/-68.65655498475735/lng/-30.761718749999996,False,Epilobium hirsutum
KW_T_423_10_0117L,10,Raphanus raphanistrum,Raphanus raphanistrum,Raphanus,raphanistrum,Flowering plants,Boraginaceae,Gevlekt longkruid,https://galerij.kb.nl/kb.html#/nl/florabatava09/page/13/zoom/3/lat/-68.65655498475735/lng/-30.761718749999996,False,Raphanus raphanistrum
KW_T_423_10_0119L,10,Agaricus melleus,Armillaria mellea,Armillaria,mellea,Flowering plants,Plantaginaceae,Bosereprijs,https://galerij.kb.nl/kb.html#/nl/florabatava09/page/14/zoom/3/lat/-68.65655498475735/lng/-30.761718749999996,False,Armillaria mellea
KW_T_423_10_0121L,10,Chenopodium murale,Chenopodium murale,Chenopodium,murale,Flowering plants,Boraginaceae,Gewone ossentong,https://galerij.kb.nl/kb.html#/nl/florabatava09/page/15/zoom/3/lat/-68.65655498475735/lng/-30.761718749999996,False,Chenopodium murale
KW_T_423_10_0123L,10,Oenothera biennis,Oenothera spec.,Oenothera,spec.,Flowering plants,Ericaceae,Klein wintergroen,https://galerij.kb.nl/kb.html#/nl/florabatava09/page/16/zoom/3/lat/-68.65655498475735/lng/-30.761718749999996,False,Oenothera spec.
KW_T_423_10_0125L,10,Gnaphalium luteo-album,Gnaphalium luteoalbum,Gnaphalium,luteoalbum,Flowering plants,Rosaceae,Knikkend nagelkruid,https://galerij.kb.nl/kb.html#/nl/florabatava09/page/17/zoom/3/lat/-68.65655498475735/lng/-30.761718749999996,False,Gnaphalium luteoalbum
KW_T_423_10_0127L,10,Asplenium trichomanes,Asplenium trichomanes,Asplenium,trichomanes,Flowering plants,Cyperaceae,Hazenzegge,https://galerij.kb.nl/kb.html#/nl/florabatava09/page/18/zoom/3/lat/-68.65655498475735/lng/-30.761718749999996,False,Asplenium trichomanes
KW_T_423_10_0129L,10,Agaricus ostreatus,Pleurotus ostreatus,Pleurotus,ostreatus,Flowering plants,Cyperaceae,Platte bies,https://galerij.kb.nl/kb.html#/nl/florabatava09/page/19/zoom/3/lat/-68.65655498475735/lng/-30.761718749999996,False,Pleurotus ostreatus
KW_T_423_10_0131L,10,Rumex scutatus,Rumex scutatus,Rumex,scutatus,Flowering plants,Lamiaceae,Klein glidkruid,https://galerij.kb.nl/kb.html#/nl/florabatava09/page/20/zoom/3/lat/-68.62454366344708/lng/-30.849609375,False,Rumex scutatus
KW_T_423_10_0133L,10,Colchicum autumnale,Colchicum autumnale,Colchicum,autumnale,Flowering plants,Asteraceae,Zaagblad,https://galerij.kb.nl/kb.html#/nl/florabatava09/page/21/zoom/3/lat/-68.62454366344708/lng/-30.849609375,False,Colchicum autumnale
KW_T_423_10_0135L,10,Potentilla verna,Potentilla verna,Potentilla,verna,Flowering plants,Orchidaceae,Veenmosorchis,https://galerij.kb.nl/kb.html#/nl/florabatava09/page/22/zoom/3/lat/-68.62454366344708/lng/-30.849609375,False,Potentilla verna
KW_T_423_10_0137L,10,Agaricus vaginatus,Amanita fulva,Amanita,fulva,Fungi,Teloschistaceae,Groot dooiermos,https://galerij.kb.nl/kb.html#/nl/florabatava09/page/23/zoom/3/lat/-68.62454366344708/lng/-30.849609375,False,Amanita fulva
KW_T_423_10_0139L,10,Clavaria stricta,Ramaria stricta,Ramaria,stricta,Flowering plants,Plantaginaceae,Hertshoornweegbree,https://galerij.kb.nl/kb.html#/nl/florabatava09/page/24/zoom/3/lat/-68.62454366344708/lng/-30.849609375,False,Ramaria stricta
KW_T_423_10_0141L,10,Callitriche autumnalis,Callitriche hermaphroditica,Callitriche,hermaphroditica,Flowering plants,Lamiaceae,Malrove,https://galerij.kb.nl/kb.html#/nl/florabatava09/page/25/zoom/3/lat/-68.62454366344708/lng/-30.849609375,False,Callitriche hermaphroditica
KW_T_423_10_0143L,10,Chrysanthemum parthenium,Tanacetum parthenium,Tanacetum,parthenium,Flowering plants,Asteraceae,Goudknopje,https://galerij.kb.nl/kb.html#/nl/florabatava09/page/26/zoom/3/lat/-68.62454366344708/lng/-30.849609375,False,Tanacetum parthenium
KW_T_423_10_0145L,10,Centaurea scabiosa,Centaurea scabiosa,Centaurea,scabiosa,Fungi,Ramalinaceae,Takmos spec,https://galerij.kb.nl/kb.html#/nl/florabatava09/page/27/zoom/3/lat/-68.62454366344708/lng/-30.849609375,False,Centaurea scabiosa
KW_T_423_10_0147L,10,Daedalea quercina,Daedalea quercina,Daedalea,quercina,Fungi,Hygrophoropsidaceae,Valse hanenkam,https://galerij.kb.nl/kb.html#/nl/florabatava09/page/28/zoom/3/lat/-68.62454366344708/lng/-30.849609375,False,Daedalea quercina
KW_T_423_10_0149L,10,Lenzites sepiaria / Lenzites betulina,Gloeophyllum sepiarium / Trametes gibbosa,Gloeophyllum / Trametes,sepiarium / gibbosa,Flowering plants,Cyperaceae / Potamogetonaceae,Mattenbies / Langstengelig fonteinkruid,https://galerij.kb.nl/kb.html#/nl/florabatava09/page/29/zoom/3/lat/-68.62454366344708/lng/-30.849609375,True,Gloeophyllum sepiarium / Trametes gibbosa
KW_T_423_10_0151L,10,Bromus secalinus f. vulgaris,Bromus secalinus,Bromus,secalinus,Flowering plants,Caryophyllaceae,Kaal breukkruid,https://galerij.kb.nl/kb.html#/nl/florabatava09/page/31/zoom/3/lat/-68.62454366344708/lng/-30.849609375,False,Bromus secalinus
KW_T_423_10_0153L,10,Allium schoenoprasum,Allium schoenoprasum,Allium,schoenoprasum,Flowering plants,Fabaceae,Bonte wikke,https://galerij.kb.nl/kb.html#/nl/florabatava09/page/32/zoom/3/lat/-68.62454366344708/lng/-30.849609375,False,Allium schoenoprasum
KW_T_423_10_0155L,10,Malva moschata,Malva moschata,Malva,moschata,Ferns,Equisetaceae,Schaafstro,https://galerij.kb.nl/kb.html#/nl/florabatava09/page/33/zoom/3/lat/-68.62454366344708/lng/-30.849609375,False,Malva moschata
KW_T_423_10_0157L,10,Parmelia caperata / Parmelia saxatilis / Parmelia perlata,Flavoparmelia spec. / Parmelia spec. / Parmelia spec.,Flavoparmelia / Parmelia,spec. / spec. / spec.,Flowering plants,Liliaceae / Fabaceae / Polytrichaceae,Wilde kievitsbloem / Boslathyrus / Gewone viltmuts,https://galerij.kb.nl/kb.html#/nl/florabatava09/page/35/zoom/3/lat/-68.62454366344708/lng/-30.849609375,True,Flavoparmelia spec. / Parmelia spec. / Parmelia spec.
KW_T_423_10_0159L,10,Phallus impudicus,Phallus impudicus,Phallus,impudicus,Fungi,Morchellaceae,Gewone morielje,https://galerij.kb.nl/kb.html#/nl/florabatava09/page/38/zoom/3/lat/-68.62454366344708/lng/-30.849609375,False,Phallus impudicus
KW_T_423_10_0161L,10,Cynodon dactylon,Cynodon dactylon,Cynodon,dactylon,Flowering plants,Rubiaceae,Noords walstro,https://galerij.kb.nl/kb.html#/nl/florabatava09/page/39/zoom/3/lat/-68.62454366344708/lng/-30.849609375,False,Cynodon dactylon
KW_T_423_10_0163L,10,Campanula trachelium,Campanula trachelium,Campanula,trachelium,Flowering plants,Geraniaceae,Glanzige ooievaarsbek,https://galerij.kb.nl/kb.html#/nl/florabatava09/page/40/zoom/3/lat/-68.62454366344708/lng/-30.849609375,False,Campanula trachelium
KW_T_423_10_0165L,10,Campanula glomerata,Campanula glomerata,Campanula,glomerata,Flowering plants,Asteraceae,Edel duizendblad,https://galerij.kb.nl/kb.html#/nl/florabatava09/page/41/zoom/3/lat/-68.62454366344708/lng/-30.849609375,False,Campanula glomerata
KW_T_423_10_0167L,10,Agaricus velutipes,Flammulina velutipes s.l.,Flammulina,velutipes s.l.,Mosses,Grimmiaceae,Gewoon muisjesmos,https://galerij.kb.nl/kb.html#/nl/florabatava09/page/42/zoom/3/lat/-68.62454366344708/lng/-30.849609375,False,Flammulina velutipes s.l.
KW_T_423_10_0169L,10,Trametes suaveolens,Trametes suaveolens,Trametes,suaveolens,Flowering plants,Cyperaceae,Galigaan,https://galerij.kb.nl/kb.html#/nl/florabatava09/page/44/zoom/3/lat/-68.62454366344708/lng/-30.849609375,False,Trametes suaveolens
KW_T_423_11_0010L,11,Setaria verticillata,Setaria verticillata,Setaria,verticillata,Flowering plants,Ranunculaceae,Wilde ridderspoor,https://galerij.kb.nl/kb.html#/nl/florabatava09/page/45/zoom/3/lat/-68.62454366344708/lng/-30.849609375,False,Setaria verticillata
KW_T_423_11_0012L,11,Silene inflata,Silene vulgaris,Silene,vulgaris,Flowering plants,Cyperaceae,Ronde zegge,https://galerij.kb.nl/kb.html#/nl/florabatava09/page/46/zoom/3/lat/-68.62454366344708/lng/-30.849609375,False,Silene vulgaris
KW_T_423_11_0014L,11,Melilotus alba,Melilotus albus,Melilotus,albus,Mosses,Climaciaceae,Boompjesmos,https://galerij.kb.nl/kb.html#/nl/florabatava09/page/47/zoom/3/lat/-68.62454366344708/lng/-30.849609375,False,Melilotus albus
KW_T_423_11_0016L,11,Boletus badius,Imleria badia,Imleria,badia,Mosses,Polytrichaceae,Grote viltmuts,https://galerij.kb.nl/kb.html#/nl/florabatava09/page/48/zoom/3/lat/-68.62454366344708/lng/-30.849609375,False,Imleria badia
KW_T_423_11_0018L,11,Panus stipticus / Lycogala epidendrum,Panellus cf. stipticus / Lycogala epidendrum,Panellus / Lycogala,cf. stipticus / epidendrum,Mosses,Fontinalaceae / Boraginaceae,Gewoon bronmos / Ruw parelzaad,https://galerij.kb.nl/kb.html#/nl/florabatava09/page/48/zoom/3/lat/-68.62454366344708/lng/-30.849609375,True,Panellus cf. stipticus / Lycogala epidendrum
KW_T_423_11_0020L,11,Anemone pulsatilla,Pulsatilla vulgaris,Pulsatilla,vulgaris,Flowering plants,Campanulaceae,Witte rapunzel,https://galerij.kb.nl/kb.html#/nl/florabatava09/page/50/zoom/3/lat/-68.62454366344708/lng/-30.849609375,False,Pulsatilla vulgaris
KW_T_423_11_0022L,11,Clinopodium vulgare,Clinopodium vulgare,Clinopodium,vulgare,Flowering plants,Brassicaceae,Veldkruidkers,https://galerij.kb.nl/kb.html#/nl/florabatava09/page/51/zoom/3/lat/-68.62454366344708/lng/-30.849609375,False,Clinopodium vulgare
KW_T_423_11_0024L,11,Fucus vesiculosus,Fucus vesiculosus,Fucus,vesiculosus,Mosses,Fissidentaceae,Gezoomd vedermos,https://galerij.kb.nl/kb.html#/nl/florabatava09/page/52/zoom/3/lat/-68.62454366344708/lng/-30.849609375,False,Fucus vesiculosus
KW_T_423_11_0026L,11,Trichia turbinata / Funaria hygrometrica,Trichia spec. / Funaria hygrometrica,Trichia / Funaria,spec. / hygrometrica,Mosses,Fissidentaceae,Groot vedermos / Kleivedermos,https://galerij.kb.nl/kb.html#/nl/florabatava09/page/52/zoom/3/lat/-68.62454366344708/lng/-30.849609375,True,Trichia spec. / Funaria hygrometrica
KW_T_423_11_0028L,11,Hygrophorus coccineus / Hygrophorus conicus,Hygrocybe coccinea / Hygrocybe conica,Hygrocybe,coccinea / conica,Algae,Sargassaceae / Gentianaceae,Hauwwier / Draadgentiaan,https://galerij.kb.nl/kb.html#/nl/florabatava09/page/53/zoom/3/lat/-68.62454366344708/lng/-30.849609375,True,Hygrocybe coccinea / Hygrocybe conica
KW_T_423_11_0030L,11,Carum bulbocastanum,Bunium bulbocastanum,Bunium,bulbocastanum,Flowering plants,Lamiaceae,Polei,https://galerij.kb.nl/kb.html#/nl/florabatava09/page/55/zoom/3/lat/-68.62454366344708/lng/-30.849609375,False,Bunium bulbocastanum
KW_T_423_11_0032L,11,Allium ursinum,Allium ursinum,Allium,ursinum,Flowering plants,Cyperaceae,Zandzegge,https://galerij.kb.nl/kb.html#/nl/florabatava09/page/56/zoom/3/lat/-68.62454366344708/lng/-30.849609375,False,Allium ursinum
KW_T_423_11_0034L,11,Hypericum pulchrum,Hypericum pulchrum,Hypericum,pulchrum,Flowering plants,Urticaceae,Groot glaskruid,https://galerij.kb.nl/kb.html#/nl/florabatava09/page/57/zoom/3/lat/-68.62454366344708/lng/-30.849609375,False,Hypericum pulchrum
KW_T_423_11_0036L,11,Clavaria inaequalis / Clavaria argillaceae / Clavaria fastigiata / Bulgaria inquinans,Clavulinopsis helvola s.l. / Clavaria argillacea / Clavulinopsis corniculata / Bulgaria inquinans,Clavulinopsis / Clavaria / Bulgaria,helvola s.l. / argillacea / corniculata / inquinans,Fungi,Parmeliaceae / Liliaceae,Gewoon kraakloof / Olijfschildmos / Akkergeelster / Bosgeelster,https://galerij.kb.nl/kb.html#/nl/florabatava09/page/58/zoom/3/lat/-68.62454366344708/lng/-30.849609375,True,Clavulinopsis helvola s.l. / Clavaria argillacea / Clavulinopsis corniculata / Bulgaria inquinans
KW_T_423_11_0038L,11,Poronia punctata / Agaricus mutabilis / Agaricus aeruginosus,Poronia punctata s.l. / Armillaria ostoyae / Stropharia caerulea,Poronia / Armillaria / Stropharia,punctata s.l. / ostoyae / caerulea,Flowering plants,Asteraceae / Cyperaceae / Cryphaeaceae,Moerasstreepzaad / Blaaszegge / Vliermos,https://galerij.kb.nl/kb.html#/nl/florabatava09/page/61/zoom/3/lat/-68.62454366344708/lng/-30.849609375,True,Poronia punctata s.l. / Armillaria ostoyae / Stropharia caerulea
KW_T_423_11_0040L,11,Cuscuta europaea,Cuscuta europaea,Cuscuta,europaea,Flowering plants,Rubiaceae,Ruw walstro,https://galerij.kb.nl/kb.html#/nl/florabatava09/page/64/zoom/3/lat/-66.96447630005638/lng/-21.005859375,False,Cuscuta europaea
KW_T_423_11_0042L,11,Antirrhinum orontium,Misopates orontium,Misopates,orontium,Flowering plants,Juncaceae,Tengere rus,https://galerij.kb.nl/kb.html#/nl/florabatava09/page/65/zoom/3/lat/-66.96447630005638/lng/-21.005859375,False,Misopates orontium
KW_T_423_11_0044L,11,Vicia lathyroides,Vicia lathyroides,Vicia,lathyroides,Flowering plants,Lamiaceae,Kleine steentijm,https://galerij.kb.nl/kb.html#/nl/florabatava09/page/66/zoom/3/lat/-66.96447630005638/lng/-21.005859375,False,Vicia lathyroides
KW_T_423_11_0046L,11,Salix caprea,Salix caprea,Salix,caprea,Flowering plants,Lamiaceae,Gevlekte dovenetel,https://galerij.kb.nl/kb.html#/nl/florabatava09/page/67/zoom/3/lat/-68.62454366344708/lng/-30.849609375,False,Salix caprea
KW_T_423_11_0048L,11,Coprinus micaceus / Agaricus campanulatus / Agaricus separatus,Coprinellus micaceus s.l. / Panaeolus papilionaceus / Panaeolus semiovatus,Coprinellus / Panaeolus,micaceus s.l. / papilionaceus / semiovatus,Mosses,Polytrichaceae / Polygonaceae / Euphorbiaceae,Kleine viltmuts / Kluwenzuring / Cipreswolfsmelk,https://galerij.kb.nl/kb.html#/nl/florabatava09/page/68/zoom/3/lat/-66.96447630005638/lng/-21.005859375,True,Coprinellus micaceus s.l. / Panaeolus papilionaceus / Panaeolus semiovatus
KW_T_423_11_0050L,11,Ligustrum vulgare,Ligustrum vulgare,Ligustrum,vulgare,Flowering plants,Euphorbiaceae,Heksenmelk,https://galerij.kb.nl/kb.html#/nl/florabatava09/page/71/zoom/3/lat/-66.96447630005638/lng/-21.005859375,False,Ligustrum vulgare
KW_T_423_11_0052L,11,Rosa rubiginosa,Rosa rubiginosa,Rosa,rubiginosa,Flowering plants,Euphorbiaceae,Zandwolfsmelk,https://galerij.kb.nl/kb.html#/nl/florabatava09/page/72/zoom/3/lat/-66.96447630005638/lng/-21.005859375,False,Rosa rubiginosa
KW_T_423_11_0054L,11,Trifolium filiforme,Trifolium dubium,Trifolium,dubium,Mosses,Mniaceae,Gerimpeld boogsterrenmos,https://galerij.kb.nl/kb.html#/nl/florabatava09/page/73/zoom/3/lat/-66.96447630005638/lng/-21.005859375,False,Trifolium dubium
KW_T_423_11_0056L,11,Agaricus fascicularis / Agaricus laccatus,Hypholoma fasciculare / Laccaria laccata,Hypholoma / Laccaria,fasciculare / laccata,Mosses,Mniaceae,Gewoon sterrenmos / Spits boogsterrenmos,https://galerij.kb.nl/kb.html#/nl/florabatava09/page/73/zoom/3/lat/-66.96447630005638/lng/-21.005859375,True,Hypholoma fasciculare / Laccaria laccata
KW_T_423_11_0058L,11,Lactarius torminosus / Lactarius zonarius / Lactarius piperatus,Lactarius torminosus / Lactarius zonarius / Lactarius controversus,Lactarius,torminosus / zonarius / controversus,Flowering plants,Apiaceae / Resedaceae / Fabaceae,Karwijvarkenskervel / Wilde reseda / Kleine rupsklaver,https://galerij.kb.nl/kb.html#/nl/florabatava09/page/74/zoom/3/lat/-66.96447630005638/lng/-21.005859375,True,Lactarius torminosus / Lactarius zonarius / Lactarius controversus
KW_T_423_11_0060L,11,Galium sylvaticum,Galium sylvaticum,Galium,sylvaticum,Flowering plants,Ericaceae,Kraaihei,https://galerij.kb.nl/kb.html#/nl/florabatava09/page/77/zoom/3/lat/-66.96447630005638/lng/-21.005859375,False,Galium sylvaticum
KW_T_423_11_0062L,11,Potamogeton lucens,Potamogeton lucens,Potamogeton,lucens,Fungi,Physciaceae,Wimpermos,https://galerij.kb.nl/kb.html#/nl/florabatava09/page/78/zoom/3/lat/-66.96447630005638/lng/-21.005859375,False,Potamogeton lucens
KW_T_423_11_0064L,11,Betonica officinalis,Stachys officinalis,Stachys,officinalis,Flowering plants,Ranunculaceae,Winterakoniet,https://galerij.kb.nl/kb.html#/nl/florabatava09/page/79/zoom/3/lat/-66.96447630005638/lng/-21.005859375,False,Stachys officinalis
KW_T_423_11_0066L,11,Geoglossum glabrum / Agaricus phalloides / Hypoxylon polymorphum,Geoglossum umbratile s.l. / Amanita phalloides / Xylaria polymorpha,Geoglossum / Amanita / Xylaria,umbratile s.l. / phalloides / polymorpha,Flowering plants,Plantaginaceae / Brassicaceae,Spiesleeuwenbek / Eironde leeuwenbek / Torenkruid,https://galerij.kb.nl/kb.html#/nl/florabatava09/page/80/zoom/3/lat/-66.96447630005638/lng/-21.005859375,True,Geoglossum umbratile s.l. / Amanita phalloides / Xylaria polymorpha
KW_T_423_11_0068L,11,Marasmius oreades,Marasmius oreades,Marasmius,oreades,Fungi,Lycoperdaceae,Plooivoetstuifzwam,https://galerij.kb.nl/kb.html#/nl/florabatava09/page/83/zoom/3/lat/-68.62454366344708/lng/-30.849609375,False,Marasmius oreades
KW_T_423_11_0070L,11,Setaria viridis,Setaria viridis,Setaria,viridis,Fungi,Lycoperdaceae,Ruitjesbovist,https://galerij.kb.nl/kb.html#/nl/florabatava09/page/83/zoom/3/lat/-68.62454366344708/lng/-30.849609375,False,Setaria viridis
KW_T_423_11_0072L,11,Cichorium intybus,Cichorium intybus,Cichorium,intybus,Flowering plants,Amaryllidaceae,Moeslook,https://galerij.kb.nl/kb.html#/nl/florabatava09/page/84/zoom/3/lat/-68.62454366344708/lng/-30.849609375,False,Cichorium intybus
KW_T_423_11_0074L,11,Artemisia maritima (gallica),Artemisia maritima,Artemisia,maritima,Flowering plants,Crassulaceae,Zacht vetkruid,https://galerij.kb.nl/kb.html#/nl/florabatava09/page/85/zoom/3/lat/-68.62454366344708/lng/-30.849609375,False,Artemisia maritima
KW_T_423_11_0076L,11,Calla palustris,Calla palustris,Calla,palustris,Flowering plants,Asteraceae,Zomerfijnstraal,https://galerij.kb.nl/kb.html#/nl/florabatava09/page/86/zoom/3/lat/-68.62454366344708/lng/-30.849609375,False,Calla palustris
KW_T_423_11_0078L,11,Lactarius turpis,Lactarius necator,Lactarius,necator,Flowering plants,Amaranthaceae,Kleine majer,https://galerij.kb.nl/kb.html#/nl/florabatava09/page/87/zoom/3/lat/-62.062733258846514/lng/-14.501953124999998,False,Lactarius necator
KW_T_423_11_0080L,11,Rosa gallica,Rosa gallica,Rosa,gallica,Fungi,Sclerodermataceae,Gele aardappelbovist,https://galerij.kb.nl/kb.html#/nl/florabatava09/page/88/zoom/3/lat/-62.062733258846514/lng/-14.501953124999998,False,Rosa gallica
KW_T_423_11_0082L,11,Genista germanica,Genista germanica,Genista,germanica,Fungi,Lycoperdaceae,Reuzenbovist,https://galerij.kb.nl/kb.html#/nl/florabatava09/page/88/zoom/3/lat/-62.062733258846514/lng/-14.501953124999998,False,Genista germanica
KW_T_423_11_0084L,11,Orobanche major,Orobanche rapum-genistae,Orobanche,rapum-genistae,Flowering plants,Poaceae,Pijpenstrootje,https://galerij.kb.nl/kb.html#/nl/florabatava10/page/10/zoom/2/lat/0.17578097424708533/lng/-0.17578125,False,Orobanche rapum-genistae
KW_T_423_11_0086L,11,Jungermannia epiphylla / Jungermannia asplenioides,Pellia epiphylla / Plagiochila asplenioides,Pellia / Plagiochila,epiphylla / asplenioides,Flowering plants,Caryophyllaceae / Dryopteridaceae,Nachtkoekoeksbloem / Niervaren (G),https://galerij.kb.nl/kb.html#/nl/florabatava10/page/11/zoom/2/lat/0.17578097424708533/lng/-0.17578125,True,Pellia epiphylla / Plagiochila asplenioides
KW_T_423_11_0089L,11,Usnea barbata / Cladonia rangiferina (Lichen rangiferinus),Usnea spec. / Cladonia rangiferina,Usnea / Cladonia,spec. / rangiferina,Mosses,Plagiotheciaceae / Brachytheciaceae,Gerimpeld platmos / Gewoon dikkopmos,https://galerij.kb.nl/kb.html#/nl/florabatava10/page/13/zoom/3/lat/-71.10254274232307/lng/-77.783203125,True,Usnea spec. / Cladonia rangiferina
KW_T_423_11_0091L,11,Astragalus glycyphyllos,Astragalus glycyphyllos,Astragalus,glycyphyllos,Ferns,Ophioglossaceae,1. Addertong 2. Gewoon dikkopmos 3. Gerimpeld platmos 4. Glanzend etagemos,https://galerij.kb.nl/kb.html#/nl/florabatava10/page/13/zoom/2/lat/0.17578097424708533/lng/-0.17578125,False,Astragalus glycyphyllos
KW_T_423_11_0093L,11,Silene gallica,Silene gallica,Silene,gallica,Mosses,Hylocomiaceae,Glanzend etagemos,https://galerij.kb.nl/kb.html#/nl/florabatava10/page/13/zoom/3/lat/-71.10254274232307/lng/-77.783203125,False,Silene gallica
KW_T_423_11_0095L,11,Orobus tuberosus,Lathyrus linifolius,Lathyrus,linifolius,Fungi,Agaricaceae,Grote parasolzwam,https://galerij.kb.nl/kb.html#/nl/florabatava10/page/15/zoom/3/lat/-72.20867825343294/lng/-9.755859375,False,Lathyrus linifolius
KW_T_423_11_0097L,11,Agaricus violaceus,Cortinarius violaceus,Cortinarius,violaceus,Fungi,Pleurotaceae,Oesterzwam,https://galerij.kb.nl/kb.html#/nl/florabatava10/page/15/zoom/3/lat/-72.20867825343294/lng/-9.755859375,False,Cortinarius violaceus
KW_T_423_11_0099L,11,Agaricus conicus,Hygrocybe conica,Hygrocybe,conica,Fungi,Agaricaceae,Tepelparasolzwam,https://galerij.kb.nl/kb.html#/nl/florabatava10/page/15/zoom/3/lat/-72.20867825343294/lng/-9.755859375,False,Hygrocybe conica
KW_T_423_11_0101L,11,Melica uniflora,Melica uniflora,Melica,uniflora,Flowering plants,Primulaceae,Slanke sleutelbloem,https://galerij.kb.nl/kb.html#/nl/florabatava10/page/16/zoom/3/lat/-64.43489204304058/lng/-17.666015625,False,Melica uniflora
KW_T_423_11_0103L,11,Euphorbia lathyris,Euphorbia lathyris,Euphorbia,lathyris,Flowering plants,Grossulariaceae,Kruisbes,https://galerij.kb.nl/kb.html#/nl/florabatava10/page/17/zoom/3/lat/-64.43489204304058/lng/-17.666015625,False,Euphorbia lathyris
KW_T_423_11_0105L,11,Fucus cartilagineus,Plocamium cartilagineum,Plocamium,cartilagineum,Flowering plants,Asteraceae,Weegbreezonnebloem,https://galerij.kb.nl/kb.html#/nl/florabatava10/page/18/zoom/3/lat/-64.43489204304058/lng/-17.666015625,False,Plocamium cartilagineum
KW_T_423_11_0107L,11,Sphagnum cymbifolium / Sphagnum latifolium,Sphagnum cf. papillosum / Sphagnum palustre,Sphagnum,cf. papillosum / palustre,Ferns,Lycopodiaceae / Polyporaceae,Kleine wolfsklauw / Zadelzwam,https://galerij.kb.nl/kb.html#/nl/florabatava10/page/19/zoom/3/lat/-64.43489204304058/lng/-17.666015625,True,Sphagnum cf. papillosum / Sphagnum palustre
KW_T_423_11_0109L,11,Hypnum tamariscinum / Hypnum stellatum,Thuidium tamariscinum / Campylium stellatum,Thuidium / Campylium,tamariscinum / stellatum,Flowering plants,Brassicaceae,Deens lepelblad / Slanke waterkers,https://galerij.kb.nl/kb.html#/nl/florabatava10/page/21/zoom/3/lat/-64.43489204304058/lng/-17.666015625,True,Thuidium tamariscinum / Campylium stellatum
KW_T_423_11_0111L,11,Phyteuma nigrum,Phyteuma nigrum,Phyteuma,nigrum,Flowering plants,Fabaceae,Gestreepte klaver,https://galerij.kb.nl/kb.html#/nl/florabatava10/page/23/zoom/3/lat/-64.43489204304058/lng/-17.666015625,False,Phyteuma nigrum
KW_T_423_11_0113L,11,Rhynchospora fusca / Milium scabrum,Rhynchospora fusca / Milium vernale,Rhynchospora / Milium,fusca / vernale,Mosses,Aulacomniaceae / Marchantiaceae,Gewoon knopjesmos / Parapluutjesmos,https://galerij.kb.nl/kb.html#/nl/florabatava10/page/24/zoom/3/lat/-64.43489204304058/lng/-17.666015625,True,Rhynchospora fusca / Milium vernale
KW_T_423_11_0115L,11,Atropa belladonna,Atropa belladonna,Atropa,belladonna,Fungi,Agaricaceae,Gewone weidechampignon,https://galerij.kb.nl/kb.html#/nl/florabatava10/page/25/zoom/3/lat/-64.43489204304058/lng/-17.666015625,False,Atropa belladonna
KW_T_423_11_0117L,11,Hypnum abietinum / Hypnum albicans / Hypnum schreberi,Calliergonella cf. cuspidata / Brachythecium albicans / Pleurozium schreberi,Calliergonella / Brachythecium / Pleurozium,cf. cuspidata / albicans / schreberi,Flowering plants,Cyperaceae / Campanulaceae / Amanitaceae,Stekende bies / Prachtklokje / Gele knolamaniet,https://galerij.kb.nl/kb.html#/nl/florabatava10/page/26/zoom/3/lat/-64.43489204304058/lng/-17.666015625,True,Calliergonella cf. cuspidata / Brachythecium albicans / Pleurozium schreberi
KW_T_423_11_0119L,11,Sphaeria chionea / Peridermium pini var. acicola / (Fusarium) Tubercularia granulata et ciliata,Melanospora chionea  / Cronartium flaccidum  / Ascomycetes spec.,Melanospora / Cronartium / Ascomycetes,chionea / flaccidum / spec.,Fungi,Boletaceae / Poaceae,Gewoon eekhoorntjesbrood / Bittere boleet / Rijstgras,https://galerij.kb.nl/kb.html#/nl/florabatava10/page/29/zoom/3/lat/-64.43489204304058/lng/-17.666015625,True,Melanospora chionea  / Cronartium flaccidum  / Ascomycetes spec.
KW_T_423_11_0121L,11,Myosotis sylvatica,Myosotis sylvatica,Myosotis,sylvatica,Flowering plants,Caryophyllaceae,Zeepkruid,https://galerij.kb.nl/kb.html#/nl/florabatava10/page/32/zoom/3/lat/-64.43489204304058/lng/-17.666015625,False,Myosotis sylvatica
KW_T_423_11_0123L,11,Gnaphalium montanum,Filago minima,Filago,minima,Fungi,Strophariaceae,Schubbige bundelzwam,https://galerij.kb.nl/kb.html#/nl/florabatava10/page/33/zoom/3/lat/-67.50856836293859/lng/-37.001953125,False,Filago minima
KW_T_423_11_0125L,11,Bartramia pomiformis / Parmelia physodes,Bartramia pomiformis / Hypogymnia physodes,Bartramia / Hypogymnia,pomiformis / physodes,Fungi,Hymenochaetaceae,Populiervuurzwam / Bessenvuurzwam,https://galerij.kb.nl/kb.html#/nl/florabatava10/page/34/zoom/3/lat/-67.50856836293859/lng/-37.001953125,True,Bartramia pomiformis / Hypogymnia physodes
KW_T_423_11_0127L,11,Jungermannia byssacea / Fungi cornucopioides,Cephaloziella divaricata / Cladonia coccifera,Cephaloziella / Cladonia,divaricata / coccifera,Flowering plants,Rubiaceae / Saxifragaceae,Lievevrouwebedstro / Paarbladig goudveil,https://galerij.kb.nl/kb.html#/nl/florabatava10/page/36/zoom/3/lat/-67.50856836293859/lng/-37.001953125,True,Cephaloziella divaricata / Cladonia coccifera
KW_T_423_11_0129L,11,Stereocaulon passchale / Lecidea petraea / Stereocaulon condyloideum,Stereocaulon cf. saxatile / Lecidea lapicida  / Stereocaulon condensatum ,Stereocaulon / Lecidea,cf. saxatile / lapicida / condensatum,Flowering plants,Rosaceae / Hygrophoropsidaceae / Geastraceae,Viltganzerik / Valse hanenkam / Gekraagde aardster,https://galerij.kb.nl/kb.html#/nl/florabatava10/page/38/zoom/3/lat/-67.50856836293859/lng/-37.001953125,True,Stereocaulon cf. saxatile / Lecidea lapicida  / Stereocaulon condensatum 
KW_T_423_11_0131L,11,Veronica maritima,Veronica longifolia,Veronica,longifolia,Fungi,Agaricaceae,Gesteelde stuifbal,https://galerij.kb.nl/kb.html#/nl/florabatava10/page/40/zoom/3/lat/-67.50856836293859/lng/-37.001953125,False,Veronica longifolia
KW_T_423_11_0133L,11,Verbascum cuspidatum,Verbascum densiflorum,Verbascum,densiflorum,Fungi,Thelephoraceae,Gewone franjezwam,https://galerij.kb.nl/kb.html#/nl/florabatava10/page/40/zoom/3/lat/-67.50856836293859/lng/-37.001953125,False,Verbascum densiflorum
KW_T_423_11_0135L,11,Erodium moschatum,Erodium moschatum,Erodium,moschatum,Flowering plants,Juncaceae,Grote veldbies,https://galerij.kb.nl/kb.html#/nl/florabatava10/page/41/zoom/3/lat/-67.50856836293859/lng/-37.001953125,False,Erodium moschatum
KW_T_423_11_0137L,11,Scolopendrium officinarum,Asplenium scolopendrium,Asplenium,scolopendrium,Flowering plants,Caryophyllaceae,Dagkoekoeksbloem,https://galerij.kb.nl/kb.html#/nl/florabatava10/page/42/zoom/3/lat/-68.23682270936281/lng/-48.95507812499999,False,Asplenium scolopendrium
KW_T_423_11_0139L,11,Sargassum columbi,Sargassum natans,Sargassum,natans,Flowering plants,Fabaceae,Gevlekte rupsklaver,https://galerij.kb.nl/kb.html#/nl/florabatava10/page/43/zoom/3/lat/-67.50856836293859/lng/-37.001953125,False,Sargassum natans
KW_T_423_11_0141L,11,Carduus marianus,Silybum marianum,Silybum,marianum,Flowering plants,Fabaceae,Gevlekte rupsklaver,https://galerij.kb.nl/kb.html#/nl/florabatava10/page/43/zoom/3/lat/-67.50856836293859/lng/-37.001953125,False,Silybum marianum
KW_T_423_11_0143L,11,Inula helenium,Inula helenium,Inula,helenium,Fungi,Polyporaceae,Peksteel,https://galerij.kb.nl/kb.html#/nl/florabatava10/page/45/zoom/3/lat/-67.50856836293859/lng/-37.001953125,False,Inula helenium
KW_T_423_11_0145L,11,Digitalis purpurea,Digitalis purpurea,Digitalis,purpurea,Flowering plants,Liliaceae,Weidegeelster,https://galerij.kb.nl/kb.html#/nl/florabatava10/page/46/zoom/3/lat/-67.50856836293859/lng/-37.001953125,False,Digitalis purpurea
KW_T_423_11_0147L,11,Solenia linza,Ulva linza,Ulva,linza,Flowering plants,Ranunculaceae,Wrangwortel,https://galerij.kb.nl/kb.html#/nl/florabatava10/page/47/zoom/3/lat/-67.50856836293859/lng/-37.001953125,False,Ulva linza
KW_T_423_11_0149L,11,Solenia compressa,Ulva compressa,Ulva,compressa,Flowering plants,Cyperaceae,Hoge cyperzegge,https://galerij.kb.nl/kb.html#/nl/florabatava10/page/49/zoom/3/lat/-67.50856836293859/lng/-37.001953125,False,Ulva compressa
KW_T_423_11_0151L,11,Lycium barbarum,Lycium barbarum,Lycium,barbarum,Fungi,Agaricaceae,Bleek nestzwammetje,https://galerij.kb.nl/kb.html#/nl/florabatava10/page/50/zoom/3/lat/-67.50856836293859/lng/-37.001953125,False,Lycium barbarum
KW_T_423_11_0153L,11,Clethra alnifolia,Clethra alnifolia,Clethra,alnifolia,Fungi,Serpulaceae,Echte huiszwam,https://galerij.kb.nl/kb.html#/nl/florabatava10/page/50/zoom/3/lat/-67.50856836293859/lng/-37.001953125,False,Clethra alnifolia
KW_T_423_11_0155L,11,Aspidium thelypteris,Thelypteris palustris,Thelypteris,palustris,Flowering plants,Juncaceae,Zeerus,https://galerij.kb.nl/kb.html#/nl/florabatava10/page/51/zoom/2/lat/0.17578097424708533/lng/-0.17578125,False,Thelypteris palustris
KW_T_423_11_0157L,11,Agaricus lactifluus,Lactifluus volemus,Lactifluus,volemus,Flowering plants,Hypericaceae,Ruig hertshooi,https://galerij.kb.nl/kb.html#/nl/florabatava10/page/52/zoom/2/lat/0.17578097424708533/lng/-0.17578125,False,Lactifluus volemus
KW_T_423_11_0159L,11,Agaricus ovatus atramentarius,Coprinus comatus,Coprinus,comatus,Flowering plants,Hypericaceae,Berghertshooi,https://galerij.kb.nl/kb.html#/nl/florabatava10/page/53/zoom/2/lat/0.17578097424708533/lng/-0.17578125,False,Coprinus comatus
KW_T_423_11_0161L,11,Lolium temulentum,Lolium temulentum,Lolium,temulentum,Ferns,Equisetaceae,Reuzenpaardenstaart,https://galerij.kb.nl/kb.html#/nl/florabatava10/page/54/zoom/2/lat/0.17578097424708533/lng/-0.17578125,False,Lolium temulentum
KW_T_423_11_0163L,11,Viola canina,Viola canina,Viola,canina,Fungi,Amanitaceae,Parelamaniet,https://galerij.kb.nl/kb.html#/nl/florabatava10/page/55/zoom/2/lat/0.17578097424708533/lng/-0.17578125,False,Viola canina
KW_T_423_11_0165L,11,Lactuca scariola,Lactuca serriola,Lactuca,serriola,Flowering plants,Convolvulaceae,Zeewinde,https://galerij.kb.nl/kb.html#/nl/florabatava10/page/56/zoom/2/lat/0.17578097424708533/lng/-0.17578125,False,Lactuca serriola
KW_T_423_11_0167L,11,Uredo graminis,Puccinia graminis,Puccinia,graminis,Flowering plants,Asteraceae,Knikbloem,https://galerij.kb.nl/kb.html#/nl/florabatava10/page/57/zoom/2/lat/0.17578097424708533/lng/-0.17578125,False,Puccinia graminis
KW_T_423_12_0010L,12,Linaria arvensis,Linaria arvensis,Linaria,arvensis,Flowering plants,Typhaceae,Grote lisdodde,https://galerij.kb.nl/kb.html#/nl/florabatava10/page/58/zoom/2/lat/0.17578097424708533/lng/-0.17578125,False,Linaria arvensis
KW_T_423_12_0012L,12,Dicranum spurium / Dicranum glaucum,Dicranum spurium / Leucobryum glaucum,Dicranum / Leucobryum,spurium / glaucum,Fungi,Psathyrellaceae / Gyroporaceae,Tranende franjehoed / Indigoboleet,https://galerij.kb.nl/kb.html#/nl/florabatava10/page/59/zoom/2/lat/0.17578097424708533/lng/-0.17578125,True,Dicranum spurium / Leucobryum glaucum
KW_T_423_12_0014L,12,Adonis autumnalis,Adonis aestivalis,Adonis,aestivalis,Flowering plants,Poaceae,Tandjesgras,https://galerij.kb.nl/kb.html#/nl/florabatava10/page/61/zoom/2/lat/0.17578097424708533/lng/-0.17578125,False,Adonis aestivalis
KW_T_423_12_0016L,12,Equisetum sylvaticum,Equisetum sylvaticum,Equisetum,sylvaticum,Flowering plants,Apiaceae,Kruisdistel,https://galerij.kb.nl/kb.html#/nl/florabatava10/page/62/zoom/2/lat/0.17578097424708533/lng/-0.17578125,False,Equisetum sylvaticum
KW_T_423_12_0018L,12,Asplenium adiantum nigrum,Asplenium adiantum-nigrum,Asplenium,adiantum-nigrum,Flowering plants,Onagraceae,Harig wilgenroosje,https://galerij.kb.nl/kb.html#/nl/florabatava10/page/63/zoom/2/lat/0.17578097424708533/lng/-0.17578125,False,Asplenium adiantum-nigrum
KW_T_423_12_0020L,12,Hypnum squarrosum / Hypnum triquetrum,Rhytidiadelphus squarrosus / Rhytidiadelphus triquetrus,Rhytidiadelphus,squarrosus / triquetrus,Flowering plants,Brassicaceae / Physalacriaceae,Knopherik / Echte honingzwam,https://galerij.kb.nl/kb.html#/nl/florabatava10/page/64/zoom/2/lat/0.17578097424708533/lng/-0.17578125,True,Rhytidiadelphus squarrosus / Rhytidiadelphus triquetrus
KW_T_423_12_0022L,12,Clematis vitalba,Clematis vitalba,Clematis,vitalba,Flowering plants,Amaranthaceae,Muurganzenvoet,https://galerij.kb.nl/kb.html#/nl/florabatava10/page/66/zoom/2/lat/0.17578097424708533/lng/-0.17578125,False,Clematis vitalba
KW_T_423_12_0024L,12,Malva alcea,Malva alcea,Malva,alcea,Flowering plants,Onagraceae,Teunisbloem spec.,https://galerij.kb.nl/kb.html#/nl/florabatava10/page/67/zoom/2/lat/0.17578097424708533/lng/-0.17578125,False,Malva alcea
KW_T_423_12_0026L,12,Borago officinalis,Borago officinalis,Borago,officinalis,Flowering plants,Asteraceae,Bleekgele droogbloem,https://galerij.kb.nl/kb.html#/nl/florabatava10/page/68/zoom/2/lat/0.17578097424708533/lng/-0.17578125,False,Borago officinalis
KW_T_423_12_0028L,12,Adianthum capillus veneris,Adiantum capillus-veneris,Adiantum,capillus-veneris,Flowering plants,Aspleniaceae,Steenbreekvaren,https://galerij.kb.nl/kb.html#/nl/florabatava10/page/69/zoom/2/lat/0.17578097424708533/lng/-0.17578125,False,Adiantum capillus-veneris
KW_T_423_12_0030L,12,Helminthia echioides,Helminthotheca echioides,Helminthotheca,echioides,Fungi,Pleurotaceae,Oesterzwam,https://galerij.kb.nl/kb.html#/nl/florabatava10/page/15/zoom/3/lat/-72.20867825343294/lng/-9.755859375,False,Helminthotheca echioides
KW_T_423_12_0032L,12,Ervum gracile,Vicia tetrasperma subsp. gracilis,Vicia,tetrasperma subsp. gracilis,Flowering plants,Polygonaceae,Spaanse zuring,https://galerij.kb.nl/kb.html#/nl/florabatava10/page/71/zoom/2/lat/0.17578097424708533/lng/-0.17578125,False,Vicia tetrasperma subsp. gracilis
KW_T_423_12_0034L,12,Lychnis coronaria,Silene coronaria,Silene,coronaria,Flowering plants,Colchicaceae,Herfsttijloos,https://galerij.kb.nl/kb.html#/nl/florabatava10/page/72/zoom/2/lat/0.17578097424708533/lng/-0.17578125,False,Silene coronaria
KW_T_423_12_0036L,12,Conferva linum / Conferva rupestris / Chordaria flagelliformis,Chaetomorpha linum / Cladophora rupestris / Chordaria flagelliformis,Chaetomorpha / Cladophora / Chordaria,linum / rupestris / flagelliformis,Flowering plants,Rosaceae / Amanitaceae / Gomphaceae,Voorjaarsganzerik / Roodbruine slanke amaniet / Rechte koraalzwam,https://galerij.kb.nl/kb.html#/nl/florabatava10/page/73/zoom/2/lat/0.17578097424708533/lng/-0.17578125,True,Chaetomorpha linum / Cladophora rupestris / Chordaria flagelliformis
KW_T_423_12_0038L,12,Zygnema quininum / Griffithsia corallina,Spirogyra porticalis / Griffithsia devoniensis,Spirogyra / Griffithsia,porticalis / devoniensis,Flowering plants,Plantaginaceae / Asteraceae,Rond sterrenkroos / Moederkruid,https://galerij.kb.nl/kb.html#/nl/florabatava10/page/76/zoom/2/lat/0.17578097424708533/lng/-0.17578125,True,Spirogyra porticalis / Griffithsia devoniensis
KW_T_423_12_0040L,12,Rubus odoratus,Rubus odoratus,Rubus,odoratus,Flowering plants,Asteraceae,Grote centaurie,https://galerij.kb.nl/kb.html#/nl/florabatava10/page/78/zoom/2/lat/0.17578097424708533/lng/-0.17578125,False,Rubus odoratus
KW_T_423_12_0042L,12,Sempervivum tectorum,Sempervivum tectorum,Sempervivum,tectorum,Fungi,Fomitopsidaceae,Doolhofzwam,https://galerij.kb.nl/kb.html#/nl/florabatava10/page/79/zoom/2/lat/0.17578097424708533/lng/-0.17578125,False,Sempervivum tectorum
KW_T_423_12_0044L,12,Ribes alpinum,Ribes alpinum,Ribes,alpinum,Fungi,Gloeophyllaceae,Geelbruine plaatjeshoutzwam,https://galerij.kb.nl/kb.html#/nl/florabatava10/page/80/zoom/2/lat/0.17578097424708533/lng/-0.17578125,False,Ribes alpinum
KW_T_423_12_0046L,12,Boletus satanas,Xerocomellus chrysenteron s.l.,Xerocomellus,chrysenteron s.l.,Fungi,Polyporaceae,Witte bultzwam,https://galerij.kb.nl/kb.html#/nl/florabatava10/page/80/zoom/2/lat/0.17578097424708533/lng/-0.17578125,False,Xerocomellus chrysenteron s.l.
KW_T_423_12_0048L,12,Zostera marina / Zostera nana,Zostera marina / Zostera noltei,Zostera,marina / noltei,Flowering plants,Poaceae / Amaryllidaceae,Dreps / Bieslook,https://galerij.kb.nl/kb.html#/nl/florabatava10/page/81/zoom/2/lat/0.17578097424708533/lng/-0.17578125,True,Zostera marina / Zostera noltei
KW_T_423_12_0050L,12,Cucubalus bacciferus,Silene baccifera,Silene,baccifera,Flowering plants,Malvaceae,Muskuskaasjeskruid,https://galerij.kb.nl/kb.html#/nl/florabatava10/page/83/zoom/2/lat/0.17578097424708533/lng/-0.17578125,False,Silene baccifera
KW_T_423_12_0052L,12,Chara vulgaris,Chara spec.,Chara,spec.,Fungi,Parmeliaceae,,https://galerij.kb.nl/kb.html#/nl/florabatava10/page/84/zoom/2/lat/0.17578097424708533/lng/-0.17578125,False,Chara spec.
KW_T_423_12_0054L,12,Nitella syncarpa,Nitella syncarpa,Nitella,syncarpa,Fungi,Parmeliaceae,Schildmos spec.,https://galerij.kb.nl/kb.html#/nl/florabatava10/page/84/zoom/2/lat/0.17578097424708533/lng/-0.17578125,False,Nitella syncarpa
KW_T_423_12_0056L,12,Asarum europaeum,Asarum europaeum,Asarum,europaeum,Fungi,Parmeliaceae,Schildmos spec.,https://galerij.kb.nl/kb.html#/nl/florabatava10/page/84/zoom/2/lat/0.17578097424708533/lng/-0.17578125,False,Asarum europaeum
KW_T_423_12_0058L,12,Secale cornutum,Claviceps purpurea s.l.,Claviceps,purpurea s.l.,Fungi,Phallaceae,Grote stinkzwam,https://galerij.kb.nl/kb.html#/nl/florabatava10/page/85/zoom/2/lat/0.17578097424708533/lng/-0.17578125,False,Claviceps purpurea s.l.
KW_T_423_12_0060L,12,Erica arborea,Erica spec.,Erica,spec.,Flowering plants,Poaceae,Handjesgras,https://galerij.kb.nl/kb.html#/nl/florabatava10/page/86/zoom/2/lat/0.17578097424708533/lng/-0.17578125,False,Erica spec.
KW_T_423_12_0062L,12,Erica cinerea,Erica cinerea,Erica,cinerea,Flowering plants,Campanulaceae,Ruig klokje,https://galerij.kb.nl/kb.html#/nl/florabatava10/page/87/zoom/2/lat/0.17578097424708533/lng/-0.17578125,False,Erica cinerea
KW_T_423_12_0064L,12,Ribes nigrum,Ribes nigrum,Ribes,nigrum,Flowering plants,Campanulaceae,Kluwenklokje,https://galerij.kb.nl/kb.html#/nl/florabatava10/page/88/zoom/2/lat/0.17578097424708533/lng/-0.17578125,False,Ribes nigrum
KW_T_423_12_0066L,12,Badiaga fluviatilis,Spongilla lacustris,Spongilla,lacustris,Fungi,Polyporaceae,Anijskurkzwam,https://galerij.kb.nl/kb.html#/nl/florabatava10/page/90/zoom/2/lat/0.17578097424708533/lng/-0.17578125,False,Spongilla lacustris
KW_T_423_12_0068L,12,Marchantia polymorpha / M. stellata / M. umbellata,Marchantia polymorpha,Marchantia,polymorpha,Flowering plants,Poaceae,Kransnaaldaar,https://galerij.kb.nl/kb.html#/nl/florabatava11/page/9/zoom/3/lat/-67.50856836293859/lng/-37.001953125,False,Marchantia polymorpha
KW_T_423_12_0070L,12,Silene armeria,Silene armeria,Silene,armeria,Flowering plants,Caryophyllaceae,Blaassilene,https://galerij.kb.nl/kb.html#/nl/florabatava11/page/10/zoom/3/lat/-67.50856836293859/lng/-37.001953125,False,Silene armeria
KW_T_423_12_0072L,12,Allium schoenoprasum,Allium schoenoprasum,Allium,schoenoprasum,Flowering plants,Fabaceae,Witte honingklaver,https://galerij.kb.nl/kb.html#/nl/florabatava11/page/11/zoom/3/lat/-67.50856836293859/lng/-37.001953125,False,Allium schoenoprasum
KW_T_423_12_0074L,12,Spergula pentandra,Spergula morisonii,Spergula,morisonii,Fungi,Boletaceae,Kastanjeboleet,https://galerij.kb.nl/kb.html#/nl/florabatava11/page/12/zoom/3/lat/-67.50856836293859/lng/-37.001953125,False,Spergula morisonii
KW_T_423_12_0076L,12,Lycopodium selago,Huperzia selago,Huperzia,selago,Fungi,Reticulariaceae,Gewone boomwrat,https://galerij.kb.nl/kb.html#/nl/florabatava11/page/13/zoom/3/lat/-67.50856836293859/lng/-37.001953125,False,Huperzia selago
KW_T_423_12_0078L,12,Orthotrichum affine / Orthotrichum lyellii,Orthotrichum cf. affine / Orthotrichum spec.,Orthotrichum,cf. affine / spec.,Flowering plants,Ranunculaceae / Lamiaceae,Wildemanskruid / Borstelkrans,https://galerij.kb.nl/kb.html#/nl/florabatava11/page/14/zoom/3/lat/-67.50856836293859/lng/-37.001953126,True,Orthotrichum cf. affine / Orthotrichum spec.
KW_T_423_12_0080L,12,Lathyrus aphaca,Lathyrus aphaca,Lathyrus,aphaca,Algae,Fucaceae,Blaaswier,https://galerij.kb.nl/kb.html#/nl/florabatava11/page/16/zoom/3/lat/-67.50856836293859/lng/-37.001953125,False,Lathyrus aphaca
KW_T_423_12_0081R,12,Lathyrus nissolia,Lathyrus nissolia,Lathyrus,nissolia,Fungi,Trichiaceae,Draadwatje  spec.,https://galerij.kb.nl/kb.html#/nl/florabatava11/page/17/zoom/3/lat/-67.50856836293859/lng/-37.001953125,False,Lathyrus nissolia
KW_T_423_12_0083L,12,Botrychium lunaria,Botrychium lunaria,Botrychium,lunaria,Mosses,Funariaceae,Gewoon krulmos,https://galerij.kb.nl/kb.html#/nl/florabatava11/page/17/zoom/3/lat/-67.50856836293859/lng/-37.001953125,False,Botrychium lunaria
KW_T_423_12_0085L,12,Asplenium filix femina,Athyrium filix-femina,Athyrium,filix-femina,Fungi,Hygrocybaceae,Scharlaken wasplaat,https://galerij.kb.nl/kb.html#/nl/florabatava11/page/18/zoom/3/lat/-67.50856836293859/lng/-37.001953125,False,Athyrium filix-femina
KW_T_423_12_0087L,12,Jungermannia platyphylla / Jungermannia sphagni,Porella platyphylla / Odontoschisma sphagni,Porella / Odontoschisma,platyphylla / sphagni,Fungi,Hygrocybaceae / Apiaceae,Zwartwordende wasplaat / Aardkastanje,https://galerij.kb.nl/kb.html#/nl/florabatava11/page/54/zoom/3/lat/-68.56038368664157/lng/-35.77148437499999,True,Porella platyphylla / Odontoschisma sphagni
KW_T_423_12_0089L,12,Dianthus barbatus,Dianthus barbatus,Dianthus,barbatus,Flowering plants,Amaryllidaceae,Daslook,https://galerij.kb.nl/kb.html#/nl/florabatava11/page/20/zoom/3/lat/-67.50856836293859/lng/-37.001953125,False,Dianthus barbatus
KW_T_423_12_0091L,12,Papaver somniferum,Papaver somniferum,Papaver,somniferum,Flowering plants,Hypericaceae,Fraai hertshooi,https://galerij.kb.nl/kb.html#/nl/florabatava11/page/21/zoom/3/lat/-67.50856836293859/lng/-37.001953125,False,Papaver somniferum
KW_T_423_12_0093L,12,Hesperis matronalis,Hesperis matronalis,Hesperis,matronalis,Fungi,Clavariaceae,Heideknotzwam,https://galerij.kb.nl/kb.html#/nl/florabatava11/page/22/zoom/3/lat/-67.50856836293859/lng/-37.001953125,False,Hesperis matronalis
KW_T_423_12_0095L,12,Jungermannia tomentella,Trichocolea tomentella,Trichocolea,tomentella,Fungi,Clavariaceae,Sikkelkoraalzwam,https://galerij.kb.nl/kb.html#/nl/florabatava11/page/22/zoom/3/lat/-67.50856836293859/lng/-37.001953125,False,Trichocolea tomentella
KW_T_423_12_0097L,12,Aspidium cristatum,Dryopteris cristata,Dryopteris,cristata,Fungi,Phacidiaceae,Zwarte knoopzwam,https://galerij.kb.nl/kb.html#/nl/florabatava11/page/22/zoom/3/lat/-67.50856836293859/lng/-37.001953125,False,Dryopteris cristata
KW_T_423_12_0099L,12,Colutea arborescens,Colutea arborescens,Colutea,arborescens,Fungi,Physalacriaceae,Sombere honingzwam,https://galerij.kb.nl/kb.html#/nl/florabatava11/page/23/zoom/3/lat/-67.50856836293859/lng/-37.001953125,False,Colutea arborescens
KW_T_423_12_0101L,12,Clematis erecta,Clematis viticella,Clematis,viticella,Fungi,Strophariaceae,Valse kopegroenzwam,https://galerij.kb.nl/kb.html#/nl/florabatava11/page/23/zoom/3/lat/-67.50856836293859/lng/-37.001953125,False,Clematis viticella
KW_T_423_12_0103L,12,Cetraria aculeata parmelia / Cetraria islandica,Cetraria aculeata / Cetraria islandica,Cetraria,aculeata / islandica,Flowering plants,Convolvulaceae / Plantaginaceae,Groot warkruid / Akkerleeuwenbek,https://galerij.kb.nl/kb.html#/nl/florabatava11/page/24/zoom/3/lat/-67.50856836293859/lng/-37.001953125,True,Cetraria aculeata / Cetraria islandica
KW_T_423_12_0105L,12,Aesculus hippocastanum,Aesculus hippocastanum,Aesculus,hippocastanum,Flowering plants,Fabaceae,Lathyruswikke,https://galerij.kb.nl/kb.html#/nl/florabatava11/page/26/zoom/3/lat/-67.50856836293859/lng/-37.001953125,False,Aesculus hippocastanum
KW_T_423_12_0107L,12,Pertusaria communis,Pertusaria pertusa,Pertusaria,pertusa,Flowering plants,Salicaceae,Boswilg,https://galerij.kb.nl/kb.html#/nl/florabatava11/page/27/zoom/3/lat/-67.50856836293859/lng/-37.001953125,False,Pertusaria pertusa
KW_T_423_12_0109L,12,Castanea vulgaris,Castanea sativa,Castanea,sativa,Fungi,Galeropsidaceae,Franjevlekplaat,https://galerij.kb.nl/kb.html#/nl/florabatava11/page/28/zoom/3/lat/-67.50856836293859/lng/-37.001953125,False,Castanea sativa
KW_T_423_12_0111L,12,Pisum arvense,Pisum sativum,Pisum,sativum,Fungi,Galeropsidaceae,Geringde vlekplaat,https://galerij.kb.nl/kb.html#/nl/florabatava11/page/28/zoom/3/lat/-67.50856836293859/lng/-37.001953125,False,Pisum sativum
KW_T_423_12_0113L,12,Polygonum fagopyrum / Fagopyrum esculentum,Fagopyrum esculentum,Fagopyrum,esculentum,Flowering plants,Oleaceae,Wilde liguster,https://galerij.kb.nl/kb.html#/nl/florabatava11/page/29/zoom/3/lat/-67.50856836293859/lng/-37.001953125,False,Fagopyrum esculentum
KW_T_423_12_0115L,12,Calycium hyperellum / Pertusaria wulfenii,Calicium viride / Pertusaria hymenea,Calicium / Pertusaria,viride / hymenea,Flowering plants,Rosaceae / Fabaceae,Egelantier / Kleine klaver,https://galerij.kb.nl/kb.html#/nl/florabatava11/page/30/zoom/3/lat/-67.50856836293859/lng/-37.001953125,True,Calicium viride / Pertusaria hymenea
KW_T_423_12_0117L,12,Nicandra physaloides,Nicandra physalodes,Nicandra,physalodes,Fungi,Strophariaceae,Gewone zwavelkop,https://galerij.kb.nl/kb.html#/nl/florabatava11/page/32/zoom/3/lat/-67.50856836293859/lng/-37.001953125,False,Nicandra physalodes
KW_T_423_12_0119L,12,Boletus oudemansii,Suillus placidus,Suillus,placidus,Fungi,Hydnangiaceae,Gewone fopzwam (boven);  Amethistzwam (onder),https://galerij.kb.nl/kb.html#/nl/florabatava11/page/32/zoom/3/lat/-67.50856836293859/lng/-37.001953125,False,Suillus placidus
KW_T_423_12_0121L,12,Agaricus volvaceus,Volvariella volvacea,Volvariella,volvacea,Fungi,Russulaceae,Baardige melkzwam,https://galerij.kb.nl/kb.html#/nl/florabatava11/page/33/zoom/3/lat/-67.50856836293859/lng/-37.001953125,False,Volvariella volvacea
KW_T_423_12_0123L,12,Amblystegium serpens,Amblystegium serpens,Amblystegium,serpens,Fungi,Russulaceae,Fijngegordelde melkzwam,https://galerij.kb.nl/kb.html#/nl/florabatava11/page/33/zoom/3/lat/-67.50856836293859/lng/-37.001953125,False,Amblystegium serpens
KW_T_423_12_0125L,12,Amblystegium juratzkanum,Amblystegium serpens,Amblystegium,serpens,Fungi,Russulaceae,Populiermelkzwam,https://galerij.kb.nl/kb.html#/nl/florabatava11/page/33/zoom/3/lat/-67.50856836293859/lng/-37.001953125,False,Amblystegium serpens
KW_T_423_12_0127L,12,Carex distans,Carex distans,Carex,distans,Flowering plants,Rubiaceae,Boswalstro,https://galerij.kb.nl/kb.html#/nl/florabatava11/page/34/zoom/3/lat/-67.50856836293859/lng/-37.001953125,False,Carex distans
KW_T_423_12_0129L,12,Hieracium pratense,Hieracium caespitosum,Hieracium,caespitosum,Algae,Potamogetonaceae,Glanzig fonteinkruid,https://galerij.kb.nl/kb.html#/nl/florabatava11/page/35/zoom/3/lat/-67.50856836293859/lng/-37.001953125,False,Hieracium caespitosum
KW_T_423_12_0131L,12,Elodaea canadensis (Udora occidentalis),Elodea canadensis,Elodea,canadensis,Flowering plants,Lamiaceae,Betonie,https://galerij.kb.nl/kb.html#/nl/florabatava11/page/36/zoom/3/lat/-67.50856836293859/lng/-37.001953125,False,Elodea canadensis
KW_T_423_12_0133L,12,Geaster rufescens,Geastrum triplex,Geastrum,triplex,Fungi,Amanitaceae,Groene knolamaniet,https://galerij.kb.nl/kb.html#/nl/florabatava11/page/37/zoom/3/lat/-67.50856836293859/lng/-37.001953125,False,Geastrum triplex
KW_T_423_12_0135L,12,Orobanche minor,Orobanche minor,Orobanche,minor,Fungi,Xylariaceae,Houtknotszwam,https://galerij.kb.nl/kb.html#/nl/florabatava11/page/37/zoom/3/lat/-67.50856836293859/lng/-37.001953125,False,Orobanche minor
KW_T_423_12_0137L,12,Buxbaumia aphylla,Buxbaumia aphylla,Buxbaumia,aphylla,Fungi,Marasmiaceae,Weidekringzwam,https://galerij.kb.nl/kb.html#/nl/florabatava11/page/38/zoom/3/lat/-67.50856836293859/lng/-37.001953125,False,Buxbaumia aphylla
KW_T_423_12_0139L,12,Carex paludosa,Carex acutiformis,Carex,acutiformis,Flowering plants,Poaceae,Groene naaldaar,https://galerij.kb.nl/kb.html#/nl/florabatava11/page/39/zoom/3/lat/-67.50856836293859/lng/-37.001953125,False,Carex acutiformis
KW_T_423_12_0141L,12,Carex paludosa var. pendula,Carex spec.,Carex,spec.,Flowering plants,Asteraceae,Wilde cichorei,https://galerij.kb.nl/kb.html#/nl/florabatava11/page/40/zoom/3/lat/-67.50856836293859/lng/-37.001953125,False,Carex spec.
KW_T_423_12_0143L,12,Lentinus suff(r)utescens,Neolentinus lepideus ,Neolentinus,lepideus,Flowering plants,Asteraceae,Zeealsem,http://galerij.kb.nl/kb.html#/nl/florabatava11/page/41/zoom/3/lat/-68.62454366344708/lng/-48.427734375,False,Neolentinus lepideus 
KW_T_423_12_0145L,12,Barbula laevipila / Barbula muralis,Syntrichia laevipila / Tortula muralis,Syntrichia / Tortula,laevipila / muralis,Flowering plants,Araceae / Russulaceae,Slangenwortel / Zwartgroene melkzwam,https://galerij.kb.nl/kb.html#/nl/florabatava11/page/42/zoom/3/lat/-67.50856836293859/lng/-37.001953125,True,Syntrichia laevipila / Tortula muralis
KW_T_423_12_0147L,12,Senecio erucifolius,Jacobaea erucifolia,Jacobaea,erucifolia,Flowering plants,Rosaceae,Franse roos,https://galerij.kb.nl/kb.html#/nl/florabatava11/page/44/zoom/3/lat/-67.50856836293859/lng/-37.001953125,False,Jacobaea erucifolia
KW_T_423_12_0149L,12,Carex vulgaris,Carex nigra,Carex,nigra,Flowering plants,Fabaceae,Duitse brem,https://galerij.kb.nl/kb.html#/nl/florabatava11/page/45/zoom/3/lat/-67.50856836293859/lng/-37.001953125,False,Carex nigra
KW_T_423_12_0151L,12,Pimpinella magna,Pimpinella major,Pimpinella,major,Flowering plants,Orobanchaceae,Grote bremraap,https://galerij.kb.nl/kb.html#/nl/florabatava11/page/46/zoom/3/lat/-67.50856836293859/lng/-37.001953125,False,Pimpinella major
KW_T_423_12_0153L,12,Polypodium dryopteris,Coniferscarpium dryopteris,Coniferscarpium,dryopteris,Mosses,Pelliaceae,Gewoon plakkaatmos,https://galerij.kb.nl/kb.html#/nl/florabatava11/page/47/zoom/3/lat/-67.50856836293859/lng/-37.001953125,False,Coniferscarpium dryopteris
KW_T_423_12_0155L,12,Tillaea muscosa,Crassula tillaea,Crassula,tillaea,Mosses,Plagiochilaceae,#N/A,https://galerij.kb.nl/kb.html#/nl/florabatava11/page/48/zoom/3/lat/-70.46620742226557/lng/-110.12695312499999,False,Crassula tillaea
KW_T_423_12_0157L,12,Thalictrum silvaticum,Thalictrum minus,Thalictrum,minus,Fungi,Parmeliaceae,Baardmos spec.,https://galerij.kb.nl/kb.html#/nl/florabatava11/page/49/zoom/3/lat/-67.50856836293859/lng/-37.001953125,False,Thalictrum minus
KW_T_423_12_0159L,12,Senecio aquaticus,Jacobaea aquatica,Jacobaea,aquatica,Fungi,Cladoniaceae,Echt rendiermos,https://galerij.kb.nl/kb.html#/nl/florabatava11/page/49/zoom/3/lat/-67.50856836293859/lng/-37.001953125,False,Jacobaea aquatica
KW_T_423_12_0161L,12,Corispermum marschallii,Corispermum marschallii,Corispermum,marschallii,Flowering plants,Fabaceae,Hokjespeul,https://galerij.kb.nl/kb.html#/nl/florabatava11/page/50/zoom/3/lat/-67.50856836293859/lng/-37.001953125,False,Corispermum marschallii
KW_T_423_12_0163L,12,Pimpinella saxifraga,Pimpinella saxifraga,Pimpinella,saxifraga,Flowering plants,Caryophyllaceae,Franse silene,https://galerij.kb.nl/kb.html#/nl/florabatava11/page/51/zoom/3/lat/-67.90861918215302/lng/-41.220703125,False,Pimpinella saxifraga
KW_T_423_12_0165L,12,Monotropa hipopitys,Monotropa hypopitys,Monotropa,hypopitys,Flowering plants,Fabaceae,Knollathyrus,https://galerij.kb.nl/kb.html#/nl/florabatava11/page/52/zoom/3/lat/-68.366801093914/lng/-40.693359375,False,Monotropa hypopitys
KW_T_423_12_0167L,12,Crepis virens,Crepis capillaris,Crepis,capillaris,Fungi,Cortinariaceae,Violette gordijnzwam,https://galerij.kb.nl/kb.html#/nl/florabatava11/page/53/zoom/3/lat/-71.88357830131248/lng/-39.63867187499999,False,Crepis capillaris
KW_T_423_13_0010L,13,Carex vulpina,Carex otrubae,Carex,otrubae,Fungi,Hygrocybaceae,Zwartwordende wasplaat,https://galerij.kb.nl/kb.html#/nl/florabatava11/page/54/zoom/3/lat/-68.56038368664157/lng/-35.77148437499999,False,Carex otrubae
KW_T_423_13_0012L,13,Carex remota,Carex remota,Carex,remota,Flowering plants,Poaceae,Eenbloemig parelgras,https://galerij.kb.nl/kb.html#/nl/florabatava11/page/55/zoom/3/lat/-68.56038368664157/lng/-35.77148437499999,False,Carex remota
KW_T_423_13_0014L,13,Carex pilulifera,Carex pilulifera,Carex,pilulifera,Flowering plants,Euphorbiaceae,Kruisbladige wolfsmelk,https://galerij.kb.nl/kb.html#/nl/florabatava11/page/56/zoom/3/lat/-68.56038368664157/lng/-35.77148437499999,False,Carex pilulifera
KW_T_423_13_0016L,13,Carex ampullacea,Carex rostrata,Carex,rostrata,Algae,Plocamiaceae,Kamwier,https://galerij.kb.nl/kb.html#/nl/florabatava11/page/57/zoom/3/lat/-68.56038368664157/lng/-35.77148437499999,False,Carex rostrata
KW_T_423_13_0018L,13,Carex stellulata,Carex echinata,Carex,echinata,Mosses,Sphagnaceae,cf. Wrattig veenmos,https://galerij.kb.nl/kb.html#/nl/florabatava11/page/58/zoom/3/lat/-68.56038368664157/lng/-35.77148437499999,False,Carex echinata
KW_T_423_13_0020L,13,Carex paniculata,Carex paniculata,Carex,paniculata,Mosses,Thuidiaceae,Gewoon thujamos,https://galerij.kb.nl/kb.html#/nl/florabatava11/page/59/zoom/3/lat/-68.56038368664157/lng/-35.77148437499999,False,Carex paniculata
KW_T_423_13_0022L,13,Carex elongata,Carex elongata,Carex,elongata,Mosses,Amblystegiaceae,Sterrengoudmos,https://galerij.kb.nl/kb.html#/nl/florabatava11/page/59/zoom/3/lat/-68.56038368664157/lng/-35.77148437499999,False,Carex elongata
KW_T_423_13_0024L,13,Carex acuta,Carex acuta,Carex,acuta,Flowering plants,Campanulaceae,Zwartblauwe rapunzel,https://galerij.kb.nl/kb.html#/nl/florabatava11/page/60/zoom/3/lat/-68.56038368664157/lng/-36.474609375,False,Carex acuta
KW_T_423_13_0026L,13,Carex muricata,Carex sect. Phaestoglochin,Carex,sect. Phaestoglochin,Flowering plants,Cyperaceae,Bruine snavelbies,https://galerij.kb.nl/kb.html#/nl/florabatava11/page/61/zoom/3/lat/-68.56038368664157/lng/-36.474609381,False,Carex sect. Phaestoglochin
KW_T_423_13_0028L,13,Carex glauca,Carex flacca,Carex,flacca,Flowering plants,Poaceae,Ruw gierstgras,https://galerij.kb.nl/kb.html#/nl/florabatava11/page/61/zoom/3/lat/-68.56038368664157/lng/-36.474609375,False,Carex flacca
KW_T_423_13_0030L,13,Carex flava,Carex demissa,Carex,demissa,Flowering plants,Solanaceae,Wolfskers,https://galerij.kb.nl/kb.html#/nl/florabatava11/page/62/zoom/3/lat/-68.56038368664157/lng/-36.474609375,False,Carex demissa
KW_T_423_13_0032L,13,Heleocharis multicaulis,Eleocharis multicaulis,Eleocharis,multicaulis,Mosses,Brachytheciaceae,Bleek dikkopmos,https://galerij.kb.nl/kb.html#/nl/florabatava11/page/63/zoom/3/lat/-68.56038368664157/lng/-36.474609375,False,Eleocharis multicaulis
KW_T_423_13_0034L,13,Heleocharis acicularis,Eleocharis acicularis,Eleocharis,acicularis,Mosses,Hylocomiaceae,Bronsmos,https://galerij.kb.nl/kb.html#/nl/florabatava11/page/63/zoom/3/lat/-68.56038368664157/lng/-36.474609375,False,Eleocharis acicularis
KW_T_423_13_0036L,13,Heleocharis palustris,Eleocharis palustris,Eleocharis,palustris,Fungi,Ceratostomataceae,"""Dennenpoliepzwammetje""",https://galerij.kb.nl/kb.html#/nl/florabatava11/page/64/zoom/3/lat/-68.56038368664157/lng/-36.474609375,False,Eleocharis palustris
KW_T_423_13_0038L,13,Radiola linoides,Radiola linoides,Radiola,linoides,Fungi,Cronartiaceae,Grove-dennenblaasroest,https://galerij.kb.nl/kb.html#/nl/florabatava11/page/64/zoom/3/lat/-68.56038368664157/lng/-36.474609375,False,Radiola linoides
KW_T_423_13_0040L,13,Luzula multiflora,Luzula spec.,Luzula,spec.,Fungi,Indet.,Zakjeszwam spec.,https://galerij.kb.nl/kb.html#/nl/florabatava11/page/64/zoom/3/lat/-68.56038368664157/lng/-36.474609375,False,Luzula spec.
KW_T_423_13_0042L,13,Juncus capitatus,Juncus capitatus,Juncus,capitatus,Flowering plants,Boraginaceae,Bosvergeet-mij-nietje,https://galerij.kb.nl/kb.html#/nl/florabatava11/page/65/zoom/3/lat/-68.56038368664157/lng/-36.474609375,False,Juncus capitatus
KW_T_423_13_0044L,13,Juncus conglomeratus,Juncus conglomeratus,Juncus,conglomeratus,Flowering plants,Asteraceae,Dwergviltkruid,https://galerij.kb.nl/kb.html#/nl/florabatava11/page/66/zoom/3/lat/-68.56038368664157/lng/-36.474609375,False,Juncus conglomeratus
KW_T_423_13_0046L,13,Juncus bufonius,Juncus bufonius,Juncus,bufonius,Mosses,Bartramiaceae,Gewoon appelmos,https://galerij.kb.nl/kb.html#/nl/florabatava11/page/67/zoom/3/lat/-68.56038368664157/lng/-36.474609375,False,Juncus bufonius
KW_T_423_13_0048L,13,Juncus glaucus,Juncus inflexus,Juncus,inflexus,Fungi,Parmeliaceae,Gewoon Schorsmos,https://galerij.kb.nl/kb.html#/nl/florabatava11/page/67/zoom/3/lat/-68.56038368664157/lng/-36.474609375,False,Juncus inflexus
KW_T_423_13_0050L,13,Lotus uliginosus,Lotus pedunculatus,Lotus,pedunculatus,Mosses,Cephaloziellaceae,Gewoon draadmos,https://galerij.kb.nl/kb.html#/nl/florabatava11/page/68/zoom/3/lat/-68.56038368664157/lng/-36.474609378,False,Lotus pedunculatus
KW_T_423_13_0052L,13,Medicago falcata,Medicago falcata,Medicago,falcata,Fungi,Cladoniaceae,Rood bekermos,https://galerij.kb.nl/kb.html#/nl/florabatava11/page/68/zoom/3/lat/-68.56038368664157/lng/-36.474609375,False,Medicago falcata
KW_T_423_13_0054L,13,Arrhenaterum elatius,Arrhenatherum elatius,Arrhenatherum,elatius,Fungi,Lecideaceae,Dijkgranietkorst,https://galerij.kb.nl/kb.html#/nl/florabatava11/page/69/zoom/3/lat/-68.56038368664157/lng/-36.474609382,False,Arrhenatherum elatius
KW_T_423_13_0056L,13,Mercurialis annua,Mercurialis annua,Mercurialis,annua,Fungi,Stereocaulaceae,Stuifzandkorrelloof,https://galerij.kb.nl/kb.html#/nl/florabatava11/page/69/zoom/3/lat/-68.56038368664157/lng/-36.474609375,False,Mercurialis annua
KW_T_423_13_0058L,13,Triodia decumbens,Danthonia decumbens,Danthonia,decumbens,Flowering plants,Plantaginaceae,Lange ereprijs,https://galerij.kb.nl/kb.html#/nl/florabatava11/page/70/zoom/3/lat/-68.56038368664157/lng/-36.474609375,False,Danthonia decumbens
KW_T_423_13_0060L,13,Barbula pillosa / Barbula latifolia,Syntrichia papillosa / Syntrichia latifolia,Syntrichia,papillosa / latifolia,Flowering plants,Scrophulariaceae / Geraniaceae,Stalkaars / Muskusreigersbek,https://galerij.kb.nl/kb.html#/nl/florabatava11/page/71/zoom/3/lat/-68.56038368664157/lng/-36.474609375,True,Syntrichia papillosa / Syntrichia latifolia
KW_T_423_13_0062L,13,Orobanche galii,Orobanche caryophyllacea,Orobanche,caryophyllacea,Flowering plants,Aspleniaceae,Tongvaren,https://galerij.kb.nl/kb.html#/nl/florabatava11/page/73/zoom/3/lat/-68.56038368664157/lng/-36.474609375,False,Orobanche caryophyllacea
KW_T_423_13_0064L,13,Spiraea ulmaria,Filipendula ulmaria,Filipendula,ulmaria,Algae,Sargassaceae,(Bruinwier),https://galerij.kb.nl/kb.html#/nl/florabatava11/page/74/zoom/3/lat/-68.56038368664157/lng/-36.474609375,False,Filipendula ulmaria
KW_T_423_13_0066L,13,Valerianella auricula,Valerianella rimosa,Valerianella,rimosa,Flowering plants,Asteraceae,Mariadistel,https://galerij.kb.nl/kb.html#/nl/florabatava11/page/75/zoom/3/lat/-68.56038368664157/lng/-36.474609375,False,Valerianella rimosa
KW_T_423_13_0068L,13,Hypnum cuspidatum,Calliergonella cuspidata,Calliergonella,cuspidata,Flowering plants,Asteraceae,Griekse alant,https://galerij.kb.nl/kb.html#/nl/florabatava11/page/76/zoom/3/lat/-68.56038368664157/lng/-36.474609375,False,Calliergonella cuspidata
KW_T_423_13_0070L,13,Galeopsis versicolor,Galeopsis speciosa,Galeopsis,speciosa,Flowering plants,Plantaginaceae,Vingerhoedskruid,https://galerij.kb.nl/kb.html#/nl/florabatava11/page/77/zoom/3/lat/-68.56038368664157/lng/-36.474609375,False,Galeopsis speciosa
KW_T_423_13_0072L,13,Ranunculus radians,Ranunculus aquatilis,Ranunculus,aquatilis,Algae,Ulvaceae,Breed darmwier,https://galerij.kb.nl/kb.html#/nl/florabatava11/page/78/zoom/3/lat/-68.56038368664157/lng/-36.474609375,False,Ranunculus aquatilis
KW_T_423_13_0074L,13,Artemisia campestris,Artemisia campestris ,Artemisia,campestris,Algae,Ulvaceae,Plat darmwier,https://galerij.kb.nl/kb.html#/nl/florabatava11/page/79/zoom/3/lat/-68.56038368664157/lng/-36.474609375,False,Artemisia campestris 
KW_T_423_13_0076L,13,Avena pubescens,Avenula pubescens,Avenula,pubescens,Flowering plants,Solanaceae,Boksdoorn,https://galerij.kb.nl/kb.html#/nl/florabatava11/page/80/zoom/3/lat/-68.56038368664157/lng/-36.474609375,False,Avenula pubescens
KW_T_423_13_0078L,13,Ranunculus trichophyllus,Ranunculus trichophyllus,Ranunculus,trichophyllus,Flowering plants,Clethraceae,Clethra,https://galerij.kb.nl/kb.html#/nl/florabatava11/page/81/zoom/3/lat/-68.56038368664157/lng/-36.474609375,False,Ranunculus trichophyllus
KW_T_423_13_0080L,13,Orobanche picridis,Orobanche picridis,Orobanche,picridis,Ferns,Thelypteridaceae,Moerasvaren,https://galerij.kb.nl/kb.html#/nl/florabatava11/page/82/zoom/3/lat/-68.56038368664157/lng/-36.474609375,False,Orobanche picridis
KW_T_423_13_0082L,13,Ranunculus fluitans,Ranunculus fluitans,Ranunculus,fluitans,Fungi,Russulaceae,Vissige melkzwam,https://galerij.kb.nl/kb.html#/nl/florabatava11/page/83/zoom/3/lat/-68.56038368664157/lng/-36.474609375,False,Ranunculus fluitans
KW_T_423_13_0084L,13,Callitriche stagnalis,Callitriche platycarpa,Callitriche,platycarpa,Fungi,Agaricaceae,Geschubde inktzwam,https://galerij.kb.nl/kb.html#/nl/florabatava11/page/84/zoom/3/lat/-68.56038368664157/lng/-36.474609375,False,Callitriche platycarpa
KW_T_423_13_0086L,13,Ranunculus divaricatus,Ranunculus circinatus,Ranunculus,circinatus,Flowering plants,Poaceae,Dolik,https://galerij.kb.nl/kb.html#/nl/florabatava11/page/85/zoom/3/lat/-68.56038368664157/lng/-36.474609375,False,Ranunculus circinatus
KW_T_423_13_0088L,13,Barbula ruralis / Barbula subulata,Syntrichia ruralis var. arenicola / Tortula subulata,Syntrichia / Tortula,ruralis var. arenicola / subulata,Flowering plants,Violaceae / Asteraceae,Hondsviooltje / Kompassla,https://galerij.kb.nl/kb.html#/nl/florabatava11/page/86/zoom/3/lat/-68.56038368664157/lng/-36.474609375,True,Syntrichia ruralis var. arenicola / Tortula subulata
KW_T_423_13_0091L,13,Arum italicum,Arum italicum,Arum,italicum,Fungi,Pucciniaceae,Zwarte roest,https://galerij.kb.nl/kb.html#/nl/florabatava11/page/88/zoom/3/lat/-68.56038368664157/lng/-36.474609375,False,Arum italicum
KW_T_423_13_0093L,13,Ranunculus confusus,Ranunculus ololeucos,Ranunculus,ololeucos,Flowering plants,Plantaginaceae,Blauwe leeuwenbek,https://galerij.kb.nl/kb.html#/nl/florabatava12/page/9/zoom/3/lat/-66.5482634621744/lng/-29.091796875,False,Ranunculus ololeucos
KW_T_423_13_0095L,13,Lithosperum officinale,Lithospermum officinale,Lithospermum,officinale,Mosses,Dicranaceae,Gekroesd gaffeltandmos,https://galerij.kb.nl/kb.html#/nl/florabatava12/page/10/zoom/3/lat/-66.5482634621744/lng/-29.091796875,False,Lithospermum officinale
KW_T_423_13_0097L,13,Carex stricta,Carex cf. elata,Carex,cf. elata,Mosses,Leucobryaceae,Kussentjesmos,https://galerij.kb.nl/kb.html#/nl/florabatava12/page/10/zoom/3/lat/-66.5482634621744/lng/-29.091796875,False,Carex cf. elata
KW_T_423_13_0099L,13,Bromus tectorum,Anisantha tectorum,Anisantha,tectorum,Flowering plants,Ranunculaceae,Zomeradonis,https://galerij.kb.nl/kb.html#/nl/florabatava12/page/11/zoom/3/lat/-66.5482634621744/lng/-29.091796875,False,Anisantha tectorum
KW_T_423_13_0101L,13,Poterium sanguisorba,Poterium sanguisorba,Poterium,sanguisorba,Ferns,Equisetaceae,Bospaardenstaart,https://galerij.kb.nl/kb.html#/nl/florabatava12/page/12/zoom/3/lat/-66.5482634621744/lng/-29.091796875,False,Poterium sanguisorba
KW_T_423_13_0103L,13,Juncus gerardi,Juncus gerardii,Juncus,gerardii,Ferns,Aspleniaceae,Zwartsteel,https://galerij.kb.nl/kb.html#/nl/florabatava12/page/13/zoom/3/lat/-66.5482634621744/lng/-29.091796875,False,Juncus gerardii
KW_T_423_13_0105L,13,Scirpus tabernaemontani,Schoenoplectus tabernaemontani,Schoenoplectus,tabernaemontani,Mosses,Hylocomiaceae,Gewoon haakmos,https://galerij.kb.nl/kb.html#/nl/florabatava12/page/14/zoom/3/lat/-66.5482634621744/lng/-29.091796875,False,Schoenoplectus tabernaemontani
KW_T_423_13_0107L,13,Juncus uliginosus,Juncus bulbosus,Juncus,bulbosus,Mosses,Hylocomiaceae,Pluimstaartmos,https://galerij.kb.nl/kb.html#/nl/florabatava12/page/14/zoom/3/lat/-66.5482634621744/lng/-29.091796875,False,Juncus bulbosus
KW_T_423_13_0109L,13,Orthotrichum diaphanum / Orthotrichum leiocarpum,Orthotrichum diaphanum / Lewinskya striata,Orthotrichum / Lewinskya,diaphanum / striata,Flowering plants,Ranunculaceae / Malvaceae,Bosrank / Vijfdelig kaasjeskruid,https://galerij.kb.nl/kb.html#/nl/florabatava12/page/15/zoom/3/lat/-66.5482634621744/lng/-29.091796875,True,Orthotrichum diaphanum / Lewinskya striata
KW_T_423_13_0112L,13,Hieracium amplexicaule,Hieracium amplexicaule,Hieracium,amplexicaule,Flowering plants,Boraginaceae,Bernagie,https://galerij.kb.nl/kb.html#/nl/florabatava12/page/17/zoom/3/lat/-66.5482634621744/lng/-29.091796875,False,Hieracium amplexicaule
KW_T_423_13_0114L,13,Ceratodon purpureus / Leucodon sciuroides,Ceratodon purpureus / Leucodon sciuroides,Ceratodon / Leucodon,purpureus / sciuroides,Ferns,Pteridaceae / Asteraceae,Echt venushaar / Dubbelkelk,https://galerij.kb.nl/kb.html#/nl/florabatava12/page/18/zoom/3/lat/-66.5482634621744/lng/-29.091796875,True,Ceratodon purpureus / Leucodon sciuroides
KW_T_423_13_0117L,13,Barbarea stricta,Barbarea stricta,Barbarea,stricta,Flowering plants,Caryophyllaceae,Prikneus,https://galerij.kb.nl/kb.html#/nl/florabatava12/page/21/zoom/3/lat/-66.5482634621744/lng/-29.091796875,False,Barbarea stricta
KW_T_423_13_0119L,13,Carex acuta,Carex acuta,Carex,acuta,Algae,Cladophoraceae,Losdrijvend visdraad,https://galerij.kb.nl/kb.html#/nl/florabatava12/page/22/zoom/3/lat/-66.5482634621744/lng/-29.091796875,False,Carex acuta
KW_T_423_13_0121L,13,Juncus acutiflorus,Juncus acutiflorus,Juncus,acutiflorus,Algae,Cladophoraceae,Rotswier,https://galerij.kb.nl/kb.html#/nl/florabatava12/page/22/zoom/3/lat/-66.5482634621744/lng/-29.091796875,False,Juncus acutiflorus
KW_T_423_13_0123L,13,Lappa tomentosa,Arctium tomentosum,Arctium,tomentosum,Algae,Chordariaceae,Zweepwier,https://galerij.kb.nl/kb.html#/nl/florabatava12/page/22/zoom/3/lat/-66.5482634621744/lng/-29.091796875,False,Arctium tomentosum
KW_T_423_13_0125L,13,Nasturtium sylvestre,Rorippa sylvestris,Rorippa,sylvestris,Algae,Zygnemataceae,(Draadwier),https://galerij.kb.nl/kb.html#/nl/florabatava12/page/23/zoom/3/lat/-66.5482634621744/lng/-29.091796875,False,Rorippa sylvestris
KW_T_423_13_0127L,13,Arabis hirsuta,Arabis hirsuta subsp. hirsuta,Arabis,hirsuta subsp. hirsuta,Algae,Wrangeliaceae,Kleincellig pruikwier,https://galerij.kb.nl/kb.html#/nl/florabatava12/page/23/zoom/3/lat/-66.5482634621744/lng/-29.091796875,False,Arabis hirsuta subsp. hirsuta
KW_T_423_13_0129L,13,Potamogeton pusillus,Potamogeton pusillus,Potamogeton,pusillus,Flowering plants,Rosaceae,Roodbloeiende framboos,https://galerij.kb.nl/kb.html#/nl/florabatava12/page/24/zoom/3/lat/-66.5482634621744/lng/-29.091796875,False,Potamogeton pusillus
KW_T_423_13_0131L,13,Callitriche vernalis,Callitriche cf. palustris,Callitriche,cf. palustris,Flowering plants,Crassulaceae,Donderblad,https://galerij.kb.nl/kb.html#/nl/florabatava12/page/25/zoom/3/lat/-66.5482634621744/lng/-29.091796875,False,Callitriche cf. palustris
KW_T_423_13_0133L,13,Viola hirta,Viola hirta,Viola,hirta,Flowering plants,Grossulariaceae,Alpenbes,https://galerij.kb.nl/kb.html#/nl/florabatava12/page/26/zoom/3/lat/-66.5482634621744/lng/-29.091796875,False,Viola hirta
KW_T_423_13_0135L,13,Koeleria cristata,Koeleria albescens/macrantha,Koeleria,albescens/macrantha,Algae,Zosteraceae,Groot zeegras,https://galerij.kb.nl/kb.html#/nl/florabatava12/page/28/zoom/3/lat/-66.5482634621744/lng/-29.091796875,False,Koeleria albescens/macrantha
KW_T_423_13_0137L,13,Corynephorus canescens,Corynephorus canescens,Corynephorus,canescens,Algae,Zosteraceae,Klein zeegras,https://galerij.kb.nl/kb.html#/nl/florabatava12/page/28/zoom/3/lat/-66.5482634621744/lng/-29.091796875,False,Corynephorus canescens
KW_T_423_13_0139L,13,Hypnum giganteum,Calliergon giganteum,Calliergon,giganteum,Flowering plants,Caryophyllaceae,Besanjelier,https://galerij.kb.nl/kb.html#/nl/florabatava12/page/29/zoom/3/lat/-66.5482634621744/lng/-29.091796875,False,Calliergon giganteum
KW_T_423_13_0141L,13,Hieracium rigidum,Hieracium laevigatum,Hieracium,laevigatum,Algae,Characeae,(Kranswier),https://galerij.kb.nl/kb.html#/nl/florabatava12/page/30/zoom/3/lat/-66.5482634621744/lng/-29.091796875,False,Hieracium laevigatum
KW_T_423_13_0143L,13,Geranium pyrenaicum,Geranium pyrenaicum,Geranium,pyrenaicum,Algae,Characeae,Vruchtrijk glanswier,https://galerij.kb.nl/kb.html#/nl/florabatava12/page/31/zoom/3/lat/-66.5482634621744/lng/-29.091796875,False,Geranium pyrenaicum
KW_T_423_13_0145L,13,Scirpus setaceus,Isolepis setacea,Isolepis,setacea,Flowering plants,Aristolochiaceae,Mansoor,https://galerij.kb.nl/kb.html#/nl/florabatava12/page/32/zoom/3/lat/-66.5482634621744/lng/-29.091796875,False,Isolepis setacea
KW_T_423_13_0147L,13,Anagallis tenella,Anagallis tenella,Anagallis,tenella,Flowering plants,Ericaceae,Dophei spec.,https://galerij.kb.nl/kb.html#/nl/florabatava12/page/34/zoom/3/lat/-66.5482634621744/lng/-29.091796875,False,Anagallis tenella
KW_T_423_13_0149L,13,Weisia cirrhata,Dicranoweisia cirrata,Dicranoweisia,cirrata,Flowering plants,Ericaceae,Rode dophei,https://galerij.kb.nl/kb.html#/nl/florabatava12/page/35/zoom/3/lat/-66.5482634621744/lng/-29.091796875,False,Dicranoweisia cirrata
KW_T_423_13_0151L,13,Eurhynchium stokesii,Kindbergia praelonga,Kindbergia,praelonga,Flowering plants,Grossulariaceae,Zwarte bes,https://galerij.kb.nl/kb.html#/nl/florabatava12/page/36/zoom/3/lat/-66.5482634621744/lng/-29.091796875,False,Kindbergia praelonga
KW_T_423_13_0153L,13,Asclepias cornuti,Asclepias syriaca,Asclepias,syriaca,"Sponge, Animal",Spongillidae,Vertakte zoetwaterspons,https://galerij.kb.nl/kb.html#/nl/florabatava12/page/37/zoom/3/lat/-66.5482634621744/lng/-29.091796875,False,Asclepias syriaca
KW_T_423_13_0153R,13,Asclepias cornuti,Asclepias syriaca,Asclepias,syriaca,Mosses,Marchantiaceae,Parapluutjesmos,https://galerij.kb.nl/kb.html#/nl/florabatava12/page/38/zoom/3/lat/-66.5482634621744/lng/-29.091796875,False,Asclepias syriaca
KW_T_423_13_0156L,13,Calamagrostis epigeios,Calamagrostis epigejos,Calamagrostis,epigejos,Flowering plants,Caryophyllaceae,Pekbloem,https://galerij.kb.nl/kb.html#/nl/florabatava12/page/39/zoom/3/lat/-66.5482634621744/lng/-29.091796875,False,Calamagrostis epigejos
KW_T_423_13_0158L,13,Calamagrostis lanceolata,Calamagrostis canescens,Calamagrostis,canescens,Flowering plants,Amaryllidaceae,Bieslook,https://galerij.kb.nl/kb.html#/nl/florabatava12/page/40/zoom/3/lat/-70.52489722821652/lng/-45.615234375,False,Calamagrostis canescens
KW_T_423_13_0160L,13,Geaster coliformis,Myriostoma coliforme,Myriostoma,coliforme,Flowering plants,Caryophyllaceae,Heidespurrie,https://galerij.kb.nl/kb.html#/nl/florabatava12/page/41/zoom/3/lat/-66.5482634621744/lng/-29.091796875,False,Myriostoma coliforme
KW_T_423_13_0162L,13,Boletus luteus,Suillus luteus,Suillus,luteus,Ferns,Lycopodiaceae,Dennenwolfsklauw,https://galerij.kb.nl/kb.html#/nl/florabatava12/page/42/zoom/3/lat/-66.5482634621744/lng/-29.091796875,False,Suillus luteus
KW_T_423_13_0164L,13,Oenothera muricata,Oenothera spec.,Oenothera,spec.,Mosses,Orthotrichaceae,#N/A,https://galerij.kb.nl/kb.html#/nl/florabatava12/page/43/zoom/3/lat/-66.5482634621744/lng/-29.091796875,False,Oenothera spec.
KW_T_423_13_0166L,13,Calamagrostis halleriana,Calamagrostis cf. canescens,Calamagrostis,cf. canescens,Flowering plants,Fabaceae,Naakte lathyrus,https://galerij.kb.nl/kb.html#/nl/florabatava12/page/44/zoom/3/lat/-66.5482634621744/lng/-29.091796876,False,Calamagrostis cf. canescens
KW_T_423_13_0168L,13,Eurhynchium striatum,Eurhynchium striatum,Eurhynchium,striatum,Flowering plants,Fabaceae,Graslathyrus,https://galerij.kb.nl/kb.html#/nl/florabatava12/page/44/zoom/3/lat/-66.5482634621744/lng/-29.091796875,False,Eurhynchium striatum
KW_T_423_13_0170L,13,Agaricus rutilans,Tricholomopsis rutilans,Tricholomopsis,rutilans,Ferns,Ophioglossaceae,Gelobde maanvaren,https://galerij.kb.nl/kb.html#/nl/florabatava12/page/46/zoom/3/lat/-66.5482634621744/lng/-29.091796875,False,Tricholomopsis rutilans
KW_T_423_13_0172L,13,Boletus satanas,Rubroboletus rhodoxanthus,Rubroboletus,rhodoxanthus,Ferns,Aspleniaceae,Wijfjesvaren,https://galerij.kb.nl/kb.html#/nl/florabatava12/page/47/zoom/3/lat/-66.5482634621744/lng/-29.091796875,False,Rubroboletus rhodoxanthus
KW_T_423_14_0010L,14,Anemone apennina,Anemone apennina,Anemone,apennina,Mosses,Porellaceae,Gewoon pelsmos,https://galerij.kb.nl/kb.html#/nl/florabatava12/page/48/zoom/3/lat/-66.5482634621744/lng/-29.091796875,False,Anemone apennina
KW_T_423_14_0012L,14,Montia minor,Montia spec.,Montia,spec.,Mosses,Cephaloziaceae,Veendubbeltjesmos,https://galerij.kb.nl/kb.html#/nl/florabatava12/page/48/zoom/3/lat/-66.5482634621744/lng/-29.091796878,False,Montia spec.
KW_T_423_14_0014L,14,Homalia trichomanoïdes,Homalia trichomanoides,Homalia,trichomanoides,Flowering plants,Caryophyllaceae,Duizendschoon,https://galerij.kb.nl/kb.html#/nl/florabatava12/page/49/zoom/3/lat/-66.5482634621744/lng/-29.091796875,False,Homalia trichomanoides
KW_T_423_14_0016L,14,Agaricus flaccidus,Lepista flaccida,Lepista,flaccida,Flowering plants,Papaveraceae,Slaapbol,https://galerij.kb.nl/kb.html#/nl/florabatava12/page/50/zoom/3/lat/-66.5482634621744/lng/-29.091796875,False,Lepista flaccida
KW_T_423_14_0018L,14,Leotia lubrica,Leotia lubrica,Leotia,lubrica,Flowering plants,Brassicaceae,Damastbloem,https://galerij.kb.nl/kb.html#/nl/florabatava12/page/51/zoom/3/lat/-66.5482634621744/lng/-29.091796875,False,Leotia lubrica
KW_T_423_14_0020L,14,Cirsium oleraceum,Cirsium oleraceum,Cirsium,oleraceum,Mosses,Trichocoleaceae,Wolmos,https://galerij.kb.nl/kb.html#/nl/florabatava12/page/52/zoom/3/lat/-66.5482634621744/lng/-29.091796875,False,Cirsium oleraceum
KW_T_423_14_0022L,14,Salix undulata,Salix x fragilis,Salix,x fragilis,Ferns,Dryopteridaceae,Kamvaren,https://galerij.kb.nl/kb.html#/nl/florabatava12/page/53/zoom/3/lat/-66.5482634621744/lng/-29.091796875,False,Salix x fragilis
KW_T_423_14_0024L,14,Pinus sylvestris,Pinus sylvestris,Pinus,sylvestris,Flowering plants,Fabaceae,Europese blazenstruik,https://galerij.kb.nl/kb.html#/nl/florabatava12/page/54/zoom/3/lat/-66.5482634621744/lng/-29.091796875,False,Pinus sylvestris
KW_T_423_14_0026L,14,Orchis incarnata,Dactylorhiza incarnata,Dactylorhiza,incarnata,Flowering plants,Ranunculaceae,Italiaanse clematis,https://galerij.kb.nl/kb.html#/nl/florabatava12/page/55/zoom/3/lat/-66.5482634621744/lng/-29.091796875,False,Dactylorhiza incarnata
KW_T_423_14_0028L,14,Boletus granulatus,Suillus granulatus,Suillus,granulatus,Fungi,Parmeliaceae,Gewoon kraakloof,https://galerij.kb.nl/kb.html#/nl/florabatava12/page/56/zoom/3/lat/-66.5482634621744/lng/-29.091796875,False,Suillus granulatus
KW_T_423_14_0030L,14,Daphne mezereum,Daphne mezereum,Daphne,mezereum,Fungi,Parmeliaceae,IJslands mos,https://galerij.kb.nl/kb.html#/nl/florabatava12/page/56/zoom/3/lat/-66.5482634621744/lng/-29.091796875,False,Daphne mezereum
KW_T_423_14_0032L,14,Arum maculatum,Arum maculatum,Arum,maculatum,Flowering plants,Sapindaceae,Witte paardenkastanje,https://galerij.kb.nl/kb.html#/nl/florabatava12/page/57/zoom/3/lat/-66.5482634621744/lng/-29.091796875,False,Arum maculatum
KW_T_423_14_0034L,14,Carex oederi,Carex oederi,Carex,oederi,Fungi,Pertusariaceae,Gewoon speldenkussentje,https://galerij.kb.nl/kb.html#/nl/florabatava12/page/58/zoom/3/lat/-66.5482634621744/lng/-29.091796875,False,Carex oederi
KW_T_423_14_0036L,14,Hypnum cupressiforme,Hypnum cupressiforme,Hypnum,cupressiforme,Flowering plants,Fagaceae,Tamme kastanje,https://galerij.kb.nl/kb.html#/nl/florabatava12/page/59/zoom/3/lat/-66.5482634621744/lng/-29.091796875,False,Hypnum cupressiforme
KW_T_423_14_0038L,14,Agaricus friesii,Chlorophyllum rhacodes,Chlorophyllum,rhacodes,Flowering plants,Fabaceae,Erwt,https://galerij.kb.nl/kb.html#/nl/florabatava12/page/60/zoom/3/lat/-66.5482634621744/lng/-29.091796875,False,Chlorophyllum rhacodes
KW_T_423_14_0040L,14,Saxifraga granulata,Saxifraga granulata,Saxifraga,granulata,Flowering plants,Polygonaceae,Boekweit,https://galerij.kb.nl/kb.html#/nl/florabatava12/page/61/zoom/3/lat/-70.52489722821652/lng/-45.615234375,False,Saxifraga granulata
KW_T_423_14_0042L,14,Juniperus communis,Juniperus communis,Juniperus,communis,Fungi,Caliciaceae,Groen boomspijkertje,https://galerij.kb.nl/kb.html#/nl/florabatava12/page/62/zoom/3/lat/-66.5482634621744/lng/-29.091796875,False,Juniperus communis
KW_T_423_14_0044L,14,Anacamptis pyramidalis,Anacamptis pyramidalis,Anacamptis,pyramidalis,Fungi,Pertusariaceae,Open speldenkussentje,https://galerij.kb.nl/kb.html#/nl/florabatava12/page/62/zoom/3/lat/-66.5482634621744/lng/-29.091796875,False,Anacamptis pyramidalis
KW_T_423_14_0046L,14,Barbula marginata,Tortula marginata,Tortula,marginata,Flowering plants,Solanaceae,Zegekruid,https://galerij.kb.nl/kb.html#/nl/florabatava12/page/63/zoom/3/lat/-66.5482634621744/lng/-29.091796875,False,Tortula marginata
KW_T_423_14_0048L,14,Agaricus purus,Mycena pura,Mycena,pura,Fungi,Suillaceae,Ivoorboleet,https://galerij.kb.nl/kb.html#/nl/florabatava12/page/64/zoom/3/lat/-66.5482634621744/lng/-29.091796875,False,Mycena pura
KW_T_423_14_0050L,14,Glaucium luteum,Glaucium flavum,Glaucium,flavum,Fungi,Pluteaceae,Tropische beurszwam,https://galerij.kb.nl/kb.html#/nl/florabatava12/page/65/zoom/3/lat/-66.5482634621744/lng/-29.091796875,False,Glaucium flavum
KW_T_423_14_0052L,14,Fumaria capreolata,Fumaria capreolata,Fumaria,capreolata,Mosses,Amblystegiaceae,Gewoon pluisdraadmos,https://galerij.kb.nl/kb.html#/nl/florabatava12/page/66/zoom/3/lat/-66.5482634621744/lng/-29.091796875,False,Fumaria capreolata
KW_T_423_14_0054L,14,Gentiana campestris,Gentianella campestris,Gentianella,campestris,Mosses,Amblystegiaceae,Gewoon pluisdraadmos,https://galerij.kb.nl/kb.html#/nl/florabatava12/page/66/zoom/3/lat/-66.5482634621744/lng/-29.091796875,False,Gentianella campestris
KW_T_423_14_0056L,14,Cyperus fuscus,Cyperus fuscus,Cyperus,fuscus,Flowering plants,Cyperaceae,Zilte zegge,https://galerij.kb.nl/kb.html#/nl/florabatava12/page/68/zoom/3/lat/-66.5482634621744/lng/-29.091796875,False,Cyperus fuscus
KW_T_423_14_0058L,14,Hypnum purum,Pseudoscleropodium purum,Pseudoscleropodium,purum,Flowering plants,Asteraceae,Weidehavikskruid,https://galerij.kb.nl/kb.html#/nl/florabatava12/page/69/zoom/3/lat/-66.5482634621744/lng/-29.091796875,False,Pseudoscleropodium purum
KW_T_423_14_0060L,14,Rosa pomifera,Rosa villosa,Rosa,villosa,Flowering plants,Hydrocharitaceae,Brede waterpest,https://galerij.kb.nl/kb.html#/nl/florabatava12/page/70/zoom/3/lat/-66.5482634621744/lng/-29.091796875,False,Rosa villosa
KW_T_423_14_0062L,14,Primula acaulis,Primula vulgaris,Primula,vulgaris,Fungi,Geastraceae,Gekraagde aardster,https://galerij.kb.nl/kb.html#/nl/florabatava12/page/71/zoom/3/lat/-73.75120539084016/lng/30.673828125,False,Primula vulgaris
KW_T_423_14_0064L,14,Salix repens,Salix repens,Salix,repens,Flowering plants,Orobanchaceae,Klavervreter,https://galerij.kb.nl/kb.html#/nl/florabatava12/page/72/zoom/3/lat/-66.5482634621744/lng/-29.091796875,False,Salix repens
KW_T_423_14_0066L,14,Hypnum lutescens,Homalothecium lutescens,Homalothecium,lutescens,Mosses,Buxbaumiaceae,Kaboutermos,https://galerij.kb.nl/kb.html#/nl/florabatava12/page/73/zoom/3/lat/-66.5482634621744/lng/-29.091796875,False,Homalothecium lutescens
KW_T_423_14_0068L,14,Agaricus sulfureus,Tricholoma sulphureum,Tricholoma,sulphureum,Flowering plants,Cyperaceae,Moeraszegge,https://galerij.kb.nl/kb.html#/nl/florabatava12/page/74/zoom/3/lat/-66.5482634621744/lng/-29.091796875,False,Tricholoma sulphureum
KW_T_423_14_0070L,14,Salix stipularis,Salix x smithiana,Salix,x smithiana,Flowering plants,Cyperaceae,Zegge spec.,https://galerij.kb.nl/kb.html#/nl/florabatava12/page/75/zoom/3/lat/-70.34831755984779/lng/-47.02148437499999,False,Salix x smithiana
KW_T_423_14_0072L,14,Salix acuminata,Salix spec.,Salix,spec.,Fungi,Gloeophyllaceae,Schubbige taaiplaat,https://galerij.kb.nl/kb.html#/nl/florabatava12/page/76/zoom/3/lat/-66.5482634621744/lng/-29.091796875,False,Salix spec.
KW_T_423_14_0074L,14,Salix cinerea,Salix cinerea,Salix,cinerea,Mosses,Pottiaceae,Boomsterretje,https://galerij.kb.nl/kb.html#/nl/florabatava12/page/77/zoom/3/lat/-66.5482634621744/lng/-29.091796875,False,Salix cinerea
KW_T_423_14_0076L,14,Cyphella ampla,Schizophyllum amplum,Schizophyllum,amplum,Mosses,Pottiaceae,Gewoon muursterretje,https://galerij.kb.nl/kb.html#/nl/florabatava12/page/77/zoom/3/lat/-66.5482634621744/lng/-29.091796875,False,Schizophyllum amplum
KW_T_423_14_0078L,14,Bulgaria sarcoides,Ascocoryne sarcoides s.l.,Ascocoryne,sarcoides s.l.,Flowering plants,Asteraceae,Viltig kruiskruid,https://galerij.kb.nl/kb.html#/nl/florabatava12/page/78/zoom/3/lat/-66.5482634621744/lng/-29.091796875,False,Ascocoryne sarcoides s.l.
KW_T_423_14_0080L,14,Vaccinium uliginosum,Vaccinium uliginosum,Vaccinium,uliginosum,Flowering plants,Cyperaceae,Zwarte zegge,https://galerij.kb.nl/kb.html#/nl/florabatava12/page/79/zoom/3/lat/-70.34831755984779/lng/-47.02148437499999,False,Vaccinium uliginosum
KW_T_423_14_0082L,14,Claytonia perfoliata,Claytonia perfoliata,Claytonia,perfoliata,Flowering plants,Apiaceae,Grote bevernel,https://galerij.kb.nl/kb.html#/nl/florabatava12/page/80/zoom/3/lat/-66.5482634621744/lng/-29.091796875,False,Claytonia perfoliata
KW_T_423_14_0084L,14,Rumex maximus,Rumex patientia,Rumex,patientia,Ferns,Cystopteridaceae,Gebogen driehoeksvaren,https://galerij.kb.nl/kb.html#/nl/florabatava12/page/81/zoom/3/lat/-66.5482634621744/lng/-29.091796875,False,Rumex patientia
KW_T_423_14_0086L,14,Cinclidium stygium,Cinclidium stygium,Cinclidium,stygium,Flowering plants,Crassulaceae,Mosbloempje,https://galerij.kb.nl/kb.html#/nl/florabatava12/page/82/zoom/3/lat/-66.5482634621744/lng/-29.091796875,False,Cinclidium stygium
KW_T_423_14_0088L,14,Podisoma fuscum / Podisoma clavariaeforme (P. gymnosporangium),Coniferssporangium sabinae / Coniferssporangium clavariiforme,Coniferssporangium,sabinae / clavariiforme,Flowering plants,Ranunculaceae / Asteraceae,Kleine ruit / Waterkruiskruid,https://galerij.kb.nl/kb.html#/nl/florabatava12/page/83/zoom/3/lat/-66.5482634621744/lng/-29.091796875,True,Coniferssporangium sabinae / Coniferssporangium clavariiforme
KW_T_423_14_0090L,14,Lepidium draba,Lepidium draba,Lepidium,draba,Flowering plants,Amaranthaceae,Breed vlieszaad,https://galerij.kb.nl/kb.html#/nl/florabatava12/page/85/zoom/3/lat/-66.5482634621744/lng/-29.091796875,False,Lepidium draba
KW_T_423_14_0091L,14,Sanicula europaea,Sanicula europaea,Sanicula,europaea,Flowering plants,Apiaceae,Kleine bevernel,https://galerij.kb.nl/kb.html#/nl/florabatava12/page/86/zoom/3/lat/-66.5482634621744/lng/-29.091796875,False,Sanicula europaea
KW_T_423_14_0093L,14,Euphorbia paralias,Euphorbia paralias,Euphorbia,paralias,Flowering plants,Ericaceae,Stofzaad,https://galerij.kb.nl/kb.html#/nl/florabatava12/page/87/zoom/3/lat/-66.5482634621744/lng/-29.091796875,False,Euphorbia paralias
KW_T_423_14_0095L,14,Anthoxanthum puelii,Anthoxanthum aristatum,Anthoxanthum,aristatum,Flowering plants,Asteraceae,Klein streepzaad,https://galerij.kb.nl/kb.html#/nl/florabatava12/page/88/zoom/3/lat/-66.5482634621744/lng/-29.091796875,False,Anthoxanthum aristatum
KW_T_423_14_0097L,14,Agaricus confluens,Coniferspus confluens,Coniferspus,confluens,Flowering plants,Cyperaceae,Valse voszegge,https://galerij.kb.nl/kb.html#/nl/florabatava13/page/9/zoom/3/lat/-66.5482634621744/lng/-29.091796875,False,Coniferspus confluens
KW_T_423_14_0099L,14,Hypericum elodes,Hypericum elodes,Hypericum,elodes,Flowering plants,Cyperaceae,IJle zegge,https://galerij.kb.nl/kb.html#/nl/florabatava13/page/10/zoom/3/lat/-66.5482634621744/lng/-29.091796875,False,Hypericum elodes
KW_T_423_14_0101L,14,Prunus mahaleb,Prunus mahaleb,Prunus,mahaleb,Flowering plants,Cyperaceae,Pilzegge,https://galerij.kb.nl/kb.html#/nl/florabatava13/page/11/zoom/3/lat/-69.31832006949072/lng/-54.404296875,False,Prunus mahaleb
KW_T_423_14_0103L,14,Chlora serotina,Blackstonia perfoliata subsp. serotina,Blackstonia,perfoliata subsp. serotina,Flowering plants,Cyperaceae,Snavelzegge,https://galerij.kb.nl/kb.html#/nl/florabatava13/page/12/zoom/3/lat/-66.5482634621744/lng/-29.091796875,False,Blackstonia perfoliata subsp. serotina
KW_T_423_14_0105L,14,Zygodon viridissimus,Zygodon viridissimus,Zygodon,viridissimus,Flowering plants,Cyperaceae,Sterzegge,https://galerij.kb.nl/kb.html#/nl/florabatava13/page/13/zoom/3/lat/-66.5482634621744/lng/-29.091796875,False,Zygodon viridissimus
KW_T_423_14_0107L,14,Peziza onotica,Otidea spec.,Otidea,spec.,Flowering plants,Cyperaceae,Pluimzegge,https://galerij.kb.nl/kb.html#/nl/florabatava13/page/14/zoom/3/lat/-66.5482634621744/lng/-29.091796875,False,Otidea spec.
KW_T_423_14_0109L,14,Scrophularia vernalis,Scrophularia vernalis,Scrophularia,vernalis,Flowering plants,Cyperaceae,Elzenzegge,https://galerij.kb.nl/kb.html#/nl/florabatava13/page/15/zoom/3/lat/-66.5482634621744/lng/-29.091796875,False,Scrophularia vernalis
KW_T_423_14_0111L,14,Salix purpurea,Salix purpurea,Salix,purpurea,Flowering plants,Cyperaceae,Scherpe zegge,https://galerij.kb.nl/kb.html#/nl/florabatava13/page/16/zoom/3/lat/-66.5482634621744/lng/-29.091796875,False,Salix purpurea
KW_T_423_14_0113L,14,Splachnum ampullaceum,Splachnum ampullaceum,Splachnum,ampullaceum,Flowering plants,Cyperaceae,Zeegroene zegge,https://galerij.kb.nl/kb.html#/nl/florabatava13/page/18/zoom/3/lat/-66.5482634621744/lng/-29.091796875,False,Splachnum ampullaceum
KW_T_423_14_0115L,14,Lactarius controversus,Lactarius controversus,Lactarius,controversus,Flowering plants,Cyperaceae,Geelgroene zegge,https://galerij.kb.nl/kb.html#/nl/florabatava13/page/19/zoom/3/lat/-66.5482634621744/lng/-29.091796875,False,Lactarius controversus
KW_T_423_14_0117L,14,Agaricus brevipes / Sistotrema carneum,Melanoleuca brevipes s.l. / Abortiporus biennis,Melanoleuca / Abortiporus,brevipes s.l. / biennis,Flowering plants,Cyperaceae,Veelstengelige waterbies / Naaldwaterbies,https://galerij.kb.nl/kb.html#/nl/florabatava13/page/20/zoom/3/lat/-66.5482634621744/lng/-29.091796875,True,Melanoleuca brevipes s.l. / Abortiporus biennis
KW_T_423_14_0119L,14,Amelanchier canadensis,Amelanchier lamarckii,Amelanchier,lamarckii,Flowering plants,Cyperaceae,Gewone waterbies,https://galerij.kb.nl/kb.html#/nl/florabatava13/page/22/zoom/3/lat/-69.31832006949072/lng/-54.404296875,False,Amelanchier lamarckii
KW_T_423_14_0121L,14,Populus nigra,Populus nigra,Populus,nigra,Flowering plants,Linaceae,Dwergvlas,https://galerij.kb.nl/kb.html#/nl/florabatava13/page/23/zoom/3/lat/-66.5482634621744/lng/-29.091796875,False,Populus nigra
KW_T_423_14_0122L,14,Populus nigra,Populus nigra,Populus,nigra,Flowering plants,Juncaceae,Veldbies (G),https://galerij.kb.nl/kb.html#/nl/florabatava13/page/24/zoom/3/lat/-66.5482634621744/lng/-29.091796875,False,Populus nigra
KW_T_423_14_0124L,14,Cystopteris fragilis,Cystopteris fragilis,Cystopteris,fragilis,Flowering plants,Juncaceae,Koprus,https://galerij.kb.nl/kb.html#/nl/florabatava13/page/25/zoom/3/lat/-66.5482634621744/lng/-29.091796875,False,Cystopteris fragilis
KW_T_423_14_0126L,14,Agaricus lenticularis,Limacella guttata,Limacella,guttata,Flowering plants,Juncaceae,Biezenknoppen,https://galerij.kb.nl/kb.html#/nl/florabatava13/page/26/zoom/3/lat/-66.5482634621744/lng/-29.091796875,False,Limacella guttata
KW_T_423_14_0128L,14,Rosa coronata,Rosa x cantiana,Rosa,x cantiana,Flowering plants,Juncaceae,Greppelrus,https://galerij.kb.nl/kb.html#/nl/florabatava13/page/27/zoom/3/lat/-66.5482634621744/lng/-29.091796875,False,Rosa x cantiana
KW_T_423_14_0130L,14,Vaccinium macrocarpum,Vaccinium macrocarpon,Vaccinium,macrocarpon,Flowering plants,Juncaceae,Zeegroene rus,https://galerij.kb.nl/kb.html#/nl/florabatava13/page/28/zoom/3/lat/-66.5482634621744/lng/-29.091796875,False,Vaccinium macrocarpon
KW_T_423_14_0132L,14,Echinosperum lappula,Lappula squarrosa,Lappula,squarrosa,Flowering plants,Fabaceae,Moerasrolklaver,https://galerij.kb.nl/kb.html#/nl/florabatava13/page/29/zoom/3/lat/-66.5482634621744/lng/-29.091796875,False,Lappula squarrosa
KW_T_423_14_0134L,14,Arum maculatum,Arum maculatum,Arum,maculatum,Flowering plants,Fabaceae,Sikkelklaver,https://galerij.kb.nl/kb.html#/nl/florabatava13/page/30/zoom/3/lat/-69.31832006949072/lng/-54.404296875,False,Arum maculatum
KW_T_423_14_0136L,14,Peziza acetabulum / Peziza alutacea,Helvella acetabulum / Otidea alutacea,Helvella / Otidea,acetabulum / alutacea,Flowering plants,Poaceae / Euphorbiaceae,Glanshaver / Tuinbingelkruid,https://galerij.kb.nl/kb.html#/nl/florabatava13/page/31/zoom/3/lat/-66.5482634621744/lng/-29.091796875,True,Helvella acetabulum / Otidea alutacea
KW_T_423_14_0138L,14,Genista tinctoria,Genista tinctoria,Genista,tinctoria,Flowering plants,Poaceae,Tandjesgras,https://galerij.kb.nl/kb.html#/nl/florabatava13/page/33/zoom/3/lat/-69.31832006949072/lng/-54.404296875,False,Genista tinctoria
KW_T_423_14_0140L,14,Chenopodium ficifolium,Chenopodium ficifolium,Chenopodium,ficifolium,Mosses,Pottiaceae,Knikkersterretje,https://galerij.kb.nl/kb.html#/nl/florabatava13/page/34/zoom/3/lat/-66.5482634621744/lng/-29.091796875,False,Chenopodium ficifolium
KW_T_423_14_0142L,14,Populus tremula,Populus tremula,Populus,tremula,Mosses,Pottiaceae,Riviersterretje,https://galerij.kb.nl/kb.html#/nl/florabatava13/page/34/zoom/3/lat/-66.5482634621744/lng/-29.091796875,False,Populus tremula
KW_T_423_14_0143L,14,Populus tremula,Populus tremula,Populus,tremula,Flowering plants,Orobanchaceae,Walstrobremraap,https://galerij.kb.nl/kb.html#/nl/florabatava13/page/35/zoom/3/lat/-69.31832006949072/lng/-54.404296875,False,Populus tremula
KW_T_423_14_0145L,14,Polyporus lucidus / Polyporus marginatus,Ganoderma lucidum / Fomitopsis pinicola,Ganoderma / Fomitopsis,lucidum / pinicola,Flowering plants,Rosaceae / Caprifoliaceae,Moerasspirea / Geoorde veldsla,https://galerij.kb.nl/kb.html#/nl/florabatava13/page/36/zoom/3/lat/-66.5482634621744/lng/-29.091796875,True,Ganoderma lucidum / Fomitopsis pinicola
KW_T_423_14_0147L,14,Salix viminalis,Salix viminalis,Salix,viminalis,Mosses,Pylaisiaceae,Gewoon puntmos,https://galerij.kb.nl/kb.html#/nl/florabatava13/page/38/zoom/3/lat/-66.5482634621744/lng/-29.091796875,False,Salix viminalis
KW_T_423_14_0149L,14,Populus monilifera- Canada'sche Populier,Populus x canadensis,Populus,x canadensis,Flowering plants,Lamiaceae,Dauwnetel,https://galerij.kb.nl/kb.html#/nl/florabatava13/page/39/zoom/3/lat/-66.5482634621744/lng/-29.091796875,False,Populus x canadensis
KW_T_423_14_0150L,14,Populus monilifera- Canada'sche Populier,Populus x canadensis,Populus,x canadensis,Flowering plants,Ranunculaceae,Middelste waterranonkel,https://galerij.kb.nl/kb.html#/nl/florabatava13/page/40/zoom/3/lat/-66.5482634621744/lng/-29.091796875,False,Populus x canadensis
KW_T_423_14_0152L,14,Juncus filiformis,Juncus filiformis,Juncus,filiformis,Flowering plants,Asteraceae,Wilde averuit/Duinaveruit,https://galerij.kb.nl/kb.html#/nl/florabatava13/page/41/zoom/3/lat/-66.5482634621744/lng/-29.091796875,False,Juncus filiformis
KW_T_423_14_0154L,14,Clavaria coralloides,Clavulina coralloides,Clavulina,coralloides,Flowering plants,Poaceae,Zachte haver,https://galerij.kb.nl/kb.html#/nl/florabatava13/page/42/zoom/3/lat/-66.5482634621744/lng/-29.091796875,False,Clavulina coralloides
KW_T_423_14_0156L,14,Iberis amara,Iberis amara,Iberis,amara,Flowering plants,Ranunculaceae,Kleine waterranonkel,https://galerij.kb.nl/kb.html#/nl/florabatava13/page/43/zoom/3/lat/-66.5482634621744/lng/-29.091796875,False,Iberis amara
KW_T_423_14_0158L,14,Populus canescens,Populus x canescens,Populus,x canescens,Flowering plants,Orobanchaceae,Bitterkruidbremraap,https://galerij.kb.nl/kb.html#/nl/florabatava13/page/44/zoom/3/lat/-66.5482634621744/lng/-29.091796875,False,Populus x canescens
KW_T_423_14_0159L,14,Populus canescens,Populus x canescens,Populus,x canescens,Flowering plants,Ranunculaceae,Vlottende waterranonkel,https://galerij.kb.nl/kb.html#/nl/florabatava13/page/45/zoom/3/lat/-66.5482634621744/lng/-29.091796875,False,Populus x canescens
KW_T_423_14_0161L,14,Encalypta streptocarpa,Encalypta streptocarpa,Encalypta,streptocarpa,Flowering plants,Plantaginaceae,Gewoon Sterrenkroos,https://galerij.kb.nl/kb.html#/nl/florabatava13/page/46/zoom/3/lat/-66.5482634621744/lng/-29.091796875,False,Encalypta streptocarpa
KW_T_423_14_0163L,14,Agaricus saponaceus,Tricholoma saponaceum,Tricholoma,saponaceum,Flowering plants,Ranunculaceae,Stijve waterranonkel,https://galerij.kb.nl/kb.html#/nl/florabatava13/page/47/zoom/3/lat/-66.5482634621744/lng/-29.091796875,False,Tricholoma saponaceum
KW_T_423_15_0009L,15,Crepis agrestis,Crepis capillaris,Crepis,capillaris,Mosses,Pottiaceae,#N/A,https://galerij.kb.nl/kb.html#/nl/florabatava13/page/49/zoom/3/lat/-66.96447630005638/lng/-22.5,False,Crepis capillaris
KW_T_423_15_0011L,15,Mentha rotundifolia,Mentha x rotundifolia nm. alopecuroides,Mentha,x rotundifolia nm alopecuroides,Flowering plants,Araceae,Italiaanse aronskelk,https://galerij.kb.nl/kb.html#/nl/florabatava13/page/50/zoom/3/lat/-66.5482634621744/lng/-29.091796875,False,Mentha x rotundifolia nm. alopecuroides
KW_T_423_15_0013L,15,Asparagus officinalis var. maritima,Asparagus officinalis subsp. prostratus,Asparagus,officinalis subsp. prostratus,Flowering plants,Ranunculaceae,Witte waterranonkel,https://galerij.kb.nl/kb.html#/nl/florabatava13/page/51/zoom/3/lat/-66.5482634621744/lng/-29.091796875,False,Asparagus officinalis subsp. prostratus
KW_T_423_15_0015L,15,Epipactis latifolia,Epipactis helleborine subsp. helleborine,Epipactis,helleborine subsp. helleborine,Flowering plants,Boraginaceae,Glad parelzaad,https://galerij.kb.nl/kb.html#/nl/florabatava13/page/52/zoom/3/lat/-66.5482634621744/lng/-29.091796875,False,Epipactis helleborine subsp. helleborine
KW_T_423_15_0017L,15,Geaster triplex,Geastrum triplex,Geastrum,triplex,Flowering plants,Poaceae,Zwenkdravik,https://galerij.kb.nl/kb.html#/nl/florabatava13/page/54/zoom/3/lat/-66.5482634621744/lng/-29.091796875,False,Geastrum triplex
KW_T_423_15_0020L,15,Corydalis lutea,Pseudofumaria lutea,Pseudofumaria,lutea,Flowering plants,Rosaceae,Kleine pimpernel,https://galerij.kb.nl/kb.html#/nl/florabatava13/page/55/zoom/3/lat/-66.5482634621744/lng/-29.091796875,False,Pseudofumaria lutea
KW_T_423_15_0022L,15,Diervilla canadensis,Diervilla lonicera,Diervilla,lonicera,Flowering plants,Juncaceae,Zilte rus,https://galerij.kb.nl/kb.html#/nl/florabatava13/page/56/zoom/3/lat/-66.5482634621744/lng/-29.091796875,False,Diervilla lonicera
KW_T_423_15_0024L,15,Carex trinervis,Carex trinervis,Carex,trinervis,Flowering plants,Cyperaceae,Ruwe bies,https://galerij.kb.nl/kb.html#/nl/florabatava13/page/57/zoom/3/lat/-66.5482634621744/lng/-29.091796875,False,Carex trinervis
KW_T_423_15_0026L,15,Polytrichum juniperinum,Polytrichum juniperinum,Polytrichum,juniperinum,Flowering plants,Juncaceae,Knolrus,https://galerij.kb.nl/kb.html#/nl/florabatava13/page/58/zoom/3/lat/-66.5482634621744/lng/-29.091796875,False,Polytrichum juniperinum
KW_T_423_15_0028L,15,Agaricus vaccinus,Tricholoma vaccinum,Tricholoma,vaccinum,Mosses,Orthotrichaceae,Grijze haarmuts,https://galerij.kb.nl/kb.html#/nl/florabatava13/page/59/zoom/3/lat/-66.5482634621744/lng/-29.091796875,False,Tricholoma vaccinum
KW_T_423_15_0030L,15,Rosa rubiginosa-spinosissima,Rosa x cantiana,Rosa,x cantiana,Mosses,Orthotrichaceae,#N/A,https://galerij.kb.nl/kb.html#/nl/florabatava13/page/60/zoom/3/lat/-67.16995497083366/lng/-42.01171875,False,Rosa x cantiana
KW_T_423_15_0032L,15,Galinsoga parviflora,Galinsoga parviflora,Galinsoga,parviflora,Flowering plants,Asteraceae,Stengelomvattend havikskruid,https://galerij.kb.nl/kb.html#/nl/florabatava13/page/61/zoom/3/lat/-66.5482634621744/lng/-29.091796875,False,Galinsoga parviflora
KW_T_423_15_0034L,15,Lolium multiflorum,Lolium multiflorum,Lolium,multiflorum,Mosses,Ditrichaceae,Purpersteeltje,https://galerij.kb.nl/kb.html#/nl/florabatava13/page/62/zoom/3/lat/-66.5482634621744/lng/-29.091796875,False,Lolium multiflorum
KW_T_423_15_0036L,15,Agaricus equestris,Tricholoma equestre,Tricholoma,equestre,Mosses,Leucodontaceae,#N/A,https://galerij.kb.nl/kb.html#/nl/florabatava13/page/63/zoom/3/lat/-67.16995497083366/lng/-42.01171875,False,Tricholoma equestre
KW_T_423_15_0038L,15,Cyathus striatus / Peziza aurantia,Cyathus striatus / Aleuria aurantia,Cyathus / Aleuria,striatus / aurantia,Flowering plants,Brassicaceae / Cyperaceae,Stijf barbarakruid / Scherpe zegge,https://galerij.kb.nl/kb.html#/nl/florabatava13/page/64/zoom/3/lat/-66.5482634621744/lng/-29.091796875,True,Cyathus striatus / Aleuria aurantia
KW_T_423_15_0040L,15,Gentiana cruciata,Gentiana cruciata,Gentiana,cruciata,Flowering plants,Juncaceae,Veldrus,https://galerij.kb.nl/kb.html#/nl/florabatava13/page/66/zoom/3/lat/-66.5482634621744/lng/-29.091796875,False,Gentiana cruciata
KW_T_423_15_0042L,15,Populus alba,Populus alba,Populus,alba,Flowering plants,Asteraceae,Donzige klit,https://galerij.kb.nl/kb.html#/nl/florabatava13/page/67/zoom/3/lat/-66.5482634621744/lng/-29.091796875,False,Populus alba
KW_T_423_15_0043L,15,Populus alba,Populus alba,Populus,alba,Flowering plants,Brassicaceae,Akkerkers,https://galerij.kb.nl/kb.html#/nl/florabatava13/page/68/zoom/3/lat/-66.5482634621744/lng/-29.091796875,False,Populus alba
KW_T_423_15_0045L,15,Orthotrichum pulchellum,Orthotrichum pulchellum,Orthotrichum,pulchellum,Flowering plants,Potamogetonaceae,Tenger fonteinkruid,https://galerij.kb.nl/kb.html#/nl/florabatava13/page/70/zoom/3/lat/-66.5482634621744/lng/-29.091796875,False,Orthotrichum pulchellum
KW_T_423_15_0047L,15,Boletus rufus. Boletus Versipellis,Leccinum albostipitatum,Leccinum,albostipitatum,Flowering plants,Violaceae,Ruig viooltje,https://galerij.kb.nl/kb.html#/nl/florabatava13/page/72/zoom/3/lat/-66.5482634621744/lng/-29.091796875,False,Leccinum albostipitatum
KW_T_423_15_0049L,15,Chrysosplenium alternifolium,Chrysosplenium alternifolium,Chrysosplenium,alternifolium,Flowering plants,Poaceae,Smal / Duinfakkelgras,https://galerij.kb.nl/kb.html#/nl/florabatava13/page/73/zoom/3/lat/-66.5482634621744/lng/-29.091796875,False,Chrysosplenium alternifolium
KW_T_423_15_0051L,15,Populus canescens,Populus canescens-tremula,Populus,canescens-tremula,Flowering plants,Poaceae,Buntgras,https://galerij.kb.nl/kb.html#/nl/florabatava13/page/74/zoom/3/lat/-66.5482634621744/lng/-29.091796875,False,Populus canescens-tremula
KW_T_423_15_0052L,15,Populus canescens,Populus canescens-tremula,Populus,canescens-tremula,Mosses,Calliergonaceae,Reuzenpuntmos,https://galerij.kb.nl/kb.html#/nl/florabatava13/page/75/zoom/3/lat/-66.5482634621744/lng/-29.091796875,False,Populus canescens-tremula
KW_T_423_15_0054L,15,Geaster striatus / Geaster striatus,"Geastrum elegans (a-c, h) / Geastrum schmidelii (e, g)",Geastrum,elegans / schmidelii,Flowering plants,Asteraceae / Geraniaceae,Stijf havikskruid / Bermooievaarsbek,https://galerij.kb.nl/kb.html#/nl/florabatava13/page/76/zoom/3/lat/-66.5482634621744/lng/-29.091796875,True,"Geastrum elegans (a-c, h) / Geastrum schmidelii (e, g)"
KW_T_423_15_0056L,15,Geaster cesatii,Geastrum minimum,Geastrum,minimum,Flowering plants,Cyperaceae,Borstelbies,https://galerij.kb.nl/kb.html#/nl/florabatava13/page/78/zoom/3/lat/-66.5482634621744/lng/-29.091796875,False,Geastrum minimum
KW_T_423_15_0058L,15,Iberis umbellata,Iberis umbellata,Iberis,umbellata,Flowering plants,Primulaceae,Teer guichelheil,https://galerij.kb.nl/kb.html#/nl/florabatava13/page/79/zoom/3/lat/-66.5482634621744/lng/-29.091796875,False,Iberis umbellata
KW_T_423_15_0060L,15,Senecio jacobaea var. discoideus,Jacobaea vulgaris subsp. dunensis,Jacobaea,vulgaris subsp. dunensis,Mosses,Rhabdoweisiaceae,Gewoon sikkelsterretje,https://galerij.kb.nl/kb.html#/nl/florabatava13/page/80/zoom/3/lat/-66.5482634621744/lng/-29.091796875,False,Jacobaea vulgaris subsp. dunensis
KW_T_423_15_0062L,15,Galeopsis bifida,Galeopsis bifida,Galeopsis,bifida,Mosses,Brachytheciaceae,Fijn laddermos,https://galerij.kb.nl/kb.html#/nl/florabatava13/page/81/zoom/3/lat/-66.5482634621744/lng/-29.091796875,False,Galeopsis bifida
KW_T_423_15_0064L,15,Dicranum heteromallum,Dicranella heteromalla,Dicranella,heteromalla,Flowering plants,Apocynaceae,Zijdeplant,https://galerij.kb.nl/kb.html#/nl/florabatava13/page/83/zoom/3/lat/-66.5482634621744/lng/-29.091796875,False,Dicranella heteromalla
KW_T_423_15_0066L,15,Agaricus mucidus,Oudemansiella mucida,Oudemansiella,mucida,Flowering plants,Apocynaceae,Zijdeplant,https://galerij.kb.nl/kb.html#/nl/florabatava13/page/83/zoom/3/lat/-66.5482634621744/lng/-29.091796875,False,Oudemansiella mucida
KW_T_423_15_0068L,15,Saxifraga granulata,Saxifraga granulata 'Plena',Saxifraga,granulata 'Plena',Flowering plants,Poaceae,Duinriet,https://galerij.kb.nl/kb.html#/nl/florabatava13/page/84/zoom/3/lat/-66.5482634621744/lng/-29.091796875,False,Saxifraga granulata 'Plena'
KW_T_423_15_0070L,15,Lysimachia nemorum,Lysimachia nemorum,Lysimachia,nemorum,Flowering plants,Poaceae,Hennegras,https://galerij.kb.nl/kb.html#/nl/florabatava13/page/85/zoom/3/lat/-66.5482634621744/lng/-29.091796875,False,Lysimachia nemorum
KW_T_423_15_0072L,15,Carex pallescens,Carex pallescens,Carex,pallescens,Fungi,Geastraceae,Peperbus,https://galerij.kb.nl/kb.html#/nl/florabatava13/page/86/zoom/3/lat/-66.5482634621744/lng/-29.091796875,False,Carex pallescens
KW_T_423_15_0074L,15,Barbula unguiculata,Barbula unguiculata,Barbula,unguiculata,Fungi,Suillaceae,Bruine ringboleet,https://galerij.kb.nl/kb.html#/nl/florabatava13/page/87/zoom/3/lat/-66.5482634621744/lng/-29.091796875,False,Barbula unguiculata
KW_T_423_15_0076L,15,Helvella crispa,Helvella crispa,Helvella,crispa,Flowering plants,Onagraceae,Teunisbloem spec.,https://galerij.kb.nl/kb.html#/nl/florabatava10/page/67/zoom/3/lat/-68.8159271333607/lng/-45.615234375,False,Helvella crispa
KW_T_423_15_0078L,15,Sanguisorba officinalis,Sanguisorba officinalis,Sanguisorba,officinalis,Mosses,Brachytheciaceae,Geplooid snavelmos,https://galerij.kb.nl/kb.html#/nl/florabatava13/page/90/zoom/3/lat/-66.5482634621744/lng/-29.091796875,False,Sanguisorba officinalis
KW_T_423_15_0080L,15,Aster parviflorus,Symphyotrichum lanceolatum,Symphyotrichum,lanceolatum,Fungi,Phyllotopsidaceae,Koningsmantel,https://galerij.kb.nl/kb.html#/nl/florabatava13/page/91/zoom/3/lat/-66.5482634621744/lng/-29.091796875,False,Symphyotrichum lanceolatum
KW_T_423_15_0082L,15,Euphorbia stricta,Euphorbia stricta,Euphorbia,stricta,Fungi,Boletaceae,Roodnetboleet,https://galerij.kb.nl/kb.html#/nl/florabatava13/page/92/zoom/3/lat/-66.5482634621744/lng/-29.091796875,False,Euphorbia stricta
KW_T_423_15_0084L,15,Festuca rubra var. arenaria,Festuca arenaria,Festuca,arenaria,Flowering plants,Ranunculaceae,Blauwe anemoon,https://galerij.kb.nl/kb.html#/nl/florabatava14/page/9/zoom/3/lat/-65.03506043658815/lng/-28.916015625,False,Festuca arenaria
KW_T_423_15_0086L,15,Agaricus nebula,Clitocybe nebularis,Clitocybe,nebularis,Flowering plants,Montiaceae,Bronkruid spec.,https://galerij.kb.nl/kb.html#/nl/florabatava14/page/10/zoom/3/lat/-65.03506043658815/lng/-28.916015625,False,Clitocybe nebularis
KW_T_423_15_0088L,15,Aster brumalis,Symphyotrichum novi-belgii,Symphyotrichum,novi-belgii,Mosses,Neckeraceae,Spatelmos,https://galerij.kb.nl/kb.html#/nl/florabatava14/page/11/zoom/3/lat/-65.03506043658815/lng/-28.916015625,False,Symphyotrichum novi-belgii
KW_T_423_15_0090L,15,Campanula rapunculus,Campanula rapunculus,Campanula,rapunculus,Fungi,Clitocybaceae,Roodbruine schijnridderzwam,https://galerij.kb.nl/kb.html#/nl/florabatava14/page/12/zoom/3/lat/-65.03506043658815/lng/-28.916015625,False,Campanula rapunculus
KW_T_423_15_0092L,15,Festuca rubra,Festuca rubra,Festuca,rubra,Fungi,Leotiaceae,Groene glibberzwam,https://galerij.kb.nl/kb.html#/nl/florabatava14/page/13/zoom/3/lat/-65.03506043658815/lng/-28.916015625,False,Festuca rubra
KW_T_423_15_0094L,15,Hypnum myurum,Isothecium alopecuroides,Isothecium,alopecuroides,Flowering plants,Asteraceae,Moesdistel,https://galerij.kb.nl/kb.html#/nl/florabatava14/page/14/zoom/3/lat/-65.03506043658815/lng/-28.916015625,False,Isothecium alopecuroides
KW_T_423_15_0096L,15,Geaster vulgatus,Geastrum rufescens,Geastrum,rufescens,Conifers,Pinaceae,Grove den,https://galerij.kb.nl/kb.html#/nl/florabatava14/page/16/zoom/3/lat/-65.03506043658815/lng/-28.916015625,False,Geastrum rufescens
KW_T_423_15_0098L,15,Acer campestre,Acer campestre,Acer,campestre,Flowering plants,Orchidaceae,Vleeskleurige orchis,https://galerij.kb.nl/kb.html#/nl/florabatava14/page/17/zoom/3/lat/-65.03506043658815/lng/-28.916015625,False,Acer campestre
KW_T_423_15_0100L,15,Ornithopus sativus,Ornithopus sativus,Ornithopus,sativus,Fungi,Suillaceae,Melkboleet,https://galerij.kb.nl/kb.html#/nl/florabatava14/page/18/zoom/3/lat/-65.03506043658815/lng/-28.916015625,False,Ornithopus sativus
KW_T_423_15_0102L,15,Hieracium auricula,Hieracium lactucella,Hieracium,lactucella,Flowering plants,Thymelaeaceae,Rood peperboompje,https://galerij.kb.nl/kb.html#/nl/florabatava14/page/19/zoom/3/lat/-65.03506043658815/lng/-28.916015625,False,Hieracium lactucella
KW_T_423_15_0104L,15,Brachypodium sylvaticum,Brachypodium sylvaticum,Brachypodium,sylvaticum,Flowering plants,Araceae,Gevlekte aronskelk,https://galerij.kb.nl/kb.html#/nl/florabatava14/page/20/zoom/3/lat/-65.03506043658815/lng/-28.916015625,False,Brachypodium sylvaticum
KW_T_423_15_0106L,15,Hydnum auriscalpium,Auriscalpium vulgare,Auriscalpium,vulgare,Flowering plants,Cyperaceae,Dwergzegge,https://galerij.kb.nl/kb.html#/nl/florabatava14/page/21/zoom/3/lat/-65.03506043658815/lng/-28.916015625,False,Auriscalpium vulgare
KW_T_423_15_0108L,15,Hieracium aurantiacum,Hieracium aurantiacum,Hieracium,aurantiacum,Mosses,Hypnaceae,Gewoon klauwtjesmos,https://galerij.kb.nl/kb.html#/nl/florabatava14/page/22/zoom/3/lat/-65.03506043658815/lng/-28.916015625,False,Hieracium aurantiacum
KW_T_423_15_0110L,15,Amarantus retroflexus,Amaranthus retroflexus,Amaranthus,retroflexus,Fungi,Agaricaceae,Knolparasolzwam,https://galerij.kb.nl/kb.html#/nl/florabatava14/page/23/zoom/3/lat/-65.03506043658815/lng/-28.916015625,False,Amaranthus retroflexus
KW_T_423_15_0112L,15,Scirpus sylvaticus,Scirpus sylvaticus,Scirpus,sylvaticus,Flowering plants,Saxifragaceae,Knolsteenbreek,https://galerij.kb.nl/kb.html#/nl/florabatava14/page/24/zoom/3/lat/-65.03506043658815/lng/-28.916015625,False,Scirpus sylvaticus
KW_T_423_15_0114L,15,Homalothecium sericeum,Homalothecium sericeum,Homalothecium,sericeum,Conifers,Cupressaceae,Jeneverbes,https://galerij.kb.nl/kb.html#/nl/florabatava14/page/25/zoom/3/lat/-65.03506043658815/lng/-28.916015625,False,Homalothecium sericeum
KW_T_423_15_0116L,15,Boletus parasiticus,Pseudoboletus parasiticus,Pseudoboletus,parasiticus,Flowering plants,Orchidaceae,Hondskruid,https://galerij.kb.nl/kb.html#/nl/florabatava14/page/26/zoom/3/lat/-65.03506043658815/lng/-28.916015625,False,Pseudoboletus parasiticus
KW_T_423_15_0118L,15,Barbarea praecox,Barbarea verna,Barbarea,verna,Mosses,Pottiaceae,Gerand muursterretje,https://galerij.kb.nl/kb.html#/nl/florabatava14/page/27/zoom/3/lat/-65.03506043658815/lng/-28.916015625,False,Barbarea verna
KW_T_423_15_0120L,15,Pyrus malus,Malus sylvestris,Malus,sylvestris,Fungi,Mycenaceae,Gewoon elfenschermpje,https://galerij.kb.nl/kb.html#/nl/florabatava14/page/28/zoom/3/lat/-65.03506043658815/lng/-28.916015625,False,Malus sylvestris
KW_T_423_15_0122L,15,Mentha arvensis,Mentha arvensis,Mentha,arvensis,Flowering plants,Papaveraceae,Gele hoornpapaver,https://galerij.kb.nl/kb.html#/nl/florabatava14/page/29/zoom/3/lat/-65.03506043658815/lng/-28.916015625,False,Mentha arvensis
KW_T_423_15_0124L,15,Carex canescens,Carex curta,Carex,curta,Flowering plants,Papaveraceae,Rankende duivenkervel,https://galerij.kb.nl/kb.html#/nl/florabatava14/page/30/zoom/3/lat/-65.03506043658815/lng/-28.916015625,False,Carex curta
KW_T_423_15_0126L,15,Geaster hygrometricus,Astraeus hygrometricus,Astraeus,hygrometricus,Flowering plants,Gentianaceae,Veldgentiaan,https://galerij.kb.nl/kb.html#/nl/florabatava14/page/31/zoom/3/lat/-65.03506043658815/lng/-28.916015625,False,Astraeus hygrometricus
KW_T_423_15_0128L,15,Aster brumalis,Symphyotrichum cf. novi-belgii,Symphyotrichum,cf. novi-belgii,Flowering plants,Cyperaceae,Bruin cypergras,https://galerij.kb.nl/kb.html#/nl/florabatava14/page/32/zoom/3/lat/-65.03506043658815/lng/-28.916015625,False,Symphyotrichum cf. novi-belgii
KW_T_423_15_0130L,15,Crepis virens var. diffusa,Crepis capillaris,Crepis,capillaris,Mosses,Brachytheciaceae,Groot laddermos,https://galerij.kb.nl/kb.html#/nl/florabatava14/page/33/zoom/3/lat/-65.03506043658815/lng/-28.916015646,False,Crepis capillaris
KW_T_423_15_0132L,15,Poa serotina,Poa palustris,Poa,palustris,Flowering plants,Rosaceae,Bottelroos,https://galerij.kb.nl/kb.html#/nl/florabatava14/page/34/zoom/3/lat/-65.03506043658815/lng/-28.916015625,False,Poa palustris
KW_T_423_15_0134L,15,Aulacomnion palustre,Aulacomnium palustre,Aulacomnium,palustre,Flowering plants,Primulaceae,Stengelloze sleutelbloem,https://galerij.kb.nl/kb.html#/nl/florabatava14/page/35/zoom/3/lat/-65.03506043658815/lng/-28.916015625,False,Aulacomnium palustre
KW_T_423_15_0136L,15,Geaster mammosus,Geastrum corollinum,Geastrum,corollinum,Flowering plants,Salicaceae,Kruipwilg,https://galerij.kb.nl/kb.html#/nl/florabatava14/page/36/zoom/3/lat/-65.03506043658815/lng/-28.916015625,False,Geastrum corollinum
KW_T_423_15_0138L,15,Silene nutans,Silene nutans,Silene,nutans,Mosses,Brachytheciaceae,Smaragdmos,https://galerij.kb.nl/kb.html#/nl/florabatava14/page/37/zoom/3/lat/-65.03506043658815/lng/-28.916015625,False,Silene nutans
KW_T_423_15_0140L,15,Campanula rapunculoïdes,Campanula rapunculoides,Campanula,rapunculoides,Fungi,Tricholomataceae,Narcisridderzwam,https://galerij.kb.nl/kb.html#/nl/florabatava14/page/38/zoom/3/lat/-65.03506043658815/lng/-28.916015625,False,Campanula rapunculoides
KW_T_423_15_0142L,15,Poa nemoralis,Poa cf. nemoralis,Poa,cf. nemoralis,Flowering plants,Salicaceae,Wilg spec.,https://galerij.kb.nl/kb.html#/nl/florabatava14/page/40/zoom/3/lat/-65.03506043658815/lng/-28.916015625,False,Poa cf. nemoralis
KW_T_423_15_0144L,15,Scirpus pauciflorus,Eleocharis quinqueflora,Eleocharis,quinqueflora,Flowering plants,Salicaceae,Grauwe wilg,https://galerij.kb.nl/kb.html#/nl/florabatava14/page/41/zoom/3/lat/-65.03506043658815/lng/-28.916015625,False,Eleocharis quinqueflora
KW_T_423_15_0146L,15,Peziza nigrella,Pseudoplectania nigrella,Pseudoplectania,nigrella,Fungi,Schizophyllaceae,Vals judasoor,https://galerij.kb.nl/kb.html#/nl/florabatava14/page/42/zoom/3/lat/-65.03506043658815/lng/-28.916015625,False,Pseudoplectania nigrella
KW_T_423_15_0148L,15,Cochlearia danica var. erecta,Cochlearia danica,Cochlearia,danica,Flowering plants,Ericaceae,Rijsbes,https://galerij.kb.nl/kb.html#/nl/florabatava14/page/44/zoom/3/lat/-65.03506043658815/lng/-28.916015625,False,Cochlearia danica
KW_T_423_15_0150L,15,Rubus fruticosus,Rubus cf. nessensis,Rubus,cf. nessensis,Flowering plants,Montiaceae,Winterpostelein,https://galerij.kb.nl/kb.html#/nl/florabatava14/page/45/zoom/3/lat/-65.03506043658815/lng/-28.916015625,False,Rubus cf. nessensis
KW_T_423_15_0152L,15,Carex verna,Carex caryophyllea,Carex,caryophyllea,Flowering plants,Polygonaceae,Spinaziezuring,https://galerij.kb.nl/kb.html#/nl/florabatava14/page/46/zoom/3/lat/-65.03506043658815/lng/-28.916015625,False,Carex caryophyllea
KW_T_423_15_0154L,15,Polytrichum piliferum,Polytrichum piliferum,Polytrichum,piliferum,Mosses,Mniaceae,Koepelmos,https://galerij.kb.nl/kb.html#/nl/florabatava14/page/47/zoom/3/lat/-65.03506043658815/lng/-28.916015625,False,Polytrichum piliferum
KW_T_423_15_0156L,15,Geaster fimbriatus,Geastrum fimbriatum,Geastrum,fimbriatum,Fungi,Coniferssporangiaceae,#N/A,https://galerij.kb.nl/kb.html#/nl/florabatava14/page/48/zoom/3/lat/-65.03506043658815/lng/-28.916015625,False,Geastrum fimbriatum
KW_T_423_15_0158L,15,Helichrysum arenarium,Helichrysum arenarium,Helichrysum,arenarium,Fungi,Coniferssporangiaceae,#N/A,https://galerij.kb.nl/kb.html#/nl/florabatava14/page/48/zoom/3/lat/-65.03506043658815/lng/-28.916015625,False,Helichrysum arenarium
KW_T_423_15_0160L,15,Orobanche coerulea,Orobanche purpurea,Orobanche,purpurea,Flowering plants,Brassicaceae,Pijlkruidkers,https://galerij.kb.nl/kb.html#/nl/florabatava14/page/49/zoom/3/lat/-65.03506043658815/lng/-28.916015625,False,Orobanche purpurea
KW_T_423_15_0162L,15,Ulmus suberosa,Ulmus x hollandica,Ulmus,x hollandica,Flowering plants,Apiaceae,Heelkruid,https://galerij.kb.nl/kb.html#/nl/florabatava14/page/50/zoom/3/lat/-65.03506043658815/lng/-28.916015625,False,Ulmus x hollandica
KW_T_423_15_0165L,15,Bromus arvensis,Bromus arvensis,Bromus,arvensis,Flowering plants,Euphorbiaceae,Zeewolfsmelk,https://galerij.kb.nl/kb.html#/nl/florabatava14/page/51/zoom/3/lat/-65.03506043658815/lng/-28.916015625,False,Bromus arvensis
KW_T_423_15_0167L,15,Helvella lacunosa,Helvella lacunosa,Helvella,lacunosa,Flowering plants,Poaceae,Slofhak,https://galerij.kb.nl/kb.html#/nl/florabatava14/page/52/zoom/3/lat/-65.03506043658815/lng/-28.916015625,False,Helvella lacunosa
KW_T_423_16_0009L,16,Inula britannica,Inula britannica,Inula,britannica,Fungi,Omphalotaceae,Bundelcollybia,https://galerij.kb.nl/kb.html#/nl/florabatava14/page/53/zoom/3/lat/-65.03506043658815/lng/-28.916015625,False,Inula britannica
KW_T_423_16_0011L,16,Salix aurita,Salix aurita,Salix,aurita,Flowering plants,Hypericaceae,Moerashertshooi,https://galerij.kb.nl/kb.html#/nl/florabatava14/page/54/zoom/3/lat/-65.03506043658815/lng/-28.916015625,False,Salix aurita
KW_T_423_16_0013L,16,Festuca loliacea,Schedolium loliaceum,Schedolium,loliaceum,Flowering plants,Rosaceae,Weichselboom,https://galerij.kb.nl/kb.html#/nl/florabatava14/page/55/zoom/3/lat/-65.03506043658815/lng/-28.916015625,False,Schedolium loliaceum
KW_T_423_16_0015L,16,Dicranum undulatum,Dicranum polysetum,Dicranum,polysetum,Mosses,Orthotrichaceae,Echt iepenmos,https://galerij.kb.nl/kb.html#/nl/florabatava14/page/57/zoom/3/lat/-65.03506043658815/lng/-28.916015625,False,Dicranum polysetum
KW_T_423_16_0017L,16,Geaster fornicatus,Geastrum quadrifiduum,Geastrum,quadrifiduum,Fungi,Otideaceae,Hazenoor spec.,https://galerij.kb.nl/kb.html#/nl/florabatava14/page/58/zoom/3/lat/-65.03506043658815/lng/-28.916015625,False,Geastrum quadrifiduum
KW_T_423_16_0019L,16,Cardamine pratensis,Cardamine pratensis 'Flore Pleno',Cardamine,pratensis 'Flore Pleno',Flowering plants,Scrophulariaceae,Voorjaarshelmkruid,https://galerij.kb.nl/kb.html#/nl/florabatava14/page/59/zoom/3/lat/-65.03506043658815/lng/-28.916015625,False,Cardamine pratensis 'Flore Pleno'
KW_T_423_16_0021L,16,Abies excelsa,Picea abies,Picea,abies,Flowering plants,Salicaceae,Bittere wilg,https://galerij.kb.nl/kb.html#/nl/florabatava14/page/60/zoom/3/lat/-65.03506043658815/lng/-28.916015625,False,Picea abies
KW_T_423_16_0023L,16,Eriophorum latifolium,Eriophorum latifolium,Eriophorum,latifolium,Mosses,Splachnaceae,Kruikmos,https://galerij.kb.nl/kb.html#/nl/florabatava14/page/61/zoom/3/lat/-65.03506043658815/lng/-28.916015625,False,Eriophorum latifolium
KW_T_423_16_0025L,16,Agrostis stolonifera,Agrostis stolonifera,Agrostis,stolonifera,Fungi,Russulaceae,Populiermelkzwam,https://galerij.kb.nl/kb.html#/nl/florabatava14/page/62/zoom/3/lat/-70.93100353239011/lng/27.685546874999996,False,Agrostis stolonifera
KW_T_423_16_0027L,16,Leocarpus vernicosus,Leocarpus fragilis,Leocarpus,fragilis,Fungi,Meruliaceae,Toefige labyrintzwam,https://galerij.kb.nl/kb.html#/nl/florabatava14/page/63/zoom/3/lat/-65.03506043658815/lng/-28.916015625,False,Leocarpus fragilis
KW_T_423_16_0029L,16,Fagus sylvatica,Fagus sylvatica,Fagus,sylvatica,Flowering plants,Rosaceae,Amerikaans krentenboompje,https://galerij.kb.nl/kb.html#/nl/florabatava14/page/64/zoom/3/lat/-65.03506043658815/lng/-28.916015625,False,Fagus sylvatica
KW_T_423_16_0031L,16,Heliosciadum nodiflorum,Helosciadium nodiflorum,Helosciadium,nodiflorum,Flowering plants,Salicaceae,Zwarte populier,https://galerij.kb.nl/kb.html#/nl/florabatava14/page/66/zoom/3/lat/-65.03506043658815/lng/-28.916015625,False,Helosciadium nodiflorum
KW_T_423_16_0033L,16,Rumex sanguineus,Rumex sanguineus,Rumex,sanguineus,Flowering plants,Salicaceae,Zwarte populier,https://galerij.kb.nl/kb.html#/nl/florabatava14/page/66/zoom/3/lat/-65.03506043658815/lng/-28.916015625,False,Rumex sanguineus
KW_T_423_16_0035L,16,Agaricus cepaestipes,Leucoagaricus meleagris ,Leucoagaricus,meleagris,Ferns,Cystopteridaceae ,Blaasvaren,https://galerij.kb.nl/kb.html#/nl/florabatava14/page/67/zoom/3/lat/-65.03506043658815/lng/-28.916015625,False,Leucoagaricus meleagris 
KW_T_423_16_0037L,16,Roestelia lacerata,Coniferssporangium clavariiforme,Coniferssporangium,clavariiforme,Fungi,Amanitaceae,Grote kleefparasol,https://galerij.kb.nl/kb.html#/nl/florabatava14/page/68/zoom/3/lat/-65.03506043658815/lng/-28.916015625,False,Coniferssporangium clavariiforme
KW_T_423_16_0039L,16,Stellaria dilleniana,Stellaria graminea,Stellaria,graminea,Flowering plants,Ericaceae,Cranberry,https://galerij.kb.nl/kb.html#/nl/florabatava14/page/70/zoom/3/lat/-65.03506043658815/lng/-28.916015625,False,Stellaria graminea
KW_T_423_16_0041L,16,Medicago denticulata,Medicago polymorpha,Medicago,polymorpha,Flowering plants,Boraginaceae,Stekelzaad,https://galerij.kb.nl/kb.html#/nl/florabatava14/page/71/zoom/3/lat/-65.03506043658815/lng/-28.916015625,False,Medicago polymorpha
KW_T_423_16_0043L,16,Plantago lanceolata f. capitata,Plantago lanceolata,Plantago,lanceolata,Flowering plants,Araceae,Gevlekte aronskelk,https://galerij.kb.nl/kb.html#/nl/florabatava14/page/20/zoom/3/lat/-65.03506043658815/lng/-28.916015625,False,Plantago lanceolata
KW_T_423_16_0045L,16,Bromus commutatus,Bromus racemosus,Bromus,racemosus,Fungi,Helvellaceae,Bokaalkluifzwam,https://galerij.kb.nl/kb.html#/nl/florabatava14/page/73/zoom/3/lat/-65.03506043658815/lng/-28.916015625,False,Bromus racemosus
KW_T_423_16_0047L,16,Agaricus odoris,Clitocybe odora,Clitocybe,odora,Fungi,Otideaceae,Zeemkleurig hazenoor,https://galerij.kb.nl/kb.html#/nl/florabatava14/page/73/zoom/3/lat/-65.03506043658815/lng/-28.916015625,False,Clitocybe odora
KW_T_423_16_0049L,16,Helianthemum guttatum,Tuberaria guttata,Tuberaria,guttata,Flowering plants,Fabaceae,Verfbrem,https://galerij.kb.nl/kb.html#/nl/florabatava14/page/74/zoom/3/lat/-65.03506043658815/lng/-28.916015625,False,Tuberaria guttata
KW_T_423_16_0051L,16,Medicago sativa,Medicago sativa,Medicago,sativa,Flowering plants,Amaranthaceae,Stippelganzenvoet,https://galerij.kb.nl/kb.html#/nl/florabatava14/page/75/zoom/3/lat/-65.03506043658815/lng/-28.916015625,False,Medicago sativa
KW_T_423_16_0053L,16,Quercus pedunculata,Quercus robur,Quercus,robur,Flowering plants,Salicaceae,Ratelpopulier,https://galerij.kb.nl/kb.html#/nl/florabatava14/page/77/zoom/3/lat/-65.03506043658815/lng/-28.916015625,False,Quercus robur
KW_T_423_16_0055L,16,Pylaisia polyantha. Hypnum polyanthum,Pylaisia polyantha,Pylaisia,polyantha,Flowering plants,Salicaceae,Ratelpopulier,https://galerij.kb.nl/kb.html#/nl/florabatava14/page/77/zoom/3/lat/-65.03506043658815/lng/-28.916015625,False,Pylaisia polyantha
KW_T_423_16_0057L,16,Bolbitius hydrophilus / Agaricus hydrophilus,Psathyrella candolleana,Psathyrella,candolleana,Fungi,Ganodermataceae,Lakzwam,https://galerij.kb.nl/kb.html#/nl/florabatava14/page/78/zoom/3/lat/-65.03506043658815/lng/-28.916015625,False,Psathyrella candolleana
KW_T_423_16_0059L,16,Verbascum Lychnitis,Verbascum lychnitis,Verbascum,lychnitis,Fungi,Fomitopsidaceae,Roodgerande houtzwam,https://galerij.kb.nl/kb.html#/nl/florabatava14/page/78/zoom/3/lat/-65.03506043658815/lng/-28.916015625,False,Verbascum lychnitis
KW_T_423_16_0061L,16,Lilium bulbiferum,Lilium bulbiferum subsp. croceum,Lilium,bulbiferum subsp. croceum,Flowering plants,Salicaceae,Katwilg,https://galerij.kb.nl/kb.html#/nl/florabatava14/page/79/zoom/3/lat/-65.03506043658815/lng/-28.916015625,False,Lilium bulbiferum subsp. croceum
KW_T_423_16_0063L,16,Glyceria Borerri. Sclerochloa Borreri,Puccinellia fasciculata,Puccinellia,fasciculata,Flowering plants,Juncaceae,Draadrus,https://galerij.kb.nl/kb.html#/nl/florabatava14/page/82/zoom/3/lat/-65.03506043658815/lng/-28.916015625,False,Puccinellia fasciculata
KW_T_423_16_0065L,16,Hylocomium loreum. Hypnum loreum,Rhytidiadelphus loreus,Rhytidiadelphus,loreus,Fungi,Hydnaceae,Witte koraalzwam,https://galerij.kb.nl/kb.html#/nl/florabatava14/page/83/zoom/3/lat/-65.03506043658815/lng/-28.916015625,False,Rhytidiadelphus loreus
KW_T_423_16_0067L,16,Agaricus robustus,Tricholoma focale,Tricholoma,focale,Flowering plants,Brassicaceae,Bittere scheefbloem,https://galerij.kb.nl/kb.html#/nl/florabatava14/page/84/zoom/3/lat/-65.03506043658815/lng/-28.916015625,False,Tricholoma focale
KW_T_423_16_0069L,16,Hieracium vulgatum,Hieracium Sect. Vulgata,Hieracium,Sect. Vulgata,Mosses,Encalyptaceae,Groot klokhoedje,https://galerij.kb.nl/kb.html#/nl/florabatava14/page/87/zoom/3/lat/-65.03506043658815/lng/-28.916015625,False,Hieracium Sect. Vulgata
KW_T_423_16_0071L,16,Salix Seringeana,Salix spec.,Salix,spec.,Fungi,Tricholomataceae,Zeepzwam,https://galerij.kb.nl/kb.html#/nl/florabatava14/page/88/zoom/3/lat/-65.03506043658815/lng/-28.916015625,False,Salix spec.
KW_T_423_16_0073L,16,Lilium martagon,Lilium martagon,Lilium,martagon,Flowering plants,Asteraceae,Klein streepzaad,https://galerij.kb.nl/kb.html#/nl/florabatava15/page/8/zoom/3/lat/-71.49703690095419/lng/-52.119140625,False,Lilium martagon
KW_T_423_16_0075L,16,Orthotrichum crispum,Ulota bruchii,Ulota,bruchii,Fungi,Geastraceae,Gekraagde aardster,https://galerij.kb.nl/kb.html#/nl/florabatava15/page/12/zoom/3/lat/-69.80930869552192/lng/-62.49023437499999,False,Ulota bruchii
KW_T_423_16_0077L,16,Roestelia cancellata,Coniferssporangium sabinae,Coniferssporangium,sabinae,Flowering plants,Papaveraceae,Gele helmbloem,https://galerij.kb.nl/kb.html#/nl/florabatava15/page/14/zoom/3/lat/-65.98227002980873/lng/-25.224609375,False,Coniferssporangium sabinae
KW_T_423_16_0079L,16,Rhus toxicodendron,Rhus radicans,Rhus,radicans,Flowering plants,Caprifoliaceae,,https://galerij.kb.nl/kb.html#/nl/florabatava15/page/15/zoom/3/lat/-65.98227002980873/lng/-25.224609375,False,Rhus radicans
KW_T_423_16_0081L,16,Scorzonera hispanica,Scorzonera spec.,Scorzonera,spec.,Flowering plants,Cyperaceae,Drienervige zegge,https://galerij.kb.nl/kb.html#/nl/florabatava15/page/16/zoom/3/lat/-65.98227002980873/lng/-25.224609375,False,Scorzonera spec.
KW_T_423_16_0083L,16,Scrophularia Neesii,Scrophularia umbrosa,Scrophularia,umbrosa,Mosses,Polytrichaceae,Zandhaarmos,https://galerij.kb.nl/kb.html#/nl/florabatava15/page/17/zoom/3/lat/-65.98227002980873/lng/-25.224609375,False,Scrophularia umbrosa
KW_T_423_16_0085L,16,Hypnum cordifolium,Calliergon cordifolium,Calliergon,cordifolium,Fungi,Tricholomataceae,Ruige ridderzwam,https://galerij.kb.nl/kb.html#/nl/florabatava15/page/18/zoom/3/lat/-65.98227002980873/lng/-25.224609375,False,Calliergon cordifolium
KW_T_423_16_0087L,16,Polyporus frondosus,Grifola frondosa,Grifola,frondosa,Flowering plants,Asteraceae,Kaal knopkruid,https://galerij.kb.nl/kb.html#/nl/florabatava15/page/20/zoom/3/lat/-65.98227002980873/lng/-25.224609375,False,Grifola frondosa
KW_T_423_16_0089L,16,Viburnum lantana,Viburnum lantana,Viburnum,lantana,Flowering plants,Poaceae,Italiaans raaigras,https://galerij.kb.nl/kb.html#/nl/florabatava15/page/21/zoom/3/lat/-65.98227002980873/lng/-25.224609375,False,Viburnum lantana
KW_T_423_16_0091L,16,Veronica buxbaumii,Veronica persica,Veronica,persica,Fungi,Tricholomataceae,Gele ridderzwam,https://galerij.kb.nl/kb.html#/nl/florabatava15/page/22/zoom/3/lat/-65.98227002980873/lng/-25.224609375,False,Veronica persica
KW_T_423_16_0093L,16,Heleocharis uniglumis,Eleocharis uniglumis,Eleocharis,uniglumis,Fungi,Agaricaceae,Gestreept nestzwammetje,https://galerij.kb.nl/kb.html#/nl/florabatava15/page/23/zoom/3/lat/-65.98227002980873/lng/-25.224609375,False,Eleocharis uniglumis
KW_T_423_16_0095L,16,Bryum argenteum,Bryum argenteum,Bryum,argenteum,Fungi,Pyronemataceae,Grote oranje bekerzwam,https://galerij.kb.nl/kb.html#/nl/florabatava15/page/23/zoom/3/lat/-65.98227002980873/lng/-25.224609375,False,Bryum argenteum
KW_T_423_16_0097L,16,Gomphidius glutinosus,Gomphidius glutinosus,Gomphidius,glutinosus,Flowering plants,Gentianaceae,Kruisbladgentiaan,https://galerij.kb.nl/kb.html#/nl/florabatava15/page/24/zoom/3/lat/-65.98227002980873/lng/-25.224609375,False,Gomphidius glutinosus
KW_T_423_16_0099L,16,Geranium columbinum,Geranium columbinum,Geranium,columbinum,Flowering plants,Salicaceae,Witte abeel,https://galerij.kb.nl/kb.html#/nl/florabatava15/page/26/zoom/3/lat/-65.98227002980873/lng/-25.224609375,False,Geranium columbinum
KW_T_423_16_0101L,16,Trifolium subterraneum,Trifolium subterraneum,Trifolium,subterraneum,Flowering plants,Salicaceae,Witte abeel,https://galerij.kb.nl/kb.html#/nl/florabatava15/page/26/zoom/3/lat/-65.98227002980873/lng/-25.224609375,False,Trifolium subterraneum
KW_T_423_16_0103L,16,Anagallis coerulea,Anagallis arvensis subsp. foemina,Anagallis,arvensis subsp. foemina,Mosses,Orthotrichaceae,Gekroesde haarmuts,https://galerij.kb.nl/kb.html#/nl/florabatava15/page/27/zoom/3/lat/-65.98227002980873/lng/-25.224609377,False,Anagallis arvensis subsp. foemina
KW_T_423_16_0105L,16,Setaria glauca,Setaria pumila,Setaria,pumila,Fungi,Agaricaceae,Oranje populierboleet,https://galerij.kb.nl/kb.html#/nl/florabatava15/page/28/zoom/3/lat/-65.98227002980873/lng/-25.224609375,False,Setaria pumila
KW_T_423_16_0107L,16,Agaricus inornatus,Clitocybe spec.,Clitocybe,spec.,Flowering plants,Saxifragaceae,Verspreidbladig goudveil,https://galerij.kb.nl/kb.html#/nl/florabatava15/page/29/zoom/3/lat/-65.98227002980873/lng/-25.224609378,False,Clitocybe spec.
KW_T_423_16_0109L,16,Rosa cinnamomea,Rosa majalis,Rosa,majalis,Flowering plants,Salicaceae,Grauwe abeel,https://galerij.kb.nl/kb.html#/nl/florabatava15/page/30/zoom/3/lat/-70.81581215931347/lng/-57.568359375,False,Rosa majalis
KW_T_423_16_0111L,16,Malva borealis,Malva pusilla,Malva,pusilla,Flowering plants,Salicaceae,Grauwe abeel,https://galerij.kb.nl/kb.html#/nl/florabatava15/page/31/zoom/3/lat/-70.81581215931347/lng/-57.568359375,False,Malva pusilla
KW_T_423_16_0113L,16,Rumex maritimus,Rumex maritimus,Rumex,maritimus,Fungi,Geastraceae,Kleine aardster,https://galerij.kb.nl/kb.html#/nl/florabatava15/page/33/zoom/3/lat/-65.98227002980873/lng/-25.224609375,False,Rumex maritimus
KW_T_423_16_0115L,16,Orthotrichum sprucei,Orthotrichum sprucei,Orthotrichum,sprucei,Flowering plants,Brassicaceae,Schermscheefbloem,https://galerij.kb.nl/kb.html#/nl/florabatava15/page/34/zoom/3/lat/-65.98227002980873/lng/-25.224609375,False,Orthotrichum sprucei
KW_T_423_16_0117L,16,Polyporus sulphureus,Laetiporus sulphureus,Laetiporus,sulphureus,Flowering plants,Lamiaceae,Gespleten hennepnetel,https://galerij.kb.nl/kb.html#/nl/florabatava15/page/36/zoom/3/lat/-65.98227002980873/lng/-25.224609375,False,Laetiporus sulphureus
KW_T_423_16_0119L,16,Scopolia carniolica,Scopolia carniolica,Scopolia,carniolica,Mosses,Dicranellaceae,Gewoon pluisjesmos,https://galerij.kb.nl/kb.html#/nl/florabatava15/page/37/zoom/3/lat/-65.98227002980873/lng/-25.224609375,False,Scopolia carniolica
KW_T_423_16_0121L,16,Veronica polita,Veronica polita,Veronica,polita,Fungi,Physalacriaceae,Porseleinzwam,https://galerij.kb.nl/kb.html#/nl/florabatava15/page/38/zoom/3/lat/-65.98227002980873/lng/-25.224609375,False,Veronica polita
KW_T_423_16_0123L,16,Avena strigosa,Avena strigosa,Avena,strigosa,Flowering plants,Primulaceae,Boswederik,https://galerij.kb.nl/kb.html#/nl/florabatava15/page/40/zoom/3/lat/-65.98227002980873/lng/-25.224609375,False,Avena strigosa
KW_T_423_16_0125L,16,Bryum luridum,Bryum archangelicum,Bryum,archangelicum,Flowering plants,Cyperaceae,Bleke zegge,https://galerij.kb.nl/kb.html#/nl/florabatava15/page/41/zoom/3/lat/-65.98227002980873/lng/-25.224609375,False,Bryum archangelicum
KW_T_423_16_0127L,16,Thelephora caryophyllea,Thelephora caryophyllea,Thelephora,caryophyllea,Mosses,Pottiaceae,Kleismaragdsteeltje,https://galerij.kb.nl/kb.html#/nl/florabatava15/page/42/zoom/3/lat/-65.98227002980873/lng/-25.224609375,False,Thelephora caryophyllea
KW_T_423_16_0129L,16,Cochlearia anglica,Cochlearia anglica,Cochlearia,anglica,Fungi,Helvellaceae,Witte kluifzwam,https://galerij.kb.nl/kb.html#/nl/florabatava15/page/43/zoom/3/lat/-65.98227002980873/lng/-25.224609375,False,Cochlearia anglica
KW_T_423_16_0132L,16,Salvia verbenaca,Salvia verbenaca,Salvia,verbenaca,Flowering plants,Rosaceae,Grote pimpernel,https://galerij.kb.nl/kb.html#/nl/florabatava15/page/44/zoom/3/lat/-65.98227002980873/lng/-25.224609375,False,Salvia verbenaca
KW_T_423_16_0134L,16,Cyperus flavescens,Cyperus flavescens,Cyperus,flavescens,Flowering plants,Asteraceae,Smalle aster,https://galerij.kb.nl/kb.html#/nl/florabatava15/page/45/zoom/3/lat/-65.98227002980873/lng/-25.224609375,False,Cyperus flavescens
KW_T_423_16_0136L,16,Bryum murale,Bryum radiculosum,Bryum,radiculosum,Flowering plants,Euphorbiaceae,Stijve wolfsmelk,https://galerij.kb.nl/kb.html#/nl/florabatava15/page/46/zoom/3/lat/-65.98227002980873/lng/-25.224609375,False,Bryum radiculosum
KW_T_423_16_0138L,16,Fistulina hepatica,Fistulina hepatica,Fistulina,hepatica,Flowering plants,Poaceae,Duinzwenkgras,https://galerij.kb.nl/kb.html#/nl/florabatava15/page/47/zoom/3/lat/-65.98227002980873/lng/-25.224609375,False,Fistulina hepatica
KW_T_423_16_0140L,16,Montia rivularis,Montia fontana subsp. amporitana,Montia,fontana subsp. amporitana,Fungi,Clitocybaceae,Nevelzwam,https://galerij.kb.nl/kb.html#/nl/florabatava15/page/48/zoom/3/lat/-68.56038368664157/lng/-53.0859375,False,Montia fontana subsp. amporitana
KW_T_423_16_0142L,16,Tragopogon minor,Tragopogon pratensis subsp. minor,Tragopogon,pratensis subsp. minor,Flowering plants,Asteraceae,Nieuw-Nederlandse aster,https://galerij.kb.nl/kb.html#/nl/florabatava15/page/49/zoom/3/lat/-65.98227002980873/lng/-25.224609375,False,Tragopogon pratensis subsp. minor
KW_T_423_16_0144L,16,Rumex hydrolapathum,Rumex hydrolapathum,Rumex,hydrolapathum,Flowering plants,Campanulaceae,Rapunzelklokje,https://galerij.kb.nl/kb.html#/nl/florabatava15/page/50/zoom/3/lat/-65.98227002980873/lng/-25.224609375,False,Rumex hydrolapathum
KW_T_423_16_0146L,16,Bryum fallax,Bryum pallens,Bryum,pallens,Flowering plants,Poaceae,Rood zwenkgras,https://galerij.kb.nl/kb.html#/nl/florabatava15/page/51/zoom/3/lat/-65.98227002980873/lng/-25.224609375,False,Bryum pallens
KW_T_423_16_0148L,16,Polyporus frondosus,Grifola frondosa,Grifola,frondosa,Mosses,Lembophyllaceae,Recht palmpjesmos,https://galerij.kb.nl/kb.html#/nl/florabatava15/page/52/zoom/3/lat/-65.98227002980873/lng/-25.224609385,False,Grifola frondosa
KW_T_423_16_0150L,16,Anemone nemorosa flore pleno,Anemone nemorosa 'Flore Pleno',Anemone,nemorosa 'Flore Pleno',Fungi,Geastraceae,Roze aardster,https://galerij.kb.nl/kb.html#/nl/florabatava15/page/53/zoom/3/lat/-65.98227002980873/lng/-25.224609375,False,Anemone nemorosa 'Flore Pleno'
KW_T_423_16_0152L,16,Plantago arenaria,Plantago arenaria,Plantago,arenaria,Flowering plants,Sapindaceae,Spaanse aak,https://galerij.kb.nl/kb.html#/nl/florabatava15/page/54/zoom/3/lat/-65.98227002980873/lng/-25.224609375,False,Plantago arenaria
KW_T_423_16_0154L,16,Ammi majus,Ammi majus,Ammi,majus,Flowering plants,Fabaceae,Serradelle,https://galerij.kb.nl/kb.html#/nl/florabatava15/page/55/zoom/3/lat/-65.98227002980873/lng/-25.224609375,False,Ammi majus
KW_T_423_16_0156L,16,Bryum marratii,Bryum marratii,Bryum,marratii,Flowering plants,Asteraceae,Spits havikskruid,https://galerij.kb.nl/kb.html#/nl/florabatava15/page/56/zoom/3/lat/-65.98227002980873/lng/-25.224609375,False,Bryum marratii
KW_T_423_16_0158L,16,Agaricus clypeatus,Entoloma clypeatum,Entoloma,clypeatum,Flowering plants,Poaceae,Boskortsteel,https://galerij.kb.nl/kb.html#/nl/florabatava15/page/57/zoom/3/lat/-65.98227002980873/lng/-25.224609375,False,Entoloma clypeatum
KW_T_423_16_0160L,16,Torilis helvetica,Torilis arvensis,Torilis,arvensis,Fungi,Auriscalpiaceae,Oorlepelzwam,https://galerij.kb.nl/kb.html#/nl/florabatava15/page/58/zoom/3/lat/-65.98227002980873/lng/-25.224609375,False,Torilis arvensis
KW_T_423_16_0162L,16,Barkhausia foetida,Crepis foetida,Crepis,foetida,Flowering plants,Asteraceae,Oranje havikskruid,https://galerij.kb.nl/kb.html#/nl/florabatava15/page/59/zoom/3/lat/-65.98227002980873/lng/-25.224609375,False,Crepis foetida
KW_T_423_16_0164L,16,Luzula albida,Luzula luzuloides,Luzula,luzuloides,Flowering plants,Amaranthaceae,Papegaaienkruid,https://galerij.kb.nl/kb.html#/nl/florabatava15/page/60/zoom/3/lat/-65.98227002980873/lng/-25.224609375,False,Luzula luzuloides
KW_T_423_16_0166L,16,Fucus platycarpus,Fucus spiralis,Fucus,spiralis,Flowering plants,Cyperaceae,Bosbies,https://galerij.kb.nl/kb.html#/nl/florabatava15/page/61/zoom/3/lat/-65.98227002980873/lng/-25.224609375,False,Fucus spiralis
KW_T_423_16_0168L,16,Polyporus perennis,Coltricia perennis,Coltricia,perennis,Mosses,Brachytheciaceae,Gewoon zijdemos,https://galerij.kb.nl/kb.html#/nl/florabatava15/page/62/zoom/3/lat/-65.98227002980873/lng/-25.224609375,False,Coltricia perennis
KW_T_423_17_0009L,17,Corydalis cava,Corydalis cava,Corydalis,cava,Fungi,Boletaceae,Kostgangerboleet,https://galerij.kb.nl/kb.html#/nl/florabatava15/page/63/zoom/3/lat/-65.98227002980873/lng/-25.224609375,False,Corydalis cava
KW_T_423_17_0011L,17,Farsetia incana,Berteroa incana,Berteroa,incana,Flowering plants,Brassicaceae,Vroeg barbarakruid,https://galerij.kb.nl/kb.html#/nl/florabatava15/page/64/zoom/3/lat/-65.98227002980873/lng/-25.224609375,False,Berteroa incana
KW_T_423_17_0013L,17,Viola riviniana,Viola riviniana,Viola,riviniana,Flowering plants,Rosaceae,Appel,https://galerij.kb.nl/kb.html#/nl/florabatava15/page/65/zoom/3/lat/-65.98227002980873/lng/-25.224609375,False,Viola riviniana
KW_T_423_17_0015L,17,Bryum warneum,Bryum warneum,Bryum,warneum,Flowering plants,Lamiaceae,Akkermunt,https://galerij.kb.nl/kb.html#/nl/florabatava15/page/66/zoom/3/lat/-65.98227002980873/lng/-25.224609375,False,Bryum warneum
KW_T_423_17_0017L,17,Gomphidius viscidus,Chroogomphus rutilus,Chroogomphus,rutilus,Flowering plants,Cyperaceae,Zompzegge,https://galerij.kb.nl/kb.html#/nl/florabatava15/page/67/zoom/3/lat/-65.98227002980873/lng/-25.224609375,False,Chroogomphus rutilus
KW_T_423_17_0019L,17,Helianthemum vulgare,Helianthemum nummularium,Helianthemum,nummularium,Fungi,Diplocystaceae,Weerhuisje,https://galerij.kb.nl/kb.html#/nl/florabatava15/page/68/zoom/3/lat/-65.98227002980873/lng/-25.224609375,False,Helianthemum nummularium
KW_T_423_17_0021L,17,Bupleurum tenuissimum,Bupleurum tenuissimum,Bupleurum,tenuissimum,Flowering plants,Asteraceae,Klein streepzaad,https://galerij.kb.nl/kb.html#/nl/florabatava15/page/70/zoom/3/lat/-71.49703690095419/lng/-48.779296875,False,Bupleurum tenuissimum
KW_T_423_17_0023L,17,Senecio fuchsii,Senecio ovatus,Senecio,ovatus,Flowering plants,Poaceae,Moerasbeemdgras,https://galerij.kb.nl/kb.html#/nl/florabatava15/page/71/zoom/3/lat/-65.98227002980873/lng/-25.224609375,False,Senecio ovatus
KW_T_423_17_0025L,17,Bryum lacustre,Bryum knowltonii,Bryum,knowltonii,Mosses,Aulacomniaceae,Roodviltmos,https://galerij.kb.nl/kb.html#/nl/florabatava15/page/72/zoom/3/lat/-65.98227002980873/lng/-25.224609375,False,Bryum knowltonii
KW_T_423_17_0027L,17,Anabaina circinalis,Dolichospermum circinale,Dolichospermum,circinale,Fungi,Geastraceae,Tepelaardster,https://galerij.kb.nl/kb.html#/nl/florabatava15/page/73/zoom/3/lat/-65.98227002980873/lng/-25.224609375,False,Dolichospermum circinale
KW_T_423_17_0029L,17,Erysimum strictum,Erysimum virgatum,Erysimum,virgatum,Flowering plants,Caryophyllaceae,Nachtsilene,https://galerij.kb.nl/kb.html#/nl/florabatava15/page/74/zoom/3/lat/-65.98227002980873/lng/-25.224609375,False,Erysimum virgatum
KW_T_423_17_0031L,17,Centaurea solstitialis,Centaurea solstitialis,Centaurea,solstitialis,Flowering plants,Campanulaceae,Akkerklokje,https://galerij.kb.nl/kb.html#/nl/florabatava15/page/75/zoom/3/lat/-65.98227002980873/lng/-25.224609375,False,Centaurea solstitialis
KW_T_423_17_0033L,17,Scrophularia balbisii,Scrophularia auriculata,Scrophularia,auriculata,Flowering plants,Cyperaceae,Armbloemige waterbies,https://galerij.kb.nl/kb.html#/nl/florabatava15/page/76/zoom/3/lat/-65.98227002980873/lng/-25.224609375,False,Scrophularia auriculata
KW_T_423_17_0035L,17,Bryum uliginosum,Bryum uliginosum,Bryum,uliginosum,Fungi,Sarcosomataceae,Zwarte bekerzwam,https://galerij.kb.nl/kb.html#/nl/florabatava15/page/78/zoom/3/lat/-65.98227002980873/lng/-25.224609375,False,Bryum uliginosum
KW_T_423_17_0037L,17,Agaricus (pleurotus) ambiguus,Pleurotus ostreatus,Pleurotus,ostreatus,Flowering plants,Brassicaceae,Deens lepelblad,https://galerij.kb.nl/kb.html#/nl/florabatava15/page/79/zoom/3/lat/-72.10094360009953/lng/-53.525390625,False,Pleurotus ostreatus
KW_T_423_17_0039L,17,Sinapis alba,Sinapis alba,Sinapis,alba,Flowering plants,Cyperaceae,Voorjaarszegge,https://galerij.kb.nl/kb.html#/nl/florabatava15/page/81/zoom/3/lat/-65.98227002980873/lng/-25.224609375,False,Sinapis alba
KW_T_423_17_0041L,17,Potentilla albo-sterilis,Potentilla alba,Potentilla,alba,Mosses,Polytrichaceae,Ruig haarmos,https://galerij.kb.nl/kb.html#/nl/florabatava15/page/82/zoom/3/lat/-65.98227002980873/lng/-25.224609375,False,Potentilla alba
KW_T_423_17_0043L,17,Carpinus betulus,Carpinus betulus ,Carpinus,betulus,Fungi,Geastraceae,Gewimperde aardster,https://galerij.kb.nl/kb.html#/nl/florabatava15/page/83/zoom/3/lat/-65.98227002980873/lng/-25.224609375,False,Carpinus betulus 
KW_T_423_17_0045L,17,Bryum pendulum,Bryum algovicum,Bryum,algovicum,Flowering plants,Asteraceae,Strobloem,https://galerij.kb.nl/kb.html#/nl/florabatava15/page/84/zoom/3/lat/-65.98227002980873/lng/-25.224609375,False,Bryum algovicum
KW_T_423_17_0047L,17,Hydnum zonatum,Hydnellum concrescens,Hydnellum,concrescens,Flowering plants,Orobanchaceae,Blauwe bremraap,https://galerij.kb.nl/kb.html#/nl/florabatava15/page/85/zoom/3/lat/-65.98227002980873/lng/-25.224609375,False,Hydnellum concrescens
KW_T_423_17_0049L,17,Scutellaria columnae,Scutellaria columnae,Scutellaria,columnae,Flowering plants,Poaceae,Akkerdravik,https://galerij.kb.nl/kb.html#/nl/florabatava15/page/88/zoom/3/lat/-65.98227002980873/lng/-25.13671875,False,Scutellaria columnae
KW_T_423_17_0051L,17,Veronica prostrata,Veronica prostrata,Veronica,prostrata,Fungi,Helvellaceae,Zwarte kluifzwam,https://galerij.kb.nl/kb.html#/nl/florabatava15/page/89/zoom/3/lat/-65.98227002980873/lng/-25.13671875,False,Veronica prostrata
KW_T_423_17_0053L,17,Narcissus poeticus,Narcissus poeticus,Narcissus,poeticus,Flowering plants,Asteraceae,Engelse alant,https://galerij.kb.nl/kb.html#/nl/florabatava16/page/8/zoom/3/lat/-66.12496236487968/lng/-29.267578125,False,Narcissus poeticus
KW_T_423_17_0055L,17,Bryum intermedium,Bryum intermedium,Bryum,intermedium,Flowering plants,Salicaceae,Geoorde wilg,https://galerij.kb.nl/kb.html#/nl/florabatava16/page/9/zoom/3/lat/-66.12496236487968/lng/-29.267578125,False,Bryum intermedium
KW_T_423_17_0057L,17,Clavaria formosa,Ramaria spec.,Ramaria,spec.,Flowering plants,Poaceae,Trosraaigras,https://galerij.kb.nl/kb.html#/nl/florabatava16/page/10/zoom/3/lat/-66.12496236487968/lng/-29.267578125,False,Ramaria spec.
KW_T_423_17_0059L,17,Dianthus carthusianorum,Dianthus carthusianorum,Dianthus,carthusianorum,Mosses,Dicranaceae,Gerimpeld gaffeltandmos,https://galerij.kb.nl/kb.html#/nl/florabatava16/page/11/zoom/3/lat/-66.12496236487968/lng/-29.267578125,False,Dianthus carthusianorum
KW_T_423_17_0061L,17,Cerastium glomeratum,Cerastium glomeratum,Cerastium,glomeratum,Fungi,Geastraceae,Kleine vierslippige aardster,https://galerij.kb.nl/kb.html#/nl/florabatava16/page/12/zoom/3/lat/-66.12496236487968/lng/-29.267578125,False,Cerastium glomeratum
KW_T_423_17_0063L,17,Lupinus luteus,Lupinus luteus,Lupinus,luteus,Conifers,Pinaceae,Fijnspar,https://galerij.kb.nl/kb.html#/nl/florabatava16/page/14/zoom/3/lat/-66.12496236487968/lng/-29.267578125,False,Lupinus luteus
KW_T_423_17_0065L,17,Bryum cirrhatum,Bryum cf. creberrimum,Bryum,cf. creberrimum,Flowering plants,Cyperaceae,Breed wollegras,https://galerij.kb.nl/kb.html#/nl/florabatava16/page/15/zoom/3/lat/-66.12496236487968/lng/-29.267578125,False,Bryum cf. creberrimum
KW_T_423_17_0067L,17,Boletus castaneus,Gyroporus castaneus,Gyroporus,castaneus,Flowering plants,Poaceae,Fioringras,https://galerij.kb.nl/kb.html#/nl/florabatava16/page/16/zoom/3/lat/-66.12496236487968/lng/-29.267578125,False,Gyroporus castaneus
KW_T_423_17_0069L,17,Fragaria elatior,Fragaria moschata,Fragaria,moschata,Fungi,Physaraceae,Glanzend druivenpitje,https://galerij.kb.nl/kb.html#/nl/florabatava16/page/17/zoom/3/lat/-66.12496236487968/lng/-29.267578125,False,Fragaria moschata
KW_T_423_17_0071L,17,Genista sagittalis,Genista sagittalis,Genista,sagittalis,Flowering plants,Fagaceae,Beuk,https://galerij.kb.nl/kb.html#/nl/florabatava16/page/20/zoom/3/lat/-66.12496236487968/lng/-29.267578125,False,Genista sagittalis
KW_T_423_17_0073L,17,Verbascum schraderi,Verbascum thapsus,Verbascum,thapsus,Flowering plants,Apiaceae,Groot moerasscherm,https://galerij.kb.nl/kb.html#/nl/florabatava16/page/19/zoom/2/lat/-72.3424643905499/lng/-38.3203125,False,Verbascum thapsus
KW_T_423_17_0075L,17,Bryum torquescens,Bryum torquescens,Bryum,torquescens,Flowering plants,Polygonaceae,Bloedzuring,https://galerij.kb.nl/kb.html#/nl/florabatava16/page/19/zoom/3/lat/-66.12496236487968/lng/-29.267578125,False,Bryum torquescens
KW_T_423_17_0077L,17,Cortinarius (Agaricus) cyanites,Cortinarius spec.,Cortinarius,spec.,Fungi,Agaricaceae,Compostchampignonparasol,https://galerij.kb.nl/kb.html#/nl/florabatava16/page/21/zoom/3/lat/-66.12496236487968/lng/-29.267578125,False,Cortinarius spec.
KW_T_423_17_0079L,17,Potentilla fragariastrum,Potentilla sterilis,Potentilla,sterilis,Fungi,Coniferssporangiaceae,Meidoorn-jeneverbestroest,https://galerij.kb.nl/kb.html#/nl/florabatava16/page/22/zoom/3/lat/-70.55417853776078/lng/-61.962890625,False,Potentilla sterilis
KW_T_423_17_0081L,17,Primula officinalis,Primula veris,Primula,veris,Flowering plants,Caryophyllaceae,Grasmuur,https://galerij.kb.nl/kb.html#/nl/florabatava16/page/23/zoom/3/lat/-70.55417853776078/lng/-61.962890625,False,Primula veris
KW_T_423_17_0083L,17,Carex ericetorum,Carex ericetorum,Carex,ericetorum,Flowering plants,Fabaceae,Ruige rupsklaver,https://galerij.kb.nl/kb.html#/nl/florabatava16/page/24/zoom/3/lat/-66.12496236487968/lng/-29.267578125,False,Carex ericetorum
KW_T_423_17_0085L,17,Bryum pallens,Bryum pallens,Bryum,pallens,Flowering plants,Plantaginaceae,Smalle weegbree,https://galerij.kb.nl/kb.html#/nl/florabatava16/page/25/zoom/3/lat/-70.55417853776078/lng/-61.962890625,False,Bryum pallens
KW_T_423_17_0087L,17,Hygrophorus limacinus,Hygrophorus hypothejus,Hygrophorus,hypothejus,Flowering plants,Poaceae,Trosdravik,https://galerij.kb.nl/kb.html#/nl/florabatava16/page/26/zoom/3/lat/-70.55417853776078/lng/-61.962890625,False,Hygrophorus hypothejus
KW_T_423_17_0089L,17,Actaea spicata,Actaea spicata,Actaea,spicata,Fungi,Clitocybaceae,Groene anijstrechterzwam,https://galerij.kb.nl/kb.html#/nl/florabatava16/page/27/zoom/3/lat/-66.12496236487968/lng/-29.267578125,False,Actaea spicata
KW_T_423_17_0091L,17,Orchis militaris,Orchis militaris,Orchis,militaris,Flowering plants,Cistaceae,Gevlekt zonneroosje,https://galerij.kb.nl/kb.html#/nl/florabatava16/page/28/zoom/3/lat/-66.12496236487968/lng/-29.267578125,False,Orchis militaris
KW_T_423_17_0093L,17,Ophyris muscifera,Ophrys insectifera,Ophrys,insectifera,Flowering plants,Fabaceae,Luzerne,https://galerij.kb.nl/kb.html#/nl/florabatava16/page/29/zoom/3/lat/-66.12496236487968/lng/-29.267578125,False,Ophrys insectifera
KW_T_423_17_0095L,17,Bryum inclinatum,Bryum archangelicum,Bryum,archangelicum,Flowering plants,Fagaceae,Zomereik,https://galerij.kb.nl/kb.html#/nl/florabatava16/page/30/zoom/3/lat/-66.12496236487968/lng/-29.267578125,False,Bryum archangelicum
KW_T_423_17_0097L,17,Agaricus dryophilus,Coniferspus dryophilus s.l.,Coniferspus,dryophilus s.l.,Mosses,Pylaisiaceae,Boommos,https://galerij.kb.nl/kb.html#/nl/florabatava16/page/31/zoom/3/lat/-66.12496236487968/lng/-29.267578125,False,Coniferspus dryophilus s.l.
KW_T_423_17_0099L,17,Peucedanum chabraei,Dichoropetalum carvifolia,Dichoropetalum,carvifolia,Fungi,Psathyrellaceae,Bleke franjehoed,https://galerij.kb.nl/kb.html#/nl/florabatava16/page/32/zoom/3/lat/-66.12496236487968/lng/-29.267578125,False,Dichoropetalum carvifolia
KW_T_423_17_0101L,17,Goodyera repens,Goodyera repens,Goodyera,repens,Flowering plants,Scrophulariaceae,Melige toorts,https://galerij.kb.nl/kb.html#/nl/florabatava16/page/33/zoom/3/lat/-66.12496236487968/lng/-29.267578125,False,Goodyera repens
KW_T_423_17_0103L,17,Phalangium liliago,Anthericum liliago,Anthericum,liliago,Flowering plants,Poaceae,Blauw kweldergras,https://galerij.kb.nl/kb.html#/nl/florabatava16/page/35/zoom/3/lat/-66.12496236487968/lng/-29.267578125,False,Anthericum liliago
KW_T_423_17_0105L,17,Bryum erythrocarpum,Bryum rubens,Bryum,rubens,Mosses,Hylocomiaceae,Riempjesmos,https://galerij.kb.nl/kb.html#/nl/florabatava16/page/36/zoom/3/lat/-66.12496236487968/lng/-29.267578125,False,Bryum rubens
KW_T_423_17_0107L,17,Agaricus maximus,Melanoleuca spec.,Melanoleuca,spec.,Fungi,Tricholomataceae,Halsdoekridderzwam,https://galerij.kb.nl/kb.html#/nl/florabatava16/page/37/zoom/3/lat/-66.12496236487968/lng/-29.267578125,False,Melanoleuca spec.
KW_T_423_17_0109L,17,Cardamine amara,Cardamine amara,Cardamine,amara,Flowering plants,Salicaceae,Wilg spec.,https://galerij.kb.nl/kb.html#/nl/florabatava16/page/39/zoom/3/lat/-70.55417853776078/lng/-61.962890625,False,Cardamine amara
KW_T_423_17_0111L,17,Falcaria rivini,Falcaria vulgaris,Falcaria,vulgaris,Flowering plants,Liliaceae,Turkse lelie,https://galerij.kb.nl/kb.html#/nl/florabatava16/page/40/zoom/3/lat/-66.12496236487968/lng/-29.267578125,False,Falcaria vulgaris
KW_T_423_17_0113L,17,Orchis mascula,Orchis mascula,Orchis,mascula,Mosses,Orthotrichaceae,Knotskroesmos,https://galerij.kb.nl/kb.html#/nl/florabatava16/page/41/zoom/3/lat/-66.12496236487968/lng/-29.267578125,False,Orchis mascula
KW_T_423_17_0115L,17,Bryum bimum,Bryum pseudotriquetrum,Bryum,pseudotriquetrum,Fungi,Coniferssporangiaceae,Peer-jeneverbesroest,https://galerij.kb.nl/kb.html#/nl/florabatava16/page/42/zoom/3/lat/-70.55417853776078/lng/-61.962890625,False,Bryum pseudotriquetrum
KW_T_423_17_0117L,17,Agaricus mollis,Crepidotus applanatus,Crepidotus,applanatus,Flowering plants,Anacardiaceae,Gifsumak,https://galerij.kb.nl/kb.html#/nl/florabatava16/page/43/zoom/3/lat/-66.12496236487968/lng/-29.267578125,False,Crepidotus applanatus
KW_T_423_17_0119L,17,Cornus mas,Cornus mas,Cornus,mas,Flowering plants,Asteraceae,Schorseneer spec.,https://galerij.kb.nl/kb.html#/nl/florabatava16/page/44/zoom/3/lat/-66.12496236487968/lng/-29.267578125,False,Cornus mas
KW_T_423_17_0121L,17,Salix rubra,Salix x rubra,Salix,x rubra,Flowering plants,Scrophulariaceae,Gevleugeld helmkruid,https://galerij.kb.nl/kb.html#/nl/florabatava16/page/45/zoom/3/lat/-70.55417853776078/lng/-61.962890625,False,Salix x rubra
KW_T_423_17_0123L,17,Neottia nidus avis,Neottia nidus-avis,Neottia,nidus-avis,Mosses,Calliergonaceae,Hartbladig puntmos,https://galerij.kb.nl/kb.html#/nl/florabatava16/page/46/zoom/3/lat/-66.12496236487968/lng/-29.267578125,False,Neottia nidus-avis
KW_T_423_17_0125L,17,Bryum bimum,Bryum pseudotriquetrum,Bryum,pseudotriquetrum,Fungi,Grifolaceae,Eikhaas,https://galerij.kb.nl/kb.html#/nl/florabatava16/page/47/zoom/3/lat/-66.12496236487968/lng/-29.267578125,False,Bryum pseudotriquetrum
KW_T_423_17_0127L,17,Paxillus panuoides,Tapinella panuoides,Tapinella,panuoides,Flowering plants,Viburnaceae,Wollige sneeuwbal,https://galerij.kb.nl/kb.html#/nl/florabatava16/page/48/zoom/3/lat/-66.12496236487968/lng/-29.267578125,False,Tapinella panuoides
KW_T_423_17_0129L,17,Halimus portulacoides,Atriplex portulacoides,Atriplex,portulacoides,Flowering plants,Plantaginaceae,Grote ereprijs,https://galerij.kb.nl/kb.html#/nl/florabatava16/page/49/zoom/3/lat/-66.12496236487968/lng/-29.267578125,False,Atriplex portulacoides
KW_T_423_17_0131L,17,Carex limosa,Carex limosa,Carex,limosa,Flowering plants,Cyperaceae,Slanke waterbies,https://galerij.kb.nl/kb.html#/nl/florabatava16/page/50/zoom/3/lat/-66.12496236487968/lng/-29.267578125,False,Carex limosa
KW_T_423_17_0133L,17,Psamma batica,Calamagrostis baltica,Calamagrostis,baltica,Mosses,Bryaceae,Zilvermos,https://galerij.kb.nl/kb.html#/nl/florabatava16/page/51/zoom/3/lat/-66.12496236487968/lng/-29.267578125,False,Calamagrostis baltica
KW_T_423_17_0135L,17,Bryum neodamense,Bryum neodamense,Bryum,neodamense,Fungi,Gomphidiaceae,Slijmige spijkerzwam,https://galerij.kb.nl/kb.html#/nl/florabatava16/page/52/zoom/3/lat/-66.12496236487968/lng/-29.267578125,False,Bryum neodamense
KW_T_423_17_0137L,17,Agaricus ustalis,Rhodocollybia butyracea var. butyracea,Rhodocollybia,butyracea var. butyracea,Flowering plants,Geraniaceae,Fijne ooievaarsbek,https://galerij.kb.nl/kb.html#/nl/florabatava16/page/53/zoom/3/lat/-66.12496236487968/lng/-29.267578125,False,Rhodocollybia butyracea var. butyracea
KW_T_423_17_0139L,17,Agrimonia odorata,Agrimonia procera,Agrimonia,procera,Flowering plants,Fabaceae,Onderaardse klaver,https://galerij.kb.nl/kb.html#/nl/florabatava16/page/54/zoom/3/lat/-66.12496236487968/lng/-29.267578125,False,Agrimonia procera
KW_T_423_17_0141L,17,Veronica opaca,Veronica opaca,Veronica,opaca,Flowering plants,Poaceae,Geelrode naaldaar,https://galerij.kb.nl/kb.html#/nl/florabatava16/page/56/zoom/3/lat/-66.12496236487968/lng/-29.267578125,False,Veronica opaca
KW_T_423_17_0143L,17,Carex kochiana,Carex acutiformis,Carex,acutiformis,Fungi,Clitocybaceae,Trechterzwam spec.,https://galerij.kb.nl/kb.html#/nl/florabatava16/page/57/zoom/3/lat/-66.12496236487968/lng/-29.267578125,False,Carex acutiformis
KW_T_423_17_0145L,17,Bryum atropurpureum,Bryum dichotomum,Bryum,dichotomum,Flowering plants,Rosaceae,Kaneelroos,https://galerij.kb.nl/kb.html#/nl/florabatava16/page/58/zoom/3/lat/-66.12496236487968/lng/-29.267578125,False,Bryum dichotomum
KW_T_423_17_0147L,17,Russula nigricans,Russula nigricans,Russula,nigricans,Flowering plants,Malvaceae,Rond kaasjeskruid,https://galerij.kb.nl/kb.html#/nl/florabatava16/page/59/zoom/3/lat/-66.12496236487968/lng/-29.267578125,False,Russula nigricans
KW_T_423_17_0149L,17,Elatine hexandra,Elatine hexandra,Elatine,hexandra,Flowering plants,Polygonaceae,Goudzuring,https://galerij.kb.nl/kb.html#/nl/florabatava16/page/60/zoom/3/lat/-66.12496236487968/lng/-29.267578125,False,Elatine hexandra
KW_T_423_17_0151L,17,Sherardia arvensis var. walravenii,Sherardia arvensis,Sherardia,arvensis,Mosses,Orthotrichaceae,Maashaarmuts,https://galerij.kb.nl/kb.html#/nl/florabatava16/page/61/zoom/3/lat/-66.12496236487968/lng/-29.267578125,False,Sherardia arvensis
KW_T_423_17_0153L,17,Juncus alpinus,Juncus anceps,Juncus,anceps,Fungi,Laetiporaceae,Zwavelzwam,https://galerij.kb.nl/kb.html#/nl/florabatava16/page/62/zoom/3/lat/-66.12496236487968/lng/-29.267578125,False,Juncus anceps
KW_T_423_17_0155L,17,Bryum alpinum,Bryum alpinum,Bryum,alpinum,Flowering plants,Solanaceae,Klokbilzekruid,https://galerij.kb.nl/kb.html#/nl/florabatava16/page/63/zoom/3/lat/-66.12496236487968/lng/-29.267578125,False,Bryum alpinum
KW_T_423_17_0157L,17,Boletus variegatus,Suillus variegatus,Suillus,variegatus,Flowering plants,Plantaginaceae,Gladde ereprijs,https://galerij.kb.nl/kb.html#/nl/florabatava16/page/64/zoom/3/lat/-66.12496236487968/lng/-29.267578125,False,Suillus variegatus
KW_T_423_17_0159L,17,Sisymbrium pannonicum,Sisymbrium altissimum,Sisymbrium,altissimum,Flowering plants,Poaceae,Evene,https://galerij.kb.nl/kb.html#/nl/florabatava16/page/65/zoom/3/lat/-66.12496236487968/lng/-29.267578125,False,Sisymbrium altissimum
KW_T_423_17_0161L,17,Oenanthe lachenalii,Oenanthe lachenalii,Oenanthe,lachenalii,Mosses,Bryaceae,Ongewimperd knikmos,https://galerij.kb.nl/kb.html#/nl/florabatava16/page/66/zoom/3/lat/-66.12496236487968/lng/-29.267578125,False,Oenanthe lachenalii
KW_T_423_17_0163L,17,Xanthium spinosum,Xanthium spinosum,Xanthium,spinosum,Fungi,Thelephoraceae,Prachtfranjezwam,https://galerij.kb.nl/kb.html#/nl/florabatava16/page/67/zoom/3/lat/-66.12496236487968/lng/-29.267578125,False,Xanthium spinosum
KW_T_423_17_0165L,17,Bryum badium,Bryum caespiticium,Bryum,caespiticium,Flowering plants,Brassicaceae,Engels lepelblad,https://galerij.kb.nl/kb.html#/nl/florabatava16/page/68/zoom/3/lat/-66.12496236487968/lng/-29.267578125,False,Bryum caespiticium
KW_T_423_17_0167L,17,Russula foetens,Russula foetens,Russula,foetens,Flowering plants,Lamiaceae,Kleinbloemige salie,https://galerij.kb.nl/kb.html#/nl/florabatava16/page/69/zoom/3/lat/-66.12496236487968/lng/-29.267578125,False,Russula foetens
KW_T_423_18_0009L,18,Anemone nemorosa flore rubro,Anemone nemorosa,Anemone,nemorosa,Flowering plants,Cyperaceae,Geel cypergras,https://galerij.kb.nl/kb.html#/nl/florabatava16/page/70/zoom/3/lat/-66.12496236487968/lng/-29.267578125,False,Anemone nemorosa
KW_T_423_18_0011L,18,Orchis fusca,Orchis purpurea,Orchis,purpurea,Mosses,Bryaceae,Muurknikmos,https://galerij.kb.nl/kb.html#/nl/florabatava16/page/71/zoom/3/lat/-66.12496236487968/lng/-29.267578125,False,Orchis purpurea
KW_T_423_18_0013L,18,Carex Hornschuchiana,Carex hostiana,Carex,hostiana,Fungi,Fistulinaceae,Biefstukzwam,https://galerij.kb.nl/kb.html#/nl/florabatava16/page/72/zoom/3/lat/-66.12496236487968/lng/-29.267578125,False,Carex hostiana
KW_T_423_18_0015L,18,Bryum turbinatum,Bryum turbinatum,Bryum,turbinatum,Flowering plants,Polygonaceae,Waterzuring,https://galerij.kb.nl/kb.html#/nl/florabatava16/page/75/zoom/3/lat/-66.12496236487968/lng/-29.267578125,False,Bryum turbinatum
KW_T_423_18_0017L,18,Agaricus fragrans,Clitocybe fragrans,Clitocybe,fragrans,Mosses,Bryaceae,Rood knikmos,https://galerij.kb.nl/kb.html#/nl/florabatava16/page/76/zoom/3/lat/-66.12496236487968/lng/-29.267578125,False,Clitocybe fragrans
KW_T_423_18_0019L,18,Bunias orientalis,Bunias orientalis,Bunias,orientalis,Fungi,Grifolaceae,Eikhaas,https://galerij.kb.nl/kb.html#/nl/florabatava16/page/47/zoom/3/lat/-66.12496236487968/lng/-29.267578125,False,Bunias orientalis
KW_T_423_18_0021L,18,Salix rugosa,Salix aurita x cf. cinerea,Salix,aurita x cf cinerea,Flowering plants,Plantaginaceae,Zandweegbree,https://galerij.kb.nl/kb.html#/nl/florabatava16/page/80/zoom/3/lat/-70.84467263425277/lng/-49.5703125,False,Salix aurita x cf. cinerea
KW_T_423_18_0023L,18,Scheuchzeria palustris,Scheuchzeria palustris,Scheuchzeria,palustris,Flowering plants,Apiaceae,Groot akkerscherm,https://galerij.kb.nl/kb.html#/nl/florabatava16/page/79/zoom/3/lat/-70.84467263425277/lng/-49.5703125,False,Scheuchzeria palustris
KW_T_423_18_0025L,18,Bryum pallescens,Bryum pallescens,Bryum,pallescens,Mosses,Bryaceae,Zilt knikmos,https://galerij.kb.nl/kb.html#/nl/florabatava16/page/81/zoom/3/lat/-66.12496236487968/lng/-29.267578125,False,Bryum pallescens
KW_T_423_18_0027L,18,Agaricus gracilentus,Macrolepiota excoriata,Macrolepiota,excoriata,Fungi,Entolomataceae,Harde voorjaarssatijnzwam,https://galerij.kb.nl/kb.html#/nl/florabatava16/page/82/zoom/3/lat/-66.12496236487968/lng/-29.267578125,False,Macrolepiota excoriata
KW_T_423_18_0029L,18,Calepina Corvini,Calepina irregularis,Calepina,irregularis,Flowering plants,Apiaceae,Akkerdoornzaad,https://galerij.kb.nl/kb.html#/nl/florabatava16/page/83/zoom/3/lat/-66.12496236487968/lng/-29.267578125,False,Calepina irregularis
KW_T_423_18_0031L,18,Saponaria Vaccaria,Vaccaria hispanica,Vaccaria,hispanica,Flowering plants,Asteraceae,Stinkend streepzaad,https://galerij.kb.nl/kb.html#/nl/florabatava16/page/84/zoom/3/lat/-66.12496236487968/lng/-29.267578125,False,Vaccaria hispanica
KW_T_423_18_0033L,18,Chenopodium Bonus Henricus,Chenopodium bonus-henricus,Chenopodium,bonus-henricus,Flowering plants,Juncaceae,Witte veldbies,https://galerij.kb.nl/kb.html#/nl/florabatava16/page/85/zoom/3/lat/-66.12496236487968/lng/-29.267578125,False,Chenopodium bonus-henricus
KW_T_423_18_0035L,18,Leptobryum pyriforme,Leptobryum pyriforme,Leptobryum,pyriforme,Algae,Fucaceae,Kleine zee-eik,https://galerij.kb.nl/kb.html#/nl/florabatava16/page/86/zoom/3/lat/-68.72044056989829/lng/-48.779296875,False,Leptobryum pyriforme
KW_T_423_18_0037L,18,Agaricus rhodopolius,Lepista spec.,Lepista,spec.,Fungi,Hymenochaetaceae,Echte tolzwam,https://galerij.kb.nl/kb.html#/nl/florabatava16/page/87/zoom/3/lat/-66.12496236487968/lng/-29.267578125,False,Lepista spec.
KW_T_423_18_0039L,18,Camelina sativa,Camelina sativa subsp. sativa,Camelina,sativa subsp. sativa,Flowering plants,Papaveraceae,Holwortel,https://galerij.kb.nl/kb.html#/nl/florabatava17/page/8/zoom/3/lat/-68.56038368664157/lng/-27.333984375,False,Camelina sativa subsp. sativa
KW_T_423_18_0041L,18,Oxalis corniculata,Oxalis corniculata,Oxalis,corniculata,Flowering plants,Brassicaceae,Grijskruid,https://galerij.kb.nl/kb.html#/nl/florabatava17/page/9/zoom/3/lat/-68.56038368664157/lng/-27.333984375,False,Oxalis corniculata
KW_T_423_18_0043L,18,Atriplex hastata,Atriplex prostrata,Atriplex,prostrata,Flowering plants,Violaceae,Bleeksporig bosviooltje,https://galerij.kb.nl/kb.html#/nl/florabatava17/page/10/zoom/3/lat/-69.96043926902489/lng/-52.998046875,False,Atriplex prostrata
KW_T_423_18_0045L,18,Webera elongata,Pohlia elongata,Pohlia,elongata,Mosses,Bryaceae,Kwelderknikmos,https://galerij.kb.nl/kb.html#/nl/florabatava17/page/11/zoom/3/lat/-68.56038368664157/lng/-27.333984375,False,Pohlia elongata
KW_T_423_18_0047L,18,Agaricus pantherinus,Amanita pantherina,Amanita,pantherina,Fungi,Gomphidiaceae,Koperrode spijkerzwam,https://galerij.kb.nl/kb.html#/nl/florabatava17/page/12/zoom/3/lat/-68.56038368664157/lng/-27.333984375,False,Amanita pantherina
KW_T_423_18_0049L,18,Silene dichotoma,Silene dichotoma,Silene,dichotoma,Flowering plants,Cistaceae,Geel zonneroosje,https://galerij.kb.nl/kb.html#/nl/florabatava17/page/13/zoom/3/lat/-68.56038368664157/lng/-27.333984375,False,Silene dichotoma
KW_T_423_18_0051L,18,Atriplex hastata var. salina,Atriplex prostrata,Atriplex,prostrata,Flowering plants,Apiaceae,Fijn goudscherm,https://galerij.kb.nl/kb.html#/nl/florabatava17/page/14/zoom/3/lat/-68.56038368664157/lng/-27.333984375,False,Atriplex prostrata
KW_T_423_18_0053L,18,Lolium remotum,Lolium remotum,Lolium,remotum,Flowering plants,Asteraceae,Schaduwkruiskruid,https://galerij.kb.nl/kb.html#/nl/florabatava17/page/15/zoom/3/lat/-68.56038368664157/lng/-27.333984375,False,Lolium remotum
KW_T_423_18_0055L,18,Webera cruda,Pohlia cruda,Pohlia,cruda,Mosses,Bryaceae,Roodmondknikmos,https://galerij.kb.nl/kb.html#/nl/florabatava17/page/16/zoom/3/lat/-68.56038368664157/lng/-27.333984375,False,Pohlia cruda
KW_T_423_18_0057L,18,Agaricus destruens,Hemipholiota populnea,Hemipholiota,populnea,Algae,Aphanizomenonaceae,(Cyanobacterie),https://galerij.kb.nl/kb.html#/nl/florabatava17/page/17/zoom/3/lat/-68.56038368664157/lng/-27.333984375,False,Hemipholiota populnea
KW_T_423_18_0059L,18,Senecio saracenicus,Senecio sarracenicus,Senecio,sarracenicus,Flowering plants,Brassicaceae,Stijve steenraket,https://galerij.kb.nl/kb.html#/nl/florabatava17/page/18/zoom/3/lat/-68.56038368664157/lng/-27.333984375,False,Senecio sarracenicus
KW_T_423_18_0061L,18,Stachys annua,Stachys annua,Stachys,annua,Flowering plants,Asteraceae,Zomercentaurie,https://galerij.kb.nl/kb.html#/nl/florabatava17/page/19/zoom/3/lat/-68.56038368664157/lng/-27.333984375,False,Stachys annua
KW_T_423_18_0063L,18,Pilularia globulifera,Pilularia globulifera,Pilularia,globulifera,Flowering plants,Scrophulariaceae,Geoord helmkruid,https://galerij.kb.nl/kb.html#/nl/florabatava17/page/20/zoom/3/lat/-68.56038368664157/lng/-27.333984375,False,Pilularia globulifera
KW_T_423_18_0065L,18,Webera annotina,Pohlia annotina,Pohlia,annotina,Mosses,Bryaceae,Rozetknikmos,https://galerij.kb.nl/kb.html#/nl/florabatava17/page/21/zoom/3/lat/-68.56038368664157/lng/-27.333984375,False,Pohlia annotina
KW_T_423_18_0067L,18,Aecidium Primulae,Puccinia primulae,Puccinia,primulae,Fungi,Pleurotaceae,Oesterzwam,https://galerij.kb.nl/kb.html#/nl/florabatava17/page/22/zoom/3/lat/-69.96043926902489/lng/-52.998046875,False,Puccinia primulae
KW_T_423_18_0069L,18,Arabis alpina,Arabis alpina subsp. caucasica,Arabis,alpina subsp. caucasica,Flowering plants,Brassicaceae,Witte mosterd,https://galerij.kb.nl/kb.html#/nl/florabatava17/page/23/zoom/3/lat/-68.56038368664157/lng/-27.333984375,False,Arabis alpina subsp. caucasica
KW_T_423_18_0071L,18,Centaurea amara,Centaurea jacea,Centaurea,jacea,Flowering plants,Rosaceae,,https://galerij.kb.nl/kb.html#/nl/florabatava17/page/24/zoom/3/lat/-68.56038368664157/lng/-27.333984375,False,Centaurea jacea
KW_T_423_18_0073L,18,Campanula latifolia,Campanula latifolia,Campanula,latifolia,Flowering plants,Betulaceae,Haagbeuk,https://galerij.kb.nl/kb.html#/nl/florabatava17/page/25/zoom/3/lat/-68.56038368664157/lng/-27.333984375,False,Campanula latifolia
KW_T_423_18_0075L,18,Mnium stellare,Mnium stellare,Mnium,stellare,Mosses,Bryaceae,Netknikmos,https://galerij.kb.nl/kb.html#/nl/florabatava17/page/26/zoom/3/lat/-68.56038368664157/lng/-27.333984375,False,Mnium stellare
KW_T_423_18_0077L,18,Gomphidius roseus / Cordyceps militaris,Gomphidius roseus / Cordyceps militaris,Gomphidius / Cordyceps,roseus / militaris,Fungi,Bankeraceae / Lamiaceae,Gezoneerde stekelzwam / Trosglidkruid,https://galerij.kb.nl/kb.html#/nl/florabatava17/page/27/zoom/3/lat/-68.56038368664157/lng/-27.333984375,True,Gomphidius roseus / Cordyceps militaris
KW_T_423_18_0079L,18,Sambucus Ebulus,Sambucus ebulus,Sambucus,ebulus,Flowering plants,Plantaginaceae,Liggende ereprijs,https://galerij.kb.nl/kb.html#/nl/florabatava17/page/29/zoom/3/lat/-68.56038368664157/lng/-27.333984375,False,Sambucus ebulus
KW_T_423_18_0081L,18,Juncus lamprocarpus forma procumbens,Juncus articulatus,Juncus,articulatus,Flowering plants,Amaryllidaceae,Witte narcis,https://galerij.kb.nl/kb.html#/nl/florabatava17/page/30/zoom/3/lat/-68.56038368664157/lng/-27.333984375,False,Juncus articulatus
KW_T_423_18_0083L,18,Panicum sanguinale,Digitaria sanguinalis,Digitaria,sanguinalis,Mosses,Bryaceae,Middelst knikmos,https://galerij.kb.nl/kb.html#/nl/florabatava17/page/31/zoom/3/lat/-68.56038368664157/lng/-27.333984375,False,Digitaria sanguinalis
KW_T_423_18_0085L,18,Mnium subglobosum,Rhizomnium pseudopunctatum,Rhizomnium,pseudopunctatum,Fungi,Clavariaceae,Koraalzwam spec.,https://galerij.kb.nl/kb.html#/nl/florabatava17/page/32/zoom/3/lat/-68.56038368664157/lng/-27.333984375,False,Rhizomnium pseudopunctatum
KW_T_423_18_0087L,18,Agaricus nitidus,Amanita spec.,Amanita,spec.,Flowering plants,Caryophyllaceae,Kartuizer anjer,https://galerij.kb.nl/kb.html#/nl/florabatava17/page/33/zoom/3/lat/-68.56038368664157/lng/-27.333984375,False,Amanita spec.
KW_T_423_18_0089L,18,Trifolium hybridum,Trifolium hybridum subsp. hybridum,Trifolium,hybridum subsp. hybridum,Flowering plants,Caryophyllaceae,Kluwenhoornbloem,https://galerij.kb.nl/kb.html#/nl/florabatava17/page/34/zoom/3/lat/-68.56038368664157/lng/-27.333984375,False,Trifolium hybridum subsp. hybridum
KW_T_423_18_0091L,18,Ajuga chamaepitys,Ajuga chamaepitys,Ajuga,chamaepitys,Flowering plants,Fabaceae,Gele lupine,https://galerij.kb.nl/kb.html#/nl/florabatava17/page/35/zoom/3/lat/-68.56038368664157/lng/-27.333984375,False,Ajuga chamaepitys
KW_T_423_18_0093L,18,Poa pratensis,Poa pratensis s.l.,Poa,pratensis s.l.,Fungi,Gyroporaceae,Kaneelboleet,https://galerij.kb.nl/kb.html#/nl/florabatava17/page/37/zoom/3/lat/-68.56038368664157/lng/-27.333984375,False,Poa pratensis s.l.
KW_T_423_18_0095L,18,Mnium rostratum,Plagiomnium rostratum,Plagiomnium,rostratum,Flowering plants,Rosaceae,Grote bosaardbei,https://galerij.kb.nl/kb.html#/nl/florabatava17/page/38/zoom/3/lat/-68.56038368664157/lng/-27.333984375,False,Plagiomnium rostratum
KW_T_423_18_0097L,18,Agaricus cervinus,Pluteus cervinus,Pluteus,cervinus,Flowering plants,Fabaceae,Pijlbrem,https://galerij.kb.nl/kb.html#/nl/florabatava17/page/39/zoom/3/lat/-68.56038368664157/lng/-27.333984375,False,Pluteus cervinus
KW_T_423_18_0099L,18,Diplotaxis muralis,Diplotaxis muralis,Diplotaxis,muralis,Flowering plants,Scrophulariaceae,Koningskaars,https://galerij.kb.nl/kb.html#/nl/florabatava17/page/40/zoom/3/lat/-69.96043926902489/lng/-52.998046875,False,Diplotaxis muralis
KW_T_423_18_0101L,18,Mulgedium macrophyllum,Lactuca macrophylla,Lactuca,macrophylla,Mosses,Bryaceae,Zonneknikmos,https://galerij.kb.nl/kb.html#/nl/florabatava17/page/41/zoom/3/lat/-68.56038368664157/lng/-27.333984375,False,Lactuca macrophylla
KW_T_423_18_0101R,18,Mulgedium macrophyllum,Lactuca macrophylla,Lactuca,macrophylla,Fungi,Cortinariaceae,Gordijnzwam spec.,https://galerij.kb.nl/kb.html#/nl/florabatava17/page/42/zoom/3/lat/-68.56038368664157/lng/-27.333984375,False,Lactuca macrophylla
KW_T_423_18_0103L,18,Mulgedium macrophyllum,Lactuca macrophylla,Lactuca,macrophylla,Flowering plants,Rosaceae,Aardbeiganzerik,https://galerij.kb.nl/kb.html#/nl/florabatava17/page/43/zoom/3/lat/-68.56038368664157/lng/-27.333984375,False,Lactuca macrophylla
KW_T_423_18_0105L,18,Chenopodium botrys,Dysphania botrys,Dysphania,botrys,Flowering plants,Primulaceae,Gulden sleutelbloem,https://galerij.kb.nl/kb.html#/nl/florabatava17/page/44/zoom/3/lat/-68.56038368664157/lng/-27.333984375,False,Dysphania botrys
KW_T_423_18_0107L,18,Agaricus albus,Tricholoma album s.l.,Tricholoma,album s.l.,Flowering plants,Cyperaceae,Heidezegge,https://galerij.kb.nl/kb.html#/nl/florabatava17/page/45/zoom/3/lat/-68.56038368664157/lng/-27.333984375,False,Tricholoma album s.l.
KW_T_423_18_0109L,18,Lobularia maritima,Lobularia maritima,Lobularia,maritima,Mosses,Bryaceae,Rood knikmos,https://galerij.kb.nl/kb.html#/nl/florabatava17/page/46/zoom/3/lat/-72.4487915573067/lng/-59.32617187499999,False,Lobularia maritima
KW_T_423_18_0111L,18,Orobanche rhenana,Orobanche purpurea,Orobanche,purpurea,Fungi,Hygrophoraceae,Dennenslijmkop,https://galerij.kb.nl/kb.html#/nl/florabatava17/page/47/zoom/3/lat/-68.56038368664157/lng/-27.333984375,False,Orobanche purpurea
KW_T_423_18_0113L,18,Carex sylvatica,Carex sylvatica,Carex,sylvatica,Flowering plants,Ranunculaceae,Christoffelkruid,https://galerij.kb.nl/kb.html#/nl/florabatava17/page/48/zoom/3/lat/-68.56038368664157/lng/-27.333984375,False,Carex sylvatica
KW_T_423_18_0115L,18,Mnium serratum,Mnium marginatum,Mnium,marginatum,Flowering plants,Orchidaceae,Soldaatje,https://galerij.kb.nl/kb.html#/nl/florabatava17/page/49/zoom/3/lat/-68.56038368664157/lng/-27.333984375,False,Mnium marginatum
KW_T_423_18_0117L,18,Russula fragilis,Russula emetica s.l.,Russula,emetica s.l.,Flowering plants,Orchidaceae,Vliegenorchis,https://galerij.kb.nl/kb.html#/nl/florabatava17/page/50/zoom/3/lat/-68.56038368664157/lng/-27.333984375,False,Russula emetica s.l.
KW_T_423_18_0119L,18,Erysimum orientale,Conringia orientalis,Conringia,orientalis,Mosses,Bryaceae,Ongewimperd knikmos,https://galerij.kb.nl/kb.html#/nl/florabatava17/page/51/zoom/3/lat/-72.4487915573067/lng/-59.32617187499999,False,Conringia orientalis
KW_T_423_18_0121L,18,Lepidium perfoliatum,Lepidium perfoliatum,Lepidium,perfoliatum,Flowering plants,Apiaceae,Karwijvarkenskervel,https://galerij.kb.nl/kb.html#/nl/florabatava17/page/53/zoom/3/lat/-72.4487915573067/lng/-59.32617187499999,False,Lepidium perfoliatum
KW_T_423_18_0123L,18,Epilobium tetragonum,Epilobium tetragonum,Epilobium,tetragonum,Flowering plants,Orchidaceae,Dennenorchis,https://galerij.kb.nl/kb.html#/nl/florabatava17/page/54/zoom/3/lat/-68.56038368664157/lng/-27.333984375,False,Epilobium tetragonum
KW_T_423_18_0125L,18,Carex digitata,Carex digitata,Carex,digitata,Flowering plants,Asparagaceae,Grote graslelie,https://galerij.kb.nl/kb.html#/nl/florabatava17/page/55/zoom/3/lat/-68.56038368664157/lng/-27.333984375,False,Carex digitata
KW_T_423_18_0127L,18,Puccinia primulae,Aecidium Primulae,Aecidium,Primulae,Mosses,Bryaceae,Braamknikmos,https://galerij.kb.nl/kb.html#/nl/florabatava17/page/56/zoom/3/lat/-68.56038368664157/lng/-27.333984375,False,Aecidium Primulae
KW_T_423_18_0129L,18,Hypericum quadrangulum,Hypericum maculatum subsp. obtusiusculum,Hypericum,maculatum subsp. obtusiusculum,Fungi,Melanoleucaceae,Veldridderzwam spec.,https://galerij.kb.nl/kb.html#/nl/florabatava17/page/57/zoom/3/lat/-68.56038368664157/lng/-27.333984375,False,Hypericum maculatum subsp. obtusiusculum
KW_T_423_18_0131L,18,Melilotus parviflora,Melilotus indicus,Melilotus,indicus,Flowering plants,Brassicaceae,Bittere veldkers,https://galerij.kb.nl/kb.html#/nl/florabatava17/page/58/zoom/3/lat/-68.56038368664157/lng/-27.333984375,False,Melilotus indicus
KW_T_423_18_0133L,18,Teucrium chamaedrys,Teucrium chamaedrys,Teucrium,chamaedrys,Flowering plants,Apiaceae,Sikkelkruid,https://galerij.kb.nl/kb.html#/nl/florabatava17/page/59/zoom/3/lat/-68.56038368664157/lng/-27.333984375,False,Teucrium chamaedrys
KW_T_423_18_0135L,18,Carex divulsa,Carex leersii,Carex,leersii,Flowering plants,Orchidaceae,Mannetjesorchis,https://galerij.kb.nl/kb.html#/nl/florabatava17/page/60/zoom/3/lat/-68.56038368664157/lng/-27.333984375,False,Carex leersii
KW_T_423_18_0137L,18,Mitrula paludosa,Mitrula paludosa,Mitrula,paludosa,Mosses,Bryaceae,Veenknikmos,https://galerij.kb.nl/kb.html#/nl/florabatava17/page/61/zoom/3/lat/-68.56038368664157/lng/-27.333984375,False,Mitrula paludosa
KW_T_423_18_0139L,18,Trifolium scabrum,Trifolium scabrum,Trifolium,scabrum,Fungi,Crepidotaceae,Gestreept oorzwammetje,https://galerij.kb.nl/kb.html#/nl/florabatava17/page/62/zoom/3/lat/-68.56038368664157/lng/-27.333984375,False,Trifolium scabrum
KW_T_423_18_0141L,18,Linaria striata,Linaria repens,Linaria,repens,Flowering plants,Cornaceae,Gele kornoelje,https://galerij.kb.nl/kb.html#/nl/florabatava17/page/63/zoom/3/lat/-68.56038368664157/lng/-27.333984375,False,Linaria repens
KW_T_423_18_0143L,18,Xanthium strumarium,Xanthium spec.,Xanthium,spec.,Flowering plants,Orchidaceae,Vogelnestje,https://galerij.kb.nl/kb.html#/nl/florabatava17/page/65/zoom/3/lat/-68.56038368664157/lng/-27.333984375,False,Xanthium spec.
KW_T_423_18_0145L,18,Russula emetica,Russula sardonia,Russula,sardonia,Mosses,Bryaceae,Veenknikmos,https://galerij.kb.nl/kb.html#/nl/florabatava17/page/61/zoom/3/lat/-68.56038368664157/lng/-27.333984375,False,Russula sardonia
KW_T_423_18_0147L,18,Hydnum repandum,Hydnum repandum,Hydnum,repandum,Fungi,Tapinellaceae,Ongesteelde krulzoom,https://galerij.kb.nl/kb.html#/nl/florabatava17/page/67/zoom/3/lat/-68.56038368664157/lng/-27.333984375,False,Hydnum repandum
KW_T_423_18_0149L,18,Sisymbrium Columnae,Sisymbrium orientale,Sisymbrium,orientale,Flowering plants,Amaranthaceae,Gewone zoutmelde,https://galerij.kb.nl/kb.html#/nl/florabatava17/page/68/zoom/3/lat/-68.56038368664157/lng/-27.333984375,False,Sisymbrium orientale
KW_T_423_18_0151L,18,Salix daphnoides,Salix spec.,Salix,spec.,Flowering plants,Cyperaceae,Slijkzegge,https://galerij.kb.nl/kb.html#/nl/florabatava17/page/69/zoom/3/lat/-68.56038368664157/lng/-27.333984375,False,Salix spec.
KW_T_423_18_0153L,18,Carex fulva,Carex x fulva,Carex,x fulva,Flowering plants,Poaceae,#N/A,https://galerij.kb.nl/kb.html#/nl/florabatava17/page/70/zoom/3/lat/-72.6857649417295/lng/-45.3515625,False,Carex x fulva
KW_T_423_18_0155L,18,Solorina saccata,Solorina saccata,Solorina,saccata,Mosses,Bryaceae,Zoddeknikmos,https://galerij.kb.nl/kb.html#/nl/florabatava17/page/71/zoom/3/lat/-68.56038368664157/lng/-27.333984375,False,Solorina saccata
KW_T_423_18_0157L,18,Morchella conica / Marasmius Rotula,Mitrophora semilibera / Marasmius rotula,Mitrophora / Marasmius,semilibera / rotula,Flowering plants,Rosaceae / Plantaginaceae,Welriekende agrimonie / Doffe ereprijs,https://galerij.kb.nl/kb.html#/nl/florabatava17/page/73/zoom/3/lat/-68.56038368664157/lng/-27.333984375,True,Mitrophora semilibera / Marasmius rotula
KW_T_423_18_0159L,18,Tilia parvifolia,Tilia cordata,Tilia,cordata,Flowering plants,Cyperaceae,Moeraszegge,https://galerij.kb.nl/kb.html#/nl/florabatava17/page/75/zoom/3/lat/-72.4487915573067/lng/-59.32617187499999,False,Tilia cordata
KW_T_423_18_0161L,18,Mercurialis perennis,Mercurialis perennis,Mercurialis,perennis,Mosses,Bryaceae,Grofkorrelknikmos,https://galerij.kb.nl/kb.html#/nl/florabatava17/page/76/zoom/3/lat/-68.56038368664157/lng/-27.333984375,False,Mercurialis perennis
KW_T_423_18_0163L,18,Salix phylicifolia,Salix spec.,Salix,spec.,Fungi,Russulaceae,Grofplaatrussula,https://galerij.kb.nl/kb.html#/nl/florabatava17/page/77/zoom/3/lat/-68.56038368664157/lng/-27.333984375,False,Salix spec.
KW_T_423_18_0165L,18,Agaricus roseo-pallens,Leucopaxillus rhodoleucus,Leucopaxillus,rhodoleucus,Flowering plants,Elatinaceae,Gesteeld glaskroos,https://galerij.kb.nl/kb.html#/nl/florabatava17/page/78/zoom/3/lat/-68.56038368664157/lng/-27.333984375,False,Leucopaxillus rhodoleucus
KW_T_423_18_0167L,18,Aecidium rubellum,Puccinia phragmitis,Puccinia,phragmitis,Flowering plants,Rubiaceae,Blauw walstro,https://galerij.kb.nl/kb.html#/nl/florabatava17/page/79/zoom/3/lat/-72.4487915573067/lng/-59.32617187499999,False,Puccinia phragmitis
KW_T_423_19_0009L,19,Senebiera didyma,Lepidium didymum,Lepidium,didymum,Flowering plants,Juncaceae,Duinrus,https://galerij.kb.nl/kb.html#/nl/florabatava17/page/80/zoom/3/lat/-68.56038368664157/lng/-27.333984375,False,Lepidium didymum
KW_T_423_19_0011L,19,Galium tricorne,Galium tricornutum,Galium,tricornutum,Mosses,Bryaceae,Prachtknikmos,https://galerij.kb.nl/kb.html#/nl/florabatava17/page/81/zoom/3/lat/-68.56038368664157/lng/-27.333984375,False,Galium tricornutum
KW_T_423_19_0013L,19,Euphorbia esula lanceolata,Euphorbia esula,Euphorbia,esula,Fungi,Suillaceae,Fijnschubbige boleet,https://galerij.kb.nl/kb.html#/nl/florabatava17/page/82/zoom/3/lat/-68.56038368664157/lng/-27.333984375,False,Euphorbia esula
KW_T_423_19_0015L,19,Poa bulbosa,Poa bulbosa,Poa,bulbosa,Flowering plants,Brassicaceae,Hongaarse raket,https://galerij.kb.nl/kb.html#/nl/florabatava17/page/83/zoom/3/lat/-68.56038368664157/lng/-27.333984375,False,Poa bulbosa
KW_T_423_19_0017L,19,Agaricus bombycinus,Volvariella bombycina,Volvariella,bombycina,Flowering plants,Apiaceae,Zilt torkruid,https://galerij.kb.nl/kb.html#/nl/florabatava17/page/84/zoom/3/lat/-68.56038368664157/lng/-27.333984375,False,Volvariella bombycina
KW_T_423_19_0019L,19,Epipactis atrorubens,Epipactis atrorubens,Epipactis,atrorubens,Flowering plants,Asteraceae,Stekende stekelnoot,https://galerij.kb.nl/kb.html#/nl/florabatava17/page/85/zoom/3/lat/-68.56038368664157/lng/-27.333984375,False,Epipactis atrorubens
KW_T_423_19_0021L,19,Panicum capillare,Panicum capillare,Panicum,capillare,Mosses,Bryaceae,Zodeknikmos,https://galerij.kb.nl/kb.html#/nl/florabatava17/page/86/zoom/3/lat/-68.56038368664157/lng/-27.333984375,False,Panicum capillare
KW_T_423_19_0023L,19,Triticum x acutum,Elymus x obtusiusculus,Elymus,x obtusiusculus,Fungi,Russulaceae,Stinkende russula,https://galerij.kb.nl/kb.html#/nl/florabatava17/page/87/zoom/3/lat/-68.56038368664157/lng/-27.333984375,False,Elymus x obtusiusculus
KW_T_423_19_0025L,19,Agaricus (Cortinarius) pholideus,Cortinarius pholideus,Cortinarius,pholideus,Flowering plants,Ranunculaceae,Bosanemoon,https://galerij.kb.nl/kb.html#/nl/florabatava18/page/8/zoom/3/lat/-68.84766505841036/lng/-45.26367187499999,False,Cortinarius pholideus
KW_T_423_19_0027L,19,Agaricus nudus,Lepista nuda,Lepista,nuda,Flowering plants,Orchidaceae,Purperorchis,https://galerij.kb.nl/kb.html#/nl/florabatava18/page/9/zoom/3/lat/-68.56038368664157/lng/-27.333984375,False,Lepista nuda
KW_T_423_19_0029L,19,Amelanchier vulgaris,Amelanchier ovalis,Amelanchier,ovalis,Flowering plants,Cyperaceae,Blonde zegge,https://galerij.kb.nl/kb.html#/nl/florabatava18/page/10/zoom/3/lat/-68.56038368664157/lng/-27.333984375,False,Amelanchier ovalis
KW_T_423_19_0031L,19,Bromus secalinus,Bromus secalinus,Bromus,secalinus,Mosses,Bryaceae,Urnknikmos,https://galerij.kb.nl/kb.html#/nl/florabatava18/page/11/zoom/3/lat/-68.56038368664157/lng/-27.333984375,False,Bromus secalinus
KW_T_423_19_0033L,19,Mnium affine,Plagiomnium elatum,Plagiomnium,elatum,Fungi,Clitocybaceae,Slanke anijstrechterzwam,https://galerij.kb.nl/kb.html#/nl/florabatava18/page/12/zoom/3/lat/-68.56038368664157/lng/-27.333984375,False,Plagiomnium elatum
KW_T_423_19_0035L,19,Agaricus maculatus,Rhodocollybia maculata,Rhodocollybia,maculata,Flowering plants,Brassicaceae,Grote hardvrucht,https://galerij.kb.nl/kb.html#/nl/florabatava18/page/13/zoom/3/lat/-68.56038368664157/lng/-27.333984375,False,Rhodocollybia maculata
KW_T_423_19_0037L,19,Agaricus conopileus,Psathyrella conopilus,Psathyrella,conopilus,Flowering plants,Scheuchzeriaceae,Veenbloembies,https://galerij.kb.nl/kb.html#/nl/florabatava18/page/15/zoom/3/lat/-68.56038368664157/lng/-27.333984375,False,Psathyrella conopilus
KW_T_423_19_0039L,19,Neslia paniculata,Neslia paniculata,Neslia,paniculata,Mosses,Bryaceae,Steenknikmos,https://galerij.kb.nl/kb.html#/nl/florabatava18/page/16/zoom/3/lat/-68.56038368664157/lng/-27.333984375,False,Neslia paniculata
KW_T_423_19_0041L,19,Centaurea jacea,Centaurea jacea,Centaurea,jacea,Fungi,Agaricaceae,Rafelige parasolzwam,https://galerij.kb.nl/kb.html#/nl/florabatava18/page/17/zoom/3/lat/-68.56038368664157/lng/-27.333984375,False,Centaurea jacea
KW_T_423_19_0043L,19,Carex ligerica,Carex ligerica,Carex,ligerica,Flowering plants,Brassicaceae,Kalkraket,https://galerij.kb.nl/kb.html#/nl/florabatava18/page/18/zoom/3/lat/-68.56038368664157/lng/-27.333984375,False,Carex ligerica
KW_T_423_19_0045L,19,Russula rubra,Russula persicina,Russula,persicina,Flowering plants,Caryophyllaceae,Koekruid,https://galerij.kb.nl/kb.html#/nl/florabatava18/page/19/zoom/3/lat/-68.56038368664157/lng/-27.333984375,False,Russula persicina
KW_T_423_19_0047L,19,Agaricus (Cortinarius) cinnamomeus,Cortinarius sect. Dermocybe,Cortinarius,sect. Dermocybe,Flowering plants,Amaranthaceae,Brave hendrik,https://galerij.kb.nl/kb.html#/nl/florabatava18/page/20/zoom/3/lat/-68.56038368664157/lng/-27.333984375,False,Cortinarius sect. Dermocybe
KW_T_423_19_0049L,19,Erucastrum pollichii,Erucastrum gallicum,Erucastrum,gallicum,Mosses,Bryaceae,Slankmos,https://galerij.kb.nl/kb.html#/nl/florabatava18/page/21/zoom/3/lat/-68.56038368664157/lng/-27.333984375,False,Erucastrum gallicum
KW_T_423_19_0051L,19,Drosera longifolia,Drosera anglica,Drosera,anglica,Fungi,Clitocybaceae,Schijnridderzwam spec.,https://galerij.kb.nl/kb.html#/nl/florabatava18/page/22/zoom/3/lat/-68.56038368664157/lng/-27.333984375,False,Drosera anglica
KW_T_423_19_0053L,19,Polygala depressa,Polygala serpyllifolia,Polygala,serpyllifolia,Flowering plants,Oxalidaceae,Gehoornde klaverzuring,https://galerij.kb.nl/kb.html#/nl/florabatava18/page/24/zoom/3/lat/-68.56038368664157/lng/-27.333984375,False,Polygala serpyllifolia
KW_T_423_19_0055L,19,Hydnum subsquamosum,Sarcodon squamosus,Sarcodon,squamosus,Flowering plants,Amaranthaceae,Spiesmelde,https://galerij.kb.nl/kb.html#/nl/florabatava18/page/25/zoom/3/lat/-68.84766505841036/lng/-45.26367187499999,False,Sarcodon squamosus
KW_T_423_19_0057L,19,Auricularia sambucina / Agaricus lucifugus,Auricularia auricula-judae / Inocybe spec.,Auricularia / Inocybe,auricula-judae / spec.,Mosses,Bryaceae / Amanitaceae,Lang peermos / Panteramaniet,https://galerij.kb.nl/kb.html#/nl/florabatava18/page/26/zoom/3/lat/-68.56038368664157/lng/-27.333984375,True,Auricularia auricula-judae / Inocybe spec.
KW_T_423_19_0059L,19,Oenothera spectabilis,Oenothera glazioviana,Oenothera,glazioviana,Flowering plants,Caryophyllaceae,Gaffelsilene,https://galerij.kb.nl/kb.html#/nl/florabatava18/page/28/zoom/3/lat/-68.56038368664157/lng/-27.333984375,False,Oenothera glazioviana
KW_T_423_19_0062L,19,Carex paradoxa,Carex appropinquata,Carex,appropinquata,Flowering plants,Amaranthaceae,Spiesmelde,https://galerij.kb.nl/kb.html#/nl/florabatava18/page/29/zoom/3/lat/-68.84766505841036/lng/-45.26367187499999,False,Carex appropinquata
KW_T_423_19_0064L,19,Brachypodium pinnatum,Brachypodium pinnatum,Brachypodium,pinnatum,Flowering plants,Poaceae,Vlasdolik,https://galerij.kb.nl/kb.html#/nl/florabatava18/page/30/zoom/3/lat/-68.56038368664157/lng/-27.333984375,False,Brachypodium pinnatum
KW_T_423_19_0066L,19,Agaricus splendens,Hygrophoropsis aurantiaca,Hygrophoropsis,aurantiaca,Mosses,Bryaceae,Glanzend peermos,https://galerij.kb.nl/kb.html#/nl/florabatava18/page/31/zoom/3/lat/-68.56038368664157/lng/-27.333984375,False,Hygrophoropsis aurantiaca
KW_T_423_19_0068L,19,Hydnum fragile,Sarcodon scabrosus,Sarcodon,scabrosus,Fungi,Strophariaceae,Wollige bundelzwam,https://galerij.kb.nl/kb.html#/nl/florabatava18/page/32/zoom/3/lat/-68.56038368664157/lng/-27.333984375,False,Sarcodon scabrosus
KW_T_423_19_0070L,19,Eriophorum angustifolium var. vaillantii,Eriophorum angustifolium,Eriophorum,angustifolium,Flowering plants,Asteraceae,Rivierkruiskruid,https://galerij.kb.nl/kb.html#/nl/florabatava18/page/33/zoom/3/lat/-68.56038368664157/lng/-27.333984375,False,Eriophorum angustifolium
KW_T_423_19_0072L,19,Bromus inermis,Bromus inermis,Bromus,inermis,Flowering plants,Lamiaceae,Zomerandoorn,https://galerij.kb.nl/kb.html#/nl/florabatava18/page/34/zoom/3/lat/-68.56038368664157/lng/-27.333984375,False,Bromus inermis
KW_T_423_19_0074L,19,Polypodium robertianum,Coniferscarpium robertianum,Coniferscarpium,robertianum,Ferns,Marsileaceae,Pilvaren,https://galerij.kb.nl/kb.html#/nl/florabatava18/page/35/zoom/3/lat/-68.56038368664157/lng/-27.333984375,False,Coniferscarpium robertianum
KW_T_423_19_0076L,19,Russula furcata,Russula grisea s.l.,Russula,grisea s.l.,Mosses,Bryaceae,Gewoon broedpeermos,https://galerij.kb.nl/kb.html#/nl/florabatava18/page/36/zoom/3/lat/-68.56038368664157/lng/-27.333984375,False,Russula grisea s.l.
KW_T_423_19_0078L,19,Hydnum scabrosum,Sarcodon scabrosus,Sarcodon,scabrosus,Fungi,Pucciniaceae,Sleutelbloemroest,https://galerij.kb.nl/kb.html#/nl/florabatava18/page/37/zoom/3/lat/-68.56038368664157/lng/-27.333984375,False,Sarcodon scabrosus
KW_T_423_19_0080L,19,Thalictrum morisonii,Thalictrum flavum,Thalictrum,flavum,Flowering plants,Asteraceae,Knoopkruid,https://galerij.kb.nl/kb.html#/nl/florabatava18/page/39/zoom/3/lat/-68.84766505841036/lng/-45.26367187499999,False,Thalictrum flavum
KW_T_423_19_0082L,19,Juncus supinus v. fluitans,Juncus bulbosus,Juncus,bulbosus,Flowering plants,Campanulaceae,Breed klokje,https://galerij.kb.nl/kb.html#/nl/florabatava18/page/40/zoom/3/lat/-68.56038368664157/lng/-27.333984375,False,Juncus bulbosus
KW_T_423_19_0084L,19,Lepturus filiformis,Parapholis strigosa,Parapholis,strigosa,Mosses,Mniaceae,Blauw sterrenmos,https://galerij.kb.nl/kb.html#/nl/florabatava18/page/41/zoom/3/lat/-68.56038368664157/lng/-27.333984375,False,Parapholis strigosa
KW_T_423_19_0086L,19,Russula integra,Russula graveolens s.l.,Russula,graveolens s.l.,Fungi,Gomphidiaceae,Roze spijkerzwam,https://galerij.kb.nl/kb.html#/nl/florabatava18/page/42/zoom/3/lat/-68.56038368664157/lng/-27.333984375,False,Russula graveolens s.l.
KW_T_423_19_0088L,19,Hydnum melaleucum,Phellodon melaleucus,Phellodon,melaleucus,Fungi,Cordycipitaceae,Rupsendoder,https://galerij.kb.nl/kb.html#/nl/florabatava18/page/42/zoom/3/lat/-68.56038368664157/lng/-27.333984375,False,Phellodon melaleucus
KW_T_423_19_0090L,19,Senecio erraticus,Jacobaea aquatica var. erratica,Jacobaea,aquatica var. erratica,Flowering plants,Viburnaceae,Kruidvlier,https://galerij.kb.nl/kb.html#/nl/florabatava18/page/43/zoom/3/lat/-68.56038368664157/lng/-27.333984375,False,Jacobaea aquatica var. erratica
KW_T_423_19_0091L,19,Senecio erraticus,Jacobaea aquatica var. erratica,Jacobaea,aquatica var. erratica,Flowering plants,Juncaceae,Zomprus,https://galerij.kb.nl/kb.html#/nl/florabatava18/page/44/zoom/3/lat/-68.84766505841036/lng/-45.26367187499999,False,Jacobaea aquatica var. erratica
KW_T_423_19_0093L,19,Ceratophyllum submersum,Ceratophyllum demersum,Ceratophyllum,demersum,Flowering plants,Poaceae,Harig vingergras,https://galerij.kb.nl/kb.html#/nl/florabatava18/page/45/zoom/3/lat/-68.56038368664157/lng/-27.333984375,False,Ceratophyllum demersum
KW_T_423_19_0095L,19,Dipsacus pilosus,Dipsacus pilosus,Dipsacus,pilosus,Mosses,Mniaceae,Kwelviltsterrenmos,https://galerij.kb.nl/kb.html#/nl/florabatava18/page/46/zoom/3/lat/-68.56038368664157/lng/-27.333984375,False,Dipsacus pilosus
KW_T_423_19_0097L,19,Peziza aurantia Var. (in Deel XXI gecorrigeerd tot Humaria rutilans),Neottiella rutilans s.l.,Neottiella,rutilans s.l.,Fungi,Amanitaceae,Amaniet spec.,https://galerij.kb.nl/kb.html#/nl/florabatava18/page/47/zoom/3/lat/-68.56038368664157/lng/-27.333984375,False,Neottiella rutilans s.l.
KW_T_423_19_0099L,19,Salvia verticillata -  Kransbloemige Salie,Salvia verticillata,Salvia,verticillata,Flowering plants,Lamiaceae,Akkerzenegroen,https://galerij.kb.nl/kb.html#/nl/florabatava18/page/49/zoom/3/lat/-68.56038368664157/lng/-27.333984375,False,Salvia verticillata
KW_T_423_19_0101L,19,Avena orientalis,Avena spec.,Avena,spec.,Mosses,Mniaceae,Gesnaveld boogsterrenmos,https://galerij.kb.nl/kb.html#/nl/florabatava18/page/51/zoom/3/lat/-68.56038368664157/lng/-27.333984375,False,Avena spec.
KW_T_423_19_0103L,19,Polystichum oreopteris,Oreopteris limbosperma,Oreopteris,limbosperma,Fungi,Pluteaceae,Gewone hertenzwam,https://galerij.kb.nl/kb.html#/nl/florabatava18/page/52/zoom/3/lat/-68.56038368664157/lng/-27.333984375,False,Oreopteris limbosperma
KW_T_423_19_0105L,19,Agaricus spadiceogriseus ,Psathyrella bipellis,Psathyrella,bipellis,Flowering plants,Brassicaceae,Kleine zandkool,https://galerij.kb.nl/kb.html#/nl/florabatava18/page/53/zoom/3/lat/-68.56038368664157/lng/-27.333984375,False,Psathyrella bipellis
KW_T_423_19_0107L,19,Lactarius deliciosus,Lactarius deliciosus s.l.,Lactarius,deliciosus s.l.,Flowering plants,Asteraceae,Grote bergsla,https://galerij.kb.nl/kb.html#/nl/florabatava18/page/54/zoom/3/lat/-68.56038368664157/lng/-27.333984375,False,Lactarius deliciosus s.l.
KW_T_423_19_0109L,19,Bupleurum rotundifolium,Bupleurum rotundifolium,Bupleurum,rotundifolium,Flowering plants,Asteraceae,Grote bergsla,https://galerij.kb.nl/kb.html#/nl/florabatava18/page/54/zoom/3/lat/-68.56038368664157/lng/-27.333984375,False,Bupleurum rotundifolium
KW_T_423_19_0111L,19,Aira discolor,Deschampsia setacea,Deschampsia,setacea,Flowering plants,Asteraceae,Grote bergsla,https://galerij.kb.nl/kb.html#/nl/florabatava18/page/54/zoom/3/lat/-68.56038368664157/lng/-27.333984375,False,Deschampsia setacea
KW_T_423_19_0113L,19,Aspidium aculeatum,Polystichum aculeatum,Polystichum,aculeatum,Flowering plants,Amaranthaceae,Druifkruid,https://galerij.kb.nl/kb.html#/nl/florabatava18/page/56/zoom/3/lat/-68.56038368664157/lng/-27.333984375,False,Polystichum aculeatum
KW_T_423_19_0115L,19,Agaricus gambosus,Calocybe gambosa,Calocybe,gambosa,Flowering plants,Brassicaceae,Zilverschildzaad,https://galerij.kb.nl/kb.html#/nl/florabatava18/page/58/zoom/3/lat/-68.56038368664157/lng/-27.333984375,False,Calocybe gambosa
KW_T_423_19_0117L,19,Boletus impolitus,Boletaceae spec.,Boletaceae,spec.,Flowering plants,Orobanchaceae,Blauwe bremraap,https://galerij.kb.nl/kb.html#/nl/florabatava18/page/59/zoom/3/lat/-68.84766505841036/lng/-45.26367187499999,False,Boletaceae spec.
KW_T_423_19_0119L,19,Epilobium angustifolium,Chamaenerion angustifolium,Chamaenerion,angustifolium,Flowering plants,Cyperaceae,Boszegge,https://galerij.kb.nl/kb.html#/nl/florabatava18/page/60/zoom/3/lat/-68.56038368664157/lng/-27.333984375,False,Chamaenerion angustifolium
KW_T_423_19_0121L,19,Veronica scutellata var pubescens,Veronica scutellata,Veronica,scutellata,Mosses,Mniaceae,Rood sterrenmos,https://galerij.kb.nl/kb.html#/nl/florabatava18/page/61/zoom/3/lat/-68.56038368664157/lng/-27.333984375,False,Veronica scutellata
KW_T_423_19_0123L,19,Calamagrostis stricta,Calamagrostis stricta,Calamagrostis,stricta,Flowering plants,Brassicaceae,Witte steenraket,https://galerij.kb.nl/kb.html#/nl/florabatava18/page/63/zoom/3/lat/-68.56038368664157/lng/-27.333984375,False,Calamagrostis stricta
KW_T_423_19_0125L,19,Paxillus atrotomentosus,Tapinella atrotomentosa,Tapinella,atrotomentosa,Flowering plants,Brassicaceae,Doorgroeide kruidkers,https://galerij.kb.nl/kb.html#/nl/florabatava18/page/64/zoom/3/lat/-68.56038368664157/lng/-27.333984375,False,Tapinella atrotomentosa
KW_T_423_19_0127L,19,Stereum purpureum / Agaricus muscigenus,Chondrostereum purpureum / Hemimycena spec.,Chondrostereum / Hemimycena,purpureum / spec.,Flowering plants,Onagraceae / Cyperaceae,Kantige basterdwederik / Vingerzegge,https://galerij.kb.nl/kb.html#/nl/florabatava18/page/65/zoom/3/lat/-68.56038368664157/lng/-27.333984375,True,Chondrostereum purpureum / Hemimycena spec.
KW_T_423_19_0129L,19,Artemisia vulgaris,Artemisia vulgaris,Artemisia,vulgaris,Fungi,Pucciniaceae,Sleutelbloemroest,https://galerij.kb.nl/kb.html#/nl/florabatava18/page/67/zoom/3/lat/-71.27259471233448/lng/-60.90820312499999,False,Artemisia vulgaris
KW_T_423_19_0131L,19,Allium scorodoprasum,Allium scorodoprasum,Allium,scorodoprasum,Flowering plants,Fabaceae,Kleine honingklaver,https://galerij.kb.nl/kb.html#/nl/florabatava18/page/69/zoom/3/lat/-68.56038368664157/lng/-27.333984375,False,Allium scorodoprasum
KW_T_423_19_0133L,19,Avena hybrida,Avena fatua,Avena,fatua,Flowering plants,Lamiaceae,Echte gamander,https://galerij.kb.nl/kb.html#/nl/florabatava18/page/70/zoom/3/lat/-68.56038368664157/lng/-27.333984375,False,Avena fatua
KW_T_423_19_0135L,19,Agaricus catinus,Clitocybe costata,Clitocybe,costata,Flowering plants,Cyperaceae,Bleke bermzegge,https://galerij.kb.nl/kb.html#/nl/florabatava18/page/71/zoom/3/lat/-68.56038368664157/lng/-27.333984375,False,Clitocybe costata
KW_T_423_19_0137L,19,Polyporus zonatus,Trametes versicolor,Trametes,versicolor,Fungi,Pucciniaceae,Beekmijtertje,https://galerij.kb.nl/kb.html#/nl/florabatava18/page/72/zoom/3/lat/-68.56038368664157/lng/-27.333984375,False,Trametes versicolor
KW_T_423_19_0139L,19,Fraxinus excelsior,Fraxinus excelsior,Fraxinus,excelsior,Flowering plants,Fabaceae,Ruwe klaver,https://galerij.kb.nl/kb.html#/nl/florabatava18/page/73/zoom/3/lat/-68.56038368664157/lng/-27.333984375,False,Fraxinus excelsior
KW_T_423_19_0140L,19,Fraxinus excelsior,Fraxinus excelsior,Fraxinus,excelsior,Flowering plants,Plantaginaceae,Gestreepte leeuwenbek,https://galerij.kb.nl/kb.html#/nl/florabatava18/page/74/zoom/3/lat/-68.56038368664157/lng/-27.333984375,False,Fraxinus excelsior
KW_T_423_19_0142L,19,Triticum pycnanthum,Elymus spec.,Elymus,spec.,Flowering plants,Asteraceae,Stekelnoot spec.,https://galerij.kb.nl/kb.html#/nl/florabatava18/page/75/zoom/3/lat/-71.27259471233448/lng/-60.90820312499999,False,Elymus spec.
KW_T_423_19_0144L,19,Agaricus aurivellus,Pholiota adiposa,Pholiota,adiposa,Fungi,Russulaceae,Duivelsbroodrussula,https://galerij.kb.nl/kb.html#/nl/florabatava18/page/76/zoom/3/lat/-68.56038368664157/lng/-27.333984375,False,Pholiota adiposa
KW_T_423_19_0146L,19,Cortinarius (Agaricus) armillatus,Cortinarius armillatus,Cortinarius,armillatus,Fungi,Hydnaceae,Gele stekelzwam,https://galerij.kb.nl/kb.html#/nl/florabatava18/page/77/zoom/3/lat/-68.56038368664157/lng/-27.333984375,False,Cortinarius armillatus
KW_T_423_19_0148L,19,Rubus discolor,Rubus ulmifolius,Rubus,ulmifolius,Flowering plants,Brassicaceae,Oosterse raket,https://galerij.kb.nl/kb.html#/nl/florabatava18/page/78/zoom/3/lat/-68.56038368664157/lng/-27.333984375,False,Rubus ulmifolius
KW_T_423_19_0150L,19,Trientalis europaea,Trientalis europaea,Trientalis,europaea,Flowering plants,Salicaceae,Wilg spec.,https://galerij.kb.nl/kb.html#/nl/florabatava18/page/79/zoom/3/lat/-68.59248658252949/lng/-27.333984375,False,Trientalis europaea
KW_T_423_19_0152L,19,Convolvulus sepium var. sylvestris,Convolvulus silvaticus,Convolvulus,silvaticus,Fungi,Peltigeraceae,Knikkerpotje,https://galerij.kb.nl/kb.html#/nl/florabatava18/page/81/zoom/3/lat/-68.56038368664157/lng/-27.333984375,False,Convolvulus silvaticus
KW_T_423_19_0154L,19,Agaricus anserinus,Lepista saeva,Lepista,saeva,Fungi,Morchellaceae,Kapjesmorielje,https://galerij.kb.nl/kb.html#/nl/florabatava18/page/82/zoom/3/lat/-68.56038368664157/lng/-27.333984375,False,Lepista saeva
KW_T_423_19_0156L,19,Tremella foliacea,Tremella foliacea s.l.,Tremella,foliacea s.l.,Fungi,Marasmiaceae,Wieltje,https://galerij.kb.nl/kb.html#/nl/florabatava18/page/82/zoom/3/lat/-68.56038368664157/lng/-27.333984375,False,Tremella foliacea s.l.
KW_T_423_19_0158L,19,Erysimum canescens,Erysimum canescens,Erysimum,canescens,Flowering plants,Malvaceae,Winterlinde,https://galerij.kb.nl/kb.html#/nl/florabatava18/page/83/zoom/3/lat/-68.56038368664157/lng/-27.333984375,False,Erysimum canescens
KW_T_423_19_0160L,19,Halimus pedunculatus,Atriplex pedunculata,Atriplex,pedunculata,Flowering plants,Euphorbiaceae,Bosbingelkruid,https://galerij.kb.nl/kb.html#/nl/florabatava18/page/84/zoom/3/lat/-68.56038368664157/lng/-27.333984375,False,Atriplex pedunculata
KW_T_423_19_0162L,19,Alnus incana,Alnus incana,Alnus,incana,Flowering plants,Salicaceae,Wilg spec.,https://galerij.kb.nl/kb.html#/nl/florabatava18/page/85/zoom/3/lat/-68.59248658252949/lng/-27.333984375,False,Alnus incana
KW_T_423_19_0164L,19,Cortinarius (Agaricus) semi-sanguineus,Cortinarius purpureus,Cortinarius,purpureus,Fungi,Tricholomataceae,,https://galerij.kb.nl/kb.html#/nl/florabatava18/page/86/zoom/3/lat/-68.56038368664157/lng/-27.333984375,False,Cortinarius purpureus
KW_T_423_19_0166L,19,Cortinarius mucosus (Agaricus mucosus),Cortinarius mucosus ,Cortinarius,mucosus,Fungi,Pucciniaceae,Zuring-rietroest,https://galerij.kb.nl/kb.html#/nl/florabatava18/page/87/zoom/3/lat/-68.56038368664157/lng/-27.333984375,False,Cortinarius mucosus 
KW_T_423_19_0168L,19,Dianthus armeria,Dianthus armeria,Dianthus,armeria,Flowering plants,Brassicaceae,Kleine varkenskers,https://galerij.kb.nl/kb.html#/nl/florabatava19/page/8/zoom/3/lat/-68.6885206018014/lng/-21.357421875,False,Dianthus armeria
KW_T_423_19_0170L,19,Sedum cepaea,Sedum cepaea,Sedum,cepaea,Flowering plants,Rubiaceae,Driehoornig walstro,https://galerij.kb.nl/kb.html#/nl/florabatava19/page/9/zoom/3/lat/-68.6885206018014/lng/-21.357421875,False,Sedum cepaea
KW_T_423_19_0172L,19,Cirsium acaule,Cirsium acaule,Cirsium,acaule,Flowering plants,Euphorbiaceae,Heksenmelk,https://galerij.kb.nl/kb.html#/nl/florabatava19/page/10/zoom/3/lat/-69.7789517764676/lng/-52.294921875,False,Cirsium acaule
KW_T_423_19_0174L,19,Agaricus amianthinus,Cystoderma amianthinum s.l.,Cystoderma,amianthinum s.l.,Flowering plants,Poaceae,Knolbeemdgras,https://galerij.kb.nl/kb.html#/nl/florabatava19/page/11/zoom/3/lat/-68.6885206018014/lng/-21.357421875,False,Cystoderma amianthinum s.l.
KW_T_423_19_0176L,19,Cantharellus infundibuliformis,Cantharellus tubaeformis,Cantharellus,tubaeformis,Fungi,Pluteaceae,Zijdeachtige beurszwam,https://galerij.kb.nl/kb.html#/nl/florabatava19/page/12/zoom/3/lat/-68.6885206018014/lng/-21.357421875,False,Cantharellus tubaeformis
KW_T_423_20_0009L,20,Calamintha officinalis,Clinopodium calamintha,Clinopodium,calamintha,Flowering plants,Orchidaceae,Bruinrode wespenorchis,https://galerij.kb.nl/kb.html#/nl/florabatava19/page/13/zoom/3/lat/-68.6885206018014/lng/-21.357421875,False,Clinopodium calamintha
KW_T_423_20_0011L,20,Chenopodium vulvaria,Chenopodium vulvaria,Chenopodium,vulvaria,Flowering plants,Poaceae,Draadgierst,https://galerij.kb.nl/kb.html#/nl/florabatava19/page/14/zoom/3/lat/-68.6885206018014/lng/-21.357421875,False,Chenopodium vulvaria
KW_T_423_20_0013L,20,Carex maxima,Carex pendula,Carex,pendula,Fungi,Cortinariaceae,Bruinschubbige gordijnzwam,https://galerij.kb.nl/kb.html#/nl/florabatava19/page/16/zoom/3/lat/-68.6885206018014/lng/-21.357421875,False,Carex pendula
KW_T_423_20_0015L,20,Agaricus portentosus,Tricholoma portentosum,Tricholoma,portentosum,Fungi,Clitocybaceae,Paarse schijnridderzwam,https://galerij.kb.nl/kb.html#/nl/florabatava19/page/17/zoom/3/lat/-68.6885206018014/lng/-21.357421875,False,Tricholoma portentosum
KW_T_423_20_0017L,20,Hydnum ferrugineum,Hydnellum ferrugineum,Hydnellum,ferrugineum,Flowering plants,Rosaceae,Europees krentenboompje,https://galerij.kb.nl/kb.html#/nl/florabatava19/page/18/zoom/3/lat/-68.6885206018014/lng/-21.357421875,False,Hydnellum ferrugineum
KW_T_423_20_0019L,20,Polygonum mite,Persicaria mitis,Persicaria,mitis,Flowering plants,Poaceae,Dreps,https://galerij.kb.nl/kb.html#/nl/florabatava19/page/19/zoom/3/lat/-69.7789517764676/lng/-52.294921875,False,Persicaria mitis
KW_T_423_20_0021L,20,Amsinckia lycopsoides,Amsinckia lycopsoides,Amsinckia,lycopsoides,Mosses,Mniaceae,Geel boogsterrenmos,https://galerij.kb.nl/kb.html#/nl/florabatava19/page/20/zoom/3/lat/-68.6885206018014/lng/-21.357421875,False,Amsinckia lycopsoides
KW_T_423_20_0023L,20,Aegilops cylindrica,Aegilops cylindrica,Aegilops,cylindrica,Fungi,Omphalotaceae,Roestvlekkenzwam,https://galerij.kb.nl/kb.html#/nl/florabatava19/page/21/zoom/3/lat/-68.6885206018014/lng/-21.357421875,False,Aegilops cylindrica
KW_T_423_20_0025L,20,Agaricus geophyllus,Inocybe lilacina,Inocybe,lilacina,Fungi,Psathyrellaceae,Langsteelfranjehoed,https://galerij.kb.nl/kb.html#/nl/florabatava19/page/22/zoom/3/lat/-68.6885206018014/lng/-21.357421875,False,Inocybe lilacina
KW_T_423_20_0027L,20,Polyporus versicolor,Trametes versicolor,Trametes,versicolor,Flowering plants,Brassicaceae,Vinkenzaad,https://galerij.kb.nl/kb.html#/nl/florabatava19/page/23/zoom/3/lat/-68.6885206018014/lng/-21.357421875,False,Trametes versicolor
KW_T_423_20_0029L,20,Platanthera chlorantha,Platanthera chlorantha,Platanthera,chlorantha,Flowering plants,Asteraceae,Knoopkruid,https://galerij.kb.nl/kb.html#/nl/florabatava19/page/24/zoom/3/lat/-69.34933863977649/lng/-54.58007812499999,False,Platanthera chlorantha
KW_T_423_20_0031L,20,Juncus pygmaeus,Juncus pygmaeus,Juncus,pygmaeus,Flowering plants,Cyperaceae,Rivierduinzegge,https://galerij.kb.nl/kb.html#/nl/florabatava19/page/25/zoom/3/lat/-68.6885206018014/lng/-21.357421875,False,Juncus pygmaeus
KW_T_423_20_0033L,20,Chamagrostis minima,Mibora minima,Mibora,minima,Fungi,Russulaceae,Kruipwilgrussula,https://galerij.kb.nl/kb.html#/nl/florabatava19/page/26/zoom/3/lat/-68.6885206018014/lng/-21.357421875,False,Mibora minima
KW_T_423_20_0035L,20,Hygrophorus niveus,Hygrocybe virginea,Hygrocybe,virginea,Flowering plants,Brassicaceae,Schijnraket,https://galerij.kb.nl/kb.html#/nl/florabatava19/page/28/zoom/3/lat/-68.6885206018014/lng/-21.357421875,False,Hygrocybe virginea
KW_T_423_20_0037L,20,Hydnum cinereum,Bankera fuligineoatra,Bankera,fuligineoatra,Flowering plants,Droseraceae,Lange zonnedauw,https://galerij.kb.nl/kb.html#/nl/florabatava19/page/29/zoom/3/lat/-68.6885206018014/lng/-21.357421875,False,Bankera fuligineoatra
KW_T_423_20_0039L,20,Omphalodes verna,Omphalodes verna,Omphalodes,verna,Flowering plants,Polygalaceae,Liggende vleugeltjesbloem,https://galerij.kb.nl/kb.html#/nl/florabatava19/page/30/zoom/3/lat/-68.6885206018014/lng/-21.357421875,False,Omphalodes verna
KW_T_423_20_0041L,20,Chorispora tenella,Chorispora tenella,Chorispora,tenella,Fungi,Bankeraceae,Geschubde stekelzwam,https://galerij.kb.nl/kb.html#/nl/florabatava19/page/31/zoom/3/lat/-68.6885206018014/lng/-21.357421875,False,Chorispora tenella
KW_T_423_20_0043L,20,Cynosurus echinatus,Cynosurus echinatus,Cynosurus,echinatus,Fungi,Auriculariaceae,Judasoor,https://galerij.kb.nl/kb.html#/nl/florabatava19/page/32/zoom/3/lat/-68.6885206018014/lng/-21.357421875,False,Cynosurus echinatus
KW_T_423_20_0045L,20,Agaricus terreus / Agaricus terreus,Tricholoma argyraceum s.l. (boven) / Tricholoma terreum (onder),Tricholoma,argyraceum s.l. / terreum,Fungi,Inocybaceae / Onagraceae,Vezelkop spec. / Grote teunisbloem,https://galerij.kb.nl/kb.html#/nl/florabatava19/page/32/zoom/3/lat/-68.6885206018014/lng/-21.357421875,True,Tricholoma argyraceum s.l. (boven) / Tricholoma terreum (onder)
KW_T_423_20_0047L,20,Trametes gibbosa,Lenzites betulina,Lenzites,betulina,Flowering plants,Cyperaceae,Paardenhaarzegge,https://galerij.kb.nl/kb.html#/nl/florabatava19/page/35/zoom/3/lat/-68.6885206018014/lng/-21.357421875,False,Lenzites betulina
KW_T_423_20_0049L,20,Thalictrum flexuosum,Thalictrum minus,Thalictrum,minus,Flowering plants,Poaceae,Gevinde kortsteel,https://galerij.kb.nl/kb.html#/nl/florabatava19/page/36/zoom/3/lat/-68.6885206018014/lng/-21.357421875,False,Thalictrum minus
KW_T_423_20_0051L,20,Rapistrum perenne,Rapistrum perenne,Rapistrum,perenne,Fungi,Hygrophoropsidaceae,Valse hanenkam,https://galerij.kb.nl/kb.html#/nl/florabatava19/page/37/zoom/3/lat/-69.7789517764676/lng/-52.294921875,False,Rapistrum perenne
KW_T_423_20_0053L,20,Bromus erectus,Bromopsis erecta,Bromopsis,erecta,Fungi,Bankeraceae,Blauwvoetstekelzwam,https://galerij.kb.nl/kb.html#/nl/florabatava19/page/38/zoom/3/lat/-68.6885206018014/lng/-21.357421875,False,Bromopsis erecta
KW_T_423_20_0055L,20,Agaricus fastibilis,Cortinarius spec.,Cortinarius,spec.,Flowering plants,Cyperaceae,Veenpluis,https://galerij.kb.nl/kb.html#/nl/florabatava19/page/39/zoom/3/lat/-69.7789517764676/lng/-52.294921875,False,Cortinarius spec.
KW_T_423_20_0057L,20,Lactarius blennius,Lactarius blennius,Lactarius,blennius,Flowering plants,Poaceae,Kweekdravik,https://galerij.kb.nl/kb.html#/nl/florabatava19/page/40/zoom/3/lat/-68.6885206018014/lng/-21.357421875,False,Lactarius blennius
KW_T_423_20_0059L,20,Onobrychis sativa,Onobrychis viciifolia,Onobrychis,viciifolia,Ferns,Cystopteridaceae,Rechte driehoeksvaren,https://galerij.kb.nl/kb.html#/nl/florabatava19/page/41/zoom/3/lat/-68.6885206018014/lng/-21.357421875,False,Onobrychis viciifolia
KW_T_423_20_0061L,20,Ambrosia artemisifolia,Ambrosia artemisiifolia,Ambrosia,artemisiifolia,Fungi,Bankeraceae,Blauwvoetstekelzwam,https://galerij.kb.nl/kb.html#/nl/florabatava19/page/43/zoom/3/lat/-69.7789517764676/lng/-51.064453125,False,Ambrosia artemisiifolia
KW_T_423_20_0063L,20,Poa sudetica,Poa chaixii,Poa,chaixii,Flowering plants,Ranunculaceae,Poelruit,https://galerij.kb.nl/kb.html#/nl/florabatava19/page/44/zoom/3/lat/-69.7789517764676/lng/-51.064453125,False,Poa chaixii
KW_T_423_20_0065L,20,Paxillus giganteus,Leucopaxillus giganteus,Leucopaxillus,giganteus,Flowering plants,Juncaceae,Knolrus,https://galerij.kb.nl/kb.html#/nl/florabatava19/page/45/zoom/3/lat/-69.7789517764676/lng/-51.064453125,False,Leucopaxillus giganteus
KW_T_423_20_0065R,20,Paxillus giganteus,Leucopaxillus giganteus,Leucopaxillus,giganteus,Flowering plants,Poaceae,Dunstaart,https://galerij.kb.nl/kb.html#/nl/florabatava19/page/46/zoom/3/lat/-69.7789517764676/lng/-51.064453125,False,Leucopaxillus giganteus
KW_T_423_20_0069L,20,Geaster schmidelii,Geastrum schmidelii,Geastrum,schmidelii,Fungi,Bankeraceae,Tengere stekelzwam,https://galerij.kb.nl/kb.html#/nl/florabatava19/page/48/zoom/3/lat/-68.6885206018014/lng/-21.357421875,False,Geastrum schmidelii
KW_T_423_20_0071L,20,Cynanchum vincetoxicum,Vincetoxicum hirundinaria,Vincetoxicum,hirundinaria,Flowering plants,Ceratophyllaceae,Grof hoornblad,https://galerij.kb.nl/kb.html#/nl/florabatava19/page/51/zoom/3/lat/-68.6885206018014/lng/-21.357421875,False,Vincetoxicum hirundinaria
KW_T_423_20_0073L,20,Salsola kali var tenuifolia,Salsola tragus,Salsola,tragus,Flowering plants,Caprifoliaceae,Kleine kaardebol,https://galerij.kb.nl/kb.html#/nl/florabatava19/page/52/zoom/3/lat/-68.6885206018014/lng/-21.357421875,False,Salsola tragus
KW_T_423_20_0075L,20,Lemna minor / Lemna trisulca,Lemna minor / Lemna trisulca,Lemna,minor / trisulca,Flowering plants,Lamiaceae / Poaceae,Kranssalie / Haver spec.,https://galerij.kb.nl/kb.html#/nl/florabatava19/page/54/zoom/3/lat/-68.6885206018014/lng/-21.357421875,True,Lemna minor / Lemna trisulca
KW_T_423_20_0077L,20,Agaricus laschii,Lepista flaccida,Lepista,flaccida,Ferns,Thelypteridaceae,Stippelvaren,https://galerij.kb.nl/kb.html#/nl/florabatava19/page/56/zoom/3/lat/-68.6885206018014/lng/-21.357421875,False,Lepista flaccida
KW_T_423_20_0079L,20,Lactarius rufus,Lactarius rufus,Lactarius,rufus,Fungi,Psathyrellaceae,Purperrode franjehoed,https://galerij.kb.nl/kb.html#/nl/florabatava19/page/57/zoom/3/lat/-68.6885206018014/lng/-21.357421875,False,Lactarius rufus
KW_T_423_20_0081L,20,Anthemis ruthenica,Anthemis ruthenica,Anthemis,ruthenica,Flowering plants,Apiaceae,Doorwas,https://galerij.kb.nl/kb.html#/nl/florabatava19/page/59/zoom/3/lat/-68.6885206018014/lng/-21.357421875,False,Anthemis ruthenica
KW_T_423_20_0083L,20,Orobanche pallidiflora,Orobanche reticulata,Orobanche,reticulata,Flowering plants,Poaceae,Moerassmele,https://galerij.kb.nl/kb.html#/nl/florabatava19/page/60/zoom/3/lat/-68.6885206018014/lng/-21.357421875,False,Orobanche reticulata
KW_T_423_20_0085L,20,Bromus unioloides,Bromus catharticus,Bromus,catharticus,Ferns,Dryopteridaceae,Stijve naaldvaren,https://galerij.kb.nl/kb.html#/nl/florabatava19/page/61/zoom/3/lat/-68.6885206018014/lng/-21.357421875,False,Bromus catharticus
KW_T_423_20_0087L,20,Lentinus tigrinus,Lentinus tigrinus,Lentinus,tigrinus,Fungi,Lyophyllaceae,Voorjaarspronkridder,https://galerij.kb.nl/kb.html#/nl/florabatava19/page/62/zoom/3/lat/-68.6885206018014/lng/-21.357421875,False,Lentinus tigrinus
KW_T_423_20_0089L,20,Lentinus lepideus,Neolentinus lepideus,Neolentinus,lepideus,Fungi,Boletaceae,Boleet spec.,https://galerij.kb.nl/kb.html#/nl/florabatava19/page/63/zoom/3/lat/-68.6885206018014/lng/-21.357421875,False,Neolentinus lepideus
KW_T_423_20_0091L,20,Vicia angustifolia Roth. (Vicia segetalis,Vicia sativa subsp. nigra,Vicia,sativa subsp. nigra,Flowering plants,Onagraceae,Wilgenroosje,https://galerij.kb.nl/kb.html#/nl/florabatava19/page/64/zoom/3/lat/-72.9196354658148/lng/-56.162109375,False,Vicia sativa subsp. nigra
KW_T_423_20_0093L,20,Potentilla recta,Potentilla recta,Potentilla,recta,Flowering plants,Plantaginaceae,Schildereprijs,https://galerij.kb.nl/kb.html#/nl/florabatava19/page/65/zoom/3/lat/-72.9196354658148/lng/-56.162109375,False,Potentilla recta
KW_T_423_20_0095L,20,Verbascum phlomoides,Verbascum phlomoides,Verbascum,phlomoides,Flowering plants,Poaceae,Stijf struisriet,https://galerij.kb.nl/kb.html#/nl/florabatava19/page/66/zoom/3/lat/-68.6885206018014/lng/-21.357421875,False,Verbascum phlomoides
KW_T_423_20_0097L,20,Agaricus acutesquamosus,Lepiota aspera,Lepiota,aspera,Fungi,Tapinellaceae,Zwartvoetkrulzoom,https://galerij.kb.nl/kb.html#/nl/florabatava19/page/67/zoom/3/lat/-68.6885206018014/lng/-21.357421875,False,Lepiota aspera
KW_T_423_20_0099L,20,Agaricus polycephalus / Hygrophorus chlorophanus,Psathyrella candolleana / Hygrocybe insipida,Psathyrella / Hygrocybe,candolleana / insipida,Fungi,Stereaceae  / Tricholomataceae,Paarse korstzwam / Schijnmycena spec.,https://galerij.kb.nl/kb.html#/nl/florabatava19/page/68/zoom/3/lat/-68.6885206018014/lng/-21.357421875,True,Psathyrella candolleana / Hygrocybe insipida
KW_T_423_20_0102L,20,Glaucium corniculatum,Glaucium corniculatum,Glaucium,corniculatum,Flowering plants,Asteraceae,Bijvoet,https://galerij.kb.nl/kb.html#/nl/florabatava19/page/69/zoom/3/lat/-72.86793049861394/lng/-51.416015625,False,Glaucium corniculatum
KW_T_423_20_0104L,20,Salvia sylvestris,Salvia x sylvestris,Salvia,x sylvestris,Flowering plants,Amaryllidaceae,Slangenlook,https://galerij.kb.nl/kb.html#/nl/florabatava19/page/70/zoom/3/lat/-68.6885206018014/lng/-21.357421875,False,Salvia x sylvestris
KW_T_423_20_0106L,20,Blitum rubrum var crassifolium,Oxybasis rubra,Oxybasis,rubra,Flowering plants,Poaceae,Oot,https://galerij.kb.nl/kb.html#/nl/florabatava19/page/71/zoom/3/lat/-71.80141030136785/lng/-61.61132812500001,False,Oxybasis rubra
KW_T_423_20_0108L,20,Agaricus rugosus,Mycena spec.,Mycena,spec.,Fungi,Schizophyllaceae,Geribbelde trechterzwam,https://galerij.kb.nl/kb.html#/nl/florabatava19/page/72/zoom/3/lat/-68.6885206018014/lng/-21.357421875,False,Mycena spec.
KW_T_423_20_0110L,20,Peziza vesiculosa,Peziza vesiculosa,Peziza,vesiculosa,Fungi,Polyporaceae,Gewoon elfenbankje,https://galerij.kb.nl/kb.html#/nl/florabatava19/page/73/zoom/3/lat/-68.6885206018014/lng/-21.357421875,False,Peziza vesiculosa
KW_T_423_20_0112L,20,Aquilegia vulgaris,Aquilegia vulgaris,Aquilegia,vulgaris,Flowering plants,Oleaceae,Es,https://galerij.kb.nl/kb.html#/nl/florabatava19/page/75/zoom/3/lat/-68.6885206018014/lng/-21.357421875,False,Aquilegia vulgaris
KW_T_423_20_0114L,20,Trifolium incarnatum,Trifolium incarnatum,Trifolium,incarnatum,Flowering plants,Oleaceae,Es,https://galerij.kb.nl/kb.html#/nl/florabatava19/page/75/zoom/3/lat/-68.6885206018014/lng/-21.357421875,False,Trifolium incarnatum
KW_T_423_20_0116L,20,Bidens cernua b Radiata,Bidens cernua,Bidens,cernua,Flowering plants,Poaceae,Kweekgras spec.,https://galerij.kb.nl/kb.html#/nl/florabatava19/page/76/zoom/3/lat/-68.6885206018014/lng/-21.357421875,False,Bidens cernua
KW_T_423_20_0118L,20,Agaricus cerussatus,Clitocybe phyllophila,Clitocybe,phyllophila,Fungi,Strophariaceae,Goudvliesbundelzwam,https://galerij.kb.nl/kb.html#/nl/florabatava19/page/77/zoom/3/lat/-68.6885206018014/lng/-21.357421875,False,Clitocybe phyllophila
KW_T_423_20_0120L,20,Lachnea hirta (Peziza h.),Scutellinia spec.,Scutellinia,spec.,Fungi,Cortinariaceae,Armbandgordijnzwam,https://galerij.kb.nl/kb.html#/nl/florabatava19/page/78/zoom/3/lat/-68.6885206018014/lng/-21.357421875,False,Scutellinia spec.
KW_T_423_20_0122L,20,Sisyrium irio,Sisymbrium irio,Sisymbrium,irio,Flowering plants,Rosaceae,Koebraam,https://galerij.kb.nl/kb.html#/nl/florabatava19/page/79/zoom/3/lat/-68.6885206018014/lng/-21.357421875,False,Sisymbrium irio
KW_T_423_20_0124L,20,Lotus tenuifolius,Lotus glaber,Lotus,glaber,Flowering plants,Primulaceae,Zevenster,https://galerij.kb.nl/kb.html#/nl/florabatava19/page/80/zoom/3/lat/-68.6885206018014/lng/-21.357421875,False,Lotus glaber
KW_T_423_20_0126L,20,Verbascum nigro-phoeniceum,Verbascum cf. nigrum x phoeniceum,Verbascum,cf. nigrum x phoeniceum,Flowering plants,Convolvulaceae,Gestreepte winde,https://galerij.kb.nl/kb.html#/nl/florabatava19/page/81/zoom/3/lat/-68.6885206018014/lng/-21.357421875,False,Verbascum cf. nigrum x phoeniceum
KW_T_423_20_0128L,20,Agaricus mappa,Amanita citrina,Amanita,citrina,Fungi,Clitocybaceae,Paarssteelschijnridderzwam,https://galerij.kb.nl/kb.html#/nl/florabatava19/page/82/zoom/3/lat/-68.6885206018014/lng/-21.357421875,False,Amanita citrina
KW_T_423_20_0130L,20,Polyporus betulinus,Piptoporus betulinus,Piptoporus,betulinus,Flowering plants,Brassicaceae,,https://galerij.kb.nl/kb.html#/nl/florabatava19/page/84/zoom/3/lat/-68.6885206018014/lng/-21.357421875,False,Piptoporus betulinus
KW_T_423_20_0132L,20,Gypsophila paniculata,Gypsophila paniculata,Gypsophila,paniculata,Flowering plants,Amaranthaceae,Gesteelde zoutmelde,https://galerij.kb.nl/kb.html#/nl/florabatava19/page/85/zoom/3/lat/-68.6885206018014/lng/-21.357421875,False,Gypsophila paniculata
KW_T_423_20_0134L,20,Lappa minor,Arctium minus,Arctium,minus,Flowering plants,Betulaceae,Witte els,https://galerij.kb.nl/kb.html#/nl/florabatava19/page/86/zoom/3/lat/-68.6885206018014/lng/-21.357421875,False,Arctium minus
KW_T_423_20_0136L,20,Lappa intermedia,Arctium nemorosum,Arctium,nemorosum,Fungi,Cortinariaceae,Bloedplaatgordijnzwam,https://galerij.kb.nl/kb.html#/nl/florabatava19/page/87/zoom/3/lat/-68.6885206018014/lng/-21.357421875\,False,Arctium nemorosum
KW_T_423_20_0138L,20,Cortinarius albo-violaceus,Cortinarius spec.,Cortinarius,spec.,Fungi,Cortinariaceae,Slijmige gordijnzwam,https://galerij.kb.nl/kb.html#/nl/florabatava19/page/88/zoom/3/lat/-68.6885206018014/lng/-21.357421875,False,Cortinarius spec.
KW_T_423_20_0140L,20,Clavaria cristata,Clavulina coralloides,Clavulina,coralloides,Flowering plants,Caryophyllaceae,Ruige anjer,https://galerij.kb.nl/kb.html#/nl/florabatava19/page/89/zoom/3/lat/-68.6885206018014/lng/-21.357421875,False,Clavulina coralloides
KW_T_423_20_0142L,20,Ajuga reptans fl. roseo,Ajuga reptans,Ajuga,reptans,Flowering plants,Crassulaceae,Omgebogen vetkruid,https://galerij.kb.nl/kb.html#/nl/florabatava19/page/90/zoom/3/lat/-68.6885206018014/lng/-21.357421875,False,Ajuga reptans
KW_T_423_20_0144L,20,Gastridium lendigerum var muticum,Gastridium ventricosum,Gastridium,ventricosum,Flowering plants,Asteraceae,Aarddistel,https://galerij.kb.nl/kb.html#/nl/florabatava19/page/91/zoom/3/lat/-68.6885206018014/lng/-21.357421875,False,Gastridium ventricosum
KW_T_423_20_0146L,20,Koeleria phleoides,Rostraria cristata,Rostraria,cristata,Fungi,Hydnaceae,Trechtercantharel,https://galerij.kb.nl/kb.html#/nl/florabatava19/page/93/zoom/3/lat/-68.6885206018014/lng/-21.357421875,False,Rostraria cristata
KW_T_423_20_0148L,20,Tremella mesenterica / Peziza sepulcralis,Tremella mesenterica / Geopora arenicola,Tremella / Geopora,mesenterica / arenicola,Flowering plants,Lamiaceae / Amaranthaceae,Kleine bergsteentijm / Stinkende ganzenvoet,https://galerij.kb.nl/kb.html#/nl/florabatava20/page/8/zoom/3/lat/-68.49604022839505/lng/-29.443359375,True,Tremella mesenterica / Geopora arenicola
KW_T_423_20_0151L,20,Peziza tectoria,Peziza cerea,Peziza,cerea,Flowering plants,Cyperaceae,Hangende zegge,https://galerij.kb.nl/kb.html#/nl/florabatava20/page/10/zoom/3/lat/-68.49604022839505/lng/-29.443359375,False,Peziza cerea
KW_T_423_20_0153L,20,Sinapis cheiranthos,Coincya monensis,Coincya,monensis,Fungi,Tricholomataceae,Glanzende ridderzwam,https://galerij.kb.nl/kb.html#/nl/florabatava20/page/11/zoom/3/lat/-68.49604022839505/lng/-29.443359375,False,Coincya monensis
KW_T_423_20_0155L,20,Matricaria discoidea,Matricaria discoidea,Matricaria,discoidea,Fungi,Bankeraceae,Rodbruine stekelzwam,https://galerij.kb.nl/kb.html#/nl/florabatava20/page/12/zoom/3/lat/-68.49604022839505/lng/-29.443359375,False,Matricaria discoidea
KW_T_423_20_0157L,20,Allium carinatum,Allium carinatum,Allium,carinatum,Flowering plants,Polygonaceae,Zachte duizendknoop,https://galerij.kb.nl/kb.html#/nl/florabatava20/page/13/zoom/3/lat/-68.49604022839505/lng/-29.443359375,False,Allium carinatum
KW_T_423_20_0159L,20,Agaricus humilis,Melanoleuca polioleuca,Melanoleuca,polioleuca,Flowering plants,Boraginaceae,Kromhals-amsinckia,https://galerij.kb.nl/kb.html#/nl/florabatava20/page/14/zoom/3/lat/-68.49604022839505/lng/-29.443359375,False,Melanoleuca polioleuca
KW_T_423_20_0161L,20,Hygrophorus eburneus,Hygrophorus pustulatus,Hygrophorus,pustulatus,Flowering plants,Poaceae,Eennaaldgeitenoog,https://galerij.kb.nl/kb.html#/nl/florabatava20/page/15/zoom/3/lat/-68.49604022839505/lng/-29.443359375,False,Hygrophorus pustulatus
KW_T_423_21_0009L,21,Rubus saxatilis,Rubus saxatilis ,Rubus,saxatilis,Fungi,Inocybaceae,Lila satijnvezelkop,https://galerij.kb.nl/kb.html#/nl/florabatava20/page/16/zoom/3/lat/-68.49604022839505/lng/-29.443359375,False,Rubus saxatilis 
KW_T_423_21_0011L,21,Echinospermum deflexum,Lappula redowskii,Lappula,redowskii,Fungi,Polyporaceae,Gewoon elfenbankje,https://galerij.kb.nl/kb.html#/nl/florabatava20/page/17/zoom/3/lat/-69.53451763078357/lng/-50.361328125,False,Lappula redowskii
KW_T_423_21_0013L,21,Elsholzia patrini -,Elsholtzia ciliata,Elsholtzia,ciliata,Flowering plants,Orchidaceae,Bergnachtorchis,https://galerij.kb.nl/kb.html#/nl/florabatava20/page/18/zoom/3/lat/-68.49604022839505/lng/-29.443359375,False,Elsholtzia ciliata
KW_T_423_21_0015L,21,Agaricus albobrunneus,Tricholoma spec.,Tricholoma,spec.,Flowering plants,Juncaceae,Dwergrus,https://galerij.kb.nl/kb.html#/nl/florabatava20/page/19/zoom/3/lat/-68.49604022839505/lng/-29.443359375,False,Tricholoma spec.
KW_T_423_21_0017L,21,Clavaria flava,Ramaria spec.,Ramaria,spec.,Flowering plants,Poaceae,Dwerggras,https://galerij.kb.nl/kb.html#/nl/florabatava20/page/20/zoom/3/lat/-68.49604022839505/lng/-29.443359375,False,Ramaria spec.
KW_T_423_21_0019L,21,Erysimum repandum,Erysimum repandum,Erysimum,repandum,Fungi,Hygrocybaceae,Sneeuwzwammetje,https://galerij.kb.nl/kb.html#/nl/florabatava20/page/21/zoom/3/lat/-68.49604022839505/lng/-29.443359375,False,Erysimum repandum
KW_T_423_21_0021L,21,Geranium rotundifolium,Geranium rotundifolium,Geranium,rotundifolium,Fungi,Bankeraceae,Blozende stekelzwam,https://galerij.kb.nl/kb.html#/nl/florabatava20/page/22/zoom/3/lat/-68.49604022839505/lng/-29.443359375,False,Geranium rotundifolium
KW_T_423_21_0023L,21,Valerianella coronata,Valerianella coronata,Valerianella,coronata,Flowering plants,Boraginaceae,Amerikaans vergeet-mij-nietje,https://galerij.kb.nl/kb.html#/nl/florabatava20/page/23/zoom/3/lat/-68.49604022839505/lng/-29.443359375,False,Valerianella coronata
KW_T_423_21_0025L,21,Hygrophorus hypothejus,Hygrophorus hypothejus,Hygrophorus,hypothejus,Flowering plants,Brassicaceae,Chorispora,https://galerij.kb.nl/kb.html#/nl/florabatava20/page/24/zoom/3/lat/-68.49604022839505/lng/-29.443359375,False,Hygrophorus hypothejus
KW_T_423_21_0027L,21,Peziza aurantia var. gigantea,Aleuria aurantia,Aleuria,aurantia,Flowering plants,Poaceae,Stekelkamgras,https://galerij.kb.nl/kb.html#/nl/florabatava20/page/25/zoom/3/lat/-68.49604022839505/lng/-29.443359375,False,Aleuria aurantia
KW_T_423_21_0029L,21,Lepidium sativum,Lepidium sativum,Lepidium,sativum,Fungi,Polyporaceae,Witte bultzwam,https://galerij.kb.nl/kb.html#/nl/florabatava20/page/27/zoom/3/lat/-70.17020068549206/lng/-36.474609375,False,Lepidium sativum
KW_T_423_21_0031L,21,Vicia pannonica,Vicia pannonica,Vicia,pannonica,Flowering plants,Ranunculaceae,Kleine ruit,https://galerij.kb.nl/kb.html#/nl/florabatava20/page/28/zoom/3/lat/-69.53451763078357/lng/-50.361328125,False,Vicia pannonica
KW_T_423_21_0033L,21,Potentilla inclinata var virescens,Potentilla intermedia,Potentilla,intermedia,Flowering plants,Brassicaceae,Overblijvende bolletjesraket,https://galerij.kb.nl/kb.html#/nl/florabatava20/page/29/zoom/3/lat/-68.49604022839505/lng/-29.443359375,False,Potentilla intermedia
KW_T_423_21_0035L,21,Agaricus ulmarius,Hypsizygus ulmarius,Hypsizygus,ulmarius,Flowering plants,Poaceae,Bergdravik,https://galerij.kb.nl/kb.html#/nl/florabatava20/page/30/zoom/3/lat/-68.49604022839505/lng/-29.443359375,False,Hypsizygus ulmarius
KW_T_423_21_0037L,21,Cortinarius torvus,Cortinarius torvus,Cortinarius,torvus,Fungi,Cortinariaceae,Gordijnzwam spec.,https://galerij.kb.nl/kb.html#/nl/florabatava20/page/31/zoom/3/lat/-70.0205873017406/lng/-52.470703125,False,Cortinarius torvus
KW_T_423_21_0039L,21,Medicago x media,Medicago x varia,Medicago,x varia,Fungi,Russulaceae,Grijsgroene melkzwam,https://galerij.kb.nl/kb.html#/nl/florabatava20/page/32/zoom/3/lat/-68.49604022839505/lng/-29.443359375,False,Medicago x varia
KW_T_423_21_0041L,21,Tragopogon orientalis,Tragopogon pratensis subsp. orientalis,Tragopogon,pratensis subsp. orientalis,Flowering plants,Fabaceae,Esparcette,https://galerij.kb.nl/kb.html#/nl/florabatava20/page/33/zoom/3/lat/-68.52823492039876/lng/-29.443359375,False,Tragopogon pratensis subsp. orientalis
KW_T_423_21_0043L,21,Verbascum phoeniceum,Verbascum phoeniceum,Verbascum,phoeniceum,Flowering plants,Asteraceae,Alsemambrosia,https://galerij.kb.nl/kb.html#/nl/florabatava20/page/34/zoom/3/lat/-68.49604022839505/lng/-29.443359375,False,Verbascum phoeniceum
KW_T_423_21_0045L,21,Eriophorum gracile,Eriophorum gracile,Eriophorum,gracile,Flowering plants,Poaceae,Bergbeemdgras,https://galerij.kb.nl/kb.html#/nl/florabatava20/page/35/zoom/3/lat/-68.49604022839505/lng/-29.443359375,False,Eriophorum gracile
KW_T_423_21_0047L,21,Boletus torosus,Imleria badia,Imleria,badia,Fungi,Tricholomataceae,Reuzendikhoed,https://galerij.kb.nl/kb.html#/nl/florabatava20/page/36/zoom/3/lat/-68.49604022839505/lng/-29.443359375,False,Imleria badia
KW_T_423_21_0049L,21,Impatiens parviflora,Impatiens parviflora,Impatiens,parviflora,Fungi,Tricholomataceae,Reuzendikhoed,https://galerij.kb.nl/kb.html#/nl/florabatava20/page/36/zoom/3/lat/-68.49604022839505/lng/-29.443359375,False,Impatiens parviflora
KW_T_423_21_0051L,21,Rosa arvensis,Rosa arvensis,Rosa,arvensis,Fungi,Geastraceae,Heideaardster,https://galerij.kb.nl/kb.html#/nl/florabatava20/page/38/zoom/3/lat/-66.5482634621744/lng/-7.91015625,False,Rosa arvensis
KW_T_423_21_0053L,21,Myrrhis odorata,Myrrhis odorata?,Myrrhis,odorata?,Flowering plants,Apocynaceae,Witte engbloem,https://galerij.kb.nl/kb.html#/nl/florabatava20/page/39/zoom/4/lat/-54.44449176335762/lng/0.703125,False,Myrrhis odorata?
KW_T_423_21_0055L,21,Ramischia secunda,Orthilia secunda,Orthilia,secunda,Flowering plants,Amaranthaceae,Zacht loogkruid,https://galerij.kb.nl/kb.html#/nl/florabatava20/page/40/zoom/4/lat/-54.44449176335762/lng/0.703125,False,Orthilia secunda
KW_T_423_21_0057L,21,Carex buxbaumii,Carex buxbaumii,Carex,buxbaumii,Flowering plants,Araceae,Klein kroos,https://galerij.kb.nl/kb.html#/nl/florabatava20/page/41/zoom/3/lat/-68.49604022839505/lng/-29.443359375,False,Carex buxbaumii
KW_T_423_21_0059L,21,Adonis aestivalis,Adonis aestivalis,Adonis,aestivalis,Flowering plants,Araceae,Puntkroos,https://galerij.kb.nl/kb.html#/nl/florabatava20/page/41/zoom/3/lat/-68.49604022839505/lng/-29.443359375,False,Adonis aestivalis
KW_T_423_21_0061L,21,Hesperis bicuspidata,Hesperis bicuspidata,Hesperis,bicuspidata,Fungi,Clitocybaceae,Roodbruine schijnridderzwam,https://galerij.kb.nl/kb.html#/nl/florabatava20/page/42/zoom/3/lat/-68.91100484562018/lng/-45.791015625,False,Hesperis bicuspidata
KW_T_423_21_0063L,21,Draba muralis,Draba muralis,Draba,muralis,Fungi,Russulaceae,Rossige melkzwam,https://galerij.kb.nl/kb.html#/nl/florabatava20/page/43/zoom/3/lat/-68.49604022839505/lng/-29.443359375,False,Draba muralis
KW_T_423_21_0065L,21,Trifolium minus,Trifolium dubium,Trifolium,dubium,Flowering plants,Asteraceae,,https://galerij.kb.nl/kb.html#/nl/florabatava20/page/44/zoom/3/lat/-68.49604022839505/lng/-29.443359375,False,Trifolium dubium
KW_T_423_21_0067L,21,Agaricus inversus,Clitocybe gibba,Clitocybe,gibba,Flowering plants,Orobanchaceae,Distelbremraap,https://galerij.kb.nl/kb.html#/nl/florabatava20/page/45/zoom/3/lat/-68.52823492039876/lng/-29.355468750000004,False,Clitocybe gibba
KW_T_423_21_0069L,21,Vicia narbonensis,Vicia narbonensis,Vicia,narbonensis,Flowering plants,Poaceae,Paardengras,https://galerij.kb.nl/kb.html#/nl/florabatava20/page/46/zoom/3/lat/-68.49604022839505/lng/-29.443359375,False,Vicia narbonensis
KW_T_423_21_0071L,21,Prunus petraea,Prunus padus subsp. borealis,Prunus,padus subsp. borealis,Fungi,Polyporaceae,Tijgertaaiplaat,https://galerij.kb.nl/kb.html#/nl/florabatava20/page/47/zoom/3/lat/-68.49604022839505/lng/-29.443359375,False,Prunus padus subsp. borealis
KW_T_423_21_0073L,21,Isnardia palustris,Ludwigia palustris,Ludwigia,palustris,Fungi,Gloeophyllaceae,Schubbige taaiplaat,https://galerij.kb.nl/kb.html#/nl/florabatava20/page/48/zoom/3/lat/-68.49604022839505/lng/-29.443359375,False,Ludwigia palustris
KW_T_423_21_0075L,21,Silaus pratensis,Silaum silaus,Silaum,silaus,Flowering plants,Rosaceae,Rechte ganzerik,https://galerij.kb.nl/kb.html#/nl/florabatava20/page/50/zoom/3/lat/-68.49604022839505/lng/-29.443359375,False,Silaum silaus
KW_T_423_21_0077L,21,Polyporus giganteus,Meripilus giganteus,Meripilus,giganteus,Flowering plants,Scrophulariaceae,Keizerskaars,https://galerij.kb.nl/kb.html#/nl/florabatava20/page/51/zoom/3/lat/-68.49604022839505/lng/-29.443359375,False,Meripilus giganteus
KW_T_423_21_0079L,21,Turgenia latifolia,Turgenia latifolia,Turgenia,latifolia,Fungi,Agaricaceae,Spitsschubbige parasolzwam,https://galerij.kb.nl/kb.html#/nl/florabatava20/page/52/zoom/3/lat/-68.49604022839505/lng/-29.443359375,False,Turgenia latifolia
KW_T_423_21_0081L,21,Valeriana sambucifolia,Valeriana officinalis,Valeriana,officinalis,Fungi,Psathyrellaceae,Bleke franjehoed,https://galerij.kb.nl/kb.html#/nl/florabatava20/page/53/zoom/3/lat/-68.49604022839505/lng/-29.443359375,False,Valeriana officinalis
KW_T_423_21_0083L,21,Hieracium strictum,Hieracium sect. Sabauda,Hieracium,sect. Sabauda,Fungi,Hygrocybaceae,Kabouterwasplaat,https://galerij.kb.nl/kb.html#/nl/florabatava20/page/53/zoom/3/lat/-68.49604022839505/lng/-29.443359375,False,Hieracium sect. Sabauda
KW_T_423_21_0085L,21,Solanum rostratum,Solanum rostratum,Solanum,rostratum,Flowering plants,Papaveraceae,Rode hoornpapaver,https://galerij.kb.nl/kb.html#/nl/florabatava20/page/55/zoom/3/lat/-68.49604022839505/lng/-29.443359375,False,Solanum rostratum
KW_T_423_21_0087L,21,Agaricus silvicola,Agaricus silvicola,Agaricus,silvicola,Flowering plants,Amaranthaceae,Rode ganzenvoet,https://galerij.kb.nl/kb.html#/nl/florabatava20/page/57/zoom/3/lat/-68.49604022839505/lng/-29.443359375,False,Agaricus silvicola
KW_T_423_21_0089L,21,Verbascum thapsiformi-nigrum,Verbascum cf. densiflorum x nigrum,Verbascum,cf densiflorum x nigrum,Fungi,Mycenaceae,Mycena spec.,https://galerij.kb.nl/kb.html#/nl/florabatava20/page/58/zoom/3/lat/-68.49604022839505/lng/-29.443359375,False,Verbascum cf. densiflorum x nigrum
KW_T_423_21_0091L,21,Sideritis montana,Sideritis montana,Sideritis,montana,Fungi,Pezizaceae,Vroege bekerzwam,https://galerij.kb.nl/kb.html#/nl/florabatava20/page/59/zoom/3/lat/-68.49604022839505/lng/-29.443359375,False,Sideritis montana
KW_T_423_21_0093L,21,Potamogeton obtusifolius,Potamogeton obtusifolius,Potamogeton,obtusifolius,Flowering plants,Ranunculaceae,Wilde akelei,https://galerij.kb.nl/kb.html#/nl/florabatava20/page/60/zoom/3/lat/-68.49604022839505/lng/-29.443359375,False,Potamogeton obtusifolius
KW_T_423_21_0095L,21,Agaricus albus-cyaneus,Stropharia caerulea,Stropharia,caerulea,Flowering plants,Fabaceae,Inkarnaatklaver,https://galerij.kb.nl/kb.html#/nl/florabatava20/page/61/zoom/3/lat/-68.49604022839505/lng/-29.443359375,False,Stropharia caerulea
KW_T_423_21_0097L,21,Agaricus luridus,Tricholoma albobrunneum,Tricholoma,albobrunneum,Flowering plants,Asteraceae,Knikkend tandzaad,https://galerij.kb.nl/kb.html#/nl/florabatava20/page/62/zoom/3/lat/-68.91100484562018/lng/-45.791015625,False,Tricholoma albobrunneum
KW_T_423_21_0099L,21,Trifolium resupinatum,Trifolium resupinatum,Trifolium,resupinatum,Fungi,Clitocybaceae,Grote bostrechterzwam,https://galerij.kb.nl/kb.html#/nl/florabatava20/page/63/zoom/3/lat/-68.49604022839505/lng/-29.443359375,False,Trifolium resupinatum
KW_T_423_21_0101L,21,Coriandrum sativum,Coriandrum sativum,Coriandrum,sativum,Fungi,Pyronemataceae,Wimperzwam spec.,https://galerij.kb.nl/kb.html#/nl/florabatava20/page/64/zoom/3/lat/-68.49604022839505/lng/-29.443359375,False,Coriandrum sativum
KW_T_423_21_0103L,21,Petasites albus,Petasites albus,Petasites,albus,Flowering plants,Brassicaceae,Brede raket,https://galerij.kb.nl/kb.html#/nl/florabatava20/page/65/zoom/3/lat/-68.49604022839505/lng/-29.443359375,False,Petasites albus
KW_T_423_21_0104L,21,Petasites albus,Petasites albus,Petasites,albus,Flowering plants,Fabaceae,Smalle rolklaver,https://galerij.kb.nl/kb.html#/nl/florabatava20/page/66/zoom/3/lat/-68.49604022839505/lng/-29.443359375,False,Petasites albus
KW_T_423_21_0106L,21,Boletus fusipes,Suillus placidus,Suillus,placidus,Fungi,Amanitaceae,Gele knolamaniet,https://galerij.kb.nl/kb.html#/nl/florabatava20/page/68/zoom/3/lat/-68.91100484562018/lng/-45.791015625,False,Suillus placidus
KW_T_423_21_0108L,21,Crupina vulgaris,Crupina vulgaris,Crupina,vulgaris,Fungi,Fomitopsidaceae,Berkenzwam,https://galerij.kb.nl/kb.html#/nl/florabatava20/page/69/zoom/3/lat/-68.49604022839505/lng/-29.443359375,False,Crupina vulgaris
KW_T_423_21_0110L,21,Digitalis lutea,Digitalis lutea,Digitalis,lutea,Flowering plants,Caryophyllaceae,Pluimgipskruid,https://galerij.kb.nl/kb.html#/nl/florabatava20/page/70/zoom/3/lat/-68.49604022839505/lng/-29.443359375,False,Digitalis lutea
KW_T_423_21_0112L,21,Potamogeton rufescens,Potamogeton alpinus,Potamogeton,alpinus,Flowering plants,Asteraceae,Gewone klit,https://galerij.kb.nl/kb.html#/nl/florabatava20/page/71/zoom/3/lat/-68.49604022839505/lng/-29.443359375,False,Potamogeton alpinus
KW_T_423_21_0114L,21,Carex extensa,Carex extensa,Carex,extensa,Flowering plants,Asteraceae,Gewone klit,https://galerij.kb.nl/kb.html#/nl/florabatava20/page/72/zoom/3/lat/-68.52823492039876/lng/-29.443359375,False,Carex extensa
KW_T_423_21_0116L,21,Agaricus chrysophorus,Flammulina velutipes s.l.,Flammulina,velutipes s.l.,Fungi,Cortinariaceae,Gordijnzwam spec.,https://galerij.kb.nl/kb.html#/nl/florabatava20/page/73/zoom/3/lat/-68.52823492039876/lng/-29.443359375,False,Flammulina velutipes s.l.
KW_T_423_21_0118L,21,Crithmum maritimum,Crithmum maritimum,Crithmum,maritimum,Fungi,Hydnaceae,Witte koraalzwam,https://galerij.kb.nl/kb.html#/nl/florabatava20/page/74/zoom/3/lat/-70.55417853776078/lng/-48.427734375,False,Crithmum maritimum
KW_T_423_21_0120L,21,Bifora radians,Bifora radians,Bifora,radians,Flowering plants,Lamiaceae,Kruipend zenegroen,https://galerij.kb.nl/kb.html#/nl/florabatava20/page/75/zoom/3/lat/-70.0205873017406/lng/-55.810546875,False,Bifora radians
KW_T_423_21_0122L,21,Rudbeckia hirta,Rudbeckia hirta,Rudbeckia,hirta,Flowering plants,Poaceae,,https://galerij.kb.nl/kb.html#/nl/florabatava20/page/76/zoom/3/lat/-68.49604022839505/lng/-29.443359375,False,Rudbeckia hirta
KW_T_423_21_0124L,21,Lactarius subdulcis,Lactarius subdulcis,Lactarius,subdulcis,Flowering plants,Poaceae,Klein Fakkelgras,https://galerij.kb.nl/kb.html#/nl/florabatava20/page/77/zoom/3/lat/-68.49604022839505/lng/-29.443359375,False,Lactarius subdulcis
KW_T_423_21_0126L,21,Russula alutacea,Russula graveolens s.l.,Russula,graveolens s.l.,Fungi,Tremellaceae ,Gele trilzwam,https://galerij.kb.nl/kb.html#/nl/florabatava20/page/78/zoom/3/lat/-68.49604022839505/lng/-29.443359375,False,Russula graveolens s.l.
KW_T_423_21_0128L,21,Myrica cerifera,Morella caroliniensis,Morella,caroliniensis,Fungi,Pyronemataceae,Zandputje,https://galerij.kb.nl/kb.html#/nl/florabatava20/page/79/zoom/3/lat/-68.49604022839505/lng/-29.443359375,False,Morella caroliniensis
KW_T_423_21_0129L,21,Myrica cerifera,Morella caroliniensis,Morella,caroliniensis,Fungi,Pezizaceae,Wasgele bekerzwam,https://galerij.kb.nl/kb.html#/nl/florabatava20/page/80/zoom/3/lat/-68.49604022839505/lng/-29.443359375,False,Morella caroliniensis
KW_T_423_21_0131L,21,Coeloglossum viride,Dactylorhiza viridis,Dactylorhiza,viridis,Flowering plants,Brassicaceae,Muurbloemmosterd,https://galerij.kb.nl/kb.html#/nl/florabatava20/page/81/zoom/3/lat/-68.49604022839505/lng/-29.443359375,False,Dactylorhiza viridis
KW_T_423_21_0133L,21,Carex tricostata,Carex spec.,Carex,spec.,Flowering plants,Asteraceae,Schijfkamille,https://galerij.kb.nl/kb.html#/nl/florabatava20/page/82/zoom/3/lat/-68.49604022839505/lng/-29.443359375,False,Carex spec.
KW_T_423_21_0135L,21,Hygrophorus unguinosus,Agaricales spec.,Agaricales,spec.,Flowering plants,Amaryllidaceae,Berglook,https://galerij.kb.nl/kb.html#/nl/florabatava20/page/83/zoom/3/lat/-68.49604022839505/lng/-29.443359375,False,Agaricales spec.
KW_T_423_21_0137L,21,Carum verticillatum,Trocdaris verticillatum,Trocdaris,verticillatum,Fungi,Melanoleucaceae,Zwartwitte veldridderzwam,https://galerij.kb.nl/kb.html#/nl/florabatava20/page/84/zoom/3/lat/-68.49604022839505/lng/-29.443359375,False,Trocdaris verticillatum
KW_T_423_21_0139L,21,Sedum oppositifolium,Sedum spurium,Sedum,spurium,Fungi,Hygrophoraceae,Stippelsteelslijmkop,https://galerij.kb.nl/kb.html#/nl/florabatava20/page/85/zoom/3/lat/-68.49604022839505/lng/-29.443359375,False,Sedum spurium
KW_T_423_21_0141L,21,Stellaria nemorum,Stellaria nemorum,Stellaria,nemorum,Flowering plants,Rosaceae,Steenbraam,https://galerij.kb.nl/kb.html#/nl/florabatava21/page/8/zoom/3/lat/-66.26685631430843/lng/-18.720703125,False,Stellaria nemorum
KW_T_423_21_0143L,21,Caucalis daucoides,Caucalis platycarpos,Caucalis,platycarpos,Flowering plants,Boraginaceae,,https://galerij.kb.nl/kb.html#/nl/florabatava21/page/9/zoom/3/lat/-66.26685631430843/lng/-18.720703125,False,Caucalis platycarpos
KW_T_423_21_0145L,21,Polyporus brumalis,Polyporus tuberaster,Polyporus,tuberaster,Flowering plants,Lamiaceae,Vietnamese munt,https://galerij.kb.nl/kb.html#/nl/florabatava21/page/10/zoom/3/lat/-66.26685631430843/lng/-18.720703125,False,Polyporus tuberaster
KW_T_423_21_0147L,21,Spiranthes aestivalis,Spiranthes aestivalis,Spiranthes,aestivalis,Flowering plants,Phrymaceae,Ridderzwam spec.,https://galerij.kb.nl/kb.html#/nl/florabatava21/page/11/zoom/3/lat/-66.26685631430843/lng/-18.720703125,False,Spiranthes aestivalis
KW_T_423_21_0149L,21,Cephalanthera grandiflora,Cephalanthera damasonium,Cephalanthera,damasonium,Fungi,Clavariaceae,Koraalzwam spec.,https://galerij.kb.nl/kb.html#/nl/florabatava21/page/12/zoom/3/lat/-68.366801093914/lng/-43.33007812499999,False,Cephalanthera damasonium
KW_T_423_21_0151L,21,Myagrum perfoliatum,Myagrum perfoliatum,Myagrum,perfoliatum,Flowering plants,Brassicaceae,Uitgespreide steenraket,https://galerij.kb.nl/kb.html#/nl/florabatava21/page/13/zoom/3/lat/-66.26685631430843/lng/-18.720703125,False,Myagrum perfoliatum
KW_T_423_21_0153L,21,Moenchia erecta,Moenchia erecta,Moenchia,erecta,Flowering plants,Geraniaceae,Ronde ooievaarsbek,https://galerij.kb.nl/kb.html#/nl/florabatava21/page/14/zoom/3/lat/-66.26685631430843/lng/-18.720703125,False,Moenchia erecta
KW_T_423_21_0155L,21,Agaricus cretaceus,Agrocybe dura ,Agrocybe,dura,Flowering plants,Caprifoliaceae,Kroontjesveldsla,https://galerij.kb.nl/kb.html#/nl/florabatava21/page/15/zoom/3/lat/-66.26685631430843/lng/-18.720703125,False,Agrocybe dura 
KW_T_423_21_0157L,21,Gentiana germanica,Gentianella germanica,Gentianella,germanica,Fungi,Hygrophoraceae,Dennenslijmkop,https://galerij.kb.nl/kb.html#/nl/florabatava21/page/16/zoom/3/lat/-67.37369797436554/lng/-39.287109375,False,Gentianella germanica
KW_T_423_21_0159L,21,Medicago denticulata,Medicago polymorpha,Medicago,polymorpha,Fungi,Pyronemataceae,Grote oranje bekerzwam,https://galerij.kb.nl/kb.html#/nl/florabatava21/page/17/zoom/3/lat/-67.37369797436554/lng/-39.287109375,False,Medicago polymorpha
KW_T_423_21_0161L,21,Coronilla scorpioides,Coronilla scorpioides,Coronilla,scorpioides,Flowering plants,Brassicaceae,Tuinkers,https://galerij.kb.nl/kb.html#/nl/florabatava21/page/18/zoom/3/lat/-66.26685631430843/lng/-18.720703125,False,Coronilla scorpioides
KW_T_423_21_0163L,21,Alopecurus utriculatus,Alopecurus rendlei,Alopecurus,rendlei,Flowering plants,Fabaceae,Hongaarse wikke,https://galerij.kb.nl/kb.html#/nl/florabatava21/page/19/zoom/3/lat/-66.26685631430843/lng/-18.720703125,False,Alopecurus rendlei
KW_T_423_21_0165L,21,Cortinarius elatior,Cortinarius spec.,Cortinarius,spec.,Flowering plants,Rosaceae,Middelste ganzerik,https://galerij.kb.nl/kb.html#/nl/florabatava21/page/20/zoom/3/lat/-66.26685631430843/lng/-18.720703125,False,Cortinarius spec.
KW_T_423_22_0009L,22,Lepidium virginicum,Lepidium virginicum,Lepidium,virginicum,Fungi,Lyophyllaceae,Iepenzwam,https://galerij.kb.nl/kb.html#/nl/florabatava21/page/21/zoom/3/lat/-66.26685631430843/lng/-18.720703125,False,Lepidium virginicum
KW_T_423_22_0011L,22,Carex brizoides,Carex brizoides,Carex,brizoides,Fungi,Cortinariaceae,Gelaarse gordijnzwam,https://galerij.kb.nl/kb.html#/nl/florabatava21/page/22/zoom/3/lat/-66.26685631430843/lng/-18.720703125,False,Carex brizoides
KW_T_423_22_0013L,22,Crepis tectorum,Crepis tectorum,Crepis,tectorum,Flowering plants,Scrophulariaceae,Paarse toorts,https://galerij.kb.nl/kb.html#/nl/florabatava21/page/25/zoom/3/lat/-66.26685631430843/lng/-18.720703125,False,Crepis tectorum
KW_T_423_22_0015L,22,Aconitum lycoctonum,Aconitum lycoctonum,Aconitum,lycoctonum,Flowering plants,Cyperaceae,Slank wollegras,https://galerij.kb.nl/kb.html#/nl/florabatava21/page/26/zoom/3/lat/-66.26685631430843/lng/-18.720703125,False,Aconitum lycoctonum
KW_T_423_22_0017L,22,Hemerocallis fulva,Hemerocallis fulva,Hemerocallis,fulva,Fungi,Boletaceae,Kastanjeboleet,https://galerij.kb.nl/kb.html#/nl/florabatava21/page/27/zoom/3/lat/-67.37369797436554/lng/-39.287109375,False,Hemerocallis fulva
KW_T_423_22_0019L,22,Ranunculus nemorosus,Ranunculus polyanthemos subsp. nemorosus,Ranunculus,polyanthemos subsp. nemorosus,Flowering plants,Balsaminaceae,Klein springzaad,https://galerij.kb.nl/kb.html#/nl/florabatava21/page/28/zoom/3/lat/-66.26685631430843/lng/-18.720703125,False,Ranunculus polyanthemos subsp. nemorosus
KW_T_423_22_0021L,22,Avena pratensis,Helictochloa pratense,Helictochloa,pratense,Flowering plants,Rosaceae,Bosroos,https://galerij.kb.nl/kb.html#/nl/florabatava21/page/29/zoom/3/lat/-66.26685631430843/lng/-18.720703125,False,Helictochloa pratense
KW_T_423_22_0023L,22,Sisybrium wolgense,Sisymbrium volgense,Sisymbrium,volgense,Flowering plants,Apiaceae,Roomse kervel?,https://galerij.kb.nl/kb.html#/nl/florabatava21/page/30/zoom/3/lat/-66.26685631430843/lng/-18.720703125,False,Sisymbrium volgense
KW_T_423_22_0024L,22,Sisybrium wolgense,Sisymbrium volgense,Sisymbrium,volgense,Flowering plants,Ericaceae,Eenzijdig wintergroen,https://galerij.kb.nl/kb.html#/nl/florabatava21/page/31/zoom/3/lat/-66.26685631430843/lng/-18.720703125,False,Sisymbrium volgense
KW_T_423_22_0026L,22,Sparassis crispa,Sparassis crispa,Sparassis,crispa,Flowering plants,Cyperaceae,Knotszegge,https://galerij.kb.nl/kb.html#/nl/florabatava21/page/32/zoom/3/lat/-66.26685631430843/lng/-18.720703125,False,Sparassis crispa
KW_T_423_22_0028L,22,Viola lutea b multicaulis (V. calaminaria),Viola lutea subsp. calaminaria,Viola,lutea subsp. calaminaria,Flowering plants,Ranunculaceae,Zomeradonis,https://galerij.kb.nl/kb.html#/nl/florabatava21/page/33/zoom/3/lat/-67.37369797436554/lng/-39.287109375,False,Viola lutea subsp. calaminaria
KW_T_423_22_0030L,22,Aster coryosus,Eurybia divaricata,Eurybia,divaricata,Flowering plants,Brassicaceae,,https://galerij.kb.nl/kb.html#/nl/florabatava21/page/34/zoom/3/lat/-66.26685631430843/lng/-18.720703125,False,Eurybia divaricata
KW_T_423_22_0032L,22,Herniaria hirsuta,Herniaria hirsuta,Herniaria,hirsuta,Flowering plants,Brassicaceae,Wit hongerbloempje,https://galerij.kb.nl/kb.html#/nl/florabatava21/page/35/zoom/3/lat/-66.26685631430843/lng/-18.720703125,False,Herniaria hirsuta
KW_T_423_22_0034L,22,Eragrostis poaeoides var. maior,Eragrostis cilianensis,Eragrostis,cilianensis,Flowering plants,Fabaceae,Kleine klaver,https://galerij.kb.nl/kb.html#/nl/florabatava21/page/36/zoom/3/lat/-57.279042764977774/lng/-34.365234375,False,Eragrostis cilianensis
KW_T_423_22_0036L,22,Agaricus inamoenus,Agaricales spec.,Agaricales,spec.,Fungi,Clitocybaceae,Slanke trechterzwam,https://galerij.kb.nl/kb.html#/nl/florabatava21/page/37/zoom/3/lat/-66.26685631430843/lng/-18.720703125,False,Agaricales spec.
KW_T_423_22_0038L,22,Mimulus luteus,Mimulus guttatus,Mimulus,guttatus,Flowering plants,Fabaceae,Franse wikke,https://galerij.kb.nl/kb.html#/nl/florabatava21/page/38/zoom/3/lat/-66.26685631430843/lng/-18.720703125,False,Mimulus guttatus
KW_T_423_22_0040L,22,Artemisia annua,Artemisia annua,Artemisia,annua,Flowering plants,Onagraceae,Waterlepeltje,https://galerij.kb.nl/kb.html#/nl/florabatava21/page/40/zoom/3/lat/-66.26685631430843/lng/-18.720703125,False,Artemisia annua
KW_T_423_22_0042L,22,Cerinthe minor,Cerinthe minor,Cerinthe,minor,Flowering plants,Apiaceae,Weidekervel,https://galerij.kb.nl/kb.html#/nl/florabatava21/page/41/zoom/3/lat/-66.26685631430843/lng/-18.720703125,False,Cerinthe minor
KW_T_423_22_0044L,22,Thlaspi alpestre b Calaminare (Thlaspi calaminare),Noccaea caerulescens,Noccaea,caerulescens,Fungi,Meripilaceae ,Reuzenzwam,https://galerij.kb.nl/kb.html#/nl/florabatava21/page/42/zoom/3/lat/-66.26685631430843/lng/-18.720703125,False,Noccaea caerulescens
KW_T_423_22_0046L,22,Geopyxis ammophila,Peziza ammophila,Peziza,ammophila,Flowering plants,Apiaceae,Borstelscherm,https://galerij.kb.nl/kb.html#/nl/florabatava21/page/43/zoom/3/lat/-66.26685631430843/lng/-18.720703125,False,Peziza ammophila
KW_T_423_22_0048L,22,Utricularia neglecta,Utricularia australis,Utricularia,australis,Flowering plants,Caprifoliaceae,Echte valeriaan,https://galerij.kb.nl/kb.html#/nl/florabatava21/page/44/zoom/3/lat/-65.47650756256365/lng/-57.39257812499999,False,Utricularia australis
KW_T_423_22_0050L,22,Artemisia tournefortiana,Artemisia biennis,Artemisia,biennis,Flowering plants,Solanaceae,Stekelnachtschade,https://galerij.kb.nl/kb.html#/nl/florabatava21/page/46/zoom/3/lat/-66.26685631430843/lng/-18.720703125,False,Artemisia biennis
KW_T_423_22_0052L,22,Plantago aristata,Plantago aristata,Plantago,aristata,Fungi,Agaricaceae,Slanke anijschampignon,https://galerij.kb.nl/kb.html#/nl/florabatava21/page/47/zoom/3/lat/-66.26685631430843/lng/-18.720703125,False,Plantago aristata
KW_T_423_22_0054L,22,Centunculus minimus,Centunculus minimus,Centunculus,minimus,Flowering plants,Lamiaceae,IJzerkruid,https://galerij.kb.nl/kb.html#/nl/florabatava21/page/49/zoom/3/lat/-66.26685631430843/lng/-18.720703125,False,Centunculus minimus
KW_T_423_22_0056L,22,Agaricus fusipes,Lyophyllum deliberatum,Lyophyllum,deliberatum,Flowering plants,Potamogetonaceae,Stomp fonteinkruid,https://galerij.kb.nl/kb.html#/nl/florabatava21/page/50/zoom/3/lat/-66.26685631430843/lng/-18.720703125,False,Lyophyllum deliberatum
KW_T_423_22_0058L,22,Ambrosia trifida,Ambrosia trifida,Ambrosia,trifida,Fungi,Strophariaceae,Valse kopegroenzwam,https://galerij.kb.nl/kb.html#/nl/florabatava21/page/51/zoom/3/lat/-67.1016555307692/lng/-17.841796875,False,Ambrosia trifida
KW_T_423_22_0059L,22,Ambrosia trifida,Ambrosia trifida,Ambrosia,trifida,Fungi,Tricholomataceae,Witbruine ridderzwam,https://galerij.kb.nl/kb.html#/nl/florabatava21/page/52/zoom/3/lat/-66.26685631430843/lng/-18.720703125,False,Ambrosia trifida
KW_T_423_22_0061L,22,Orchis militaris floribus albis,Orchis militaris,Orchis,militaris,Flowering plants,Fabaceae,Perzische klaver,https://galerij.kb.nl/kb.html#/nl/florabatava21/page/53/zoom/3/lat/-66.26685631430843/lng/-18.720703125,False,Orchis militaris
KW_T_423_22_0063L,22,Ruppia maritima,Ruppia maritima,Ruppia,maritima,Flowering plants,Apiaceae,Koriander,https://galerij.kb.nl/kb.html#/nl/florabatava21/page/54/zoom/3/lat/-66.26685631430843/lng/-18.720703125,False,Ruppia maritima
KW_T_423_22_0065L,22,Pholiota unicolor,Agrocybe erebia ,Agrocybe,erebia,Flowering plants,Asteraceae,Wit hoefblad,https://galerij.kb.nl/kb.html#/nl/florabatava21/page/56/zoom/3/lat/-66.26685631430843/lng/-18.720703125,False,Agrocybe erebia 
KW_T_423_22_0067L,22,Verbascum collinum (Verbascum nigrum x thapsus,Verbascum nigrum x thapsus,Verbascum,nigrum x thapsus,Flowering plants,Asteraceae,Wit hoefblad,https://galerij.kb.nl/kb.html#/nl/florabatava21/page/56/zoom/3/lat/-66.26685631430843/lng/-18.720703125,False,Verbascum nigrum x thapsus
KW_T_423_22_0069L,22,Eragrostis poaeoides var. minor,Eragrostis minor,Eragrostis,minor,Fungi,Suillaceae,Ivoorboleet,https://galerij.kb.nl/kb.html#/nl/florabatava21/page/57/zoom/3/lat/-67.1016555307692/lng/-17.841796875,False,Eragrostis minor
KW_T_423_22_0071L,22,Galeopsis pubescens,Galeopsis pubescens,Galeopsis,pubescens,Flowering plants,Asteraceae,,https://galerij.kb.nl/kb.html#/nl/florabatava21/page/58/zoom/3/lat/-66.26685631430843/lng/-18.720703125,False,Galeopsis pubescens
KW_T_423_22_0073L,22,Salpichroa rhomboidea,Salpichroa origanifolia,Salpichroa,origanifolia,Flowering plants,Plantaginaceae,Geel vingerhoedskruid,https://galerij.kb.nl/kb.html#/nl/florabatava21/page/59/zoom/3/lat/-66.26685631430843/lng/-18.720703125,False,Salpichroa origanifolia
KW_T_423_22_0075L,22,Didymium muscicolum,Myxomycetes spec.,Myxomycetes,spec.,Flowering plants,Potamogetonaceae,Rossig fonteinkruid,https://galerij.kb.nl/kb.html#/nl/florabatava21/page/60/zoom/3/lat/-66.26685631430843/lng/-18.720703125,False,Myxomycetes spec.
KW_T_423_22_0077L,22,Trifolium elegans,Trifolium hybridum subsp. elegans,Trifolium,hybridum subsp. elegans,Flowering plants,Cyperaceae,Kwelderzegge,https://galerij.kb.nl/kb.html#/nl/florabatava21/page/61/zoom/3/lat/-66.26685631430843/lng/-18.720703125,False,Trifolium hybridum subsp. elegans
KW_T_423_22_0079L,22,Trigonella orthoceras,Medicago orthoceras,Medicago,orthoceras,Flowering plants,Apiaceae,Zeevenkel,https://galerij.kb.nl/kb.html#/nl/florabatava21/page/63/zoom/3/lat/-66.26685631430843/lng/-18.720703125,False,Medicago orthoceras
KW_T_423_22_0081L,22,Thesium humifusum,Thesium humifusum,Thesium,humifusum,Flowering plants,Apiaceae,Holzaad,https://galerij.kb.nl/kb.html#/nl/florabatava21/page/64/zoom/3/lat/-66.26685631430843/lng/-18.720703125,False,Thesium humifusum
KW_T_423_22_0083L,22,Thesium humifusum,Thesium humifusum,Thesium,humifusum,Flowering plants,Asteraceae,Ruige rudbeckia,https://galerij.kb.nl/kb.html#/nl/florabatava21/page/65/zoom/3/lat/-66.26685631430843/lng/-18.720703125,False,Thesium humifusum
KW_T_423_22_0085L,22,Lactarius subdulcis,Lactarius spec.,Lactarius,spec.,Fungi,Russulaceae,Bitterzoete melkzwam,https://galerij.kb.nl/kb.html#/nl/florabatava21/page/66/zoom/3/lat/-66.26685631430843/lng/-18.720703125,False,Lactarius spec.
KW_T_423_22_0087L,22,Cichorium endivia,Cichorium endivia,Cichorium,endivia,Flowering plants,Myricaceae,Wasgagel,https://galerij.kb.nl/kb.html#/nl/florabatava21/page/68/zoom/3/lat/-66.26685631430843/lng/-18.720703125,False,Cichorium endivia
KW_T_423_22_0089L,22,Lagurus ovatus,Lagurus ovatus,Lagurus,ovatus,Flowering plants,Myricaceae,Wasgagel,https://galerij.kb.nl/kb.html#/nl/florabatava21/page/69/zoom/3/lat/-66.26685631430843/lng/-18.720703125,False,Lagurus ovatus
KW_T_423_22_0091L,22,Brassica elongata var armoracioides,Brassica elongata subsp. integrifolia,Brassica,elongata subsp. integrifolia,Flowering plants,Orchidaceae,Groene nachtorchis,https://galerij.kb.nl/kb.html#/nl/florabatava21/page/70/zoom/3/lat/-66.26685631430843/lng/-18.720703125,False,Brassica elongata subsp. integrifolia
KW_T_423_22_0093L,22,Sisyrium loeselii,Sisymbrium loeselii,Sisymbrium,loeselii,Flowering plants,Cyperaceae,Zegge spec.,https://galerij.kb.nl/kb.html#/nl/florabatava21/page/71/zoom/3/lat/-66.26685631430843/lng/-18.720703125,False,Sisymbrium loeselii
KW_T_423_22_0095L,22,Peziza repanda,Discina ancilis,Discina,ancilis,Fungi,Indetermined,Plaatjeszwam spec.,https://galerij.kb.nl/kb.html#/nl/florabatava21/page/72/zoom/3/lat/-66.26685631430843/lng/-18.720703125,False,Discina ancilis
KW_T_423_22_0097L,22,Juglans regia,Juglans regia,Juglans,regia,Flowering plants,Apiaceae,Kranskarwij,https://galerij.kb.nl/kb.html#/nl/florabatava21/page/73/zoom/3/lat/-66.26685631430843/lng/-18.720703125,False,Juglans regia
KW_T_423_22_0098L,22,Juglans regia,Juglans regia,Juglans,regia,Flowering plants,Crassulaceae,Roze vetkruid,https://galerij.kb.nl/kb.html#/nl/florabatava21/page/74/zoom/3/lat/-66.26685631430843/lng/-18.720703125,False,Juglans regia
KW_T_423_22_0100L,22,Chlora perfoliata,Blackstonia perfoliata subsp. perfoliata,Blackstonia,perfoliata subsp. perfoliata,Flowering plants,Caryophyllaceae,Bosmuur,https://galerij.kb.nl/kb.html#/nl/florabatava21/page/75/zoom/3/lat/-66.26685631430843/lng/-18.720703125,False,Blackstonia perfoliata subsp. perfoliata
KW_T_423_22_0102L,22,Spiraea salicifolia,Spiraea salicifolia,Spiraea,salicifolia,Flowering plants,Apiaceae,Caucalis,https://galerij.kb.nl/kb.html#/nl/florabatava21/page/76/zoom/3/lat/-66.26685631430843/lng/-18.720703125,False,Spiraea salicifolia
KW_T_423_22_0104L,22,Nyctalis asterophora,Asterophora lycoperdoides,Asterophora,lycoperdoides,Fungi,Polyporaceae,Franjeporiezwam,https://galerij.kb.nl/kb.html#/nl/florabatava21/page/77/zoom/3/lat/-66.26685631430843/lng/-18.720703125,False,Asterophora lycoperdoides
KW_T_423_22_0106L,22,Scilla sibirica,Scilla siberica,Scilla,siberica,Flowering plants,Orchidaceae,Zomerschroeforchis,https://galerij.kb.nl/kb.html#/nl/florabatava21/page/78/zoom/3/lat/-66.26685631430843/lng/-18.720703125,False,Scilla siberica
KW_T_423_22_0108L,22,Corispermum hyssopifolium,Corispermum pallasii,Corispermum,pallasii,Flowering plants,Orchidaceae,Bleek bosvogeltje,https://galerij.kb.nl/kb.html#/nl/florabatava21/page/79/zoom/3/lat/-66.26685631430843/lng/-18.720703125,False,Corispermum pallasii
KW_T_423_22_0110L,22,Corallorrhiza innata,Corallorhiza trifida,Corallorhiza,trifida,Flowering plants,Brassicaceae,,https://galerij.kb.nl/kb.html#/nl/florabatava21/page/80/zoom/3/lat/-66.26685631430843/lng/-18.720703125,False,Corallorhiza trifida
KW_T_423_22_0112L,22,Muscari comosum,Muscari comosum,Muscari,comosum,Flowering plants,Caryophyllaceae,Kruismuur,https://galerij.kb.nl/kb.html#/nl/florabatava21/page/81/zoom/3/lat/-66.26685631430843/lng/-18.720703125,False,Muscari comosum
KW_T_423_22_0114L,22,Lactarius glyciosmus,Lactarius glyciosmus,Lactarius,glyciosmus,Fungi,Strophariaceae,Barstende leemhoed,https://galerij.kb.nl/kb.html#/nl/florabatava21/page/82/zoom/3/lat/-66.26685631430843/lng/-18.720703125,False,Lactarius glyciosmus
KW_T_423_22_0116L,22,Euphorbia amygdaloides,Euphorbia amygdaloides,Euphorbia,amygdaloides,Flowering plants,Gentianaceae,Duitse gentiaan,https://galerij.kb.nl/kb.html#/nl/florabatava21/page/83/zoom/3/lat/-66.26685631430843/lng/-18.720703125,False,Euphorbia amygdaloides
KW_T_423_22_0118L,22,Vaccinium polyanthum,Vaccinium x intermedium,Vaccinium,x intermedium,Flowering plants,Fabaceae,Ruige rupsklaver,https://galerij.kb.nl/kb.html#/nl/florabatava21/page/84/zoom/3/lat/-67.90861918215302/lng/-50.88867187499999,False,Vaccinium x intermedium
KW_T_423_22_0120L,22,Vaccinium intermedium,Vaccinium x intermedium,Vaccinium,x intermedium,Flowering plants,Fabaceae,Schorpioenkroonkruid,https://galerij.kb.nl/kb.html#/nl/florabatava21/page/85/zoom/3/lat/-66.26685631430843/lng/-18.720703125,False,Vaccinium x intermedium
KW_T_423_22_0122L,22,Whitlavia grandiflora,Phacelia minor,Phacelia,minor,Flowering plants,Poaceae,Blaasvossenstaart,https://galerij.kb.nl/kb.html#/nl/florabatava21/page/86/zoom/3/lat/-66.26685631430843/lng/-18.720703125,False,Phacelia minor
KW_T_423_22_0124L,22,Lactarius theiogalus,Lactarius chrysorrheus ,Lactarius,chrysorrheus,Fungi,Cortinariaceae,Gordijnzwam spec.,https://galerij.kb.nl/kb.html#/nl/florabatava21/page/87/zoom/3/lat/-66.30220547599842/lng/-18.720703125,False,Lactarius chrysorrheus 
KW_T_423_22_0126L,22,Phacelia tanacetifolia,Phacelia tanacetifolia,Phacelia,tanacetifolia,Flowering plants,Brassicaceae,Amerikaanse kruidkers,https://galerij.kb.nl/kb.html#/nl/florabatava22/page/8/zoom/3/lat/-69.13127122963648/lng/-27.333984375,False,Phacelia tanacetifolia
KW_T_423_22_0128L,22,Cephalanthera ensifolia,Cephalanthera longifolia,Cephalanthera,longifolia,Flowering plants,Cyperaceae,Trilgraszegge,https://galerij.kb.nl/kb.html#/nl/florabatava22/page/9/zoom/3/lat/-69.13127122963648/lng/-27.333984375,False,Cephalanthera longifolia
KW_T_423_22_0130L,22,Amsinckia intermedia,Amsinckia micrantha,Amsinckia,micrantha,Flowering plants,Asteraceae,Smal streepzaad,https://galerij.kb.nl/kb.html#/nl/florabatava22/page/10/zoom/3/lat/-69.13127122963648/lng/-27.333984375,False,Amsinckia micrantha
KW_T_423_22_0132L,22,Trichia chrysosperma,Trichia spec.,Trichia,spec.,Flowering plants,Ranunculaceae,Gele monnikskap,https://galerij.kb.nl/kb.html#/nl/florabatava22/page/11/zoom/3/lat/-69.13127122963648/lng/-27.333984375,False,Trichia spec.
KW_T_423_22_0134L,22,Peziza macropus,Helvella macropus,Helvella,macropus,Flowering plants,Asphodelaceae,Bruine daglelie,https://galerij.kb.nl/kb.html#/nl/florabatava22/page/12/zoom/3/lat/-69.13127122963648/lng/-27.333984375,False,Helvella macropus
KW_T_423_22_0136L,22,Galium elongatum,Galium palustre,Galium,palustre,Flowering plants,Poaceae,Beemdhaver,https://galerij.kb.nl/kb.html#/nl/florabatava22/page/14/zoom/3/lat/-69.13127122963648/lng/-27.333984375,False,Galium palustre
KW_T_423_22_0138L,22,Isoetes lacustre forma curvifolium,Isoetes lacustris,Isoetes,lacustris,Flowering plants,Brassicaceae,,https://galerij.kb.nl/kb.html#/nl/florabatava22/page/16/zoom/3/lat/-69.13127122963648/lng/-27.333984375,False,Isoetes lacustris
KW_T_423_22_0141L,22,Erigeron linifolium,Erigeron bonariensis,Erigeron,bonariensis,Flowering plants,Brassicaceae,,https://galerij.kb.nl/kb.html#/nl/florabatava22/page/16/zoom/3/lat/-69.13127122963648/lng/-27.333984375,False,Erigeron bonariensis
KW_T_423_22_0143L,22,Agaricus placenta,Entoloma spec.,Entoloma,spec.,Fungi,Sparassidaceae ,Grote sponszwam,https://galerij.kb.nl/kb.html#/nl/florabatava22/page/17/zoom/3/lat/-69.13127122963648/lng/-27.333984375,False,Entoloma spec.
KW_T_423_22_0145L,22,Agaricus pessumdatus,Tricholoma pessundatum,Tricholoma,pessundatum,Flowering plants,Asteraceae,Sneeuwaster,https://galerij.kb.nl/kb.html#/nl/florabatava22/page/19/zoom/3/lat/-69.13127122963648/lng/-27.333984375,False,Tricholoma pessundatum
KW_T_423_22_0147L,22,Rubus arrhenii,Rubus arrhenii,Rubus,arrhenii,Flowering plants,Caryophyllaceae,Behaard breukkruid,https://galerij.kb.nl/kb.html#/nl/florabatava22/page/20/zoom/3/lat/-69.13127122963648/lng/-27.333984375,False,Rubus arrhenii
KW_T_423_22_0149L,22,Festuca myuros,Vulpia bromoides,Vulpia,bromoides,Flowering plants,Poaceae,Stinkend liefdegras,https://galerij.kb.nl/kb.html#/nl/florabatava22/page/21/zoom/3/lat/-69.13127122963648/lng/-27.333984375,False,Vulpia bromoides
KW_T_423_22_0151L,22,Camelina microcarpa,Camelina spec. ,Camelina,spec.,Fungi,Indet.,Plaatjeszwam spec.,https://galerij.kb.nl/kb.html#/nl/florabatava22/page/22/zoom/3/lat/-69.13127122963648/lng/-27.333984375,False,Camelina spec. 
KW_T_423_22_0153L,22,Sparganium diversifolium,Sparganium emersum x natans,Sparganium,emersum x natans,Flowering plants,Phrymaceae,Gele maskerbloem,https://galerij.kb.nl/kb.html#/nl/florabatava22/page/23/zoom/3/lat/-69.13127122963648/lng/-27.333984375,False,Sparganium emersum x natans
KW_T_423_22_0155L,22,Pluteus leoninus,Pluteus aurantiorugosus,Pluteus,aurantiorugosus,Flowering plants,Asteraceae,Zomeralsem,https://galerij.kb.nl/kb.html#/nl/florabatava22/page/24/zoom/3/lat/-69.13127122963648/lng/-27.333984375,False,Pluteus aurantiorugosus
KW_T_423_22_0157L,22,Levisticum officinale,Levisticum officinale,Levisticum,officinale,Flowering plants,Boraginaceae,Geel wasbloempje,https://galerij.kb.nl/kb.html#/nl/florabatava22/page/25/zoom/3/lat/-69.13127122963648/lng/-27.333984375,False,Levisticum officinale
KW_T_423_22_0159L,22,Anthemis triumfetti,Cota triumfetti,Cota,triumfetti,Flowering plants,Brassicaceae,Zinkboerenkers,https://galerij.kb.nl/kb.html#/nl/florabatava22/page/26/zoom/3/lat/-69.13127122963648/lng/-27.333984375,False,Cota triumfetti
KW_T_423_22_0161L,22,Lycopodium annotinum,Spinulum annotinum,Spinulum,annotinum,Fungi,Pezizaceae,Zandtulpje,https://galerij.kb.nl/kb.html#/nl/florabatava22/page/27/zoom/3/lat/-69.13127122963648/lng/-27.333984375,False,Spinulum annotinum
KW_T_423_22_0163L,22,Psilocybe ammophila,Psathyrella ammophila,Psathyrella,ammophila,Flowering plants,Lentibulariaceae,Loos blaasjeskruid,https://galerij.kb.nl/kb.html#/nl/florabatava22/page/28/zoom/3/lat/-69.13127122963648/lng/-27.333984375,False,Psathyrella ammophila
KW_T_423_22_0165L,22,Agaricus sub-alutaceus,Agaricales spec.,Agaricales,spec.,Flowering plants,Asteraceae,Rechte alsem,https://galerij.kb.nl/kb.html#/nl/florabatava22/page/29/zoom/3/lat/-69.13127122963648/lng/-27.333984375,False,Agaricales spec.
KW_T_423_22_0167L,22,Anthemis austriaca,Anthemis austriaca,Anthemis,austriaca,Flowering plants,Plantaginaceae,,https://galerij.kb.nl/kb.html#/nl/florabatava22/page/30/zoom/3/lat/-69.13127122963648/lng/-27.333984375,False,Anthemis austriaca
KW_T_423_22_0169L,22,Orlaya grandiflora,Orlaya grandiflora,Orlaya,grandiflora,Flowering plants,Primulaceae,Dwergbloem,https://galerij.kb.nl/kb.html#/nl/florabatava22/page/31/zoom/3/lat/-69.13127122963648/lng/-27.333984375,False,Orlaya grandiflora
KW_T_423_22_0171L,22,Isoëtes echinosporum f. curvifolium -,Isoetes echinospora,Isoetes,echinospora,Fungi,Lyophyllaceae,Taaire rouwridderzwam,https://galerij.kb.nl/kb.html#/nl/florabatava22/page/32/zoom/3/lat/-69.13127122963648/lng/-27.333984375,False,Isoetes echinospora
KW_T_423_22_0174L,22,Isoëtes echinosporum f. curvifolium -,Isoetes spec.,Isoetes,spec.,Flowering plants,Asteraceae,Driedelige ambrosia,https://galerij.kb.nl/kb.html#/nl/florabatava22/page/34/zoom/3/lat/-69.13127122963648/lng/-27.333984375,False,Isoetes spec.
KW_T_423_23_0009L,23,Orchis ustulata,Neotinea ustulata,Neotinea,ustulata,Flowering plants,Asteraceae,Driedelige ambrosia,https://galerij.kb.nl/kb.html#/nl/florabatava22/page/34/zoom/3/lat/-69.13127122963648/lng/-27.333984375,False,Neotinea ustulata
KW_T_423_23_0011L,23,Bromus squarrosus,Bromus squarrosus,Bromus,squarrosus,Flowering plants,Orchidaceae,Soldaatje,https://galerij.kb.nl/kb.html#/nl/florabatava22/page/35/zoom/3/lat/-69.19379976461904/lng/-31.025390625,False,Bromus squarrosus
KW_T_423_23_0013L,23,Tellima grandiflora,Tellima grandiflora,Tellima,grandiflora,Flowering plants,Ruppiaceae,Snavelruppia,https://galerij.kb.nl/kb.html#/nl/florabatava22/page/36/zoom/3/lat/-69.19379976461904/lng/-31.025390625,False,Tellima grandiflora
KW_T_423_23_0016L,23,Asperula glauca,Galium glaucum,Galium,glaucum,Fungi,Strophariaceae,Leverkleurige leemhoed,https://galerij.kb.nl/kb.html#/nl/florabatava22/page/37/zoom/3/lat/-69.13127122963648/lng/-27.333984375,False,Galium glaucum
KW_T_423_23_0018L,23,Xylaria polymorpha,Xylaria polymorpha,Xylaria,polymorpha,Flowering plants,Poaceae,Klein liefdegras,https://galerij.kb.nl/kb.html#/nl/florabatava22/page/39/zoom/3/lat/-69.13127122963648/lng/-27.333984375,False,Xylaria polymorpha
KW_T_423_23_0020L,23,Rubus bellardii,Rubus nigricans,Rubus,nigricans,Flowering plants,Lamiaceae,Zachte hennepnetel,https://galerij.kb.nl/kb.html#/nl/florabatava22/page/40/zoom/3/lat/-69.13127122963648/lng/-27.333984375,False,Rubus nigricans
KW_T_423_23_0022L,23,Orchis simia,Orchis simia,Orchis,simia,Flowering plants,Solanaceae,,https://galerij.kb.nl/kb.html#/nl/florabatava22/page/41/zoom/3/lat/-69.13127122963648/lng/-27.333984375,False,Orchis simia
KW_T_423_23_0024L,23,Pyrola uniflora,Moneses uniflora,Moneses,uniflora,Fungi,Indet.,Slijmzwam spec.,https://galerij.kb.nl/kb.html#/nl/florabatava22/page/42/zoom/3/lat/-69.13127122963648/lng/-27.333984375,False,Moneses uniflora
KW_T_423_23_0026L,23,Carex axillaris (C. muricata x remota)-,Carex otrubae x remota,Carex,otrubae x remota,Flowering plants,Fabaceae,,https://galerij.kb.nl/kb.html#/nl/florabatava22/page/44/zoom/3/lat/-69.13127122963648/lng/-27.333984375,False,Carex otrubae x remota
KW_T_423_23_0028L,23,Agaricus acervatus,Rhodocollybia butyracea var. asema,Rhodocollybia,butyracea var. asema,Flowering plants,Santalaceae,Liggend bergvlas,https://galerij.kb.nl/kb.html#/nl/florabatava22/page/45/zoom/3/lat/-69.13127122963648/lng/-27.333984375,False,Rhodocollybia butyracea var. asema
KW_T_423_23_0030L,23,Viscum album,Viscum album,Viscum,album,Flowering plants,Santalaceae,Liggend bergvlas,https://galerij.kb.nl/kb.html#/nl/florabatava22/page/45/zoom/3/lat/-69.13127122963648/lng/-27.333984375,False,Viscum album
KW_T_423_23_0032L,23,Phalaris minor,Phalaris minor,Phalaris,minor,Fungi,Russulaceae,Melkzwam spec.,https://galerij.kb.nl/kb.html#/nl/florabatava22/page/47/zoom/3/lat/-69.13127122963648/lng/-27.333984375,False,Phalaris minor
KW_T_423_23_0034L,23,Cladophora aegagropila,Aegagropila linnaei,Aegagropila,linnaei,Flowering plants,Asteraceae,Andijvie,https://galerij.kb.nl/kb.html#/nl/florabatava22/page/48/zoom/3/lat/-69.13127122963648/lng/-27.333984375,False,Aegagropila linnaei
KW_T_423_23_0035R,23,Cladophora aegagropila,Aegagropila linnaei,Aegagropila,linnaei,Flowering plants,Poaceae,Hazenstaart,https://galerij.kb.nl/kb.html#/nl/florabatava22/page/49/zoom/3/lat/-69.13127122963648/lng/-27.333984375,False,Aegagropila linnaei
KW_T_423_23_0037L,23,Cortinarius subpurpurascens,Cortinarius spec.,Cortinarius,spec.,Flowering plants,Brassicaceae,Spiesraket,https://galerij.kb.nl/kb.html#/nl/florabatava22/page/51/zoom/3/lat/-69.13127122963648/lng/-27.333984375,False,Cortinarius spec.
KW_T_423_23_0039L,23,Amaranthus deflexus (Amaranthus gracilis),Amaranthus viridis,Amaranthus,viridis,Fungi,Discinaceae,Grote voorjaarsaderbekerzwam,https://galerij.kb.nl/kb.html#/nl/florabatava22/page/52/zoom/3/lat/-69.13127122963648/lng/-27.333984375,False,Amaranthus viridis
KW_T_423_23_0041L,23,Amaranthus albus,Amaranthus albus,Amaranthus,albus,Flowering plants,Juglandaceae,Okkernoot,https://galerij.kb.nl/kb.html#/nl/florabatava22/page/54/zoom/3/lat/-69.13127122963648/lng/-27.333984375,False,Amaranthus albus
KW_T_423_23_0043L,23,Festuca angusta(ta),Festuca angustata,Festuca,angustata,Flowering plants,Juglandaceae,Okkernoot,https://galerij.kb.nl/kb.html#/nl/florabatava22/page/54/zoom/3/lat/-69.13127122963648/lng/-27.333984375,False,Festuca angustata
KW_T_423_23_0045L,23,Chenopodium anthelminticum,Dysphania ambrosioides,Dysphania,ambrosioides,Flowering plants,Rosaceae,Theeboompje,https://galerij.kb.nl/kb.html#/nl/florabatava22/page/56/zoom/3/lat/-69.13127122963648/lng/-27.333984375,False,Dysphania ambrosioides
KW_T_423_23_0047L,23,Thalictrum minus,Thalictrum minus,Thalictrum,minus,Fungi,Lyophyllaceae,Poederzwamgast,https://galerij.kb.nl/kb.html#/nl/florabatava22/page/57/zoom/3/lat/-69.13127122963648/lng/-27.333984375,False,Thalictrum minus
KW_T_423_23_0049L,23,Rubus plicatus,Rubus plicatus,Rubus,plicatus,Flowering plants,Asparagaceae,Oosterse Sterhyacint,https://galerij.kb.nl/kb.html#/nl/florabatava22/page/58/zoom/3/lat/-69.13127122963648/lng/-27.333984375,False,Rubus plicatus
KW_T_423_23_0051L,23,Rubus sprengelii,Rubus sprengelii,Rubus,sprengelii,Flowering plants,Amaranthaceae,Smal vlieszaad,https://galerij.kb.nl/kb.html#/nl/florabatava22/page/59/zoom/3/lat/-69.13127122963648/lng/-27.333984375,False,Rubus sprengelii
KW_T_423_23_0053L,23,Rubus suberectus,Rubus nessensis,Rubus,nessensis,Flowering plants,Orchidaceae,Koraalwortel,https://galerij.kb.nl/kb.html#/nl/florabatava22/page/60/zoom/3/lat/-69.13127122963648/lng/-27.333984375,False,Rubus nessensis
KW_T_423_23_0055L,23,Rubus vestitus,Rubus cf. vestitus,Rubus,cf. vestitus,Flowering plants,Asparagaceae,Kuifhyacint,https://galerij.kb.nl/kb.html#/nl/florabatava22/page/61/zoom/3/lat/-69.13127122963648/lng/-27.333984375,False,Rubus cf. vestitus
KW_T_423_23_0058L,23,Rubus saltuum,Rubus saltuum,Rubus,saltuum,Fungi,Russulaceae,Kokosmelkzwam,https://galerij.kb.nl/kb.html#/nl/florabatava22/page/62/zoom/3/lat/-69.13127122963648/lng/-27.333984375,False,Rubus saltuum
KW_T_423_23_0060L,23,Rubus villicaulis,Rubus gratus,Rubus,gratus,Flowering plants,Euphorbiaceae,Amandelwolfsmelk,https://galerij.kb.nl/kb.html#/nl/florabatava22/page/63/zoom/3/lat/-69.13127122963648/lng/-27.333984375,False,Rubus gratus
KW_T_423_23_0062L,23,Rubus nemorosus,Rubus cf. schipperi,Rubus,cf. schipperi,Flowering plants,Boraginaceae,,https://galerij.kb.nl/kb.html#/nl/florabatava22/page/66/zoom/3/lat/-69.13127122963648/lng/-27.333984375,False,Rubus cf. schipperi
KW_T_423_23_0064L,23,Barkhausia setosa,Crepis setosa,Crepis,setosa,Fungi,Russulaceae,Zwavelmelkzwam,https://galerij.kb.nl/kb.html#/nl/florabatava22/page/67/zoom/3/lat/-69.13127122963648/lng/-27.333984375,False,Crepis setosa
KW_T_423_23_0066L,23,Gypsophila muralis,Gypsophila muralis,Gypsophila,muralis,Flowering plants,Boraginaceae,Phacelia,https://galerij.kb.nl/kb.html#/nl/florabatava22/page/68/zoom/3/lat/-69.13127122963648/lng/-27.333984375,False,Gypsophila muralis
KW_T_423_23_0068L,23,Morchella rimosipes,Mitrophora semilibera,Mitrophora,semilibera,Flowering plants,Orchidaceae,Wit bosvogeltje,https://galerij.kb.nl/kb.html#/nl/florabatava22/page/69/zoom/3/lat/-69.13127122963648/lng/-27.333984375,False,Mitrophora semilibera
KW_T_423_23_0070L,23,Pulmonaria longifolia,Pulmonaria longifolia,Pulmonaria,longifolia,Flowering plants,Boraginaceae,Kleinbloemige amsinckia,https://galerij.kb.nl/kb.html#/nl/florabatava22/page/70/zoom/3/lat/-69.13127122963648/lng/-27.333984375,False,Pulmonaria longifolia
KW_T_423_23_0072L,23,Salix daphnoïdes,Salix daphnoides,Salix,daphnoides,Fungi,Trichiaceae,Draadwatje  spec.,https://galerij.kb.nl/kb.html#/nl/florabatava22/page/71/zoom/3/lat/-67.03316279015063/lng/-33.662109375,False,Salix daphnoides
KW_T_423_23_0075L,23,Salix acutifolia,Salix acutifolia,Salix,acutifolia,Fungi,Helvellaceae,Schotelkluifzwam,https://galerij.kb.nl/kb.html#/nl/florabatava22/page/72/zoom/3/lat/-69.13127122963648/lng/-27.333984375,False,Salix acutifolia
KW_T_423_23_0078L,23,Trifolium agrarium,Trifolium aureum,Trifolium,aureum,Flowering plants,Rubiaceae,Moeraswaltro,https://galerij.kb.nl/kb.html#/nl/florabatava22/page/73/zoom/3/lat/-67.03316279015063/lng/-33.662109375,False,Trifolium aureum
KW_T_423_23_0080L,23,Paxillus griseo-tomentosus,Gomphidius glutinosus,Gomphidius,glutinosus,Ferns,Isoetaceae,Grote biesvaren,https://galerij.kb.nl/kb.html#/nl/florabatava22/page/75/zoom/3/lat/-72.4222680395226/lng/-3.6035156249999996,False,Gomphidius glutinosus
KW_T_423_23_0082L,23,Taphrina rhizophora,Taphrina rhizophora,Taphrina,rhizophora,Flowering plants,Asteraceae,Gevlamde fijnstraal,https://galerij.kb.nl/kb.html#/nl/florabatava22/page/76/zoom/3/lat/-69.13127122963648/lng/-27.333984375,False,Taphrina rhizophora
KW_T_423_23_0084L,23,Specularia hybrida,Legousia hybrida,Legousia,hybrida,Fungi,Entolomataceae,Satijnzwam spec.,https://galerij.kb.nl/kb.html#/nl/florabatava22/page/77/zoom/3/lat/-69.13127122963648/lng/-27.333984375,False,Legousia hybrida
KW_T_423_23_0086L,23,Cornus suecica,Cornus suecica,Cornus,suecica,Fungi,Tricholomataceae,Druppelvlekridderzwam,https://galerij.kb.nl/kb.html#/nl/florabatava22/page/78/zoom/3/lat/-69.13127122963648/lng/-27.333984375,False,Cornus suecica
KW_T_423_23_0088L,23,Amanita junquillea,Amanita gemmata,Amanita,gemmata,Flowering plants,Rosaceae,Arrhenius Braam,https://galerij.kb.nl/kb.html#/nl/florabatava22/page/79/zoom/3/lat/-69.13127122963648/lng/-27.333984375,False,Amanita gemmata
KW_T_423_23_0090L,23,Craterellus cornucopioides -,Craterellus cornucopioides,Craterellus,cornucopioides,Flowering plants,Poaceae,Eekhoorngras,https://galerij.kb.nl/kb.html#/nl/florabatava22/page/80/zoom/3/lat/-67.03316279015063/lng/-33.662109375,False,Craterellus cornucopioides
KW_T_423_23_0092L,23,Taphrina johansonii,Taphrina johansonii,Taphrina,johansonii,Flowering plants,Brassicaceae,Huttentut,https://galerij.kb.nl/kb.html#/nl/florabatava22/page/81/zoom/3/lat/-69.13127122963648/lng/-27.333984375,False,Taphrina johansonii
KW_T_423_23_0094L,23,Plantago cynops,Plantago arenaria,Plantago,arenaria,Fungi,Pluteaceae,Oranjerode hertenzwam,https://galerij.kb.nl/kb.html#/nl/florabatava22/page/83/zoom/3/lat/-69.13127122963648/lng/-27.333984375,False,Plantago arenaria
KW_T_423_23_0096L,23,Scirpus duvalii,Schoenoplectus tabernaemontani x triqueter,Schoenoplectus,tabernaemontani x triqueter,Flowering plants,Apiaceae,Lavas,https://galerij.kb.nl/kb.html#/nl/florabatava22/page/84/zoom/3/lat/-69.13127122963648/lng/-27.333984375,False,Schoenoplectus tabernaemontani x triqueter
KW_T_423_23_0098L,23,Cortinarius pholideus,Cortinarius pholideus,Cortinarius,pholideus,Flowering plants,Asteraceae,,https://galerij.kb.nl/kb.html#/nl/florabatava22/page/85/zoom/3/lat/-69.13127122963648/lng/-27.333984375,False,Cortinarius pholideus
KW_T_423_23_0100L,23,Clitocybe connata,Clitocybe connata,Clitocybe,connata,Ferns,Lycopodiaceae,Stekende wolfsklauw,https://galerij.kb.nl/kb.html#/nl/florabatava22/page/86/zoom/3/lat/-69.13127122963648/lng/-27.333984375,False,Clitocybe connata
KW_T_423_23_0102L,23,Cirsium arvense var. setosum,Cirsium arvense (afwijkende vorm),Cirsium,arvense (afwijkende vorm),Fungi,Psathyrellaceae,Duinfranjehoed,https://galerij.kb.nl/kb.html#/nl/florabatava22/page/87/zoom/3/lat/-69.13127122963648/lng/-27.333984375,False,Cirsium arvense (afwijkende vorm)
KW_T_423_23_0104L,23,Rumex salicifolius,Rumex triangulivalvis,Rumex,triangulivalvis,Fungi,Indetermined,Plaatjeszwam spec.,https://galerij.kb.nl/kb.html#/nl/florabatava22/page/88/zoom/3/lat/-67.23806155909902/lng/-58.97460937499999,False,Rumex triangulivalvis
KW_T_423_23_0106L,23,Medicago falcata var. tenuifoliolata ,Medicago falcata,Medicago,falcata,Flowering plants,Asteraceae,,https://galerij.kb.nl/kb.html#/nl/florabatava22/page/89/zoom/3/lat/-69.13127122963648/lng/-27.333984375,False,Medicago falcata
KW_T_423_23_0108L,23,Clitocybe metachroa,Cantharellula umbonata,Cantharellula,umbonata,Flowering plants,Apiaceae,Straalscherm,https://galerij.kb.nl/kb.html#/nl/florabatava22/page/90/zoom/3/lat/-69.13127122963648/lng/-27.333984375,False,Cantharellula umbonata
KW_T_423_23_0110L,23,Boletopsis cavipes,Suillus cavipes,Suillus,cavipes,Ferns,Isoetaceae,Kleine biesvaren,https://galerij.kb.nl/kb.html#/nl/florabatava22/page/91/zoom/3/lat/-69.13127122963648/lng/-27.333984375,False,Suillus cavipes
KW_T_423_23_0112L,23,Salix purpurea x repens (x Salix doniana)-,Salix purpurea x repens,Salix,purpurea x repens,Ferns,Isoetaceae,Biesvaren spec.,https://galerij.kb.nl/kb.html#/nl/florabatava22/page/92/zoom/3/lat/-69.13127122963648/lng/-27.333984375,False,Salix purpurea x repens
KW_T_423_23_0114L,23,Salix purpurea x repens (x Salix doniana)-,Salix purpurea x repens,Salix,purpurea x repens,Flowering plants,Orchidaceae,Aangebrande orchis,https://galerij.kb.nl/kb.html#/nl/florabatava23/page/8/zoom/3/lat/-67.16995497083366/lng/-27.509765625,False,Salix purpurea x repens
KW_T_423_23_0116L,23,Alopecurus fulvus,Alopecurus aequalis,Alopecurus,aequalis,Flowering plants,Poaceae,Rappige Dravik,https://galerij.kb.nl/kb.html#/nl/florabatava23/page/9/zoom/3/lat/-67.16995497083366/lng/-27.509765625,False,Alopecurus aequalis
KW_T_423_23_0118L,23,Polystictus radiatus,Mensularia radiata,Mensularia,radiata,Flowering plants,Saxifragaceae,Franjekelk,https://galerij.kb.nl/kb.html#/nl/florabatava23/page/10/zoom/3/lat/-67.16995497083366/lng/-27.509765625,False,Mensularia radiata
KW_T_423_23_0120L,23,Tricholoma personatum,Lepista nuda,Lepista,nuda,Flowering plants,Rubiaceae,Zeegroen walstro,https://galerij.kb.nl/kb.html#/nl/florabatava23/page/12/zoom/3/lat/-67.16995497083366/lng/-27.509765625,False,Lepista nuda
KW_T_423_23_0122L,23,Vicia lutea,Vicia lutea,Vicia,lutea,Fungi,Xylariaceae,Houtknotszwam,https://galerij.kb.nl/kb.html#/nl/florabatava23/page/13/zoom/3/lat/-63.97596090918336/lng/-32.255859375,False,Vicia lutea
KW_T_423_23_0124L,23,Vicia varia,Vicia villosa,Vicia,villosa,Flowering plants,Rosaceae,Sierlijke woudbraam,https://galerij.kb.nl/kb.html#/nl/florabatava23/page/14/zoom/3/lat/-67.16995497083366/lng/-27.509765625,False,Vicia villosa
KW_T_423_23_0126L,23,Lathyrus hirsutus,Lathyrus hirsutus,Lathyrus,hirsutus,Flowering plants,Orchidaceae,Aapjesorchis,https://galerij.kb.nl/kb.html#/nl/florabatava23/page/15/zoom/3/lat/-67.16995497083366/lng/-27.509765625,False,Lathyrus hirsutus
KW_T_423_23_0128L,23,Cantharellus tubaeformis,Cantharellus tubaeformis,Cantharellus,tubaeformis,Flowering plants,Ericaceae,Eenbloemig wintergroen,https://galerij.kb.nl/kb.html#/nl/florabatava23/page/16/zoom/3/lat/-67.16995497083366/lng/-27.509765625,False,Cantharellus tubaeformis
KW_T_423_23_0130L,23,Hydnum imbricatum,Sarcodon squamosus,Sarcodon,squamosus,Flowering plants,Viscaceae,Maretak,https://galerij.kb.nl/kb.html#/nl/florabatava23/page/19/zoom/2/lat/-73.2773532019247/lng/-39.7265625,False,Sarcodon squamosus
KW_T_423_23_0132L,23,Chenopodium glaucum,Oxybasis glauca,Oxybasis,glauca,Flowering plants,Poaceae,,https://galerij.kb.nl/kb.html#/nl/florabatava23/page/20/zoom/3/lat/-67.16995497083366/lng/-27.509765625,False,Oxybasis glauca
KW_T_423_23_0134L,23,Rubus silvaticus var. aphyllostachys,Rubus umbrosus,Rubus,umbrosus,Algae,Ulvophyceae,(Groenwier),https://galerij.kb.nl/kb.html#/nl/florabatava23/page/21/zoom/3/lat/-67.16995497083366/lng/-27.509765625,False,Rubus umbrosus
KW_T_423_23_0136R,23,Rubus geniculatus,Rubus geniculatus,Rubus,geniculatus,Algae,Ulvophyceae,(Groenwier),https://galerij.kb.nl/kb.html#/nl/florabatava23/page/21/zoom/3/lat/-67.16995497083366/lng/-27.509765625,False,Rubus geniculatus
KW_T_423_23_0139L,23,Boletus chrysenteron,Xerocomellus chrysenteron s.l. ,Xerocomellus,chrysenteron s.l.,Fungi,Cortinariaceae,Gordijnzwam spec.,https://galerij.kb.nl/kb.html#/nl/florabatava23/page/23/zoom/3/lat/-67.2040323434008/lng/-27.509765625,False,Xerocomellus chrysenteron s.l. 
KW_T_423_23_0141L,23,Myxacium collinitum,Cortinarius collinitus,Cortinarius,collinitus,Flowering plants,Amaranthaceae,,https://galerij.kb.nl/kb.html#/nl/florabatava23/page/24/zoom/3/lat/-67.16995497083366/lng/-27.509765625,False,Cortinarius collinitus
KW_T_423_23_0143L,23,Polypogon monspeliensis,Polypogon monspeliensis,Polypogon,monspeliensis,Flowering plants,Amaranthaceae,Witte amarant,https://galerij.kb.nl/kb.html#/nl/florabatava23/page/25/zoom/3/lat/-67.16995497083366/lng/-27.509765625,False,Polypogon monspeliensis
KW_T_423_23_0145L,23,Rubus macrophyllus,Rubus macrophyllus,Rubus,macrophyllus,Flowering plants,Poaceae,,https://galerij.kb.nl/kb.html#/nl/florabatava23/page/26/zoom/3/lat/-67.16995497083366/lng/-27.509765625,False,Rubus macrophyllus
KW_T_423_23_0147R,23,Rubus candicans (R. thyrsoideus)- Witviltige Braam,Rubus goniophorus,Rubus,goniophorus,Flowering plants,Amaranthaceae,Welriekende ganzenvoet,https://galerij.kb.nl/kb.html#/nl/florabatava23/page/27/zoom/3/lat/-67.16995497083366/lng/-27.509765625,False,Rubus goniophorus
KW_T_423_23_0151L,23,Rubus ulmifolius x R. caesius,Rubus x umbelliformis,Rubus,x umbelliformis,Flowering plants,Ranunculaceae,Kleine ruit,https://galerij.kb.nl/kb.html#/nl/florabatava23/page/28/zoom/3/lat/-67.33986082559095/lng/-55.458984375,False,Rubus x umbelliformis
KW_T_423_23_0153L,23,Hydnum compactum,Hydnellum caeruleum,Hydnellum,caeruleum,Flowering plants,Rosaceae,Geplooide stokbraam (Gewone braam),https://galerij.kb.nl/kb.html#/nl/florabatava23/page/29/zoom/3/lat/-67.16995497083366/lng/-27.509765625,False,Hydnellum caeruleum
KW_T_423_23_0155R,23,Melilotus ruthenicus,Melilotus wolgicus,Melilotus,wolgicus,Flowering plants,Rosaceae,Rode grondbraam,https://galerij.kb.nl/kb.html#/nl/florabatava23/page/30/zoom/3/lat/-67.16995497083366/lng/-27.509765625,False,Melilotus wolgicus
KW_T_423_23_0157L,23,Rubus affinis,Rubus affinis,Rubus,affinis,Flowering plants,Rosaceae,Vroege roggebraam,https://galerij.kb.nl/kb.html#/nl/florabatava23/page/31/zoom/3/lat/-67.16995497083366/lng/-27.509765625,False,Rubus affinis
KW_T_423_23_0160L,23,Rubus gratus,Rubus gratus,Rubus,gratus,Flowering plants,Rosaceae,Slanghumusbraam,https://galerij.kb.nl/kb.html#/nl/florabatava23/page/34/zoom/3/lat/-67.16995497083366/lng/-27.509765625,False,Rubus gratus
KW_T_423_23_0162L,23,Peziza badia,Peziza spec.,Peziza,spec.,Flowering plants,Rosaceae,Zoete haarbraam,https://galerij.kb.nl/kb.html#/nl/florabatava23/page/35/zoom/3/lat/-67.16995497083366/lng/-27.509765625,False,Peziza spec.
KW_T_423_23_0164R,23,Inocybe caesariata,Inocybe spec.,Inocybe,spec.,Flowering plants,Asteraceae,Borstelstreepzaad,https://galerij.kb.nl/kb.html#/nl/florabatava23/page/37/zoom/3/lat/-67.16995497083366/lng/-27.509765625,False,Inocybe spec.
KW_T_423_24_0009L,24,Silene cretica,Silene spec.,Silene,spec.,Flowering plants,Caryophyllaceae,Gipskruid,https://galerij.kb.nl/kb.html#/nl/florabatava23/page/38/zoom/3/lat/-67.16995497083366/lng/-27.509765625,False,Silene spec.
KW_T_423_24_0011L,24,Phalaris angusta,Phalaris angusta,Phalaris,angusta,Fungi,Morchellaceae,Kapjesmorielje,https://galerij.kb.nl/kb.html#/nl/florabatava23/page/39/zoom/3/lat/-63.97596090918336/lng/-32.255859375,False,Phalaris angusta
KW_T_423_24_0014L,24,Alopecurus geniculatus glomeratus,Alopecurus geniculatus (afwijkende vorm),Alopecurus,geniculatus (afwijkende vorm),Flowering plants,Boraginaceae,Langbladig longkruid,https://galerij.kb.nl/kb.html#/nl/florabatava23/page/40/zoom/3/lat/-67.16995497083366/lng/-27.509765625,False,Alopecurus geniculatus (afwijkende vorm)
KW_T_423_24_0016L,24,Beckmannia erucaeformis,Moorochloa eruciformis,Moorochloa,eruciformis,Flowering plants,Salicaceae,Berijpte wilg,https://galerij.kb.nl/kb.html#/nl/florabatava23/page/41/zoom/3/lat/-67.16995497083366/lng/-27.509765625,False,Moorochloa eruciformis
KW_T_423_24_0018L,24,Inocybe frumentacea,Inocybe adequata,Inocybe,adequata,Flowering plants,Salicaceae,Kaspische zandwilg,https://galerij.kb.nl/kb.html#/nl/florabatava23/page/43/zoom/3/lat/-67.16995497083366/lng/-27.509765625,False,Inocybe adequata
KW_T_423_24_0020L,24,Rubus hystrix,Rubus rubrumcadaver,Rubus,rubrumcadaver,Flowering plants,Fabaceae,Akkerklaver,https://galerij.kb.nl/kb.html#/nl/florabatava23/page/44/zoom/3/lat/-67.16995497083366/lng/-27.509765625,False,Rubus rubrumcadaver
KW_T_423_24_0022L,24,Potentilla norvegica,Potentilla norvegica,Potentilla,norvegica,Fungi,Gomphidiaceae,Slijmige spijkerzwam,https://galerij.kb.nl/kb.html#/nl/florabatava23/page/45/zoom/3/lat/-50.12057809796008/lng/-5.888671875,False,Potentilla norvegica
KW_T_423_24_0024L,24,Centaurea melitensis,Centaurea melitensis,Centaurea,melitensis,Fungi,Taphrinaceae,[nog geen NL naam],https://galerij.kb.nl/kb.html#/nl/florabatava23/page/46/zoom/3/lat/-67.16995497083366/lng/-27.509765625,False,Centaurea melitensis
KW_T_423_24_0026L,24,Hypholoma sublateritium,Hypholoma lateritium,Hypholoma,lateritium,Flowering plants,Campanulaceae,Klein spiegelklokje,https://galerij.kb.nl/kb.html#/nl/florabatava23/page/47/zoom/3/lat/-67.16995497083366/lng/-27.509765625,False,Hypholoma lateritium
KW_T_423_24_0028L,24,Hypholoma sublateritium f. decurrens,Hypholoma spec.,Hypholoma,spec.,Flowering plants,Cornaceae,Zweedse kornoelje,https://galerij.kb.nl/kb.html#/nl/florabatava23/page/48/zoom/3/lat/-67.16995497083366/lng/-27.509765625,False,Hypholoma spec.
KW_T_423_24_0030L,24,Orobanche hederae,Orobanche hederae,Orobanche,hederae,Fungi,Amanitaceae,Narcisamaniet,https://galerij.kb.nl/kb.html#/nl/florabatava23/page/49/zoom/3/lat/-67.16995497083366/lng/-27.509765625,False,Orobanche hederae
KW_T_423_24_0032L,24,Malcolmia maritima,Malcolmia flexuosa,Malcolmia,flexuosa,Fungi,Hydnaceae,Hoorn-van-overvloed,https://galerij.kb.nl/kb.html#/nl/florabatava23/page/50/zoom/3/lat/-67.16995497083366/lng/-27.509765625,False,Malcolmia flexuosa
KW_T_423_24_0034L,24,Potentilla supina,Potentilla supina,Potentilla,supina,Fungi,Taphrinaceae,Peppelvlag,https://galerij.kb.nl/kb.html#/nl/florabatava23/page/51/zoom/3/lat/-67.16995497083366/lng/-27.509765625,False,Potentilla supina
KW_T_423_24_0036L,24,Lactarius helvus,Lactarius helvus,Lactarius,helvus,Flowering plants,Plantaginaceae,Zandweegbree,https://galerij.kb.nl/kb.html#/nl/florabatava23/page/52/zoom/3/lat/-66.96447630005638/lng/-28.212890625,False,Lactarius helvus
KW_T_423_24_0038L,24,Rhizina inflata,Rhizina undulata,Rhizina,undulata,Fungi,Cortinariaceae,Bruinschubbige gordijnzwam,https://galerij.kb.nl/kb.html#/nl/florabatava23/page/54/zoom/3/lat/-61.22795717667785/lng/-41.923828125,False,Rhizina undulata
KW_T_423_24_0040L,24,Salix pentandra,Salix pentandra,Salix,pentandra,Fungi,Clitocybaceae,Witte bundelridderzwam,https://galerij.kb.nl/kb.html#/nl/florabatava23/page/55/zoom/3/lat/-67.16995497083366/lng/-27.509765625,False,Salix pentandra
KW_T_423_24_0041R,24,Salix pentandra,Salix pentandra,Salix,pentandra,Flowering plants,Polygonaceae,Wilgzuring,https://galerij.kb.nl/kb.html#/nl/florabatava23/page/57/zoom/3/lat/-67.16995497083366/lng/-27.509765625,False,Salix pentandra
KW_T_423_24_0043L,24,Ophrys apifera,Ophrys apifera,Ophrys,apifera,Flowering plants,Fabaceae,Sikkelklaver,https://galerij.kb.nl/kb.html#/nl/florabatava23/page/58/zoom/3/lat/-67.16995497083366/lng/-27.509765625,False,Ophrys apifera
KW_T_423_24_0045L,24,Erodium ciconium,Erodium ciconium,Erodium,ciconium,Fungi,Cantharellulaceae,Grijze vorkplaat,https://galerij.kb.nl/kb.html#/nl/florabatava23/page/59/zoom/3/lat/-67.16995497083366/lng/-27.509765625,False,Erodium ciconium
KW_T_423_24_0047L,24,Nyctalis parasitica,Asterophora parasitica,Asterophora,parasitica,Fungi,Suillaceae,Holsteelboleet,https://galerij.kb.nl/kb.html#/nl/florabatava23/page/60/zoom/3/lat/-67.16995497083366/lng/-27.509765625,False,Asterophora parasitica
KW_T_423_24_0048R,24,Nasturtium officinale f. microphyllum,Nasturtium microphyllum,Nasturtium,microphyllum,Flowering plants,Poaceae,Rosse vossenstaart,https://galerij.kb.nl/kb.html#/nl/florabatava23/page/63/zoom/3/lat/-67.16995497083366/lng/-27.509765625,False,Nasturtium microphyllum
KW_T_423_24_0051L,24,Nasturtium officinale f. microphyllum,Nasturtium microphyllum,Nasturtium,microphyllum,Fungi,Hymenochaetaceae,Elzenweerschijnzwam,https://galerij.kb.nl/kb.html#/nl/florabatava23/page/64/zoom/3/lat/-67.16995497083366/lng/-27.509765625,False,Nasturtium microphyllum
KW_T_423_24_0053L,24,Mycena arcangeliana,Mycena arcangeliana,Mycena,arcangeliana,Fungi,Clitocybaceae,Paarse schijnridderzwam,https://galerij.kb.nl/kb.html#/nl/florabatava23/page/65/zoom/3/lat/-61.22795717667785/lng/-41.923828125,False,Mycena arcangeliana
KW_T_423_24_0055L,24,Polyporus hispidus,Inonotus hispidus,Inonotus,hispidus,Flowering plants,Fabaceae,Gele wikke,https://galerij.kb.nl/kb.html#/nl/florabatava23/page/66/zoom/3/lat/-67.16995497083366/lng/-27.509765625,False,Inonotus hispidus
KW_T_423_24_0055R,24,Polyporus hispidus,Inonotus hispidus,Inonotus,hispidus,Flowering plants,Fabaceae,Bonte wikke,https://galerij.kb.nl/kb.html#/nl/florabatava23/page/67/zoom/3/lat/-61.22795717667785/lng/-41.923828125,False,Inonotus hispidus
KW_T_423_24_0058L,24,Rubus koehleri,Rubus neanias,Rubus,neanias,Flowering plants,Fabaceae,Ruige lathyrus,https://galerij.kb.nl/kb.html#/nl/florabatava23/page/68/zoom/3/lat/-67.16995497083366/lng/-27.509765625,False,Rubus neanias
KW_T_423_24_0060L,24,Rubus koehleri,Rubus speculans,Rubus,speculans,Fungi,Hydnaceae,Trechtercantharel,https://galerij.kb.nl/kb.html#/nl/florabatava23/page/69/zoom/3/lat/-61.22795717667785/lng/-41.923828125,False,Rubus speculans
KW_T_423_24_0062L,24,Avena pratensis var. glaucescens,Helictochloa pratensis,Helictochloa,pratensis,Fungi,Bankeraceae,Geschubde stekelzwam,https://galerij.kb.nl/kb.html#/nl/florabatava23/page/70/zoom/3/lat/-61.22795717667785/lng/-41.923828125,False,Helictochloa pratensis
KW_T_423_24_0064L,24,Trametes rubescens,Daedaleopsis confragosa,Daedaleopsis,confragosa,Flowering plants,Amaranthaceae,Zeegroene ganzenvoet,https://galerij.kb.nl/kb.html#/nl/florabatava23/page/71/zoom/3/lat/-67.16995497083366/lng/-27.509765625,False,Daedaleopsis confragosa
KW_T_423_24_0066L,24,Clitocybe rivulosa,Clitocybe houghtonii,Clitocybe,houghtonii,Flowering plants,Rosaceae,Pluimkambraam,https://galerij.kb.nl/kb.html#/nl/florabatava23/page/72/zoom/3/lat/-67.16995497083366/lng/-27.509765625,False,Clitocybe houghtonii
KW_T_423_24_0068L,24,Rubus rosaceus,Rubus glandithyrsos,Rubus,glandithyrsos,Flowering plants,Rosaceae,Knieviltbraam,https://galerij.kb.nl/kb.html#/nl/florabatava23/page/74/zoom/3/lat/-67.16995497083366/lng/-27.509765625,False,Rubus glandithyrsos
KW_T_423_24_0071L,24,Bromus squarrosus c. villosus,Bromus squarrosus,Bromus,squarrosus,Fungi,Cortinariaceae,Blauwgegordelde gordijnzwam,https://galerij.kb.nl/kb.html#/nl/florabatava23/page/76/zoom/3/lat/-67.16995497083366/lng/-27.509765625,False,Bromus squarrosus
KW_T_423_24_0073L,24,Medicago ciliaris,Medicago cf. murex,Medicago,cf. murex,Flowering plants,Poaceae,Baardgras,https://galerij.kb.nl/kb.html#/nl/florabatava23/page/77/zoom/3/lat/-67.16995497083366/lng/-27.509765625,False,Medicago cf. murex
KW_T_423_24_0075L,24,Sclerotinia tuberosa,Dumontinia tuberosa,Dumontinia,tuberosa,Flowering plants,Rosaceae,Bolle haarbraam,https://galerij.kb.nl/kb.html#/nl/florabatava23/page/78/zoom/3/lat/-67.16995497083366/lng/-27.509765625,False,Dumontinia tuberosa
KW_T_423_24_0077L,24,Collybia platyphylla,Megacollybia platyphylla,Megacollybia,platyphylla,Flowering plants,Rosaceae,Smalle viltbraam,https://galerij.kb.nl/kb.html#/nl/florabatava23/page/80/zoom/3/lat/-67.16995497083366/lng/-27.509765625,False,Megacollybia platyphylla
KW_T_423_24_0079L,24,Rubus fissus,Rubus scissus,Rubus,scissus,Fungi,Bankeraceae,Blauwgestreepte stekelzwam,https://galerij.kb.nl/kb.html#/nl/florabatava23/page/82/zoom/3/lat/-67.16995497083366/lng/-27.509765625,False,Rubus scissus
KW_T_423_24_0081L,24,Rubus rudis,Rubus rudis,Rubus,rudis,Flowering plants,Fabaceae,,https://galerij.kb.nl/kb.html#/nl/florabatava23/page/83/zoom/3/lat/-67.16995497083366/lng/-27.509765625,False,Rubus rudis
KW_T_423_24_0084L,24,Phlebia aurantiaca,Phlebia radiata,Phlebia,radiata,Flowering plants,Rosaceae,Gedraaide koepelbraam,https://galerij.kb.nl/kb.html#/nl/florabatava23/page/85/zoom/3/lat/-67.16995497083366/lng/-27.509765625,False,Phlebia radiata
KW_T_423_24_0086L,24,Hymenochaete rubiginosa,Hymenochaete rubiginosa,Hymenochaete,rubiginosa,Flowering plants,Rosaceae,Zoete haarbraam,https://galerij.kb.nl/kb.html#/nl/florabatava23/page/87/zoom/3/lat/-75.86664560539865/lng/-97.822265625,False,Hymenochaete rubiginosa
KW_T_423_24_0088L,24,Lentinus cochleatus,Lentinellus cochleatus,Lentinellus,cochleatus,Fungi,Pezizaceae,Bekerzwam spec.,https://galerij.kb.nl/kb.html#/nl/florabatava23/page/88/zoom/3/lat/-69.56522590149099/lng/-10.107421874999998,False,Lentinellus cochleatus
KW_T_423_24_0091L,24,Thlaspi praecox,Noccaea praecox,Noccaea,praecox,Fungi,Inocybaceae,Vezelkop spec.,https://galerij.kb.nl/kb.html#/nl/florabatava23/page/89/zoom/3/lat/-70.81581215931347/lng/-73.212890625,False,Noccaea praecox
KW_T_423_24_0093L,24,Crucianella angustifolia,Crucianella angustifolia,Crucianella,angustifolia,Flowering plants,Caryophyllaceae,,https://galerij.kb.nl/kb.html#/nl/florabatava24/page/7/zoom/3/lat/-65.6220226151064/lng/-26.103515625,False,Crucianella angustifolia
KW_T_423_24_0095L,24,Hypholoma lacrymabundum,Lacrymaria pyrotricha,Lacrymaria,pyrotricha,Flowering plants,Poaceae,,https://galerij.kb.nl/kb.html#/nl/florabatava24/page/8/zoom/3/lat/-65.6220226151064/lng/-26.103515625,False,Lacrymaria pyrotricha
KW_T_423_24_0097L,24,Tremellodon gelatinosum,Pseudohydnum gelatinosum,Pseudohydnum,gelatinosum,Flowering plants,Poaceae,,https://galerij.kb.nl/kb.html#/nl/florabatava24/page/11/zoom/3/lat/-65.6220226151064/lng/-26.103515625,False,Pseudohydnum gelatinosum
KW_T_423_24_0099L,24,Polyporus amorphus,Skeletocutis amorpha,Skeletocutis,amorpha,Fungi,Inocybaceae,Wijnrode vezelkop,https://galerij.kb.nl/kb.html#/nl/florabatava24/page/12/zoom/3/lat/-65.6220226151064/lng/-26.103515625,False,Skeletocutis amorpha
KW_T_423_24_0101L,24,Rubus caesius var. dunensis,Rubus caesius,Rubus,caesius,Flowering plants,Rosaceae,Vuurkambraam,https://galerij.kb.nl/kb.html#/nl/florabatava24/page/13/zoom/3/lat/-65.6220226151064/lng/-26.103515625,False,Rubus caesius
KW_T_423_24_0103L,24,Phleum subulatum,Phleum subulatum,Phleum,subulatum,Flowering plants,Rosaceae,Noorse ganzerik,https://galerij.kb.nl/kb.html#/nl/florabatava24/page/14/zoom/3/lat/-65.6220226151064/lng/-26.103515625,False,Phleum subulatum
KW_T_423_24_0105L,24,Melilotus infestus,Melilotus infestus,Melilotus,infestus,Flowering plants,Asteraceae,,https://galerij.kb.nl/kb.html#/nl/florabatava24/page/15/zoom/3/lat/-65.6220226151064/lng/-26.103515625,False,Melilotus infestus
KW_T_423_24_0107L,24,Merulius tremellosus,Phlebia tremellosa,Phlebia,tremellosa,Fungi,Strophariaceae,Rode zwavelkop,https://galerij.kb.nl/kb.html#/nl/florabatava24/page/16/zoom/3/lat/-65.6220226151064/lng/-26.103515625,False,Phlebia tremellosa
KW_T_423_24_0109L,24,Hydnum velutinum,Hydnellum spec.,Hydnellum,spec.,Fungi,Strophariaceae,Zwavelkop spec.,https://galerij.kb.nl/kb.html#/nl/florabatava24/page/17/zoom/3/lat/-65.6220226151064/lng/-26.103515625,False,Hydnellum spec.
KW_T_423_24_0111L,24,Rubus divergens,Rubus schipperi,Rubus,schipperi,Flowering plants,Orobanchaceae,Klimopbremraap,https://galerij.kb.nl/kb.html#/nl/florabatava24/page/18/zoom/3/lat/-65.6220226151064/lng/-26.103515625,False,Rubus schipperi
KW_T_423_24_0113L,24,Bupleurum gerardi,Bupleurum gerardii,Bupleurum,gerardii,Flowering plants,Brassicaceae,Zeeviolier,https://galerij.kb.nl/kb.html#/nl/florabatava24/page/19/zoom/3/lat/-65.6220226151064/lng/-26.103515625,False,Bupleurum gerardii
KW_T_423_24_0115L,24,Russula pectinata,Russula amoenolens,Russula,amoenolens,Flowering plants,Rosaceae,Liggende ganzerik,https://galerij.kb.nl/kb.html#/nl/florabatava24/page/20/zoom/3/lat/-65.6220226151064/lng/-26.103515625,False,Russula amoenolens
KW_T_423_24_0117L,24,Daedalea unicolor,Cerrena unicolor,Cerrena,unicolor,Fungi,Russulaceae,Viltige maggizwam,https://galerij.kb.nl/kb.html#/nl/florabatava24/page/21/zoom/3/lat/-65.6220226151064/lng/-26.103515625,False,Cerrena unicolor
KW_T_423_24_0119L,24,Polyporus rufescens,Abortiporus biennis,Abortiporus,biennis,Fungi,Rhizinaceae,Oliebolzwam,https://galerij.kb.nl/kb.html#/nl/florabatava24/page/22/zoom/3/lat/-65.6220226151064/lng/-26.103515625,False,Abortiporus biennis
KW_T_423_24_0121L,24,Rubus argentatus,Rubus ser. Clivicola,Rubus,ser. Clivicola,Flowering plants,Salicaceae,Laurierwilg,https://galerij.kb.nl/kb.html#/nl/florabatava24/page/23/zoom/3/lat/-65.6220226151064/lng/-26.103515625,False,Rubus ser. Clivicola
KW_T_423_24_0124L,24,Cuscuta gronovii,Cuscuta gronovii,Cuscuta,gronovii,Flowering plants,Salicaceae,Laurierwilg,https://galerij.kb.nl/kb.html#/nl/florabatava24/page/23/zoom/3/lat/-65.6220226151064/lng/-26.103515625,False,Cuscuta gronovii
KW_T_423_24_0126L,24,Mutinus caninus,Mutinus caninus s.l.,Mutinus,caninus s.l.,Flowering plants,Orchidaceae,Bijenorchis,https://galerij.kb.nl/kb.html#/nl/florabatava24/page/25/zoom/3/lat/-65.6220226151064/lng/-26.103515625,False,Mutinus caninus s.l.
KW_T_423_24_0128L,24,Flammula penetrans,Coniferspilus penetrans,Coniferspilus,penetrans,Flowering plants,Geraniaceae,,https://galerij.kb.nl/kb.html#/nl/florabatava24/page/26/zoom/3/lat/-65.6220226151064/lng/-26.103515625,False,Coniferspilus penetrans
KW_T_423_24_0130L,24,Ceratiomyxa mucida,Ceratiomyxa fruticulosa,Ceratiomyxa,fruticulosa,Fungi,Lyophyllaceae,Plaatjeszwamgast,https://galerij.kb.nl/kb.html#/nl/florabatava24/page/27/zoom/3/lat/-65.6220226151064/lng/-26.103515625,False,Ceratiomyxa fruticulosa
KW_T_423_24_0133L,24,Rubus diversifolius,Rubus x umbelliformis,Rubus,x umbelliformis,Flowering plants,Brassicaceae,Slanke waterkers,https://galerij.kb.nl/kb.html#/nl/florabatava24/page/28/zoom/3/lat/-62.79493487887006/lng/-23.818359375,False,Rubus x umbelliformis
KW_T_423_24_0135L,24,Carex vulpina x remota (Carex axillaris),Carex x pseudoaxillaris,Carex,x pseudoaxillaris,Flowering plants,Brassicaceae,Slanke waterkers,https://galerij.kb.nl/kb.html#/nl/florabatava24/page/29/zoom/3/lat/-62.79493487887006/lng/-23.818359375,False,Carex x pseudoaxillaris
KW_T_423_24_0138L,24,Vicia calcarata,Vicia monantha,Vicia,monantha,Fungi,Mycenaceae,Bundelmycena,https://galerij.kb.nl/kb.html#/nl/florabatava24/page/30/zoom/3/lat/-65.6220226151064/lng/-26.103515625,False,Vicia monantha
KW_T_423_24_0140L,24,Melilotus macrocarpus,Melilotus macrocarpus,Melilotus,macrocarpus,Fungi,Hymenochaetaceae,Ruige weerschijnzwam,https://galerij.kb.nl/kb.html#/nl/florabatava24/page/31/zoom/3/lat/-65.6220226151064/lng/-26.103515625,False,Melilotus macrocarpus
KW_T_423_24_0142L,24,Coprinus lagopus,Coprinopsis lagopus,Coprinopsis,lagopus,Fungi,Hymenochaetaceae,Ruige weerschijnzwam,https://galerij.kb.nl/kb.html#/nl/florabatava24/page/31/zoom/3/lat/-65.6220226151064/lng/-26.103515625,False,Coprinopsis lagopus
KW_T_423_24_0144L,24,Rumex maximus,Rumex hydrolapathum x aquaticus,Rumex,hydrolapathum x aquaticus,Flowering plants,Rosaceae,Bleke fluweelbraam,https://galerij.kb.nl/kb.html#/nl/florabatava24/page/32/zoom/3/lat/-65.6220226151064/lng/-26.103515625,False,Rumex hydrolapathum x aquaticus
KW_T_423_24_0146L,24,Briza minor,Briza minor,Briza,minor,Flowering plants,Rosaceae,Reestruweelbraam,https://galerij.kb.nl/kb.html#/nl/florabatava24/page/33/zoom/3/lat/-65.6220226151064/lng/-26.103515626,False,Briza minor
KW_T_423_24_0148L,24,Azolla filiculoides,Azolla filiculoides,Azolla,filiculoides,Flowering plants,Poaceae,Beemdhaver,https://galerij.kb.nl/kb.html#/nl/florabatava24/page/34/zoom/3/lat/-65.6220226151064/lng/-26.103515625,False,Azolla filiculoides
KW_T_423_24_0152L,24,Cordyceps ophioglossoides,Elaphocordyceps ophioglossoides,Elaphocordyceps,ophioglossoides,Fungi,Polyporaceae,Roodporiehoutzwam,https://galerij.kb.nl/kb.html#/nl/florabatava24/page/35/zoom/3/lat/-65.6220226151064/lng/-26.103515625,False,Elaphocordyceps ophioglossoides
KW_T_423_24_0154L,24,Stereum hirsutum,Stereum hirsutum,Stereum,hirsutum,Fungi,Clitocybaceae,Adonistrechterzwam,https://galerij.kb.nl/kb.html#/nl/florabatava24/page/36/zoom/3/lat/-65.6220226151064/lng/-26.103515625,False,Stereum hirsutum
KW_T_423_24_0156L,24,Reseda alba,Reseda alba,Reseda,alba,Flowering plants,Rosaceae,Rode contrastbraam,https://galerij.kb.nl/kb.html#/nl/florabatava24/page/37/zoom/3/lat/-65.6220226151064/lng/-26.103515625,False,Reseda alba
KW_T_423_24_0158L,24,Bromus arvensis var. velutinus,Bromus arvensis,Bromus,arvensis,Flowering plants,Poaceae,Rappige Dravik,https://galerij.kb.nl/kb.html#/nl/florabatava24/page/38/zoom/3/lat/-62.79493487887006/lng/-23.818359375,False,Bromus arvensis
KW_T_423_24_0160L,24,Rumex aquaticus,Rumex aquaticus,Rumex,aquaticus,Fungi,Sclerotiniaceae,Anemonenbekerzwam,https://galerij.kb.nl/kb.html#/nl/florabatava24/page/40/zoom/3/lat/-65.6220226151064/lng/-26.103515625,False,Rumex aquaticus
KW_T_423_24_0162L,24,Collybia tuberosa,Collybia tuberosa,Collybia,tuberosa,Fungi,Marasmiaceae,Breedplaatstreephoed,https://galerij.kb.nl/kb.html#/nl/florabatava24/page/41/zoom/3/lat/-65.6220226151064/lng/-26.103515625,False,Collybia tuberosa
KW_T_423_24_0164L,24,Tricholoma putidum,Lyophyllum spec. ,Lyophyllum,spec.,Flowering plants,Rosaceae,Naaldroggebraam,https://galerij.kb.nl/kb.html#/nl/florabatava24/page/42/zoom/3/lat/-65.6220226151064/lng/-26.103515625,False,Lyophyllum spec. 
KW_T_423_24_0166L,24,Reticularia lycoperdon,Reticularia lycoperdon,Reticularia,lycoperdon,Flowering plants,Rosaceae,Ruwe raspbraam,https://galerij.kb.nl/kb.html#/nl/florabatava24/page/43/zoom/3/lat/-65.6220226151064/lng/-26.103515625,False,Reticularia lycoperdon
KW_T_423_24_0169L,24,Iva xanthiifolia,Iva xanthifolia,Iva,xanthifolia,Fungi,Meruliaceae,Orane aderzwam,https://galerij.kb.nl/kb.html#/nl/florabatava24/page/44/zoom/3/lat/-65.6220226151064/lng/-26.103515625,False,Iva xanthifolia
KW_T_423_24_0171L,24,Crepis pulchra,Crepis pulchra,Crepis,pulchra,Fungi,Hymenochaetaceae,Roestkleurige borstelzwam,https://galerij.kb.nl/kb.html#/nl/florabatava24/page/45/zoom/3/lat/-65.6220226151064/lng/-26.103515625,False,Crepis pulchra
KW_T_423_24_0174L,24,Geaster bryantii,Geastrum striatum,Geastrum,striatum,Fungi,Auriscalpiaceae,Bruine anijszwam,https://galerij.kb.nl/kb.html#/nl/florabatava24/page/46/zoom/3/lat/-65.6220226151064/lng/-26.103515625,False,Geastrum striatum
KW_T_423_24_0176L,24,Ceriomyces alba,Postia ptychogaster anamorf,Postia,ptychogaster anamorf,Flowering plants,Brassicaceae,,https://galerij.kb.nl/kb.html#/nl/florabatava24/page/47/zoom/3/lat/-65.6220226151064/lng/-26.103515625,False,Postia ptychogaster anamorf
KW_T_423_25_0008L,25,Orobanche rubens,Orobanche lutea,Orobanche,lutea,Flowering plants,Rubiaceae,,https://galerij.kb.nl/kb.html#/nl/florabatava24/page/48/zoom/3/lat/-65.6220226151064/lng/-26.103515625,False,Orobanche lutea
KW_T_423_25_0010L,25,Calamagrostis pseudophragmites,Calamagrostis pseudophragmites ,Calamagrostis,pseudophragmites,Fungi,Psathyrellaceae,Vurige franjehoed,https://galerij.kb.nl/kb.html#/nl/florabatava24/page/49/zoom/3/lat/-65.6220226151064/lng/-26.103515625,False,Calamagrostis pseudophragmites 
KW_T_423_25_0012L,25,Badhamia utricularis,Badhamia utricularis,Badhamia,utricularis,Fungi,Exidiaceae,Stekeltrilzwam,https://galerij.kb.nl/kb.html#/nl/florabatava24/page/50/zoom/3/lat/-65.6220226151064/lng/-26.103515625,False,Badhamia utricularis
KW_T_423_25_0015L,25,Clavaria krombholzii (Clavaria grossa en Clavaria rugosa),Clavulina coralloides s.l.,Clavulina,coralloides s.l.,Fungi,Incrustoporiaceae,Witwollige dennenzwam,https://galerij.kb.nl/kb.html#/nl/florabatava24/page/51/zoom/3/lat/-65.6220226151064/lng/-26.103515625,False,Clavulina coralloides s.l.
KW_T_423_25_0018L,25,Nolanea icterina,Entoloma pleopodium,Entoloma,pleopodium,Flowering plants,Rosaceae,Dauwbraam,https://galerij.kb.nl/kb.html#/nl/florabatava24/page/52/zoom/3/lat/-62.79493487887006/lng/-23.818359375,False,Entoloma pleopodium
KW_T_423_25_0020L,25,Rumex domesticus,Rumex longifolius,Rumex,longifolius,Flowering plants,Poaceae,,https://galerij.kb.nl/kb.html#/nl/florabatava24/page/53/zoom/3/lat/-65.6220226151064/lng/-26.103515625,False,Rumex longifolius
KW_T_423_25_0022L,25,Artemisia campestris var. maritima (A. crithmifolia),Artemisia campestris subsp. maritima,Artemisia,campestris subsp. maritima,Flowering plants,Fabaceae,,https://galerij.kb.nl/kb.html#/nl/florabatava24/page/54/zoom/3/lat/-65.6220226151064/lng/-26.103515625,False,Artemisia campestris subsp. maritima
KW_T_423_25_0024L,25,Rubus serrulatus,Rubus spec?,Rubus,spec?,Fungi,Meruliaceae,Spekzwoerdzwam,https://galerij.kb.nl/kb.html#/nl/florabatava24/page/55/zoom/3/lat/-65.6220226151064/lng/-26.103515625,False,Rubus spec?
KW_T_423_25_0026L,25,Cortinarius bolarus,Cortinarius bolaris ,Cortinarius,bolaris,Fungi,Bankeraceae,Stekelzwam spec.,https://galerij.kb.nl/kb.html#/nl/florabatava24/page/56/zoom/3/lat/-65.6220226151064/lng/-26.103515625,False,Cortinarius bolaris 
KW_T_423_25_0028L,25,Bovista plumbea / Bovista nigrescens,Bovista plumbea / Bovista nigrescens,Bovista,plumbea / nigrescens,Flowering plants,Rosaceae / Apiaceae,Roze purperbraam,https://galerij.kb.nl/kb.html#/nl/florabatava24/page/57/zoom/3/lat/-65.6220226151064/lng/-26.103515625,True,Bovista plumbea / Bovista nigrescens
KW_T_423_25_0031L,25,Rubus gothicus,Rubus calvus,Rubus,calvus,Fungi,Russulaceae,Scherpe kamrussula,https://galerij.kb.nl/kb.html#/nl/florabatava24/page/59/zoom/3/lat/-65.6220226151064/lng/-26.103515625,False,Rubus calvus
KW_T_423_25_0033L,25,Schkuhria pinnata,Schkuhria pinnata,Schkuhria,pinnata,Fungi,Cerrenaceae,Doolhofelfenbankje,https://galerij.kb.nl/kb.html#/nl/florabatava24/page/60/zoom/3/lat/-65.6220226151064/lng/-26.103515625,False,Schkuhria pinnata
KW_T_423_25_0037L,25,Rumex pulcher,Rumex pulcher,Rumex,pulcher,Fungi,Meruliaceae,Toefige labyrintzwam,https://galerij.kb.nl/kb.html#/nl/florabatava24/page/61/zoom/3/lat/-62.79493487887006/lng/-23.818359375,False,Rumex pulcher
KW_T_423_25_0039L,25,Hygrophorus lucorum / Hygrophorus aureus,Hygrophorus lucorum / Hygrophorus spec.,Hygrophorus,lucorum / spec.,Flowering plants,Convolvulaceae / Strophariaceae,Oeverwarkruid / Dennenvlamhoed,https://galerij.kb.nl/kb.html#/nl/florabatava24/page/64/zoom/3/lat/-65.6220226151064/lng/-26.103515625,True,Hygrophorus lucorum / Hygrophorus spec.
KW_T_423_25_0042L,25,Pleurotus eryngii,Pleurotus eryngii,Pleurotus,eryngii,Fungi,Ceratiomyxaceae,Gewoon ijsvingertje,https://galerij.kb.nl/kb.html#/nl/florabatava24/page/67/zoom/3/lat/-65.6220226151064/lng/-26.103515625,False,Pleurotus eryngii
KW_T_423_25_0044L,25,Chaerophyllum bulbosum,Chaerophyllum bulbosum,Chaerophyllum,bulbosum,Flowering plants,Fabaceae,,https://galerij.kb.nl/kb.html#/nl/florabatava24/page/71/zoom/3/lat/-65.6220226151064/lng/-26.103515625,False,Chaerophyllum bulbosum
KW_T_423_25_0046L,25,Chenopodium quinoa,Chenopodium quinoa,Chenopodium,quinoa,Flowering plants,Fabaceae,,https://galerij.kb.nl/kb.html#/nl/florabatava24/page/72/zoom/3/lat/-65.6220226151064/lng/-26.103515625,False,Chenopodium quinoa
KW_T_423_25_0049L,25,Telephora clavularis / Craterellus sinuosus,Thelephora anthocephala / Pseudocraterellus undulatus,Thelephora / Pseudocraterellus,anthocephala / undulatus,Fungi,Psathyrellaceae / Poaceae,Hazenpootje / Klein trilgras,https://galerij.kb.nl/kb.html#/nl/florabatava24/page/73/zoom/3/lat/-65.6220226151064/lng/-26.103515625,True,Thelephora anthocephala / Pseudocraterellus undulatus
KW_T_423_25_0052L,25,Lactarius scrobiculatus,Lactarius resimus,Lactarius,resimus,Ferns,Salviniaceae,Grote kroosvaren,https://galerij.kb.nl/kb.html#/nl/florabatava24/page/76/zoom/3/lat/-65.6220226151064/lng/-26.103515625,False,Lactarius resimus
KW_T_423_25_0054L,25,Polyporus schweinitzii,Phaeolus schweinitzii,Phaeolus,schweinitzii,Fungi,Ophiocordycipitaceae,Zwarte truffelknotszwam,https://galerij.kb.nl/kb.html#/nl/florabatava24/page/78/zoom/3/lat/-65.6220226151064/lng/-26.103515625,False,Phaeolus schweinitzii
KW_T_423_25_0056L,25,Pinus larix,Larix decidua,Larix,decidua,Fungi,Stereaceae,Gele korstzwam,https://galerij.kb.nl/kb.html#/nl/florabatava24/page/79/zoom/3/lat/-65.6220226151064/lng/-26.103515625,False,Larix decidua
KW_T_423_25_0058L,25,Rubus chlorothyrsos,Rubus chlorothyrsos,Rubus,chlorothyrsos,Flowering plants,Resedaceae,Witte reseda,https://galerij.kb.nl/kb.html#/nl/florabatava24/page/80/zoom/3/lat/-65.6220226151064/lng/-26.103515625,False,Rubus chlorothyrsos
KW_T_423_25_0061L,25,Dasyscypha calycina (= Peziza willkommii),Lachnellula willkommii,Lachnellula,willkommii,Flowering plants,Poaceae,Akkerdravik,https://galerij.kb.nl/kb.html#/nl/florabatava24/page/81/zoom/3/lat/-63.19401843808783/lng/-25.927734374999996,False,Lachnellula willkommii
KW_T_423_25_0063L,25,Mycena galopoda,Mycena galopus,Mycena,galopus,Flowering plants,Polygonaceae,Paardenzuring,https://galerij.kb.nl/kb.html#/nl/florabatava24/page/82/zoom/3/lat/-65.6220226151064/lng/-26.103515625,False,Mycena galopus
KW_T_423_25_0065L,25,Arcyria punicea,Arcyria denudata,Arcyria,denudata,Fungi,Clitocybaceae,Purperknolcollybia,https://galerij.kb.nl/kb.html#/nl/florabatava24/page/83/zoom/3/lat/-65.6220226151064/lng/-26.103515625,False,Arcyria denudata
KW_T_423_25_0067L,25,Rumex orientalis,Rumex patientia subsp. orientalis,Rumex,patientia subsp. orientalis,Fungi,Lyophyllaceae,Grauwkop spec.,https://galerij.kb.nl/kb.html#/nl/florabatava24/page/84/zoom/3/lat/-65.6220226151064/lng/-26.103515625,False,Rumex patientia subsp. orientalis
KW_T_423_25_0069L,25,Cenchrus tribuloides,Cenchrus pauciflorus,Cenchrus,pauciflorus,Fungi,Reticulariaceae,Zilveren boomkussen,https://galerij.kb.nl/kb.html#/nl/florabatava24/page/85/zoom/3/lat/-65.6220226151064/lng/-26.103515625,False,Cenchrus pauciflorus
KW_T_423_25_0071L,25,Galera vestita / Pholiota blattaria,Pholiotina velata s.l. / Pholiotina blattaria,Pholiotina,velata s.l. / blattaria,Flowering plants,Asteraceae,Iva / Fraai streepzaad,https://galerij.kb.nl/kb.html#/nl/florabatava24/page/87/zoom/3/lat/-65.6220226151064/lng/-26.103515625,True,Pholiotina velata s.l. / Pholiotina blattaria
KW_T_423_25_0074L,25,Flammula gummosa,Pholiota conissans,Pholiota,conissans,Fungi,Geastraceae,Baretaardster,https://galerij.kb.nl/kb.html#/nl/florabatava24/page/89/zoom/3/lat/-65.6220226151064/lng/-26.103515625,False,Pholiota conissans
KW_T_423_25_0076L,25,Exidia glandulosa,Exidia plana ,Exidia,plana,Flowering plants,Orobanchaceae,Rode bremraap,https://galerij.kb.nl/kb.html#/nl/florabatava25/page/7/zoom/3/lat/-69.53451763078357/lng/-18.45703125,False,Exidia plana 
KW_T_423_25_0078L,25,Solanum sisymbriifolium,Solanum sisymbriifolium,Solanum,sisymbriifolium,Flowering plants,Poaceae,Rivierstruisriet,https://galerij.kb.nl/kb.html#/nl/florabatava25/page/8/zoom/3/lat/-69.53451763078357/lng/-18.45703125,False,Solanum sisymbriifolium
KW_T_423_25_0080L,25,Asphodelus tenuifolius,Asphodelus tenuifolius,Asphodelus,tenuifolius,Fungi,Physaraceae,Troskalknetje,https://galerij.kb.nl/kb.html#/nl/florabatava25/page/10/zoom/3/lat/-69.53451763078357/lng/-18.544921875,False,Asphodelus tenuifolius
KW_T_423_25_0083L,25,Irpex lacteus,Gloeoporus dichrous,Gloeoporus,dichrous,Fungi,Entolomataceae,Citroengele satijnzwam,https://galerij.kb.nl/kb.html#/nl/florabatava25/page/13/zoom/3/lat/-69.53451763078357/lng/-18.45703125,False,Gloeoporus dichrous
KW_T_423_25_0085L,25,Gautieria graveolens,Gautieria graveolens,Gautieria,graveolens,Flowering plants,Polygonaceae,Noordse zuring,https://galerij.kb.nl/kb.html#/nl/florabatava25/page/14/zoom/3/lat/-69.53451763078357/lng/-18.45703125,False,Gautieria graveolens
KW_T_423_25_0087L,25,Hydnum aurantiacum,Hydnellum aurantiacum,Hydnellum,aurantiacum,Flowering plants,Rosaceae,Braam spec.,https://galerij.kb.nl/kb.html#/nl/florabatava25/page/16/zoom/3/lat/-69.53451763078357/lng/-18.45703125,False,Hydnellum aurantiacum
KW_T_423_25_0089L,25,Rubus macrostemon,Rubus winteri,Rubus,winteri,Fungi,Cortinariaceae,Roodschubbige gordijnzwam,https://galerij.kb.nl/kb.html#/nl/florabatava25/page/17/zoom/3/lat/-69.53451763078357/lng/-18.45703125,False,Rubus winteri
KW_T_423_25_0092L,25,Bidens connata,Bidens connata,Bidens,connata,Fungi,Lycoperdaceae,Loodgrijze bovist,https://galerij.kb.nl/kb.html#/nl/florabatava25/page/18/zoom/3/lat/-69.53451763078357/lng/-18.45703125,False,Bidens connata
KW_T_423_25_0094L,25,Clavaria contorta / Clavaria fistulosa,Macrotyphula fistulosa var. contorta / Macrotyphula fistulosa var. fistulosa,Macrotyphula,fistulosa var. contorta / fistulosa var. fistulosa,Fungi,Lycoperdaceae / Rosaceae,Zwartwordende bovist / Kale randbraam,https://galerij.kb.nl/kb.html#/nl/florabatava25/page/19/zoom/3/lat/-69.53451763078357/lng/-18.544921875,True,Macrotyphula fistulosa var. contorta / Macrotyphula fistulosa var. fistulosa
KW_T_423_25_0097L,25,Gyromytra infula / Gyromitra esculenta,Gyromitra infula / Gyromitra esculenta,Gyromitra,infula / esculenta,Flowering plants,Asteraceae / Polygonaceae,Fraaie zuring,https://galerij.kb.nl/kb.html#/nl/florabatava25/page/22/zoom/3/lat/-69.53451763078357/lng/-18.544921875,True,Gyromitra infula / Gyromitra esculenta
KW_T_423_25_0100L,25,Russula adusta,Russula densifolia,Russula,densifolia,Fungi,Hygrophoraceae,Lorkenslijmkop,https://galerij.kb.nl/kb.html#/nl/florabatava25/page/24/zoom/3/lat/-69.53451763078357/lng/-18.45703125,False,Russula densifolia
KW_T_423_25_0102L,25,Rubus apricus,Rubus spec.,Rubus,spec.,Fungi,Hygrophoraceae,Slijmkop spec.,https://galerij.kb.nl/kb.html#/nl/florabatava25/page/24/zoom/3/lat/-69.53451763078357/lng/-18.45703125,False,Rubus spec.
KW_T_423_25_0104L,25,Thlaspi perfoliatum,Noccaea perfoliata,Noccaea,perfoliata,Fungi,Pleurotaceae,Kruisdisteloesterzwam,https://galerij.kb.nl/kb.html#/nl/florabatava25/page/26/zoom/3/lat/-69.53451763078357/lng/-18.45703125,False,Noccaea perfoliata
KW_T_423_25_0106L,25,Boletus flavus,Suillus grevillei,Suillus,grevillei,Flowering plants,Apiaceae,Knolribzaad,https://galerij.kb.nl/kb.html#/nl/florabatava25/page/27/zoom/3/lat/-69.53451763078357/lng/-18.45703125,False,Suillus grevillei
KW_T_423_25_0108L,25,Cordiceps capitata / Typhula phacorrhiza,Elaphocordyceps capitata s.l. / Typhula phacorrhiza,Elaphocordyceps / Typhula,capitata s.l. / phacorrhiza,Flowering plants,Amaranthaceae / Thelephoraceae,Quinoa / Gespleten franjezwam,https://galerij.kb.nl/kb.html#/nl/florabatava25/page/29/zoom/3/lat/-69.53451763078357/lng/-18.544921875,True,Elaphocordyceps capitata s.l. / Typhula phacorrhiza
KW_T_423_25_0111L,25,Silene stricta,Silene stricta,Silene,stricta,Fungi,Cantharellaceae,Kleine trompetzwam,https://galerij.kb.nl/kb.html#/nl/florabatava25/page/30/zoom/3/lat/-69.53451763078357/lng/-18.45703125,False,Silene stricta
KW_T_423_25_0113L,25,Flammula flavida,Flammula alnicola,Flammula,alnicola,Fungi,Russulaceae,Gwimperde melkzwam,https://galerij.kb.nl/kb.html#/nl/florabatava25/page/32/zoom/3/lat/-69.53451763078357/lng/-18.45703125,False,Flammula alnicola
KW_T_423_25_0115L,25,Oenanthe pimpinelloides,Oenanthe pimpinelloides,Oenanthe,pimpinelloides,Fungi,Phaeolaceae,Dennenvoetzwam,https://galerij.kb.nl/kb.html#/nl/florabatava25/page/33/zoom/3/lat/-69.53451763078357/lng/-18.45703125,False,Oenanthe pimpinelloides
KW_T_423_25_0117L,25,Pholiota radicosa,Hebeloma radicosum,Hebeloma,radicosum,Conifers,Pinaceae,Europese lork,https://galerij.kb.nl/kb.html#/nl/florabatava25/page/34/zoom/3/lat/-69.53451763078357/lng/-18.45703125,False,Hebeloma radicosum
KW_T_423_25_0119L,25,Claudopus variabilis,Crepidotus variabilis s.l.,Crepidotus,variabilis s.l.,Flowering plants,Rosaceae,Kale pluimbraam,https://galerij.kb.nl/kb.html#/nl/florabatava25/page/35/zoom/3/lat/-69.53451763078357/lng/-18.45703125,False,Crepidotus variabilis s.l.
KW_T_423_25_0121L,25,Rubus caesius forma glandulosus,Rubus caesius,Rubus,caesius,Fungi,Lachnaceae,Larixkankerviltkelkje,https://galerij.kb.nl/kb.html#/nl/florabatava25/page/36/zoom/3/lat/-69.53451763078357/lng/-18.45703125,False,Rubus caesius
KW_T_423_25_0123L,25,Tricholoma carneum,Calocybe carnea,Calocybe,carnea,Fungi,Mycenaceae,Melksteelmycena,https://galerij.kb.nl/kb.html#/nl/florabatava25/page/37/zoom/3/lat/-69.53451763078357/lng/-18.45703125,False,Calocybe carnea
KW_T_423_25_0125L,25,Hysterangium clathroides / Rhizopogon luteolus,Hysterangium clathroides var. crassum / Rhizopogon luteolus,Hysterangium / Rhizopogon,clathroides var. crassum / luteolus,Fungi,Arcyriaceae / Poaceae,Karmijnrood netwatje,https://galerij.kb.nl/kb.html#/nl/florabatava25/page/38/zoom/3/lat/-69.53451763078357/lng/-18.45703125,True,Hysterangium clathroides var. crassum / Rhizopogon luteolus
KW_T_423_25_0130L,25,Polyporus velutinus,Postia floriformis,Postia,floriformis,Fungi,Bolbitiaceae,Franjebreeksteeltje s.l.,https://galerij.kb.nl/kb.html#/nl/florabatava25/page/42/zoom/3/lat/-69.53451763078357/lng/-18.544921875,False,Postia floriformis
KW_T_423_25_0133L,25,Polygonum patulum,Polygonum patulum,Polygonum,patulum,Fungi,Strophariaceae,Stoffige bundelzwam,https://galerij.kb.nl/kb.html#/nl/florabatava25/page/43/zoom/3/lat/-69.53451763078357/lng/-18.45703125,False,Polygonum patulum
KW_T_423_25_0135L,25,Fuligo septica,Fuligo septica ,Fuligo,septica,Fungi,Exidiaceae,Zwarte trilzwam,https://galerij.kb.nl/kb.html#/nl/florabatava25/page/44/zoom/3/lat/-69.53451763078357/lng/-18.45703125,False,Fuligo septica 
KW_T_423_25_0138L,25,Lactarius pubescens,Lactarius spec.,Lactarius,spec.,Flowering plants,Solanaceae,Raketnachtschade,https://galerij.kb.nl/kb.html#/nl/florabatava25/page/45/zoom/3/lat/-69.53451763078357/lng/-18.45703125,False,Lactarius spec.
KW_T_423_25_0141L,25,Carex kneuckeriana (Carex vulpina x vulpina nemorosa),Carex x pseudoaxillaris,Carex,x pseudoaxillaris,Flowering plants,Asphodelaceae,Affodil,https://galerij.kb.nl/kb.html#/nl/florabatava25/page/46/zoom/3/lat/-69.53451763078357/lng/-18.45703125,False,Carex x pseudoaxillaris
KW_T_423_25_0143L,25,Cyperus vegetus,Cyperus eragrostis,Cyperus,eragrostis,Fungi,Irpicaceae,Tweekleurig elfenbankje,https://galerij.kb.nl/kb.html#/nl/florabatava25/page/47/zoom/3/lat/-69.53451763078357/lng/-18.45703125,False,Cyperus eragrostis
KW_T_423_25_0145L,25,Glyceria plicata,Glyceria notata,Glyceria,notata,Fungi,Gomphaceae,[Heeft nog geen Nederlandse naam],https://galerij.kb.nl/kb.html#/nl/florabatava25/page/48/zoom/3/lat/-69.53451763078357/lng/-18.45703125,False,Glyceria notata
KW_T_423_25_0147L,25,Hydnum violaceum / Hydnum nigrum,Hydnellum suaveolens / Phellodon niger,Hydnellum / Phellodon,suaveolens / niger,Fungi,Bankeraceae / Rosaceae,Oranje stekelzwam / Grote viltbraam,https://galerij.kb.nl/kb.html#/nl/florabatava25/page/49/zoom/3/lat/-69.53451763078357/lng/-18.45703125,True,Hydnellum suaveolens / Phellodon niger
KW_T_423_25_0150L,25,Veronica praecox,Veronica praecox,Veronica,praecox,Flowering plants,Asteraceae,Smal tandzaad,https://galerij.kb.nl/kb.html#/nl/florabatava25/page/51/zoom/3/lat/-69.53451763078357/lng/-18.45703125,False,Veronica praecox
KW_T_423_25_0152L,25,Solanum nitidibaccatum,Solanum sarrachoides,Solanum,sarrachoides,Fungi,Discinaceae,Bisschopsmuts,https://galerij.kb.nl/kb.html#/nl/florabatava25/page/54/zoom/3/lat/-69.53451763078357/lng/-18.45703125,False,Solanum sarrachoides
KW_T_423_25_0154L,25,Peziza hemisphaerica / Psathyrella disseminata,Humaria hemispherica / Coprinellus disseminatus,Humaria / Coprinellus,hemispherica / disseminatus,Fungi,Discinaceae / Russulaceae,Voorjaarskluifzwam / Fijnplaatrussula,https://galerij.kb.nl/kb.html#/nl/florabatava25/page/55/zoom/3/lat/-69.53451763078357/lng/-18.544921875,True,Humaria hemispherica / Coprinellus disseminatus
KW_T_423_25_0157L,25,Rubus humifusus,Rubus spec.,Rubus,spec.,Flowering plants,Rosaceae,Braam spec.,https://galerij.kb.nl/kb.html#/nl/florabatava25/page/57/zoom/3/lat/-69.53451763078357/lng/-18.45703125,False,Rubus spec.
KW_T_423_25_0160L,25,Clavaria aurea,Ramaria aurea,Ramaria,aurea,Flowering plants,Brassicaceae,Doorgroeide boerenkers,https://galerij.kb.nl/kb.html#/nl/florabatava25/page/58/zoom/3/lat/-69.53451763078357/lng/-18.45703125,False,Ramaria aurea
KW_T_423_25_0162L,25,Rumex odontocarpus,Rumex stenophyllus,Rumex,stenophyllus,Fungi,Suillaceae,Gele ringboleet,https://galerij.kb.nl/kb.html#/nl/florabatava25/page/59/zoom/3/lat/-69.53451763078357/lng/-18.45703125,False,Rumex stenophyllus
KW_T_423_25_0164L,25,Rubus pyramidalis,Rubus umbrosus,Rubus,umbrosus,Fungi,Typhulaceae,Linzenknotsje,https://galerij.kb.nl/kb.html#/nl/florabatava25/page/60/zoom/3/lat/-69.53451763078357/lng/-18.45703125,False,Rubus umbrosus
KW_T_423_25_0166L,25,Mycena epipterygia,Mycena epipterygia s.l.,Mycena,epipterygia s.l.,Flowering plants,Caryophyllaceae,,https://galerij.kb.nl/kb.html#/nl/florabatava25/page/62/zoom/3/lat/-69.53451763078357/lng/-18.45703125,False,Mycena epipterygia s.l.
KW_T_423_25_0168L,25,Amanita porphyria,Amanita porphyria,Amanita,porphyria,Fungi,Strophariaceae,Elzenbundelzwam,https://galerij.kb.nl/kb.html#/nl/florabatava25/page/63/zoom/3/lat/-69.53451763078357/lng/-18.45703125,False,Amanita porphyria
KW_T_423_25_0170L,25,Hygrophorus pratensis,Hygrocybe pratebsis ,Hygrocybe,pratebsis,Flowering plants,Apiaceae,Beverneltorkruid,https://galerij.kb.nl/kb.html#/nl/florabatava25/page/64/zoom/3/lat/-69.53451763078357/lng/-18.45703125,False,Hygrocybe pratebsis 
KW_T_423_25_0172L,25,Rubus caesius var. aquaticus,Rubus caesius,Rubus,caesius,Fungi,Strophariaceae,Geringde vaalhoed,https://galerij.kb.nl/kb.html#/nl/florabatava25/page/65/zoom/3/lat/-69.53451763078357/lng/-18.45703125,False,Rubus caesius
KW_T_423_25_0174L,25,Lathyrus cicera,Lathyrus cicera,Lathyrus,cicera,Flowering plants,Rosaceae,Dauwbraam,https://galerij.kb.nl/kb.html#/nl/florabatava25/page/67/zoom/3/lat/-59.130863097255904/lng/-18.896484375,False,Lathyrus cicera
KW_T_423_25_0177L,25,Inocybe fastigiata,Inocybe maculata,Inocybe,maculata,Fungi,Lyophyllaceae,Roze pronkridder,https://galerij.kb.nl/kb.html#/nl/florabatava25/page/68/zoom/3/lat/-69.53451763078357/lng/-18.45703125,False,Inocybe maculata
KW_T_423_25_0179L,25,Tricholoma cerinum / Lepiota cinnabarina,Clitopilus nitelinus / Cystoderma cinnabarinum,Clitopilus / Cystoderma,nitelinus / cinnabarinum,Fungi,Rhizopogonaceae / Postiaceae,Okerkleurige vezeltruffel / Rozetkaaszwam,https://galerij.kb.nl/kb.html#/nl/florabatava25/page/69/zoom/3/lat/-69.53451763078357/lng/-18.45703125,True,Clitopilus nitelinus / Cystoderma cinnabarinum
KW_T_423_25_0182L,25,Peniophora quercina,Peniophora quercina,Peniophora,quercina,Flowering plants,Polygonaceae,,https://galerij.kb.nl/kb.html#/nl/florabatava25/page/73/zoom/3/lat/-69.53451763078357/lng/-18.45703125,False,Peniophora quercina
KW_T_423_25_0184L,25,Solanum triflorum,Solanum triflorum,Solanum,triflorum,Fungi,Physaraceae,Heksenboter,https://galerij.kb.nl/kb.html#/nl/florabatava25/page/74/zoom/3/lat/-69.53451763078357/lng/-18.45703125,False,Solanum triflorum
KW_T_423_25_0186L,25,Stipa neesiana,Nassella neesiana,Nassella,neesiana,Fungi,Russulaceae,Melkzwam spec.,https://galerij.kb.nl/kb.html#/nl/florabatava25/page/75/zoom/3/lat/-62.062733258846514/lng/-25.400390625,False,Nassella neesiana
KW_T_423_25_0188L,25,Cortinarius (Myxacium) vibratilis,Cortinarius barbatus s.l.,Cortinarius,barbatus s.l.,Flowering plants,Cyperaceae,Bleek cypergras,https://galerij.kb.nl/kb.html#/nl/florabatava25/page/77/zoom/3/lat/-69.53451763078357/lng/-18.45703125,False,Cortinarius barbatus s.l.
KW_T_423_25_0190L,25,Marasmius prasiosmus,Mycetinis querceus,Mycetinis,querceus,Flowering plants,Poaceae,Stomp vlotgras,https://galerij.kb.nl/kb.html#/nl/florabatava25/page/78/zoom/3/lat/-69.53451763078357/lng/-18.45703125,False,Mycetinis querceus
KW_T_423_25_0192L,25,Clitocybe clavipes,Clitocybe clavipes,Clitocybe,clavipes,Fungi,Bankeraceae,Anijsstekelzwam,https://galerij.kb.nl/kb.html#/nl/florabatava25/page/79/zoom/3/lat/-69.53451763078357/lng/-18.45703125,False,Clitocybe clavipes
KW_T_423a_26_0122R,26,Rubus procerus,Rubus procerus,Rubus,procerus,Fungi,Bankeraceae,Blauwzwarte stekelzwam,https://galerij.kb.nl/kb.html#/nl/florabatava25/page/80/zoom/3/lat/-65.21989393613208/lng/-45.615234375,False,Rubus procerus
KW_T_423a_26_0123R,26,Agrostis scabra,Agrostis scabra,Agrostis,scabra,Flowering plants,Plantaginaceae,Vroege ereprijs,https://galerij.kb.nl/kb.html#/nl/florabatava25/page/81/zoom/3/lat/-69.53451763078357/lng/-18.45703125,False,Agrostis scabra
KW_T_423a_26_0124R,26,Phalaris praemorsa,Phalaris paradoxa,Phalaris,paradoxa,Flowering plants,Solanaceae,Kleverige nachtschade,https://galerij.kb.nl/kb.html#/nl/florabatava25/page/82/zoom/3/lat/-69.53451763078357/lng/-18.45703125,False,Phalaris paradoxa
KW_T_423a_26_0125R,26,Sistotrema confluens,Sistotrema confluens,Sistotrema,confluens,Fungi,Pyronemataceae,Kleine bruine bekerzwam,https://galerij.kb.nl/kb.html#/nl/florabatava25/page/84/zoom/3/lat/-65.21989393613208/lng/-45.615234375,False,Sistotrema confluens
KW_T_423a_26_0126R,26,Xylaria filiformis / Xylaria guepini,Xylaria filiformis / Xylaria guepini,Xylaria,filiformis / guepini,Fungi,Psathyrellaceae / Rosaceae,Zwerminktzwam / Braam spec.,https://galerij.kb.nl/kb.html#/nl/florabatava25/page/83/zoom/3/lat/-69.53451763078357/lng/-18.45703125,True,Xylaria filiformis / Xylaria guepini
KW_T_423a_26_0127R,26,Rubus wahlbergii,Rubus deweveri,Rubus,deweveri,Fungi,Gomphaceae,Goudgele koraalzwam,https://galerij.kb.nl/kb.html#/nl/florabatava25/page/87/zoom/3/lat/-70.61261423801925/lng/-18.80859375,False,Rubus deweveri
KW_T_423a_26_0128R,26,Rumex fennicus,Rumex pseudonatronatus,Rumex,pseudonatronatus,Flowering plants,Polygonaceae,,https://galerij.kb.nl/kb.html#/nl/florabatava25/page/88/zoom/3/lat/-70.61261423801925/lng/-18.80859375,False,Rumex pseudonatronatus
KW_T_423a_26_0129R,26,Hygrophorus agathosmus,Hygrophorus agathosmus,Hygrophorus,agathosmus,Flowering plants,Rosaceae,Pluimkambraam,https://galerij.kb.nl/kb.html#/nl/florabatava25/page/89/zoom/3/lat/-62.062733258846514/lng/-25.400390625,False,Hygrophorus agathosmus
KW_T_423a_26_0130R,26,Tricholoma russula,Hygrophorus russula,Hygrophorus,russula,Fungi,Amanitaceae,Porfieramaniet,https://galerij.kb.nl/kb.html#/nl/florabatava25/page/91/zoom/3/lat/-70.61261423801925/lng/-18.80859375,False,Hygrophorus russula
KW_T_423a_26_0131R,26,Cyphella capula / Pleurotus mitis,Calyptella capula / Panellus mitis,Calyptella / Panellus,capula / mitis,Fungi,Hygrocybaceae / Rosaceae,Weidewasplaat / Dauwbraam,https://galerij.kb.nl/kb.html#/nl/florabatava25/page/92/zoom/3/lat/-70.61261423801925/lng/-18.80859375,True,Calyptella capula / Panellus mitis
KW_T_423a_26_0132R,26,Dipsacus laciniatus,Dipsacus laciniatus,Dipsacus,laciniatus,Flowering plants,Fabaceae,,https://galerij.kb.nl/kb.html#/nl/florabatava25/page/94/zoom/3/lat/-70.61261423801925/lng/-18.80859375,False,Dipsacus laciniatus
KW_T_423a_26_0133R,26,Lepidum bonariense,Lepidium bonariense,Lepidium,bonariense,Fungi,Inocybaceae,Gevlekte vezelkop,https://galerij.kb.nl/kb.html#/nl/florabatava25/page/95/zoom/3/lat/-70.61261423801925/lng/-18.80859375,False,Lepidium bonariense
KW_T_423a_26_0134R,26,Polyporus leucomelas,Boletopsis leucomelaena,Boletopsis,leucomelaena,Fungi,Entolomataceae,Oranje zalmplaat,https://galerij.kb.nl/kb.html#/nl/florabatava25/page/96/zoom/3/lat/-70.61261423801925/lng/-18.80859375,False,Boletopsis leucomelaena
KW_T_423a_26_0135R,26,Boletus felleus,Tylopilus felleus,Tylopilus,felleus,Fungi,Squamanitaceae,Rode korrelhoed,https://galerij.kb.nl/kb.html#/nl/florabatava25/page/97/zoom/3/lat/-65.21989393613208/lng/-45.615234375,False,Tylopilus felleus
KW_T_423a_26_0136R,26,Russula fellea,Russula solaris,Russula,solaris,Fungi,Peniophoraceae,Paarse eikenschorszwam,https://galerij.kb.nl/kb.html#/nl/florabatava25/page/98/zoom/3/lat/-70.61261423801925/lng/-18.80859375,False,Russula solaris
KW_T_423a_26_0137R,26,Rubus rubicundus,Rubus rosaceus,Rubus,rosaceus,Flowering plants,Solanaceae,Driebloemige nachtschade,https://galerij.kb.nl/kb.html#/nl/florabatava25/page/99/zoom/3/lat/-70.61261423801925/lng/-18.80859375,False,Rubus rosaceus
KW_T_423a_26_0138R,26,Spilanthes decumbens var. macropoda,Acmella decumbens,Acmella,decumbens,Flowering plants,Poaceae,,https://galerij.kb.nl/kb.html#/nl/florabatava25/page/100/zoom/3/lat/-70.61261423801925/lng/-18.80859375,False,Acmella decumbens
KW_T_423a_26_0139R,26,Artemisia ludovicianum,Artemisia ludoviciana,Artemisia,ludoviciana,Fungi,Omphalotaceae,Bleke knoflooktaailing,https://galerij.kb.nl/kb.html#/nl/florabatava25/page/102/zoom/3/lat/-70.61261423801925/lng/-18.80859375,False,Artemisia ludoviciana
KW_T_423a_26_0140R,26,Naucoria (Pholiota) erinacea / Naucoria cucumis,Phaeomarasmius erinaceus / Macrocystidia cucumis,Phaeomarasmius / Macrocystidia,erinaceus / cucumis,Fungi,Clitocybaceae / Rosaceae,Knotsvoettrechterzwam / Zilveren viltbraam,https://galerij.kb.nl/kb.html#/nl/florabatava25/page/103/zoom/3/lat/-70.61261423801925/lng/-18.80859375,True,Phaeomarasmius erinaceus / Macrocystidia cucumis
KW_T_423a_26_0141R,26,Lactarius uvidus,Lactarius uvidus?,Lactarius,uvidus?,Flowering plants,Poaceae,Ruw struisgras,https://galerij.kb.nl/kb.html#/nl/florabatava26/page/17/zoom/3/lat/-65.36683689226321/lng/-35.15625,False,Lactarius uvidus?
KW_T_423a_26_0142R,26,Rubus kaltenbachii,Rubus projectus,Rubus,projectus,Flowering plants,Poaceae,,https://galerij.kb.nl/kb.html#/nl/florabatava26/page/18/zoom/3/lat/-65.36683689226321/lng/-35.15625,False,Rubus projectus
KW_T_423a_26_0143R,26,Axyris amaranthoides,Axyris amaranthoides,Axyris,amaranthoides,Fungi,Hydnaceae,Stinktolletje,https://galerij.kb.nl/kb.html#/nl/florabatava26/page/19/zoom/3/lat/-65.36683689226321/lng/-35.15625,False,Axyris amaranthoides
KW_T_423a_26_0144R,26,Nidularia confluens / Stropharia stercoraria,Mycocalia denudata / Stropharia semiglobata,Mycocalia / Stropharia,denudata / semiglobata,Fungi,Xylariaceae,Draadvormige geweizwam / Mestgeweizwam,https://galerij.kb.nl/kb.html#/nl/florabatava26/page/21/zoom/3/lat/-63.704722429433225/lng/-14.501953124999998,True,Mycocalia denudata / Stropharia semiglobata
KW_T_423a_26_0145R,26,Pholiota (Rozites) caperata / Clavaria muscoides,Cortinarius caperatus / Clavulinopsis corniculata,Cortinarius / Clavulinopsis,caperatus / corniculata,Flowering plants,Rosaceae / Polygonaceae,Bleke kantbraam,https://galerij.kb.nl/kb.html#/nl/florabatava26/page/22/zoom/3/lat/-67.06743335108297/lng/-33.92578125,True,Cortinarius caperatus / Clavulinopsis corniculata
KW_T_423a_26_0146R,26,Centaurea iberica,Centaurea iberica,Centaurea,iberica,Fungi,Hygrophoraceae,Amandelslijmkop,https://galerij.kb.nl/kb.html#/nl/florabatava26/page/25/zoom/3/lat/-67.06743335108297/lng/-33.92578125,False,Centaurea iberica
KW_T_423a_26_0147R,26,Artemisia longifolia,Artemisia longifolia,Artemisia,longifolia,Fungi,Hygrophoraceae,Roze slijmkop,https://galerij.kb.nl/kb.html#/nl/florabatava26/page/26/zoom/3/lat/-67.06743335108297/lng/-33.92578125,False,Artemisia longifolia
KW_T_423a_26_0148R,26,Flammula sapinea,Coniferspilus spec.,Coniferspilus,spec.,Fungi,Marasmiaceae,Brandnetelklokje,https://galerij.kb.nl/kb.html#/nl/florabatava26/page/28/zoom/3/lat/-66.86108230224609/lng/-18.193359375,False,Coniferspilus spec.
KW_T_423a_26_0149R,26,Hydnum infundibulum,Bankera fuligineoalba,Bankera,fuligineoalba,Fungi,Mycenaceae,Dennenschelpzwam,https://galerij.kb.nl/kb.html#/nl/florabatava26/page/27/zoom/3/lat/-66.79190947341796/lng/-33.92578125,False,Bankera fuligineoalba
KW_T_423a_26_0150R,26,Rumex bucephalophorus,Rumex bucephalophorus,Rumex,bucephalophorus,Flowering plants,Caprifoliaceae,Slipbladkaardenbol,https://galerij.kb.nl/kb.html#/nl/florabatava26/page/29/zoom/3/lat/-66.79190947341796/lng/-33.92578125,False,Rumex bucephalophorus
KW_T_423a_26_0151R,26,Rumex x areschougii (= R palustris x crispus )- Basterd tusschen Rumex palustris en R crispus,Rumex palustris x crispus,Rumex,palustris x crispus,Flowering plants,Brassicaceae,,https://galerij.kb.nl/kb.html#/nl/florabatava26/page/30/zoom/3/lat/-66.79190947341796/lng/-33.92578125,False,Rumex palustris x crispus
KW_T_423a_26_0152R,26,Coprinus boudieri / Merulus corium,Coprinellus angulatus / Byssomerulius corium,Coprinellus / Byssomerulius,angulatus / corium,Fungi,Bankeraceae / Boletaceae,Grijze schijnboleet / Bittere boleet,https://galerij.kb.nl/kb.html#/nl/florabatava26/page/31/zoom/3/lat/-66.79190947341796/lng/-33.92578125,True,Coprinellus angulatus / Byssomerulius corium
KW_T_423a_26_0153R,26,Russula cyanoxantha,Russula cyanoxantha,Russula,cyanoxantha,Fungi,Russulaceae,Zonnerussula,https://galerij.kb.nl/kb.html#/nl/florabatava26/page/33/zoom/3/lat/-66.79190947341796/lng/-33.92578125,False,Russula cyanoxantha
KW_T_423a_26_0154R,26,Rubus hirtifolius,Rubus cf. polyanthemus,Rubus,cf. polyanthemus,Flowering plants,Rosaceae,Rode borstelbraam,https://galerij.kb.nl/kb.html#/nl/florabatava26/page/34/zoom/3/lat/-66.79190947341796/lng/-33.92578125,False,Rubus cf. polyanthemus
KW_T_423a_26_0155R,26,Boltonia asteroides,Boltonia asteroides,Boltonia,asteroides,Flowering plants,Asteraceae,,https://galerij.kb.nl/kb.html#/nl/florabatava26/page/35/zoom/3/lat/-66.79190947341796/lng/-33.92578125,False,Boltonia asteroides
KW_T_423a_26_0156R,26,Malva parviflora,Malva parviflora,Malva,parviflora,Flowering plants,Asteraceae,,https://galerij.kb.nl/kb.html#/nl/florabatava26/page/36/zoom/3/lat/-66.79190947341796/lng/-33.92578125,False,Malva parviflora
KW_T_423a_26_0157R,26,Cortinarius (Dermocybe) cinnabarinus / Russula linnaei,Cortinarius sanguineus / Russula xerampelina,Cortinarius / Russula,sanguineus / xerampelina,Fungi,Tubariaceae / Macrocystidiaceae,Egelzwammetje / Levertraanzwam,https://galerij.kb.nl/kb.html#/nl/florabatava26/page/38/zoom/3/lat/-67.40748724648755/lng/-11.865234375,True,Cortinarius sanguineus / Russula xerampelina
KW_T_423a_26_0158R,26,Cortinarius (Phlegmacium) croceo-caeruleus / Tricholoma ionides,Cortinarius croceocaeruleus / Calocybe ionides,Cortinarius / Calocybe,croceocaeruleus / ionides,Fungi,Russulaceae / Rosaceae,Violetvlekkende melkzwam?,https://galerij.kb.nl/kb.html#/nl/florabatava26/page/39/zoom/3/lat/-66.79190947341796/lng/-33.92578125,True,Cortinarius croceocaeruleus / Calocybe ionides
KW_T_423a_26_0159R,26,Hygrophorus miniatus / Hygrophorus puniceus,Hygrocybe miniata / Hygrocybe punicea,Hygrocybe,miniata / punicea,Flowering plants,Amaranthaceae / Agaricaceae,Hoornmelde / Bleke dwergnestzwam,https://galerij.kb.nl/kb.html#/nl/florabatava26/page/41/zoom/3/lat/-66.79190947341796/lng/-33.92578125,True,Hygrocybe miniata / Hygrocybe punicea
KW_T_423a_26_0160R,26,Lepiota odorata / Mycena pelianthina,Squamanita odorata / Mycena pelianthina,Squamanita / Mycena,odorata / pelianthina,Fungi,Strophariaceae / Cortinariaceae,Kleefsteelstropharia / Meelkop,https://galerij.kb.nl/kb.html#/nl/florabatava26/page/43/zoom/3/lat/-65.21989393613208/lng/-8.701171874999998,True,Squamanita odorata / Mycena pelianthina
KW_T_423a_26_0161R,26,Polyporus adustus,Bjerkandera adusta,Bjerkandera,adusta,Fungi,Clavariaceae,Sikkelkoraalzwam,https://galerij.kb.nl/kb.html#/nl/florabatava26/page/44/zoom/3/lat/-76.49631101453926/lng/-30.146484374999996,False,Bjerkandera adusta
KW_T_423a_26_0162R,26,Rubus sulcatus,Rubus sulcatus?,Rubus,sulcatus?,Flowering plants,Asteraceae,,https://galerij.kb.nl/kb.html#/nl/florabatava26/page/46/zoom/3/lat/-66.79190947341796/lng/-33.92578125,False,Rubus sulcatus?
KW_T_423a_26_0163R,26,Nicotiana affinis,Nicotiana alata,Nicotiana,alata,Flowering plants,Asteraceae,,https://galerij.kb.nl/kb.html#/nl/florabatava26/page/47/zoom/3/lat/-67.87554134672945/lng/-34.98046875,False,Nicotiana alata
KW_T_423a_26_0164R,26,Rubus lindleyanus,Rubus adspersus,Rubus,adspersus,Fungi,Strophariaceae,Vlamhoed spec.,https://galerij.kb.nl/kb.html#/nl/florabatava26/page/48/zoom/3/lat/-67.87554134672945/lng/-34.98046875,False,Rubus adspersus
KW_T_423a_26_0165R,26,Calendula arvensis,Calendula arvensis,Calendula,arvensis,Fungi,Bankeraceae,Blozende stekelzwam,https://galerij.kb.nl/kb.html#/nl/florabatava26/page/49/zoom/3/lat/-67.87554134672945/lng/-34.98046875,False,Calendula arvensis
KW_T_423a_26_0166R,26,Flammula lenta,Pholiota lenta,Pholiota,lenta,Flowering plants,Polygonaceae,,https://galerij.kb.nl/kb.html#/nl/florabatava26/page/50/zoom/3/lat/-66.86108230224609/lng/-34.98046875,False,Pholiota lenta
KW_T_423a_26_0167R,26,Stereum sanguinolentum / Stereum frustulosum,Stereum sanguinolentum / Xylobolus frustulatus,Stereum / Xylobolus,sanguinolentum / frustulatus,Fungi,Psathyrellaceae / Irpicaceae,Brandplekinktzwam / Papierzwammetje,https://galerij.kb.nl/kb.html#/nl/florabatava26/page/52/zoom/3/lat/-66.86108230224609/lng/-34.98046875,True,Stereum sanguinolentum / Xylobolus frustulatus
KW_T_423a_26_0168R,26,Hydnum acre,Hydnellum compactum,Hydnellum,compactum,Fungi,Russulaceae,Regenboogrussula,https://galerij.kb.nl/kb.html#/nl/florabatava26/page/54/zoom/3/lat/-66.86108230224609/lng/-34.98046875,False,Hydnellum compactum
KW_T_423a_26_0169R,26,Trametes pini,Porodaedalea pini,Porodaedalea,pini,Flowering plants,Asteraceae,,https://galerij.kb.nl/kb.html#/nl/florabatava26/page/56/zoom/3/lat/-66.86108230224609/lng/-34.98046875,False,Porodaedalea pini
KW_T_423a_26_0170R,26,Rubus pallidus,Rubus spec.,Rubus,spec.,Flowering plants,Malvaceae,Kleinbloemig kaasjeskruid,https://galerij.kb.nl/kb.html#/nl/florabatava26/page/57/zoom/3/lat/-66.86108230224609/lng/-34.98046875,False,Rubus spec.
KW_T_423a_26_0171R,26,Abutilon avicennae,Abutilon theophrasti,Abutilon,theophrasti,Fungi,Cortinariaceae,Bloedrode gordijnzwam,https://galerij.kb.nl/kb.html#/nl/florabatava26/page/58/zoom/3/lat/-66.86108230224609/lng/-34.98046875,False,Abutilon theophrasti
KW_T_423a_26_0172R,26,Lamprospora miniata,Lamprospora spec.,Lamprospora,spec.,Fungi,Russulaceae,Visige russula,https://galerij.kb.nl/kb.html#/nl/florabatava26/page/58/zoom/3/lat/-66.86108230224609/lng/-34.98046875,False,Lamprospora spec.
KW_T_423a_26_0173R,26,Eccilia cancrina / Eccilia rusticoides,Entoloma undatum / Entoloma rusticoides,Entoloma,undatum / rusticoides,Fungi,Cortinariaceae / Lyophyllaceae,Paarse galgordijnzwam / Paarse pronkridder,https://galerij.kb.nl/kb.html#/nl/florabatava26/page/61/zoom/3/lat/-64.62387720204688/lng/-29.267578125,True,Entoloma undatum / Entoloma rusticoides
KW_T_423a_26_0174R,26,Viscaria vulgaris,Silene viscaria,Silene,viscaria,Fungi,Hygrocybaceae,Gewoon vuurzwammetje,https://galerij.kb.nl/kb.html#/nl/florabatava26/page/63/zoom/3/lat/-62.91523303947613/lng/-1.494140625,False,Silene viscaria
KW_T_423a_26_0175R,26,Sporobolus indicus,Sporobolus indicus,Sporobolus,indicus,Fungi,Hygrocybaceae,Granaatbloemwasplaat,https://galerij.kb.nl/kb.html#/nl/florabatava26/page/62/zoom/3/lat/-66.86108230224609/lng/-34.98046875,False,Sporobolus indicus
KW_T_423a_26_0176R,26,Ustulina vulgaris (Hypoxylon ustulatum,Kretzschmaria deusta,Kretzschmaria,deusta,Fungi,Squamanitaceae,Odeurzwammetje,https://galerij.kb.nl/kb.html#/nl/florabatava26/page/64/zoom/3/lat/-66.86108230224609/lng/-34.98046875,False,Kretzschmaria deusta
KW_T_423a_26_0177R,26,Boletus appendiculatus,Butyriboletus appendiculatus,Butyriboletus,appendiculatus,Fungi,Mycenaceae,Purpersnedemycena,https://galerij.kb.nl/kb.html#/nl/florabatava26/page/65/zoom/3/lat/-68.52823492039876/lng/-23.115234374999996,False,Butyriboletus appendiculatus
KW_T_423a_26_0178R,26,Rubus argeteus,Rubus elegantispinosus,Rubus,elegantispinosus,Fungi,Phanerochaetaceae,Grijze buisjeszwam,https://galerij.kb.nl/kb.html#/nl/florabatava26/page/66/zoom/3/lat/-66.86108230224609/lng/-34.98046875,False,Rubus elegantispinosus
KW_T_423a_26_0179R,26,Amaranthus crispus,Amaranthus crispus,Amaranthus,crispus,Flowering plants,Rosaceae,Groefstokbraam?,https://galerij.kb.nl/kb.html#/nl/florabatava26/page/67/zoom/3/lat/-66.86108230224609/lng/-34.98046875,False,Amaranthus crispus
KW_T_423a_26_0180R,26,Clavaria fuscata / Clavaria ligula / Clavaria similis,Clavaria fuscata / Clavariadelphus ligula / Clavulinopsis helvola,Clavaria / Clavariadelphus / Clavulinopsis,fuscata / ligula / helvola,Flowering plants,Solanaceae / Rosaceae / Asteraceae,Siertabak / Spikkelhaagbraam / Akkergoudsbloem,https://galerij.kb.nl/kb.html#/nl/florabatava26/page/69/zoom/3/lat/-66.86108230224609/lng/-34.98046875,True,Clavaria fuscata / Clavariadelphus ligula / Clavulinopsis helvola
KW_T_423a_26_0181R,26,Amanita spissa,Amanita excelsa,Amanita,excelsa,Fungi,Strophariaceae,Slijmerige blekerik,https://galerij.kb.nl/kb.html#/nl/florabatava26/page/73/zoom/3/lat/-66.86108230224609/lng/-34.98046875,False,Amanita excelsa
KW_T_423a_26_0182R,26,Medicago murex,Medicago murex,Medicago,murex,Fungi,Stereaceae,Dennenbloedzwam,https://galerij.kb.nl/kb.html#/nl/florabatava26/page/74/zoom/3/lat/-66.86108230224609/lng/-34.98046875,False,Medicago murex
KW_T_423a_26_0183R,26,Dracocephalum parviflorum,Dracocephalum parviflorum,Dracocephalum,parviflorum,Fungi,Stereaceae,Mozaïekzwam,https://galerij.kb.nl/kb.html#/nl/florabatava26/page/75/zoom/3/lat/-64.47279382008165/lng/-3.251953125,False,Dracocephalum parviflorum
KW_T_423a_26_0184R,26,Psathyrella prona / Panaeolus acuminatus,Psathyrella spec. / Panaeolus acuminatus,Psathyrella / Panaeolus,spec. / acuminatus,Fungi,Bankeraceae / Hymenochaetaceae,Scherpe stekelzwam / Dennenvuurzwam,https://galerij.kb.nl/kb.html#/nl/florabatava26/page/76/zoom/3/lat/-66.86108230224609/lng/-34.98046875,True,Psathyrella spec. / Panaeolus acuminatus
KW_T_423a_26_0185R,26,Pluteus nanus / Pluteus chrysophaeus,Pluteus romellii / Pluteus chrysophaeus,Pluteus,romellii / chrysophaeus,Flowering plants,Rosaceae / Malvaceae,Braam spec. / Fluweelblad,https://galerij.kb.nl/kb.html#/nl/florabatava26/page/78/zoom/3/lat/-58.67693767258692/lng/-86.396484375,True,Pluteus romellii / Pluteus chrysophaeus
KW_T_423a_26_0186R,26,Rubus foliosus,Rubus foliosus,Rubus,foliosus,Fungi,Pyronemataceae,Mosschijfje spec.,https://galerij.kb.nl/kb.html#/nl/florabatava26/page/80/zoom/3/lat/-66.86108230224609/lng/-34.98046875,False,Rubus foliosus
KW_T_423a_26_0187R,26,Verbascum blattaria floribus albis,Verbascum blattaria,Verbascum,blattaria,Fungi,Entolomataceae,Geribbelde satijnzwam,https://galerij.kb.nl/kb.html#/nl/florabatava26/page/81/zoom/3/lat/-66.86108230224609/lng/-34.98046875,False,Verbascum blattaria
KW_T_423a_26_0188R,26,Tricholoma ramentaceum (Tricholoma squamulosa),Tricholoma squarrulosum,Tricholoma,squarrulosum,Fungi,Entolomataceae,Kortstelige satijnzwam,https://galerij.kb.nl/kb.html#/nl/florabatava26/page/81/zoom/3/lat/-66.86108230224609/lng/-34.98046875,False,Tricholoma squarrulosum
KW_T_423a_26_0189R,26,Hebeloma sacchariolens,Hebeloma sacchariolens s.l.,Hebeloma,sacchariolens s.l.,Flowering plants,Caryophyllaceae,Rode pekanjer,https://galerij.kb.nl/kb.html#/nl/florabatava26/page/82/zoom/3/lat/-66.86108230224609/lng/-34.98046875,False,Hebeloma sacchariolens s.l.
KW_T_423a_26_0190R,26,Rubus lindleyanus,Rubus adspersus,Rubus,adspersus,Flowering plants,Poaceae,Rattenstaartgras,https://galerij.kb.nl/kb.html#/nl/florabatava26/page/83/zoom/3/lat/-66.86108230224609/lng/-34.98046875,False,Rubus adspersus
KW_T_423a_26_0191R,26,Rumex obovatus,Rumex obovatus,Rumex,obovatus,Fungi,Xylariaceae,Korsthoutskoolzwam,https://galerij.kb.nl/kb.html#/nl/florabatava26/page/84/zoom/3/lat/-66.86108230224609/lng/-34.98046875,False,Rumex obovatus
KW_T_423a_26_0192R,26,Coprinus niveus,Coprinopsis nivea,Coprinopsis,nivea,Fungi,Boletaceae,Geelnetboleet,https://galerij.kb.nl/kb.html#/nl/florabatava26/page/85/zoom/3/lat/-66.86108230224609/lng/-34.98046875,False,Coprinopsis nivea
KW_T_423a_26_0193R,26,Pleurotus applicatus / Pleurotus corticatus var tephrotrichus,Resupinatus applicatus  / Pleurotus dryinus,Resupinatus / Pleurotus,applicatus / dryinus,Flowering plants,Rosaceae / Amaranthaceae,,https://galerij.kb.nl/kb.html#/nl/florabatava26/page/86/zoom/3/lat/-66.86108230224609/lng/-34.98046875,True,Resupinatus applicatus  / Pleurotus dryinus
KW_T_423a_26_0194R,26,Rubus fuscus,Rubus spec. serie Pallidi ,Rubus,spec. serie Pallidi,Fungi,Clavariaceae,[Knoflookknotszwam],https://galerij.kb.nl/kb.html#/nl/florabatava26/page/88/zoom/3/lat/-66.86108230224609/lng/-34.98046875,False,Rubus spec. serie Pallidi 
KW_T_423a_26_0195R,26,Morchella elata,Morchella elata,Morchella,elata,Fungi,Gomphaceae,[nog geen Nederlandse naam],https://galerij.kb.nl/kb.html#/nl/florabatava26/page/88/zoom/3/lat/-66.86108230224609/lng/-34.98046875,False,Morchella elata
KW_T_423a_26_0196R,26,Merasmius perforans,Coniferspus perforans,Coniferspus,perforans,Fungi,Clavariaceae,Gele knotszwam,https://galerij.kb.nl/kb.html#/nl/florabatava26/page/88/zoom/3/lat/-66.86108230224609/lng/-34.98046875,False,Coniferspus perforans
KW_T_423a_26_0197R,26,Cyphella sulfurea / Odontia aurea,Calyptella capula s.l. / Mycoacia uda,Calyptella / Mycoacia,capula s.l. / uda,Fungi,Amanitaceae / Fabaceae,Grauwe amaniet,https://galerij.kb.nl/kb.html#/nl/florabatava26/page/90/zoom/3/lat/-66.86108230224609/lng/-34.98046875,True,Calyptella capula s.l. / Mycoacia uda
KW_T_423a_26_0198R,26,Reseda phyteuma,Reseda inodora,Reseda,inodora,Flowering plants,Lamiaceae,,https://galerij.kb.nl/kb.html#/nl/florabatava26/page/92/zoom/3/lat/-66.86108230224609/lng/-34.98046875,False,Reseda inodora
KW_T_423a_26_0199R,26,Pleurotus serotinus / Pleurotus cornucopioides var sapidus,Sarcomyxa serotina / Pleurotus cornucopiae,Sarcomyxa / Pleurotus,serotina / cornucopiae,Fungi,Psathyrellaceae / Galeropsidaceae,Franjehoed spec. / Spitse vlekplaat,https://galerij.kb.nl/kb.html#/nl/florabatava26/page/93/zoom/3/lat/-66.86108230224609/lng/-34.98046875,True,Sarcomyxa serotina / Pleurotus cornucopiae
KW_T_423a_26_0200R,26,Clavaria kunzei,Ramariopsis kunzei,Ramariopsis,kunzei,Fungi,Pluteaceae,Geelsteelhertenzwam,https://galerij.kb.nl/kb.html#/nl/florabatava26/page/96/zoom/2/lat/-73.02259157147299/lng/-37.79296875,False,Ramariopsis kunzei
KW_T_423a_26_0201R,26,Pholiota erebia,Agrocybe erebia,Agrocybe,erebia,Fungi,Pluteaceae,Gele aderhertenzwam,https://galerij.kb.nl/kb.html#/nl/florabatava26/page/96/zoom/2/lat/-73.02259157147299/lng/-37.79296875,False,Agrocybe erebia
KW_T_423a_27_0133R,27,Rubus sciaphilus lange x pyramidalis forma brevis,Rubus gratus,Rubus,gratus,Flowering plants,Rosaceae,Bladhumusbraam,https://galerij.kb.nl/kb.html#/nl/florabatava26/page/97/zoom/3/lat/-66.86108230224609/lng/-34.98046875,False,Rubus gratus
KW_T_423a_27_0134R,27,Verbena bracteosa,Verbena bracteata,Verbena,bracteata,Flowering plants,Scrophulariaceae,Mottenkruid,https://galerij.kb.nl/kb.html#/nl/florabatava26/page/99/zoom/3/lat/-58.58543569119916/lng/-84.462890625,False,Verbena bracteata
KW_T_423a_27_0135R,27,Polyporus dryadeus,Pseudoinonotus dryadeus,Pseudoinonotus,dryadeus,Fungi,Tricholomataceae,Spikkelsteelridderzwam,https://galerij.kb.nl/kb.html#/nl/florabatava26/page/100/zoom/3/lat/-68.33437594128185/lng/-36.38671875,False,Pseudoinonotus dryadeus
KW_T_423a_27_0136R,27,Collybia ringrata,Coniferspus spec.,Coniferspus,spec.,Flowering plants,Rosaceae,Spikkelhaagbraam,https://galerij.kb.nl/kb.html#/nl/florabatava26/page/71/zoom/3/lat/-66.86108230224609/lng/-34.98046875,False,Coniferspus spec.
KW_T_423a_27_0137R,27,Rubus sciaphilus lange x pyramidalis forma elongata,Rubus glandithyrsos,Rubus,glandithyrsos,Flowering plants,Polygonaceae,,https://galerij.kb.nl/kb.html#/nl/florabatava26/page/103/zoom/3/lat/-68.33437594128185/lng/-36.38671875,False,Rubus glandithyrsos
KW_T_423a_27_0138R,27,Geum aleppicum,Geum spec.,Geum,spec.,Fungi,Psathyrellaceae,Witte mestinktzwam,https://galerij.kb.nl/kb.html#/nl/florabatava26/page/105/zoom/3/lat/-68.33437594128185/lng/-36.38671875,False,Geum spec.
KW_T_423a_27_0139R,27,Trametes hispida / Trametes serpens,Coriolopsis spec. / Diplomitoporus flavescens,Coriolopsis / Diplomitoporus,spec. / flavescens,Fungi,Resupinataceae / Pleurotaceae,Kaal dwergoortje / Schubbige oesterzwam,https://galerij.kb.nl/kb.html#/nl/florabatava26/page/107/zoom/3/lat/-65.80277639340238/lng/-90.966796875,True,Coriolopsis spec. / Diplomitoporus flavescens
KW_T_423a_27_0140R,27,Arcyria nutans / Brefeldia maxima,Arcyria obvelata / Brefeldia maxima,Arcyria / Brefeldia,obvelata / maxima,Fungi,Morchellaceae / Omphalotaceae,Kegelmorielje / #N/A,https://galerij.kb.nl/kb.html#/nl/florabatava26/page/109/zoom/3/lat/-68.33437594128185/lng/-36.38671875,True,Arcyria obvelata / Brefeldia maxima
KW_T_423a_27_0141R,27,Rubus sciaphilus,Rubus gratus,Rubus,gratus,Fungi,Meruliaceae,Gele stekelkorstzwam,https://galerij.kb.nl/kb.html#/nl/florabatava26/page/111/zoom/3/lat/-68.33437594128185/lng/-36.38671875,False,Rubus gratus
KW_T_423a_27_0142R,27,Plantago psyllium,Plantago afra,Plantago,afra,Flowering plants,Resedaceae,Kleine reseda,https://galerij.kb.nl/kb.html#/nl/florabatava26/page/113/zoom/3/lat/-68.33437594128185/lng/-36.38671875,False,Plantago afra
KW_T_423a_27_0143R,27,Pluteus salicinus / Pluteus patricius = Pluteus cervinus var. patricius,Pluteus salicinus / Pluteus spec.,Pluteus,salicinus / spec.,Fungi,Sarcomyxaceae / Pleurotaceae,Groene schelpzwam / Trechteroesterzwam,https://galerij.kb.nl/kb.html#/nl/florabatava26/page/114/zoom/3/lat/-68.33437594128185/lng/-36.38671875,True,Pluteus salicinus / Pluteus spec.
KW_T_423a_27_0144R,27,Hygrophorus obrusseus / Hygrophorus ceraceus / Lactarius aurantiacus,Hygrocybe acutoconica s.l.  / Hygrcybe chlorophana / Lactarius aurantiacus,Hygrocybe / Hygrcybe / Lactarius,acutoconica s.l. / chlorophana / aurantiacus,Fungi,Clavariaceae / Strophariaceae / Rosaceae,Ivoorkoraaltje? / Leverkleurige leemhoed / Zoete haarbraam,https://galerij.kb.nl/kb.html#/nl/florabatava26/page/116/zoom/3/lat/-68.33437594128185/lng/-36.38671875,True,Hygrocybe acutoconica s.l.  / Hygrcybe chlorophana / Lactarius aurantiacus
KW_T_423a_27_0145R,27,Verbena bonariensis,Verbena bonariensis,Verbena,bonariensis,Flowering plants,Verbenaceae,,https://galerij.kb.nl/kb.html#/nl/florabatava27/page/8/zoom/3/lat/-64.24459476798192/lng/-34.62890625,False,Verbena bonariensis
KW_T_423a_27_0146R,27,Aster lindleyanus,Symphyotrichum ciliolatum,Symphyotrichum,ciliolatum,Fungi,Hymenochaetaceae,Eikenweerschijnzwam,https://galerij.kb.nl/kb.html#/nl/florabatava27/page/9/zoom/3/lat/-64.24459476798192/lng/-34.62890625,False,Symphyotrichum ciliolatum
KW_T_423a_27_0147R,27,Xylaria carpophila / Sclerotinia richteriana,Xylaria carpophila / Stromatinia rapulum,Xylaria / Stromatinia,carpophila / rapulum,Fungi,Omphalotaceae / Rosaceae,#N/A / Rode contrastbraam,https://galerij.kb.nl/kb.html#/nl/florabatava27/page/10/zoom/3/lat/-64.24459476798192/lng/-34.62890625,True,Xylaria carpophila / Stromatinia rapulum
KW_T_423a_27_0148R,27,Pholiota dura,Agrocybe praecox,Agrocybe,praecox,Flowering plants,Rosaceae,Nagelkruid spec.,https://galerij.kb.nl/kb.html#/nl/florabatava27/page/13/zoom/3/lat/-64.24459476798192/lng/-34.62890625,False,Agrocybe praecox
KW_T_423a_27_0149R,27,Rubus divergens f. convexa x sprengelii,Rubus paludosus,Rubus,paludosus,Fungi,Polyporaceae,Borstelkurkzwam spec.,https://galerij.kb.nl/kb.html#/nl/florabatava27/page/14/zoom/3/lat/-64.24459476798192/lng/-34.62890625,False,Rubus paludosus
KW_T_423a_27_0150R,27,Avena sterilis subsp. macrocarpa,Avena sterilis,Avena,sterilis,Fungi,Climacocystaceae,Duindennenzwam,https://galerij.kb.nl/kb.html#/nl/florabatava27/page/14/zoom/3/lat/-64.24459476798192/lng/-34.62890625,False,Avena sterilis
KW_T_423a_27_0151R,27,Galera mniophila / Flammula penetrans,Galerina spec. / Coniferspilus penetrans,Galerina / Coniferspilus,spec. / penetrans,Fungi,Arcyriaceae / Stemonitidaceae,Lang netwatje / Zwart reuzenkussen,https://galerij.kb.nl/kb.html#/nl/florabatava27/page/15/zoom/3/lat/-60.93043220292333/lng/-101.865234375,True,Galerina spec. / Coniferspilus penetrans
KW_T_423a_27_0152R,27,Thelephora sowerbyi / Thelephora laciniata,Stereopsis vitellina / Thelephora terrestris,Stereopsis / Thelephora,vitellina / terrestris,Flowering plants,Rosaceae / Plantaginaceae,Zoete haarbraam / Vlozaad,https://galerij.kb.nl/kb.html#/nl/florabatava27/page/17/zoom/3/lat/-58.58543569119916/lng/-65.302734375,True,Stereopsis vitellina / Thelephora terrestris
KW_T_423a_27_0153R,27,Rubus rivularis,Rubus serpens,Rubus,serpens,Fungi,Pluteaceae,Grauwgroene hertenzwam,https://galerij.kb.nl/kb.html#/nl/florabatava27/page/20/zoom/3/lat/-66.23145747862573/lng/-39.55078125,False,Rubus serpens
KW_T_423a_27_0154R,27,Geaster pectinatus,Geastrum pectinatum,Geastrum,pectinatum,Fungi,Pluteaceae,Hertenzwam spec.,https://galerij.kb.nl/kb.html#/nl/florabatava27/page/20/zoom/3/lat/-66.23145747862573/lng/-39.55078125,False,Geastrum pectinatum
KW_T_423a_27_0155R,27,Hygrophorus laetus / Omphalia postii,Hygrocybe glutinipes var. rubra / Loreleia postii,Hygrocybe / Loreleia,glutinipes var. rubra / postii,Fungi,Hygrocybaceae / Russulaceae,Gele wasplaat / Oranje melkzwam,https://galerij.kb.nl/kb.html#/nl/florabatava27/page/22/zoom/3/lat/-66.23145747862573/lng/-39.55078125,True,Hygrocybe glutinipes var. rubra / Loreleia postii
KW_T_423a_27_0156R,27,Polyporus lacteus,Postia stiptica,Postia,stiptica,Flowering plants,Verbenaceae,Stijf ijzerhard,https://galerij.kb.nl/kb.html#/nl/florabatava27/page/23/zoom/3/lat/-66.23145747862573/lng/-39.55078125,False,Postia stiptica
KW_T_423a_27_0157R,27,Beta macrocarpa,Beta macrocarpa,Beta,macrocarpa,Flowering plants,Asteraceae,,https://galerij.kb.nl/kb.html#/nl/florabatava27/page/24/zoom/3/lat/-66.23145747862573/lng/-39.55078125,False,Beta macrocarpa
KW_T_423a_27_0158R,27,Discina venosa,Disciotis venosa,Disciotis,venosa,Fungi,Xylariaceae,Beukendopgeweizwam,https://galerij.kb.nl/kb.html#/nl/florabatava27/page/25/zoom/3/lat/-60.15244221438077/lng/-15.732421875,False,Disciotis venosa
KW_T_423a_27_0159R,27,Thyphula incarnata / Typhula erythropus,Typhula incarnata / Typhula erythropus,Typhula,incarnata / erythropus,Fungi,Sclerotiniaceae / Strophariaceae,Salomonsstromabekertje / Vroege leemhoed,https://galerij.kb.nl/kb.html#/nl/florabatava27/page/26/zoom/3/lat/-66.23145747862573/lng/-39.55078125,True,Typhula incarnata / Typhula erythropus
KW_T_423a_27_0160R,27,Typhula grevillei / Typhula mucor,Typhula setipes s.l. / Typhula mucor,Typhula,setipes s.l. / mucor,Flowering plants,Rosaceae / Poaceae,Moerasrandbraam / Wilde haver,https://galerij.kb.nl/kb.html#/nl/florabatava27/page/28/zoom/3/lat/-66.23145747862573/lng/-39.55078125,True,Typhula setipes s.l. / Typhula mucor
KW_T_423a_27_0161R,27,Rubus rosaceus,Rubus rubicundus,Rubus,rubicundus,Fungi,Strophariaceae,Mosklokje spec.,https://galerij.kb.nl/kb.html#/nl/florabatava27/page/31/zoom/3/lat/-66.23145747862573/lng/-39.55078125,False,Rubus rubicundus
KW_T_423a_27_0162R,27,Anacyclus clavatus,Anacyclus clavatus,Anacyclus,clavatus,Fungi,Strophariaceae,Dennenvlamhoed,https://galerij.kb.nl/kb.html#/nl/florabatava27/page/31/zoom/3/lat/-66.23145747862573/lng/-39.55078125,False,Anacyclus clavatus
KW_T_423a_27_0163R,27,Mycena aurantio-marginata,Mycena aurantiomarginata,Mycena,aurantiomarginata,Fungi,Meruliaceae,Gele grondkorstzwam,https://galerij.kb.nl/kb.html#/nl/florabatava27/page/33/zoom/3/lat/-66.23145747862573/lng/-39.55078125,False,Mycena aurantiomarginata
KW_T_423a_27_0164R,27,Omphalia hydrogramma,Clitocybe phaeophthalma,Clitocybe,phaeophthalma,Fungi,Thelephoraceae,Gewone franjezwam,https://galerij.kb.nl/kb.html#/nl/florabatava27/page/33/zoom/3/lat/-66.23145747862573/lng/-39.55078125,False,Clitocybe phaeophthalma
KW_T_423a_27_0165R,27,Gentiana ciliata,Gentianopsis ciliata,Gentianopsis,ciliata,Flowering plants,Rosaceae,,https://galerij.kb.nl/kb.html#/nl/florabatava27/page/34/zoom/3/lat/-66.23145747862573/lng/-39.55078125,False,Gentianopsis ciliata
KW_T_423a_27_0166R,27,Rubus saltuum x villicaulis,Rubus egregius,Rubus,egregius,Fungi,Geastraceae,Grote aardster,https://galerij.kb.nl/kb.html#/nl/florabatava27/page/35/zoom/3/lat/-66.23145747862573/lng/-39.55078125,False,Rubus egregius
KW_T_423a_27_0167R,27,Geaster limbatus,Geastrum coronatum,Geastrum,coronatum,Fungi,Rickenellaceae,Oranjerood trechtertje,https://galerij.kb.nl/kb.html#/nl/florabatava27/page/37/zoom/3/lat/-66.19600891267761/lng/-39.55078125,False,Geastrum coronatum
KW_T_423a_27_0168R,27,Tremella albida / Exidia viscosa,Exidia nucleata / Exidia plana,Exidia,nucleata / plana,Fungi,Postiaceae / Amaranthaceae,Bittere kaaszwam,https://galerij.kb.nl/kb.html#/nl/florabatava27/page/38/zoom/3/lat/-66.23145747862573/lng/-39.55078125,True,Exidia nucleata / Exidia plana
KW_T_423a_27_0169R,27,Rubus divergens f. convexa x sciaphilus,Rubus camptostachys,Rubus,camptostachys,Fungi,Morchellaceae,Grote aderbekerzwam,https://galerij.kb.nl/kb.html#/nl/florabatava27/page/40/zoom/3/lat/-66.23145747862573/lng/-39.55078125,False,Rubus camptostachys
KW_T_423a_27_0170R,27,Tricholoma irinum,Lepista irina,Lepista,irina,Fungi,Typhulaceae,Roze grasknotsje,https://galerij.kb.nl/kb.html#/nl/florabatava27/page/41/zoom/3/lat/-66.23145747862573/lng/-39.55078125,False,Lepista irina
KW_T_423a_27_0171R,27,Lepiota clypeolaria / Lepiota echinella / Lepiota helveola,Lepiota magnispora / Lepiota spec. / Lepiota helveola,Lepiota,magnispora / spec. / helveola,Fungi,Typhulaceae / Rosaceae,#N/A / #N/A / Rode contrastbraam,https://galerij.kb.nl/kb.html#/nl/florabatava27/page/42/zoom/2/lat/-71.18775391813158/lng/-50.44921875,True,Lepiota magnispora / Lepiota spec. / Lepiota helveola
KW_T_423a_27_0172R,27,Omphalia belliae / Omphalia hepatica / Omphalia maura,Mycena belliae / Omphalina pyxidata / Myxomphalia maura,Mycena / Omphalina / Myxomphalia,belliae / pyxidata / maura,Flowering plants,Asteraceae / Mycenaceae / Clitocybaceae,Goudrandmycena / Spieringtrechterzwam,https://galerij.kb.nl/kb.html#/nl/florabatava27/page/47/zoom/3/lat/-66.23145747862573/lng/-39.55078125,True,Mycena belliae / Omphalina pyxidata / Myxomphalia maura
KW_T_423a_27_0173R,27,Rubus fuckelii,Rubus conothyrsoides,Rubus,conothyrsoides,Flowering plants,Gentianaceae,Franjegentiaan,https://galerij.kb.nl/kb.html#/nl/florabatava27/page/50/zoom/3/lat/-66.23145747862573/lng/-39.55078125,False,Rubus conothyrsoides
KW_T_423a_27_0174R,27,Hypomyces rosellus / Nectria granatum,Hypomyces rosellus / Ascomycetes spec.,Hypomyces / Ascomycetes,rosellus / spec.,Flowering plants,Rosaceae / Geastraceae,Smalle schuilbraam / Forse aardster,https://galerij.kb.nl/kb.html#/nl/florabatava27/page/51/zoom/3/lat/-66.23145747862573/lng/-39.55078125,True,Hypomyces rosellus / Ascomycetes spec.
KW_T_423a_27_0175R,27,Leptonia serrulata / Corticum caeruleum,Entoloma subgen. Leptonia / Terana caerulea,Entoloma / Terana,subgen. Leptonia / caerulea,Fungi,Exidiaceae,Klontjestrilzwam / Zwarte trilzwam,https://galerij.kb.nl/kb.html#/nl/florabatava27/page/54/zoom/3/lat/-68.2042121888185/lng/-25.751953125,True,Entoloma subgen. Leptonia / Terana caerulea
KW_T_423a_27_0176R,27,Leptonia chalybea / Leptonia placida / Leptonia lampropus,Entoloma subgen. Leptonia / Entoloma subgen. Leptonia / Entoloma subgen. Leptonia,Entoloma,subgen. Leptonia / subgen. Leptonia / subgen. Leptonia,Flowering plants,Rosaceae / Clitocybaceae / Agaricaceae,Bleke randbraam / Geurige schijnridderzwam / Geelbruine wolsteelparasolzwam,https://galerij.kb.nl/kb.html#/nl/florabatava27/page/55/zoom/3/lat/-66.23145747862573/lng/-39.55078125,True,Entoloma subgen. Leptonia / Entoloma subgen. Leptonia / Entoloma subgen. Leptonia
KW_T_423a_27_0177R,27,Hypochaeris maculata,Hypochaeris maculata,Hypochaeris,maculata,Fungi,Agaricaceae,Parasolzwam spec.,https://galerij.kb.nl/kb.html#/nl/florabatava27/page/57/zoom/3/lat/-66.23145747862573/lng/-39.55078125,False,Hypochaeris maculata
KW_T_423a_27_0178R,27,Lathyrus ochrus,Lathyrus ochrus,Lathyrus,ochrus,Fungi,Agaricaceae,#N/A,https://galerij.kb.nl/kb.html#/nl/florabatava27/page/57/zoom/3/lat/-66.23145747862573/lng/-39.55078125,False,Lathyrus ochrus
KW_T_423a_27_0179R,27,Stropharia squamosa / Stropharia coronilla,Leratiomyces squamosus / Stropharia coronilla,Leratiomyces / Stropharia,squamosus / coronilla,Fungi,Mycenaceae / Omphalinaceae,Rietmycena / Roodbruin trechtertje,https://galerij.kb.nl/kb.html#/nl/florabatava27/page/58/zoom/3/lat/-66.23145747862573/lng/-39.55078125,True,Leratiomyces squamosus / Stropharia coronilla
KW_T_423a_27_0180R,27,Paxillus panaeolus / Volvaria media,Ripartites tricholoma / Volvariella reidii,Ripartites / Volvariella,tricholoma / reidii,Fungi,Fayodiaceae / Rosaceae,Splijtplaat / Spitse twijfelbraam,https://galerij.kb.nl/kb.html#/nl/florabatava27/page/58/zoom/3/lat/-66.23145747862573/lng/-39.55078125,True,Ripartites tricholoma / Volvariella reidii
KW_T_423a_27_0181R,27,Rubus divergens f. convexa x sciaphilus,Rubus camptostachys,Rubus,camptostachys,Fungi,Hypocreaceae,Hangende zwameter,https://galerij.kb.nl/kb.html#/nl/florabatava27/page/60/zoom/3/lat/-66.23145747862573/lng/-39.55078125,False,Rubus camptostachys
KW_T_423a_27_0182R,27,Helianthus strumosus var. mollis,Helianthus decapetalus,Helianthus,decapetalus,Fungi,Indetermined,Zakjeszwam spec.,https://galerij.kb.nl/kb.html#/nl/florabatava27/page/60/zoom/3/lat/-66.23145747862573/lng/-39.55078125,False,Helianthus decapetalus
KW_T_423a_27_0183R,27,Panus conchatus,Panus conchatus,Panus,conchatus,Fungi,Phanerochaetaceae,Blauwe korstzwam,https://galerij.kb.nl/kb.html#/nl/florabatava27/page/62/zoom/3/lat/-66.23145747862573/lng/-39.55078125,False,Panus conchatus
KW_T_423a_27_0184R,27,Mycena adonis / Mycena citrinella var. alba / Mycena seynii,Mycena adonis / Mycena epipterygia  / Mycena seynesii,Mycena,adonis / epipterygia / seynesii,Flowering plants,Asteraceae / Fabaceae / Strophariaceae,Gevlekt biggenkruid / Geschubde stropharia,https://galerij.kb.nl/kb.html#/nl/florabatava27/page/65/zoom/3/lat/-66.23145747862573/lng/-39.55078125,True,Mycena adonis / Mycena epipterygia  / Mycena seynesii
KW_T_423a_27_0185R,27,Rubus divergens f. convexa x sciaphilus,Rubus camptostachys,Rubus,camptostachys,Fungi,Strophariaceae,Okergele stropharia,https://galerij.kb.nl/kb.html#/nl/florabatava27/page/67/zoom/3/lat/-66.23145747862573/lng/-39.55078125,False,Rubus camptostachys
KW_T_423a_27_0186R,27,Geranium divaricatum,Geranium divaricatum,Geranium,divaricatum,Fungi,Paralepistaceae,Gewoon vilthoedje,https://galerij.kb.nl/kb.html#/nl/florabatava27/page/68/zoom/3/lat/-66.23145747862573/lng/-39.55078125,False,Geranium divaricatum
KW_T_423a_27_0187R,27,Clavaria fennica,Ramaria fennica,Ramaria,fennica,Fungi,Pluteaceae,Kleinsporige beurszwam,https://galerij.kb.nl/kb.html#/nl/florabatava27/page/68/zoom/3/lat/-66.23145747862573/lng/-39.55078125,False,Ramaria fennica
KW_T_423a_27_0188R,27,Clavaria crocea / Lachnocladium pusillum / Clavaria rosea,Ramariopsis crocea / Clavulinopsis corniculata / Clavaria incarnata,Ramariopsis / Clavulinopsis / Clavaria,crocea / corniculata / incarnata,Flowering plants,Rosaceae / Asteraceae / Panaceae,Bleke randbraam / Trechtertaaiplaat,https://galerij.kb.nl/kb.html#/nl/florabatava27/page/55/zoom/3/lat/-66.23145747862573/lng/-39.55078125,True,Ramariopsis crocea / Clavulinopsis corniculata / Clavaria incarnata
KW_T_423a_27_0189R,27,Rubus divergens f. convexa x villicaulis f. pedicellis,Rubus horridus,Rubus,horridus,Fungi,Mycenaceae,Adonismycena,https://galerij.kb.nl/kb.html#/nl/florabatava27/page/74/zoom/3/lat/-66.23145747862573/lng/-39.55078125,False,Rubus horridus
KW_T_423a_27_0190R,27,Verbascum ovalifolium,Verbascum ovalifolium,Verbascum,ovalifolium,Fungi,Mycenaceae,Graskleefsteelmycena,https://galerij.kb.nl/kb.html#/nl/florabatava27/page/74/zoom/3/lat/-66.23145747862573/lng/-39.55078125,False,Verbascum ovalifolium
KW_T_423a_27_0191R,27,Entoloma nitidum / Enteridium olivaceum / Mycena meulenhoffiana,Entoloma nitidum / Reticularia olivacea / Mycenella bryophila,Entoloma / Reticularia / Mycenella,nitidum / olivacea / bryophila,Fungi,Mycenaceae / Rosaceae / Geraniaceae,Zeedenmycena / Bleke randbraam,https://galerij.kb.nl/kb.html#/nl/florabatava27/page/74/zoom/3/lat/-66.23145747862573/lng/-39.55078125,True,Entoloma nitidum / Reticularia olivacea / Mycenella bryophila
KW_T_423a_27_0192R,27,Pleurotus limpidus / Pleurotus fimbriatus,Hohenbuehelia spec. / Clitocybe spec.,Hohenbuehelia / Clitocybe,spec. / spec.,Fungi,Gomphaceae / Clavariaceae,Paarsbruine koraalzwam / Oranjegeel koraaltje,https://galerij.kb.nl/kb.html#/nl/florabatava27/page/79/zoom/3/lat/-67.40748724648755/lng/-42.71484375,True,Hohenbuehelia spec. / Clitocybe spec.
KW_T_423a_27_0193R,27,Rubus divergens f. convexa x vestitus f. brevis,Rubus glandithyrsos,Rubus,glandithyrsos,Fungi,Clavariaceae,Sikkelkoraalzwam,https://galerij.kb.nl/kb.html#/nl/florabatava27/page/80/zoom/3/lat/-67.40748724648755/lng/-42.71484375,False,Rubus glandithyrsos
KW_T_423a_27_0194R,27,Cladonia bacillaris / Cladonia macilenta / Cladonia deformis / Cladonia papillaria / Cladonia floerkeana / Cladonia verticillata,Cladonia macilenta / Cladonia macilenta / Cladonia deformis / Pycnothelia papillaria / Cladonia floerkeana / Cladonia verticillata,Cladonia / Pycnothelia,macilenta / macilenta / deformis / papillaria / floerkeana / verticillata,Fungi,Clavariaceae / Rosaceae / Scrophulariaceae / Entolomataceae / Reticulariaceae / Tricholomataceae,Zonnegloedknotszwam / Stijve volgbraam / Blauwe satijnzwam / Olijfkleurig boomkussen / Tweesporig taaisteeltje,https://galerij.kb.nl/kb.html#/nl/florabatava27/page/80/zoom/3/lat/-67.40748724648755/lng/-42.71484375,True,Cladonia macilenta / Cladonia macilenta / Cladonia deformis / Pycnothelia papillaria / Cladonia floerkeana / Cladonia verticillata
KW_T_423a_27_0195R,27,Marasmius globularis / Clavaria asterospora,Marasmius wynneae / Clavaria falcata,Marasmius / Clavaria,wynneae / falcata,Fungi,Pleurotaceae / Clitocybaceae,Harpoenzwam spec. / Trechterzwam spec.,https://galerij.kb.nl/kb.html#/nl/florabatava27/page/87/zoom/3/lat/-67.40748724648755/lng/-42.71484375,True,Marasmius wynneae / Clavaria falcata
KW_T_423a_27_0196R,27,Mycena epipterygioides / Mycena fellea / Mycena receptibilis / Mycena megalospora,Mycena epipterygia s.l. / Mycena erubescens / Lyophyllum tylicolor  / Agaricales spec.,Mycena / Lyophyllum / Agaricales,epipterygia s.l. / erubescens / tylicolor / spec.,Flowering plants,Rosaceae / Cladoniaceae,Rode contrastbraam / Dove heidelucifer / Dove heidelucifer / Fraai bekermos,https://galerij.kb.nl/kb.html#/nl/florabatava27/page/88/zoom/3/lat/-62.71446210149772/lng/-68.994140625,True,Mycena epipterygia s.l. / Mycena erubescens / Lyophyllum tylicolor  / Agaricales spec.
KW_T_423a_27_0197R,27,Rubus sciaphilus x Rubus villicaulis,Rubus spec.,Rubus,spec.,Fungi,Cladoniaceae,Rijstkorrelmos,https://galerij.kb.nl/kb.html#/nl/florabatava27/page/90/zoom/3/lat/-67.40748724648755/lng/-42.71484375,False,Rubus spec.
KW_T_423a_27_0198R,27,Cladonia unicialis,Cladonia uncialis,Cladonia,uncialis,Fungi,Cladoniaceae,Rode heidelucifer,https://galerij.kb.nl/kb.html#/nl/florabatava27/page/90/zoom/3/lat/-67.40748724648755/lng/-42.71484375,False,Cladonia uncialis
KW_T_423a_27_0199R,27,Clitocybe lenticulosa,Lepista flaccida,Lepista,flaccida,Fungi,Cladoniaceae,Stuifzandstapelbekertje,https://galerij.kb.nl/kb.html#/nl/florabatava27/page/90/zoom/3/lat/-67.40748724648755/lng/-42.71484375,False,Lepista flaccida
KW_T_423a_27_0200R,27,Puccinia coronata,Puccinia coronata,Puccinia,coronata,Fungi,Marasmiaceae,Beukentaailing,https://galerij.kb.nl/kb.html#/nl/florabatava27/page/92/zoom/3/lat/-67.40748724648755/lng/-42.71484375,False,Puccinia coronata
KW_T_423a_27_0201R,27,Rubus divergens x sulcatus,Rubus spec. serie Suberectigeni ,Rubus,spec. serie Suberectigeni,Fungi,Clavariaceae,#N/A,https://galerij.kb.nl/kb.html#/nl/florabatava27/page/92/zoom/3/lat/-67.40748724648755/lng/-42.71484375,False,Rubus spec. serie Suberectigeni 
KW_T_423a_27_0202R,27,Cladonia foliacea,Cladonia foliacea,Cladonia,foliacea,Fungi,Mycenaceae,Bittere mycena,https://galerij.kb.nl/kb.html#/nl/florabatava27/page/94/zoom/3/lat/-65.69447579373418/lng/-82.177734375,False,Cladonia foliacea
KW_T_423a_27_0203R,27,Lepiota clypeolaria / Lepiota castanea,Lepiota magnispora / Crinipellis scabellus,Lepiota / Crinipellis,magnispora / scabellus,Fungi,Lyophyllaceae / Indetermined,Kleine grauwkop / Plaatjeszwam spec.,https://galerij.kb.nl/kb.html#/nl/florabatava27/page/94/zoom/3/lat/-65.69447579373418/lng/-82.177734375,True,Lepiota magnispora / Crinipellis scabellus
KW_T_423a_27_0204R,27,Mycena iris / Mycena rorida,Mycena amicta / Roridomyces roridus,Mycena / Roridomyces,amicta / roridus,Flowering plants,Rosaceae / Cladoniaceae,Braam spec. / Varkenspootje,https://galerij.kb.nl/kb.html#/nl/florabatava27/page/96/zoom/3/lat/-50.00773901463686/lng/-76.201171875,True,Mycena amicta / Roridomyces roridus
KW_T_423a_27_0205R,27,Rubus divergens f. convexa x fissus f. levis,Rubus rhytidophyllus,Rubus,rhytidophyllus,Fungi,Clitocybaceae,Roodbruine schijnridderzwam,https://galerij.kb.nl/kb.html#/nl/florabatava27/page/99/zoom/3/lat/-67.40748724648755/lng/-42.802734375,False,Rubus rhytidophyllus
KW_T_423a_27_0206R,27,Cladonia rangiformis (rangiferina),Cladonia rangiferina,Cladonia,rangiferina,Fungi,Pucciniaceae,Kroonroest,https://galerij.kb.nl/kb.html#/nl/florabatava27/page/100/zoom/3/lat/-67.40748724648755/lng/-42.71484375,False,Cladonia rangiferina
KW_T_423a_27_0207R,27,Naucoria centunculus / Pleurotus petaloides,Simocybe haustellaris / Hohenbuehelia petaloides,Simocybe / Hohenbuehelia,haustellaris / petaloides,Fungi,Cladoniaceae / Agaricaceae,Zomersneeuw / Geelbruine wolsteelparasolzwam,https://galerij.kb.nl/kb.html#/nl/florabatava27/page/103/zoom/3/lat/-67.40748724648755/lng/-42.71484375,True,Simocybe haustellaris / Hohenbuehelia petaloides
KW_T_423a_27_0208R,27,Cordiceps cinerea / Clavaria tenacella,Ophiocordyceps entomorrhiza / Clavaria pullei,Ophiocordyceps / Clavaria,entomorrhiza / pullei,Fungi,Marasmiaceae / Mycenaceae,Piekhaarzwammetje / Donzige mycena,https://galerij.kb.nl/kb.html#/nl/florabatava27/page/104/zoom/3/lat/-67.40748724648755/lng/-42.71484375,True,Ophiocordyceps entomorrhiza / Clavaria pullei
KW_T_423a_27_0209R,27,Rubus obscurus nra. decorus,Rubus cinerascens,Rubus,cinerascens,Fungi,Mycenaceae,Slijmsteelmycena,https://galerij.kb.nl/kb.html#/nl/florabatava27/page/106/zoom/3/lat/-63.6267446447533/lng/-105.380859375,False,Rubus cinerascens
KW_T_423a_27_0210R,27,Lactarius azonites (= L. fuliginosus),Lactarius ruginosus,Lactarius,ruginosus,Flowering plants,Rosaceae,Ruwen randbraam,https://galerij.kb.nl/kb.html#/nl/florabatava27/page/107/zoom/3/lat/-67.40748724648755/lng/-42.71484375,False,Lactarius ruginosus
KW_T_423a_27_0211R,27,Pleurotus nivosus / Pleurotus myxotrichus,Hohenbuehelia spec. / Hohenbuehelia spec.,Hohenbuehelia,spec. / spec.,Fungi,Cladoniaceae / Crepidotaceae,Echt rendiermos / Gewoon matkopje,https://galerij.kb.nl/kb.html#/nl/florabatava27/page/109/zoom/3/lat/-61.56457388515458/lng/-73.740234375,True,Hohenbuehelia spec. / Hohenbuehelia spec.
KW_T_423a_27_0212R,27,Leptopodia (Hevella) atra / Microglossum (Corynetes) arenarium,Helvella atra  / Geoglossum arenarium,Helvella / Geoglossum,atra / arenarium,Fungi,Pleurotaceae / Ophiocordycipitaceae,Grote harpoenzwam / Loopkeverdoder [voorgestelde nieuwe naam],https://galerij.kb.nl/kb.html#/nl/florabatava27/page/110/zoom/3/lat/-67.40748724648755/lng/-42.71484375,True,Helvella atra  / Geoglossum arenarium
KW_T_423a_28_0106R,28,Rubus divergens var. convexa x fissus f. rugosa,Rubus perdessimus,Rubus,perdessimus,Fungi,Clavariaceae,Zwartbruine knotszwam,https://galerij.kb.nl/kb.html#/nl/florabatava27/page/112/zoom/3/lat/-67.5421666883853/lng/-42.71484375,False,Rubus perdessimus
KW_T_423a_28_0107R,28,Fomes (Ungulina) fraxineus,Perenniporia fraxinea,Perenniporia,fraxinea,Flowering plants,Rosaceae,Fijne kambraam,https://galerij.kb.nl/kb.html#/nl/florabatava27/page/113/zoom/3/lat/-67.5421666883853/lng/-42.71484375,False,Perenniporia fraxinea
KW_T_423a_28_0108R,28,Hypoxylon multiforme,Annulohypoxylon multiforme,Annulohypoxylon,multiforme,Fungi,Russulaceae,Gekartelde fluweelmelkzwam,https://galerij.kb.nl/kb.html#/nl/florabatava27/page/114/zoom/3/lat/-67.5421666883853/lng/-42.71484375,False,Annulohypoxylon multiforme
KW_T_423a_28_0109R,28,Collybia radicata,Xerula radicata,Xerula,radicata,Fungi,Pleurotaceae,Harpoenzwam spec.,https://galerij.kb.nl/kb.html#/nl/florabatava27/page/87/zoom/3/lat/-67.40748724648755/lng/-42.71484375,False,Xerula radicata
KW_T_423a_28_0110R,28,Rubus vulgaris subsp. mollis,Rubus spec.,Rubus,spec.,Fungi,Pleurotaceae,Harpoenzwam spec.,https://galerij.kb.nl/kb.html#/nl/florabatava27/page/87/zoom/3/lat/-67.40748724648755/lng/-42.71484375,False,Rubus spec.
KW_T_423a_28_0111R,28,Daedaleopsis confragosa,Daedaleopsis confragosa,Daedaleopsis,confragosa,Fungi,Helvellaceae,Roetkluifzwam,https://galerij.kb.nl/kb.html#/nl/florabatava27/page/117/zoom/2/lat/-70.14036427207168/lng/-56.42578125,False,Daedaleopsis confragosa
KW_T_423a_28_0112R,28,Ulocolla saccharina,Exidia saccharina,Exidia,saccharina,Fungi,Geoglossaceae,Zandaardtong,https://galerij.kb.nl/kb.html#/nl/florabatava27/page/116/zoom/3/lat/-67.5421666883853/lng/-42.71484375,False,Exidia saccharina
KW_T_423a_28_0113R,28,Coprinus sterquilinus,Coprinus sterquilinus,Coprinus,sterquilinus,Flowering plants,Rosaceae,Arme ruigtebraam,https://galerij.kb.nl/kb.html#/nl/florabatava28/page/7/zoom/3/lat/-70.22974449563026/lng/-34.716796875,False,Coprinus sterquilinus
KW_T_423a_28_0114R,28,Rubus plicatus x villicaulis,Rubus spec.,Rubus,spec.,Fungi,Polyporaceae,Essenzwam,https://galerij.kb.nl/kb.html#/nl/florabatava28/page/8/zoom/3/lat/-65.5129625532949/lng/-30.05859375,False,Rubus spec.
KW_T_423a_28_0115R,28,Mycena avenacea / Mycena chlorantha,Mycena olivaceomarginata / Mycena chlorantha,Mycena,olivaceomarginata / chlorantha,Fungi,Hypoxylaceae / Physalacriaceae,Vergroeide kogelzwam / Beukwortelzwam,https://galerij.kb.nl/kb.html#/nl/florabatava28/page/9/zoom/3/lat/-65.5129625532949/lng/-30.05859375,True,Mycena olivaceomarginata / Mycena chlorantha
KW_T_423a_28_0116R,28,Mycena haematopoda / Mycena stannea,Mycena haematopus / Mycena spec.,Mycena,haematopus / spec.,Flowering plants,Rosaceae / Polyporaceae,Braam spec. / Roodporiehoutzwam,https://galerij.kb.nl/kb.html#/nl/florabatava28/page/12/zoom/3/lat/-47.93106634750977/lng/-27.333984375,True,Mycena haematopus / Mycena spec.
KW_T_423a_28_0117R,28,Mycena metata / Mycena luteo-alba var. sulphureo-maculata,Mycena metata / Mycena flavescens,Mycena,metata / flavescens,Fungi,Exidiaceae / Agaricaceae,Bruinesuikerzwam / Geringde inktzwam,https://galerij.kb.nl/kb.html#/nl/florabatava28/page/14/zoom/3/lat/-65.5129625532949/lng/-30.05859375,True,Mycena metata / Mycena flavescens
KW_T_423a_28_0118R,28,Rubus divergens var. convexa x vestitus n. reflexa,Rubus spec.,Rubus,spec.,Flowering plants,Rosaceae,Braam spec.,https://galerij.kb.nl/kb.html#/nl/florabatava28/page/16/zoom/3/lat/-58.493693820568055/lng/-87.802734375,False,Rubus spec.
KW_T_423a_28_0119R,28,Verpa digitaliformis,Verpa conica,Verpa,conica,Fungi,Mycenaceae,Bruinsnedemycena,https://galerij.kb.nl/kb.html#/nl/florabatava28/page/18/zoom/3/lat/-64.24459476798192/lng/-103.095703125,False,Verpa conica
KW_T_423a_28_0120R,28,Geopyxis (Plicaria) muralis,Peziza spec.,Peziza,spec.,Fungi,Mycenaceae,Groene mycena,https://galerij.kb.nl/kb.html#/nl/florabatava28/page/17/zoom/3/lat/-60.50052541051129/lng/-19.072265625,False,Peziza spec.
KW_T_423a_28_0121R,28,Trametes odorata / Trametes serialis,Gloeophyllum odoratum / Antrodia serialis,Gloeophyllum / Antrodia,odoratum / serialis,Fungi,Mycenaceae,Grote bloedsteelmycena / Mycena spec.,https://galerij.kb.nl/kb.html#/nl/florabatava28/page/19/zoom/3/lat/-65.5129625532949/lng/-30.05859375,True,Gloeophyllum odoratum / Antrodia serialis
KW_T_423a_28_0122R,28,Rubus radula,Rubus spec.,Rubus,spec.,Fungi,Mycenaceae,Dennenmycena,https://galerij.kb.nl/kb.html#/nl/florabatava28/page/21/zoom/3/lat/-65.5129625532949/lng/-30.05859375,False,Rubus spec.
KW_T_423a_28_0123R,28,Pluteus pellitus,Pluteus pellitus,Pluteus,pellitus,Fungi,Mycenaceae,Geelsnedemycena,https://galerij.kb.nl/kb.html#/nl/florabatava28/page/21/zoom/3/lat/-65.5129625532949/lng/-30.05859375,False,Pluteus pellitus
KW_T_423a_28_0124R,28,Eccilia griseorubella / Hygrophorus subradiatus var. lacmus,Entoloma phaeocyathus  / Hygrocybe lacmus,Entoloma / Hygrocybe,phaeocyathus / lacmus,Flowering plants,Rosaceae / Morchellaceae,Braam spec. / Vingerhoedje,https://galerij.kb.nl/kb.html#/nl/florabatava28/page/22/zoom/3/lat/-58.95000823335702/lng/-73.388671875,True,Entoloma phaeocyathus  / Hygrocybe lacmus
KW_T_423a_28_0125R,28,Hypholoma elongatum / Hypholoma elaeodes,Hypholoma elongatum / Hypholoma capnoides,Hypholoma,elongatum / capnoides,Fungi,Pezizaceae / Gloeophyllaceae,Bekerzwam spec. / Korianderzwam,https://galerij.kb.nl/kb.html#/nl/florabatava28/page/25/zoom/3/lat/-64.51064316846676/lng/-74.619140625,True,Hypholoma elongatum / Hypholoma capnoides
KW_T_423a_28_0126R,28,Rubus divergens x villicaulis,Rubus bovinus,Rubus,bovinus,Fungi,Fomitopsidaceae,Kurkstrookzwam,https://galerij.kb.nl/kb.html#/nl/florabatava28/page/26/zoom/3/lat/-65.5129625532949/lng/-30.05859375,False,Rubus bovinus
KW_T_423a_28_0127R,28,Paxillus extenuatus,Agaricales spec.,Agaricales,spec.,Flowering plants,Rosaceae,Braam spec.,https://galerij.kb.nl/kb.html#/nl/florabatava28/page/27/zoom/3/lat/-76.70001918871924/lng/-2.900390625,False,Agaricales spec.
KW_T_423a_28_0128R,28,Clitocybe pityophila,Clitocybe houghtonii,Clitocybe,houghtonii,Fungi,Pluteaceae,Sneeuwwitte hertenzwam,https://galerij.kb.nl/kb.html#/nl/florabatava28/page/28/zoom/3/lat/-65.5129625532949/lng/-30.05859375,False,Clitocybe houghtonii
KW_T_423a_28_0129R,28,Collybia hariolorum,Coniferspus peronatus,Coniferspus,peronatus,Fungi,Entolomataceae,Grauwe trechtersatijnzwam,https://galerij.kb.nl/kb.html#/nl/florabatava28/page/30/zoom/3/lat/-67.80924450600008/lng/-32.87109375,False,Coniferspus peronatus
KW_T_423a_28_0130R,28,Rubus rectangulatus,Rubus gracilis?,Rubus,gracilis?,Fungi,Hygrocybaceae,Violetgrijze wasplaat,https://galerij.kb.nl/kb.html#/nl/florabatava28/page/29/zoom/2/lat/-65.80277639340238/lng/-49.74609374999999,False,Rubus gracilis?
KW_T_423a_28_0131R,28,Pholiota praecox,Agrocybe praecox,Agrocybe,praecox,Fungi,Strophariaceae,Bleke moeraszwavelkop,https://galerij.kb.nl/kb.html#/nl/florabatava28/page/31/zoom/3/lat/-67.80924450600008/lng/-32.87109375,False,Agrocybe praecox
KW_T_423a_28_0132R,28,Clitocybe gilva,Clitocybe spec.,Clitocybe,spec.,Fungi,Strophariaceae,Dennenzwavelkop,https://galerij.kb.nl/kb.html#/nl/florabatava28/page/31/zoom/3/lat/-67.80924450600008/lng/-32.87109375,False,Clitocybe spec.
KW_T_423a_28_0133R,28,Flammula astragalina,Pholiota astragalina,Pholiota,astragalina,Flowering plants,Rosaceae,Ruige tandbraam,https://galerij.kb.nl/kb.html#/nl/florabatava28/page/32/zoom/2/lat/-71.85622888185527/lng/-45.87890625,False,Pholiota astragalina
KW_T_423a_28_0134R,28,Rubus vestitus,Rubus cf. vestitus,Rubus,cf. vestitus,Fungi,Indetermined,Plaatjeszwam spec.,https://galerij.kb.nl/kb.html#/nl/florabatava28/page/34/zoom/2/lat/-71.80141030136785/lng/-45.87890625,False,Rubus cf. vestitus
KW_T_423a_28_0135R,28,Hypholoma cotoneum,Psathyrella cotonea,Psathyrella,cotonea,Fungi,Clitocybaceae,Adonistrechterzwam,https://galerij.kb.nl/kb.html#/nl/florabatava28/page/35/zoom/3/lat/-57.657157596582984/lng/-81.82617187499999,False,Psathyrella cotonea
KW_T_423a_28_0136R,28,Lepiota cepistipes,Leucocoprinus brebissonii,Leucocoprinus,brebissonii,Fungi,Omphalotaceae,Scherpe collybia,https://galerij.kb.nl/kb.html#/nl/florabatava28/page/36/zoom/3/lat/-67.80924450600008/lng/-32.87109375,False,Leucocoprinus brebissonii
KW_T_423a_28_0137R,28,Lepiota cepistipes var. lutea,Leucocoprinus straminellus,Leucocoprinus,straminellus,Flowering plants,Rosaceae,,https://galerij.kb.nl/kb.html#/nl/florabatava28/page/37/zoom/3/lat/-67.80924450600008/lng/-32.87109375,False,Leucocoprinus straminellus
KW_T_423a_28_0138R,28,Rubus caesius x fuscus,Rubus caesius x fuscus?,Rubus,caesius x fuscus?,Fungi,Strophariaceae,Vroege leemhoed,https://galerij.kb.nl/kb.html#/nl/florabatava28/page/38/zoom/3/lat/-64.51064316846676/lng/-74.619140625,False,Rubus caesius x fuscus?
KW_T_423a_28_0139R,28,Hygrophorus chlorophanus,Hygrocybe subpapillata,Hygrocybe,subpapillata,Fungi,Clitocybaceae,Trechterzwam spec.,https://galerij.kb.nl/kb.html#/nl/florabatava28/page/39/zoom/3/lat/-61.897577621605016/lng/-67.412109375,False,Hygrocybe subpapillata
KW_T_423a_28_0140R,28,Cortinarius (Dermocybe) sanguineus,Cortinarius sanguineus,Cortinarius,sanguineus,Fungi,Strophariaceae,Goudvinkzwam,https://galerij.kb.nl/kb.html#/nl/florabatava28/page/40/zoom/3/lat/-67.80924450600008/lng/-32.87109375,False,Cortinarius sanguineus
KW_T_423a_28_0141R,28,Polystictus hirsutus,Postia spec.,Postia,spec.,Fungi,Psathyrellaceae,Geelvoetfranjehoed,https://galerij.kb.nl/kb.html#/nl/florabatava28/page/43/zoom/3/lat/-67.13582938531948/lng/-80.068359375,False,Postia spec.
KW_T_423a_28_0142R,28,Rubus bifrons,Rubus bifrons,Rubus,bifrons,Fungi,Agaricaceae,Spikkelplooiparasol,https://galerij.kb.nl/kb.html#/nl/florabatava28/page/45/zoom/3/lat/-67.80924450600008/lng/-32.87109375,False,Rubus bifrons
KW_T_423a_28_0143R,28,Merulius laeticolor,Leucogyrophana mollusca s.l.,Leucogyrophana,mollusca s.l.,Fungi,Agaricaceae,Zwavelgele plooiparasol,https://galerij.kb.nl/kb.html#/nl/florabatava28/page/45/zoom/3/lat/-67.80924450600008/lng/-32.87109375,False,Leucogyrophana mollusca s.l.
KW_T_423a_28_0144R,28,Tricholoma squarrulosum,Tricholoma squarrulosum,Tricholoma,squarrulosum,Fungi,Hygrocybaceae,Vroege wasplaat,https://galerij.kb.nl/kb.html#/nl/florabatava28/page/48/zoom/3/lat/-67.80924450600008/lng/-32.87109375,False,Tricholoma squarrulosum
KW_T_423a_28_0145R,28,Omphalia leucophylla   ,Gamundia striatula,Gamundia,striatula,Fungi,Cortinariaceae,Bloedrode gordijnzwam,https://galerij.kb.nl/kb.html#/nl/florabatava28/page/49/zoom/3/lat/-62.226996036319726/lng/-82.880859375,False,Gamundia striatula
KW_T_423a_28_0146R,28,Rubus plicatus,Rubus fruticosus,Rubus,fruticosus,Fungi,Postiaceae,Kaaszwam spec.,https://galerij.kb.nl/kb.html#/nl/florabatava28/page/50/zoom/3/lat/-67.80924450600008/lng/-32.87109375,False,Rubus fruticosus
KW_T_423a_28_0147R,28,Tricholoma scalpturatum,Megacollybia platyphylla,Megacollybia,platyphylla,Flowering plants,Rosaceae,Viltbraam spec.?,https://galerij.kb.nl/kb.html#/nl/florabatava28/page/51/zoom/3/lat/-67.80924450600008/lng/-32.87109375,False,Megacollybia platyphylla
KW_T_423a_28_0148R,28,Lepiota haematosperma,Melanophyllum haematospermum,Melanophyllum,haematospermum,Fungi,Tricholomataceae,Spikkelsteelridderzwam,https://galerij.kb.nl/kb.html#/nl/florabatava28/page/53/zoom/3/lat/-62.226996036319726/lng/-82.880859375,False,Melanophyllum haematospermum
KW_T_423a_28_0149R,28,Hypholoma pilulaeforme,Psathyrella multipedata,Psathyrella,multipedata,Fungi,Fayodiaceae,Kleverig trechtertje,https://galerij.kb.nl/kb.html#/nl/florabatava28/page/54/zoom/3/lat/-67.80924450600008/lng/-32.87109375,False,Psathyrella multipedata
KW_T_423a_28_0150R,28,Rubus fissus x villicaulis,Rubus fissus x Rubus gracilis,Rubus,fissus x Rubus gracilis,Flowering plants,Rosaceae,Gewone braam,https://galerij.kb.nl/kb.html#/nl/florabatava28/page/55/zoom/3/lat/-67.80924450600008/lng/-32.87109375,False,Rubus fissus x Rubus gracilis
KW_T_423a_28_0151R,28,Boletus sanguineus,Xerocomellus rubellus,Xerocomellus,rubellus,Fungi,Marasmiaceae,Breedplaatstreephoed,https://galerij.kb.nl/kb.html#/nl/florabatava28/page/56/zoom/3/lat/-62.226996036319726/lng/-82.880859375,False,Xerocomellus rubellus
KW_T_423a_28_0152R,28,Psilocybe physaloides,Deconica montana,Deconica,montana,Fungi,Agaricaceae,Verkleurzwammetje,https://galerij.kb.nl/kb.html#/nl/florabatava28/page/57/zoom/3/lat/-67.80924450600008/lng/-32.87109375,False,Deconica montana
KW_T_423a_28_0153R,28,Collybia atrata   ,Lyophyllum atratum,Lyophyllum,atratum,Fungi,Psathyrellaceae,Bundelfranjehoed,https://galerij.kb.nl/kb.html#/nl/florabatava28/page/58/zoom/3/lat/-67.80924450600008/lng/-32.87109375,False,Lyophyllum atratum
KW_T_423a_28_0154R,28,Geranium carolinianum,Geranium carolinianum,Geranium,carolinianum,Fungi,Boletaceae,Rode boleet,https://galerij.kb.nl/kb.html#/nl/florabatava28/page/60/zoom/3/lat/-67.80924450600008/lng/-32.87109375,False,Geranium carolinianum
KW_T_423a_28_0155R,28,Spumaria spongiosa / Physarum psittacinum,Mucilago crustacea / Physarum psittacinum,Mucilago / Physarum,crustacea / psittacinum,Fungi,Strophariaceae / Lyophyllaceae,Zandkaalkopje / Gladsporig pekzwammetje,https://galerij.kb.nl/kb.html#/nl/florabatava28/page/61/zoom/3/lat/-67.80924450600008/lng/-32.87109375,True,Mucilago crustacea / Physarum psittacinum
KW_T_423a_28_0156R,28,Taphrina pruni,Taphrina pruni,Taphrina,pruni,Flowering plants,Geraniaceae,,https://galerij.kb.nl/kb.html#/nl/florabatava28/page/63/zoom/3/lat/-67.80924450600008/lng/-32.87109375,False,Taphrina pruni
KW_T_423a_28_0157R,28,Amanita vaginata,Amanita vaginata,Amanita,vaginata,Fungi,Didymiaceae,Groot kalkschuim,https://galerij.kb.nl/kb.html#/nl/florabatava28/page/64/zoom/3/lat/-67.80924450600008/lng/-32.87109375,False,Amanita vaginata
KW_T_423a_28_0158R,28,Vicia lutea var. hirta,Vicia lutea,Vicia,lutea,Fungi,Physaraceae,Oranjesteelkalkkopje,https://galerij.kb.nl/kb.html#/nl/florabatava28/page/64/zoom/3/lat/-67.80924450600008/lng/-32.87109375,False,Vicia lutea
KW_T_423a_28_0159R,28,Hypocrea citrina,Hypocrea citrina,Hypocrea,citrina,Fungi,Taphrinaceae,Narrentasje,https://galerij.kb.nl/kb.html#/nl/florabatava28/page/66/zoom/3/lat/-67.80924450600008/lng/-32.87109375,False,Hypocrea citrina
KW_T_423a_28_0160R,28,Peniophora gigantea,Phlebiopsis gigantea,Phlebiopsis,gigantea,Fungi,Amanitaceae,Grijze slanke amaniet,https://galerij.kb.nl/kb.html#/nl/florabatava28/page/67/zoom/3/lat/-67.80924450600008/lng/-32.87109375,False,Phlebiopsis gigantea
KW_T_423a_28_0161R,28,Pholiota spectabilis,Gymnopilus junonius,Gymnopilus,junonius,Flowering plants,Fabaceae,Gele wikke,https://galerij.kb.nl/kb.html#/nl/florabatava28/page/68/zoom/3/lat/-62.226996036319726/lng/-82.880859375,False,Gymnopilus junonius
KW_T_423a_28_0162R,28,Polygonatum verticillatum (= Convallaria verticillata),Polygonatum verticillatum,Polygonatum,verticillatum,Fungi,Hypocreaceae,Platte kussentjeszwam,https://galerij.kb.nl/kb.html#/nl/florabatava28/page/69/zoom/3/lat/-67.80924450600008/lng/-32.87109375,False,Polygonatum verticillatum
KW_T_423a_28_0163R,28,Microglossum viride,Microglossum viride,Microglossum,viride,Fungi,Phanerochaetaceae,Dennenharszwam,https://galerij.kb.nl/kb.html#/nl/florabatava28/page/70/zoom/3/lat/-67.80924450600008/lng/-32.87109375,False,Microglossum viride
KW_T_423a_28_0164R,28,Rhodotus palmatus,Rhodotus palmatus,Rhodotus,palmatus,Fungi,Strophariaceae ,Prachtvlamhoed,https://galerij.kb.nl/kb.html#/nl/florabatava28/page/71/zoom/3/lat/-67.80924450600008/lng/-32.87109375,False,Rhodotus palmatus
KW_T_423a_28_0165R,28,Leucopaxillus paradoxus,Leucopaxillus cutefractus ,Leucopaxillus,cutefractus,Flowering plants,Asparagaceae,Kranssalomonszegel,https://galerij.kb.nl/kb.html#/nl/florabatava28/page/72/zoom/3/lat/-67.80924450600008/lng/-32.87109375,False,Leucopaxillus cutefractus 
KW_T_423a_28_0166R,28,Teucrium montanum   ,Teucrium montanum,Teucrium,montanum,Fungi,Leotiaceae,Groene aardtong,https://galerij.kb.nl/kb.html#/nl/florabatava28/page/73/zoom/3/lat/-67.80924450600008/lng/-32.87109375,False,Teucrium montanum
KW_T_423a_28_0167R,28,Hydnotrya tulasnei,Hydnotrya tulasnei,Hydnotrya,tulasnei,Fungi,Physalacriaceae,Zalmzwam,https://galerij.kb.nl/kb.html#/nl/florabatava28/page/74/zoom/3/lat/-67.80924450600008/lng/-32.87109375,False,Hydnotrya tulasnei
KW_T_423a_28_0168R,28,Collybia tenacella / Collybia tenacella,Strobilurus stephanocystis / Strobilurus esculentus,Strobilurus,stephanocystis / esculentus,Fungi,Tricholomataceae / Lamiaceae,Roomkleurige dikhoed / Berggamander,https://galerij.kb.nl/kb.html#/nl/florabatava28/page/75/zoom/3/lat/-67.80924450600008/lng/-32.87109375,True,Strobilurus stephanocystis / Strobilurus esculentus
KW_T_423a_28_0169R,28,Boletus (Ixocomus) viscidus,Suillus viscidus,Suillus,viscidus,Fungi,Discinaceae,Rosse doolhoftruffel,https://galerij.kb.nl/kb.html#/nl/florabatava28/page/77/zoom/3/lat/-67.80924450600008/lng/-32.87109375,False,Suillus viscidus
KW_T_423a_28_0170R,28,Teucrium botrys,Teucrium botrys,Teucrium,botrys,Fungi,Suillaceae,Grauwe ringboleet,https://galerij.kb.nl/kb.html#/nl/florabatava28/page/79/zoom/3/lat/-67.80924450600008/lng/-32.87109375,False,Teucrium botrys
KW_T_423a_28_0171R,28,Avena nuda,Avena nuda,Avena,nuda,Flowering plants,Lamiaceae,Trosgamander,https://galerij.kb.nl/kb.html#/nl/florabatava28/page/80/zoom/3/lat/-67.80924450600008/lng/-32.87109375,False,Avena nuda
KW_T_423a_28_0172R,28,Hypocrea gelatinosa / Hypoxylon multiforme,Hypocrea strictipilosa / Ascomycetes spec.,Hypocrea / Ascomycetes,strictipilosa / spec.,Flowering plants,Poaceae / Hypocreaceae,Bleke kussentjeszwam,https://galerij.kb.nl/kb.html#/nl/florabatava28/page/81/zoom/3/lat/-67.80924450600008/lng/-32.87109375,True,Hypocrea strictipilosa / Ascomycetes spec.
KW_T_423a_28_0173R,28,Androsaceus hudsoni,Marasmius hudsonii,Marasmius,hudsonii,Fungi,Indetermined,Zakjeszwam spec.,https://galerij.kb.nl/kb.html#/nl/florabatava28/page/82/zoom/3/lat/-70.46620742226557/lng/-13.623046875,False,Marasmius hudsonii
KW_T_423a_28_0174R,28,Euphrasia rostkoviana,Euphrasia officinalis,Euphrasia,officinalis,Fungi,Marasmiaceae,Hulsttaailing,https://galerij.kb.nl/kb.html#/nl/florabatava28/page/84/zoom/3/lat/-67.80924450600008/lng/-32.87109375,False,Euphrasia officinalis
KW_T_423a_28_0175R,28,Bromus villosus,Anisantha diandra,Anisantha,diandra,Flowering plants,Orobanchaceae,Beklierde ogentroost,https://galerij.kb.nl/kb.html#/nl/florabatava28/page/85/zoom/3/lat/-67.80924450600008/lng/-32.87109375,False,Anisantha diandra
KW_T_423a_28_0176R,28,Mycoacia fusco-atra / Hericium coralloides,Mycoacia fuscoatra / Hericium coralloides,Mycoacia / Hericium,fuscoatra / coralloides,Flowering plants,Poaceae / Meruliaceae,Hoge dravik / Bruinzwarte stekelkorstzwam,https://galerij.kb.nl/kb.html#/nl/florabatava28/page/86/zoom/3/lat/-67.80924450600008/lng/-32.87109375,True,Mycoacia fuscoatra / Hericium coralloides
KW_T_423a_28_0177R,28,Poria taxicola,Meruliopsis taxicola,Meruliopsis,taxicola,Fungi,Hericiaceae,Kammetjesstekelzwam,https://galerij.kb.nl/kb.html#/nl/florabatava28/page/87/zoom/3/lat/-67.80924450600008/lng/-32.87109375,False,Meruliopsis taxicola
KW_T_423a_28_0178R,28,Galeobdolon luteum var. vulgare & Galeobdolon vulgare,Lamiastrum galeobdolon subsp. galeobdolon,Lamiastrum,galeobdolon subsp. galeobdolon,Fungi,Irpicaceae,Rode plakkaatzwam,https://galerij.kb.nl/kb.html#/nl/florabatava28/page/89/zoom/3/lat/-67.80924450600008/lng/-32.87109375,False,Lamiastrum galeobdolon subsp. galeobdolon
KW_T_423a_28_0179R,28,Monolepis trifida,Blitum nuttallianum,Blitum,nuttallianum,Flowering plants,Amaranthaceae,,https://galerij.kb.nl/kb.html#/nl/florabatava28/page/91/zoom/3/lat/-67.80924450600008/lng/-32.87109375,False,Blitum nuttallianum
KW_T_423a_28_0180R,28,Hericium erinaceus,Hericium erinaceus,Hericium,erinaceus,Fungi,Hericiaceae,Pruikzwam,https://galerij.kb.nl/kb.html#/nl/florabatava28/page/92/zoom/3/lat/-67.80924450600008/lng/-32.87109375,False,Hericium erinaceus
KW_T_423a_28_0181R,28,Collybia racemosa,Dendrocollybia racemosa,Dendrocollybia,racemosa,Fungi,Clitocybaceae,Vertakte collybia,https://galerij.kb.nl/kb.html#/nl/florabatava28/page/93/zoom/3/lat/-67.80924450600008/lng/-32.87109375,False,Dendrocollybia racemosa
KW_T_423a_28_0182R,28,Rapistrum rugosum var. glabrum,Rapistrum rugosum,Rapistrum,rugosum,Flowering plants,Brassicaceae,Bolletjesraket,https://galerij.kb.nl/kb.html#/nl/florabatava28/page/94/zoom/3/lat/-67.80924450600008/lng/-32.87109375,False,Rapistrum rugosum
KW_T_423a_28_0183R,28,Vicia ervilia,Vicia ervilia,Vicia,ervilia,Flowering plants,Fabaceae,Linzenwikke,https://galerij.kb.nl/kb.html#/nl/florabatava28/page/95/zoom/3/lat/-67.80924450600008/lng/-32.87109375,False,Vicia ervilia
KW_T_423a_28_0184R,28,Polystictus cinnamomeus,Coltricia cinnamomea,Coltricia,cinnamomea,Fungi,Hymenochaetaceae,Zijdetolzwam,https://galerij.kb.nl/kb.html#/nl/florabatava28/page/96/zoom/3/lat/-67.80924450600008/lng/-32.87109375,False,Coltricia cinnamomea
KW_T_423a_28_0185R,28,Phallus iosmos,Phallus hadriani,Phallus,hadriani,Fungi,Phallaceae,Duinstinkzwam,https://galerij.kb.nl/kb.html#/nl/florabatava28/page/97/zoom/3/lat/-67.80924450600008/lng/-32.87109375,False,Phallus hadriani
