Volume;File name;File type;Species name RAW;Species name CURRENT;Genus;Epithet;Group;Family;Dutch common name;Link.KB;;;;;;;;;;;;;
1;KW_T_423_1_0020R.tif.jpg;illustration;Veronica chamaedrys;Veronica chamaedrys;Veronica;chamaedrys;Flowering plants;Brassicaceae;Pinksterbloem;https://galerij.kb.nl/kb.html#/nl/florabatava16/page/13/zoom/3/lat/-66.12496236487968/lng/-29.267578125;;;;;;;;;;;;;
1;KW_T_423_1_0022R.tif.jpg;illustration;Menyanthes trifoliata;Menyanthes trifoliata;Menyanthes;trifoliata;Flowering plants;Ranunculaceae;Bosanemoon (gevuldbloemig);https://galerij.kb.nl/kb.html#/nl/florabatava16/page/78/zoom/3/lat/-66.12496236487968/lng/-29.267578125;;;;;;;;;;;;;
1;KW_T_423_1_0024R.tif.jpg;illustration;Anagallis arvensis;Anagallis arvensis subsp. arvensis;Anagallis;arvensis subsp. arvensis;Flowering plants;Plantaginaceae;Vlasbekje (pelorisch);https://galerij.kb.nl/kb.html#/nl/florabatava03/page/55/zoom/3/lat/-69.162557908105/lng/-39.19921875;;;;;;;;;;;;;
1;KW_T_423_1_0026R.tif.jpg;illustration;Lychnis flos cuculi;Silene flos-cuculi;Silene;flos-cuculi;Flowering plants;Saxifragaceae;Haarlems klokkenspel;https://galerij.kb.nl/kb.html#/nl/florabatava15/page/39/zoom/3/lat/-65.98227002980873/lng/-25.224609375;;;;;;;;;;;;;
1;KW_T_423_1_0028R.tif.jpg;illustration;Caltha palustris;Caltha palustris subsp. palustris;Caltha;palustris subsp. palustris;Flowering plants;Asteraceae;Akkerdistel;https://galerij.kb.nl/kb.html#/nl/florabatava23/page/56/zoom/3/lat/-67.16995497083366/lng/-27.509765625;;;;;;;;;;;;;
1;KW_T_423_1_0030R.tif.jpg;illustration;Convallaria majalis;Convallaria majalis;Convallaria;majalis;Flowering plants;Poaceae;Geknikte vossenstaart;https://galerij.kb.nl/kb.html#/nl/florabatava24/page/10/zoom/3/lat/-65.6220226151064/lng/-26.103515625;;;;;;;;;;;;;
1;KW_T_423_1_0032R.tif.jpg;illustration;Epilobium angustifolium;Chamaenerion angustifolium;Chamaenerion;angustifolium;Flowering plants;Cyperaceae;Dwergzegge / Geelgroene zegge;https://galerij.kb.nl/kb.html#/nl/florabatava06/page/42/zoom/3/lat/-68.59248658252949/lng/-37.96875;;;;;;;;;;;;;
1;KW_T_423_1_0034R.tif.jpg;illustration;Erica tetralix;Erica tetralix;Erica;tetralix;Mosses;Orthotrichaceae;cf. Gewone haarmuts;https://galerij.kb.nl/kb.html#/nl/florabatava12/page/43/zoom/3/lat/-66.5482634621744/lng/-29.091796875;;;;;;;;;;;;;
1;KW_T_423_1_0036R.tif.jpg;illustration;Oxalis acetosella;Oxalis acetosella;Oxalis;acetosella;Fungi;Postiaceae;Boompuist anamorf;https://galerij.kb.nl/kb.html#/nl/florabatava24/page/90/zoom/3/lat/-65.6220226151064/lng/-26.103515625;;;;;;;;;;;;;
1;KW_T_423_1_0038R.tif.jpg;illustration;Viola tricolor;Viola tricolor;Viola;tricolor;Flowering plants;Salicaceae;Canadapopulier;https://galerij.kb.nl/kb.html#/nl/florabatava14/page/81/zoom/3/lat/-65.03506043658815/lng/-28.916015625;;;;;;;;;;;;;
1;KW_T_423_1_0040R.tif.jpg;illustration;Hippuris vulgaris;Hippuris vulgaris;Hippuris;vulgaris;Flowering plants;Salicaceae;Canadapopulier;https://galerij.kb.nl/kb.html#/nl/florabatava14/page/81/zoom/3/lat/-65.03506043658815/lng/-28.916015625;;;;;;;;;;;;;
1;KW_T_423_1_0042R.tif.jpg;illustration;Hottonia palustris;Hottonia palustris;Hottonia;palustris;Flowering plants;Poaceae;cf. Hennegras;https://galerij.kb.nl/kb.html#/nl/florabatava13/page/89/zoom/3/lat/-66.5482634621744/lng/-29.091796875;;;;;;;;;;;;;
1;KW_T_423_1_0044R.tif.jpg;illustration;Convulvulus arvensis;Convolvulus arvensis;Convolvulus;arvensis;Flowering plants;Salicaceae;Grauwe abeel;https://galerij.kb.nl/kb.html#/nl/florabatava14/page/86/zoom/3/lat/-65.03506043658815/lng/-28.916015625;;;;;;;;;;;;;
1;KW_T_423_1_0046R.tif.jpg;illustration;Galanthus nivalis;Galanthus nivalis;Galanthus;nivalis;Flowering plants;Salicaceae;Grauwe abeel;https://galerij.kb.nl/kb.html#/nl/florabatava14/page/86/zoom/3/lat/-65.03506043658815/lng/-28.916015625;;;;;;;;;;;;;
1;KW_T_423_1_0048R.tif.jpg;illustration;Papaver argemone;Papaver argemone;Papaver;argemone;Flowering plants;Rosaceae;Duinroos x Egelantier;https://galerij.kb.nl/kb.html#/nl/florabatava14/page/69/zoom/3/lat/-65.03506043658815/lng/-28.916015625;;;;;;;;;;;;;
1;KW_T_423_1_0050R.tif.jpg;illustration;Ajuga reptans;Ajuga reptans;Ajuga;reptans;Flowering plants;Rosaceae;Duinroos x Egelantier;https://galerij.kb.nl/kb.html#/nl/florabatava15/page/19/zoom/3/lat/-70.81581215931347/lng/-57.568359375;;;;;;;;;;;;;
1;KW_T_423_1_0052R.tif.jpg;illustration;Fumaria bulbosa;Corydalis solida;Corydalis;solida;Flowering plants;Rosaceae;Braam spec.;https://galerij.kb.nl/kb.html#/nl/florabatava24/page/62/zoom/3/lat/-65.6220226151064/lng/-26.103515625;;;;;;;;;;;;;
1;KW_T_423_1_0054R.tif.jpg;illustration;Ornithopus perpusillus;Ornithopus perpusillus;Ornithopus;perpusillus;Flowering plants;Potamogetonaceae;Plat fonteinkruid;https://galerij.kb.nl/kb.html#/nl/florabatava01/page/67/zoom/3/lat/-67.06743335108297/lng/-51.328125;;;;;;;;;;;;;
1;KW_T_423_1_0056R.tif.jpg;illustration;Bellis perennis;Bellis perennis;Bellis;perennis;Mosses;Bryaceae;cf. Dicht knikmos;https://galerij.kb.nl/kb.html#/nl/florabatava17/page/36/zoom/3/lat/-68.56038368664157/lng/-27.333984375;;;;;;;;;;;;;
1;KW_T_423_1_0058R.tif.jpg;illustration;Orchis latifolia;Dactylorhiza praetermissa;Dactylorhiza;praetermissa;Mosses;Pylaisiaceae;cf. Gewoon puntmos;https://galerij.kb.nl/kb.html#/nl/florabatava11/page/63/zoom/3/lat/-68.56038368664157/lng/-36.474609375;;;;;;;;;;;;;
1;KW_T_423_1_0060R.tif.jpg;illustration;Lycopus europaeus;Lycopus europaeus;Lycopus;europaeus;Fungi;Cortinariaceae;Geelplaatgordijnzwam s.l.;https://galerij.kb.nl/kb.html#/nl/florabatava19/page/27/zoom/3/lat/-68.6885206018014/lng/-21.357421875;;;;;;;;;;;;;
1;KW_T_423_1_0062R.tif.jpg;illustration;Valeriana officinalis;Valeriana officinalis;Valeriana;officinalis;Flowering plants;Cyperaceae;cf. Stijve zegge;https://galerij.kb.nl/kb.html#/nl/florabatava13/page/53/zoom/3/lat/-66.5482634621744/lng/-29.091796875;;;;;;;;;;;;;
1;KW_T_423_1_0064R.tif.jpg;illustration;Lonicera periclymenum;Lonicera periclymenum;Lonicera;periclymenum;Flowering plants;Salicaceae;Basterdkraakwilg;https://galerij.kb.nl/kb.html#/nl/florabatava14/page/15/zoom/3/lat/-65.03506043658815/lng/-28.916015625;;;;;;;;;;;;;
1;KW_T_423_1_0066R.tif.jpg;illustration;Aethusa cynapium;Aethusa cynapium;Aethusa;cynapium;Flowering plants;Cyperaceae;Geelgroene x Blonde zegge;https://galerij.kb.nl/kb.html#/nl/florabatava18/page/80/zoom/3/lat/-68.56038368664157/lng/-27.333984375;;;;;;;;;;;;;
1;KW_T_423_1_0068R.tif.jpg;illustration;Adoxa moschatellina;Adoxa moschatellina;Adoxa;moschatellina;Flowering plants;Ulmaceae;Hollandse iep;https://galerij.kb.nl/kb.html#/nl/florabatava15/page/86/zoom/3/lat/-65.98227002980873/lng/-25.224609375;;;;;;;;;;;;;
1;KW_T_423_1_0070R.tif.jpg;illustration;Ranunculus bulbosus;Ranunculus bulbosus;Ranunculus;bulbosus;Flowering plants;Ericaceae;Bastaardbosbes;https://galerij.kb.nl/kb.html#/nl/florabatava22/page/64/zoom/3/lat/-69.13127122963648/lng/-27.333984375;;;;;;;;;;;;;
1;KW_T_423_1_0072R.tif.jpg;illustration;Cardamine pratensis;Cardamine pratensis;Cardamine;pratensis;Flowering plants;Ericaceae;Bastaardbosbes;https://galerij.kb.nl/kb.html#/nl/florabatava22/page/64/zoom/3/lat/-69.13127122963648/lng/-27.333984375;;;;;;;;;;;;;
1;KW_T_423_1_0074R.tif.jpg;illustration;Erodium (Geranium) cicutarium;Erodium cicutarium;Erodium;cicutarium;Fungi;Entolomataceae;Staalsteeltje spec.;https://galerij.kb.nl/kb.html#/nl/florabatava27/page/62/zoom/3/lat/-66.23145747862573/lng/-39.55078125;;;;;;;;;;;;;
1;KW_T_423_1_0076R.tif.jpg;illustration;Hieracium pilosella;Pilosella officinarum;Pilosella;officinarum;Fungi;Entolomataceae;Staalsteeltje spec.;https://galerij.kb.nl/kb.html#/nl/florabatava27/page/62/zoom/3/lat/-66.23145747862573/lng/-39.55078125;;;;;;;;;;;;;
1;KW_T_423_1_0078R.tif.jpg;illustration;Urtica dioica;Urtica dioica;Urtica;dioica;Fungi;Entolomataceae;Staalsteeltje spec.;https://galerij.kb.nl/kb.html#/nl/florabatava27/page/62/zoom/3/lat/-66.23145747862573/lng/-39.55078125;;;;;;;;;;;;;
1;KW_T_423_1_0080R.tif.jpg;illustration;Verbena officinalis;Verbena officinalis;Verbena;officinalis;Fungi;Entolomataceae;Staalsteeltje spec.;https://galerij.kb.nl/kb.html#/nl/florabatava27/page/62/zoom/3/lat/-66.23145747862573/lng/-39.55078125;;;;;;;;;;;;;
1;KW_T_423_1_0082R.tif.jpg;illustration;Eriophorum polystachion;Eriophorum angustifolium;Eriophorum;angustifolium;Flowering plants;Asparagaceae;Basterdhyacint;https://galerij.kb.nl/kb.html#/nl/florabatava01/page/51/zoom/3/lat/-67.06743335108297/lng/-51.328125;;;;;;;;;;;;;
1;KW_T_423_1_0084R.tif.jpg;illustration;Galium verum;Galium verum;Galium;verum;Flowering plants;Fabaceae;;https://galerij.kb.nl/kb.html#/nl/florabatava24/page/39/zoom/3/lat/-65.6220226151064/lng/-26.103515625;;;;;;;;;;;;;
1;KW_T_423_1_0086R.tif.jpg;illustration;Cynoglossum officinale;Cynoglossum officinale;Cynoglossum;officinale;Flowering plants;Poaceae;cf. Schaduwgras;https://galerij.kb.nl/kb.html#/nl/florabatava15/page/77/zoom/3/lat/-65.98227002980873/lng/-25.224609375;;;;;;;;;;;;;
1;KW_T_423_1_0088R.tif.jpg;illustration;Scandix pecten;Scandix pecten-veneris;Scandix;pecten-veneris;Flowering plants;Rosaceae;;https://galerij.kb.nl/kb.html#/nl/florabatava15/page/80/zoom/3/lat/-65.98227002980873/lng/-25.224609375;;;;;;;;;;;;;
1;KW_T_423_1_0090R.tif.jpg;illustration;Hyacinthus non-scripta;Hyacinthoides × massartiana;Hyacinthoides;× massartiana;Flowering plants;Asteraceae;Nieuw-Nederlandse aster;https://galerij.kb.nl/kb.html#/nl/florabatava15/page/69/zoom/3/lat/-65.98227002980873/lng/-25.224609375;;;;;;;;;;;;;
1;KW_T_423_1_0092R.tif.jpg;illustration;Agrimonia eupatoria;Agrimonia eupatoria;Agrimonia;eupatoria;Flowering plants;Poaceae;Basterdkweek;https://galerij.kb.nl/kb.html#/nl/florabatava19/page/15/zoom/3/lat/-68.6885206018014/lng/-21.357421875;;;;;;;;;;;;;
1;KW_T_423_1_0094R.tif.jpg;illustration;Malva sylvestris;Malva sylvestris;Malva;sylvestris;Flowering plants;Alismataceae;(Smalle of slanke) waterweegbree;https://galerij.kb.nl/kb.html#/nl/florabatava04/page/35/zoom/3/lat/-68.46379955520322/lng/-47.98828124999999;;;;;;;;;;;;;
1;KW_T_423_1_0096R.tif.jpg;illustration;Spartium scoparium;Cytisus scoparius;Cytisus;scoparius;Flowering plants;Plantaginaceae;cf. Klein sterrenkroos;https://galerij.kb.nl/kb.html#/nl/florabatava13/page/71/zoom/3/lat/-66.5482634621744/lng/-29.091796875;;;;;;;;;;;;;
1;KW_T_423_1_0098R.tif.jpg;illustration;Tussilago Farfara;Tussilago farfara;Tussilago;farfara;Mosses;Sphagnaceae;cf. Wrattig veenmos;https://galerij.kb.nl/kb.html#/nl/florabatava11/page/58/zoom/3/lat/-68.56038368664157/lng/-35.77148437499999;;;;;;;;;;;;;
1;KW_T_423_1_0100R.tif.jpg;illustration;Bromus sterilis;Anisantha sterilis;Anisantha;sterilis;Flowering plants;Cyperaceae;;https://galerij.kb.nl/kb.html#/nl/florabatava13/page/17/zoom/3/lat/-66.5482634621744/lng/-29.091796875;;;;;;;;;;;;;
1;KW_T_423_1_0102R.tif.jpg;illustration;Plantago lanceolata;Plantago lanceolata;Plantago;lanceolata;Flowering plants;Rosaceae;cf. Fraaie schuilbraam;https://galerij.kb.nl/kb.html#/nl/florabatava26/page/55/zoom/3/lat/-66.86108230224609/lng/-34.98046875;;;;;;;;;;;;;
1;KW_T_423_1_0104R.tif.jpg;illustration;Cerastium arvense;Cerastium arvense;Cerastium;arvense;Flowering plants;Cyperaceae;Valse voszegge x IJle zegge;https://galerij.kb.nl/kb.html#/nl/florabatava24/page/69/zoom/3/lat/-65.6220226151064/lng/-26.103515625;;;;;;;;;;;;;
1;KW_T_423_1_0106R.tif.jpg;illustration;Euphorbia palustris;Euphorbia palustris;Euphorbia;palustris;Flowering plants;Cyperaceae;Valse voszegge x IJle zegge;https://galerij.kb.nl/kb.html#/nl/florabatava25/page/76/zoom/3/lat/-62.062733258846514/lng/-25.400390625;;;;;;;;;;;;;
1;KW_T_423_1_0108R.tif.jpg;illustration;Lepidium ruderale;Lepidium ruderale;Lepidium;ruderale;Flowering plants;Salicaceae;Bittere wilg x Katwilg;https://galerij.kb.nl/kb.html#/nl/florabatava17/page/64/zoom/3/lat/-68.56038368664157/lng/-27.333984375;;;;;;;;;;;;;
1;KW_T_423_1_0110R.tif.jpg;illustration;Geum urbanum;Geum urbanum;Geum;urbanum;Flowering plants;Asteraceae;Paardenbloem;https://galerij.kb.nl/kb.html#/nl/florabatava03/page/71/zoom/3/lat/-69.162557908105/lng/-39.19921875;;;;;;;;;;;;;
1;KW_T_423_1_0112R.tif.jpg;illustration;Sisymbrium sophia;Descurainia sophia;Descurainia;sophia;Fungi;Boletaceae;Gewone berkenboleet s.l.;https://galerij.kb.nl/kb.html#/nl/florabatava10/page/30/zoom/3/lat/-64.43489204304058/lng/-17.666015625;;;;;;;;;;;;;
1;KW_T_423_1_0114R.tif.jpg;illustration;Geranium robertianum;Geranium robertianum;Geranium;robertianum;Fungi;Physalacrisceae;Gewoon fluweelpootje s.l.;https://galerij.kb.nl/kb.html#/nl/florabatava10/page/89/zoom/2/lat/0.17578097424708533/lng/-0.17578125;;;;;;;;;;;;;
1;KW_T_423_1_0116R.tif.jpg;illustration;Ervum hirsutum;Vicia hirsuta;Vicia;hirsuta;Fungi;Clavariaceae;Gele knotszwam s.l.;https://galerij.kb.nl/kb.html#/nl/florabatava11/page/22/zoom/3/lat/-67.50856836293859/lng/-37.001953125;;;;;;;;;;;;;
1;KW_T_423_1_0118R.tif.jpg;illustration;Chrysanthemum Leucanthemum;Leucanthemum vulgare;Leucanthemum;vulgare;Fungi;Xylariaceae;Speldenprikzwam s.l.;https://galerij.kb.nl/kb.html#/nl/florabatava11/page/23/zoom/3/lat/-67.50856836293859/lng/-37.001953125;;;;;;;;;;;;;
1;KW_T_423_1_0120R.tif.jpg;illustration;Poa annua;Poa annua;Poa;annua;Fungi;Psathyrellaceae;Glimmerinktzwam s.l.;https://galerij.kb.nl/kb.html#/nl/florabatava11/page/28/zoom/3/lat/-67.50856836293859/lng/-37.001953125;;;;;;;;;;;;;
1;KW_T_423_1_0122R.tif.jpg;illustration;Potamogeton compressum;Potamogeton cf compressus;Potamogeton;cf compressus;Fungi;Geoglossaceae;Slanke aardtong s.l.;https://galerij.kb.nl/kb.html#/nl/florabatava11/page/37/zoom/3/lat/-67.50856836293859/lng/-37.001953125;;;;;;;;;;;;;
1;KW_T_423_1_0124R.tif.jpg;illustration;Samolus Valerandi;Samolus valerandi;Samolus;valerandi;Fungi;Boletaceae;Roodsteelfluweelboleet s.l.;https://galerij.kb.nl/kb.html#/nl/florabatava12/page/27/zoom/3/lat/-66.5482634621744/lng/-29.091796875;;;;;;;;;;;;;
1;KW_T_423_1_0126R.tif.jpg;illustration;Chenopodium rubrum;Chenopodium album;Chenopodium;album;Fungi;Clavicipitaceae;Echte moederkoren s.l.;https://galerij.kb.nl/kb.html#/nl/florabatava12/page/33/zoom/3/lat/-66.5482634621744/lng/-29.091796875;;;;;;;;;;;;;
1;KW_T_423_1_0128R.tif.jpg;illustration;Stellaria graminea;Stellaria graminea;Stellaria;graminea;Fungi;Gelatinodiscaceae;Paarse knoopzwam s.l.;https://galerij.kb.nl/kb.html#/nl/florabatava14/page/43/zoom/3/lat/-65.03506043658815/lng/-28.916015625;;;;;;;;;;;;;
1;KW_T_423_1_0130R.tif.jpg;illustration;Nymphaea lutea;Nuphar lutea;Nuphar;lutea;Fungi;Melanoleucaceae;Kortstelige veldridderzwam s.l.;https://galerij.kb.nl/kb.html#/nl/florabatava14/page/63/zoom/3/lat/-65.03506043658815/lng/-28.916015625;;;;;;;;;;;;;
1;KW_T_423_1_0132R.tif.jpg;illustration;Teucrium Scorodonia;Teucrium scorodonia;Teucrium;scorodonia;Fungi;Omphalotaceae;Eikenbladzwammetje s.l.;https://galerij.kb.nl/kb.html#/nl/florabatava17/page/52/zoom/3/lat/-68.56038368664157/lng/-27.333984375;;;;;;;;;;;;;
1;KW_T_423_1_0134R.tif.jpg;illustration;Trifolium arvense;Trifolium arvense;Trifolium;arvense;Flowering plants;Poaceae;Veldbeemgras;https://galerij.kb.nl/kb.html#/nl/florabatava18/page/50/zoom/3/lat/-68.56038368664157/lng/-27.333984375;;;;;;;;;;;;;
1;KW_T_423_1_0136R.tif.jpg;illustration;Centaurea jacea;Centaurea jacea;Centaurea;jacea;Fungi;Tricholomataceae;Witte ridderzwam s.l.;https://galerij.kb.nl/kb.html#/nl/florabatava18/page/57/zoom/3/lat/-68.56038368664157/lng/-27.333984375;;;;;;;;;;;;;
1;KW_T_423_1_0138R.tif.jpg;illustration;Asplenium Ruta muraria;Asplenium ruta-muraria;Asplenium;ruta-muraria;Fungi;Russulaceae;Braakrussula;https://galerij.kb.nl/kb.html#/nl/florabatava18/page/62/zoom/3/lat/-68.56038368664157/lng/-27.333984375;;;;;;;;;;;;;
1;KW_T_423_1_0140R.tif.jpg;illustration;Aira cespitosa;Deschampsia cespitosa;Deschampsia;cespitosa;Fungi;Russulaceae;Duifrussula s.l.;https://galerij.kb.nl/kb.html#/nl/florabatava19/page/42/zoom/3/lat/-68.6885206018014/lng/-21.357421875;;;;;;;;;;;;;
1;KW_T_423_1_0142R.tif.jpg;illustration;Hydrocotyle vulgaris;Hydrocotyle vulgaris;Hydrocotyle;vulgaris;Fungi;Russulaceae;Vissige eikenrussula s.l.;https://galerij.kb.nl/kb.html#/nl/florabatava19/page/47/zoom/3/lat/-68.6885206018014/lng/-21.357421875;;;;;;;;;;;;;
1;KW_T_423_1_0144R.tif.jpg;illustration;Parnassia palustris;Parnassia palustris;Parnassia;palustris;Fungi;Pyronemataceae;Oranje mosbekertje s.l.;https://galerij.kb.nl/kb.html#/nl/florabatava19/page/53/zoom/3/lat/-68.6885206018014/lng/-21.357421875;;;;;;;;;;;;;
1;KW_T_423_1_0146R.tif.jpg;illustration;Rumex acetosella;Rumex acetosella;Rumex;acetosella;Fungi;Russulaceae;Smakelijke melkzwam s.l.;https://galerij.kb.nl/kb.html#/nl/florabatava19/page/58/zoom/3/lat/-68.6885206018014/lng/-21.357421875;;;;;;;;;;;;;
1;KW_T_423_1_0148R.tif.jpg;illustration;Sedum acre;Sedum acre;Sedum;acre;Fungi;Tremellaceae ;Bruine trilzwam s.l.;https://galerij.kb.nl/kb.html#/nl/florabatava19/page/83/zoom/3/lat/-68.6885206018014/lng/-21.357421875;;;;;;;;;;;;;
1;KW_T_423_1_0150R.tif.jpg;illustration;Potentilla reptans;Potentilla reptans;Potentilla;reptans;Fungi;Squamanitaceae;Oranjegele korrelhoed s.l.;https://galerij.kb.nl/kb.html#/nl/florabatava19/page/92/zoom/3/lat/-68.6885206018014/lng/-21.357421875;;;;;;;;;;;;;
1;KW_T_423_1_0152R.tif.jpg;illustration;Thymus serpyllum;Thymus pulegioides;Thymus;pulegioides;Fungi;Physalacrisceae;Gewoon fluweelpootje s.l.;https://galerij.kb.nl/kb.html#/nl/florabatava21/page/62/zoom/3/lat/-67.1016555307692/lng/-17.841796875;;;;;;;;;;;;;
1;KW_T_423_1_0154R.tif.jpg;illustration;Thlaspi arvense;Thlaspi arvense;Thlaspi;arvense;Fungi;Russulaceae;Vissige eikenrussula s.l.;https://galerij.kb.nl/kb.html#/nl/florabatava21/page/67/zoom/3/lat/-67.90861918215302/lng/-50.88867187499999;;;;;;;;;;;;;
1;KW_T_423_1_0156R.tif.jpg;illustration;Sonchus arvensis;Sonchus arvensis;Sonchus;arvensis;Fungi;Boletaceae;Roodsteelfluweelboleet s.l.;https://galerij.kb.nl/kb.html#/nl/florabatava23/page/75/zoom/3/lat/-67.16995497083366/lng/-27.509765625;;;;;;;;;;;;;
1;KW_T_423_1_0158R.tif.jpg;illustration;Erigeron canadense;Conyza canadensis;Conyza;canadensis;Fungi;Phallaceae;Kleine stinkzwam s.l.;https://galerij.kb.nl/kb.html#/nl/florabatava24/page/65/zoom/3/lat/-65.6220226151064/lng/-26.103515627;;;;;;;;;;;;;
1;KW_T_423_1_0160R.tif.jpg;illustration;Verbascum nigrum;Verbascum nigrum;Verbascum;nigrum;Fungi;Hydnaceae;Witte koraalzwam s.l.;https://galerij.kb.nl/kb.html#/nl/florabatava25/page/11/zoom/3/lat/-69.53451763078357/lng/-18.45703125;;;;;;;;;;;;;
1;KW_T_423_1_0162R.tif.jpg;illustration;Euonymus europaeus;Euonymus europaeus;Euonymus;europaeus;Fungi;Bolbitiaceae;Franjebreeksteeltje s.l.;https://galerij.kb.nl/kb.html#/nl/florabatava25/page/42/zoom/3/lat/-69.53451763078357/lng/-18.544921875;;;;;;;;;;;;;
1;KW_T_423_1_0164R.tif.jpg;illustration;Myosurus minimus;Myosurus minimus;Myosurus;minimus;Fungi;Ophiocordycipitaceae;Ronde truffelknotszwam s.l.;https://galerij.kb.nl/kb.html#/nl/florabatava25/page/61/zoom/3/lat/-69.53451763078357/lng/-18.544921875;;;;;;;;;;;;;
1;KW_T_423_1_0166R.tif.jpg;illustration;Triglochin palustre;Triglochin palustris;Triglochin;palustris;Fungi;Crepidotaceae;Wit oorzwammetje s.l.;https://galerij.kb.nl/kb.html#/nl/florabatava25/page/66/zoom/3/lat/-69.53451763078357/lng/-18.45703125;;;;;;;;;;;;;
1;KW_T_423_1_0168R.tif.jpg;illustration;Polygonum amphibium;Persicaria amphibia;Persicaria;amphibia;Fungi;Mycenaceae;Graskleefsteelmycena s.l.;https://galerij.kb.nl/kb.html#/nl/florabatava25/page/90/zoom/3/lat/-70.61261423801925/lng/-18.80859375;;;;;;;;;;;;;
1;KW_T_423_1_0170R.tif.jpg;illustration;Ranunculus Ficaria;Ficaria verna subsp. verna;Ficaria;verna subsp. verna;Fungi;Cortinariaceae;Bleke galgordijnzwam s.l.;https://galerij.kb.nl/kb.html#/nl/florabatava25/page/101/zoom/3/lat/-70.61261423801925/lng/-18.80859375;;;;;;;;;;;;;
1;KW_T_423_1_0172R.tif.jpg;illustration;Prunella vulgaris;Prunella vulgaris;Prunella;vulgaris;Fungi;Strophariaceae;Oranjebloesemzwam s.l.;https://galerij.kb.nl/kb.html#/nl/florabatava26/page/101/zoom/3/lat/-68.33437594128185/lng/-36.38671875;;;;;;;;;;;;;
1;KW_T_423_1_0174R.tif.jpg;illustration;Eupatorium cannabinum;Eupatorium cannabinum;Eupatorium;cannabinum;Fungi;Marasmiaceae;Brandnetelklokje s.l.;https://galerij.kb.nl/kb.html#/nl/florabatava26/page/111/zoom/3/lat/-68.33437594128185/lng/-36.38671875;;;;;;;;;;;;;
1;KW_T_423_1_0176R.tif.jpg;illustration;Ophrys ovata;Listera ovata;Listera;ovata;Fungi;Hygrocybaceae;Puntmutswasplaat s.l.;https://galerij.kb.nl/kb.html#/nl/florabatava27/page/22/zoom/3/lat/-66.23145747862573/lng/-39.55078125;;;;;;;;;;;;;
1;KW_T_423_1_0178R.tif.jpg;illustration;Salix alba;Salix alba;Salix;alba;Fungi;Typhulaceae;Wit poedersteelknotsje s.l.;https://galerij.kb.nl/kb.html#/nl/florabatava27/page/43/zoom/3/lat/-66.23145747862573/lng/-39.55078125;;;;;;;;;;;;;
2;KW_T_423_2_0013R.tif.jpg;illustration;Veronica officinalis;Veronica officinalis;Veronica;officinalis;Fungi;Mycenaceae;Graskleefsteelmycena s.l.;https://galerij.kb.nl/kb.html#/nl/florabatava27/page/94/zoom/3/lat/-65.69447579373418/lng/-82.177734375;;;;;;;;;;;;;
2;KW_T_423_2_0015R.tif.jpg;illustration;Veronica Anagallis;Veronica catenata;Veronica;catenata;Fungi;Hygrophoropsidaceae;Knolletjesplooivlies s.l.;https://galerij.kb.nl/kb.html#/nl/florabatava28/page/52/zoom/3/lat/-67.80924450600008/lng/-32.87109375;;;;;;;;;;;;;
2;KW_T_423_2_0017R.tif.jpg;illustration;Veronica triphyllos;Veronica triphyllos;Veronica;triphyllos;Flowering plants;Cyperaceae;Heen;https://galerij.kb.nl/kb.html#/nl/florabatava07/page/48/zoom/3/lat/-68.72044056989829/lng/-31.46484375;;;;;;;;;;;;;
2;KW_T_423_2_0019R.tif.jpg;illustration;Anthoxanthum odoratum;Anthoxanthum odoratum;Anthoxanthum;odoratum;Flowering plants;Asteraceae;Boshavikskruid;https://galerij.kb.nl/kb.html#/nl/florabatava21/page/45/zoom/3/lat/-66.26685631430843/lng/-18.720703125;;;;;;;;;;;;;
2;KW_T_423_2_0021R.tif.jpg;illustration;Alopecurus bulbosus;Alopecurus bulbosus;Alopecurus;bulbosus;Fungi;Stereocaulaceae;cf. Wollig Korrelloof;https://galerij.kb.nl/kb.html#/nl/florabatava11/page/69/zoom/3/lat/-68.56038368664157/lng/-36.474609375;;;;;;;;;;;;;
2;KW_T_423_2_0023R.tif.jpg;illustration;Agrostis spica venti;Apera spica-venti;Apera;spica-venti;Flowering plants;Rosaceae;cf. Roze purperbraam;https://galerij.kb.nl/kb.html#/nl/florabatava23/page/36/zoom/3/lat/-67.16995497083366/lng/-27.509765625;;;;;;;;;;;;;
2;KW_T_423_2_0025R.tif.jpg;illustration;Dactylis glomerata;Dactylis glomerata;Dactylis;glomerata;Flowering plants;Rosaceae;Humusbraam spec.?;https://galerij.kb.nl/kb.html#/nl/florabatava26/page/108/zoom/3/lat/-68.33437594128185/lng/-36.38671875;;;;;;;;;;;;;
2;KW_T_423_2_0027R.tif.jpg;illustration;Bromus giganteus;Festuca gigantea;Festuca;gigantea;Flowering plants;Rosaceae;Roggebraam spec.?;https://galerij.kb.nl/kb.html#/nl/florabatava27/page/101/zoom/3/lat/-67.40748724648755/lng/-42.71484375;;;;;;;;;;;;;
2;KW_T_423_2_0029R.tif.jpg;illustration;Scabiosa arvensis;Knautia arvensis;Knautia;arvensis;Flowering plants;Salicaceae;Boswilg x Katwilg;https://galerij.kb.nl/kb.html#/nl/florabatava14/page/39/zoom/3/lat/-65.03506043658815/lng/-28.916015625;;;;;;;;;;;;;
2;KW_T_423_2_0031R.tif.jpg;illustration;Cornus sanguinea;Cornus sanguinea;Cornus;sanguinea;Fungi;Mycenaceae;cf. Scherpe schelpzwam?;https://galerij.kb.nl/kb.html#/nl/florabatava11/page/13/zoom/3/lat/-67.50856836293859/lng/-37.001953125;;;;;;;;;;;;;
2;KW_T_423_2_0033R.tif.jpg;illustration;Potamogeton marinum;Potamogeton pectinatus;Potamogeton;pectinatus;Flowering plants;Brassicaceae;Vlashuttentut;https://galerij.kb.nl/kb.html#/nl/florabatava08/page/27/zoom/3/lat/-66.93006025862445/lng/-28.828124999999996;;;;;;;;;;;;;
2;KW_T_423_2_0035R.tif.jpg;illustration;Sagina procumbens;Sagina procumbens;Sagina;procumbens;Flowering plants;Montiaceae;Groot bronkruid;https://galerij.kb.nl/kb.html#/nl/florabatava16/page/73/zoom/3/lat/-66.12496236487968/lng/-29.267578125;;;;;;;;;;;;;
2;KW_T_423_2_0037R.tif.jpg;illustration;Asperugo procumbens;Asperugo procumbens;Asperugo;procumbens;Flowering plants;Caryophyllaceae;Eenjarige hardbloem;https://galerij.kb.nl/kb.html#/nl/florabatava07/page/83/zoom/3/lat/-68.72044056989829/lng/-31.46484375;;;;;;;;;;;;;
2;KW_T_423_2_0039R.tif.jpg;illustration;Lycopsis arvensis;Anchusa arvensis;Anchusa;arvensis;Flowering plants;Primulaceae;Rood guichelheil;https://galerij.kb.nl/kb.html#/nl/florabatava01/page/18/zoom/3/lat/-67.06743335108297/lng/-51.328125;;;;;;;;;;;;;
2;KW_T_423_2_0041R.tif.jpg;illustration;Lysimachia vulgaris;Lysimachia vulgaris;Lysimachia;vulgaris;Flowering plants;Rosaceae;Vogelkers;https://galerij.kb.nl/kb.html#/nl/florabatava21/page/39/zoom/3/lat/-66.26685631430843/lng/-18.720703125;;;;;;;;;;;;;
2;KW_T_423_2_0043R.tif.jpg;illustration;Verbascum blattaria;Verbascum blattaria;Verbascum;blattaria;Flowering plants;Poaceae;Biestarwegras;https://galerij.kb.nl/kb.html#/nl/florabatava04/page/16/zoom/3/lat/-68.46379955520322/lng/-47.98828124999999;;;;;;;;;;;;;
2;KW_T_423_2_0045R.tif.jpg;illustration;Datura Stramonium;Datura stramonium;Datura;stramonium;Flowering plants;Boraginaceae;Zompvergeet-mij-nietje;https://galerij.kb.nl/kb.html#/nl/florabatava08/page/14/zoom/3/lat/-66.93006025862445/lng/-28.828124999999996;;;;;;;;;;;;;
2;KW_T_423_2_0047R.tif.jpg;illustration;Solanum nigrum;Solanum nigrum subsp. nigrum;Solanum;nigrum subsp. nigrum;Flowering plants;Violaceae;Zinkviooltje;https://galerij.kb.nl/kb.html#/nl/florabatava22/page/18/zoom/3/lat/-69.13127122963648/lng/-27.333984375;;;;;;;;;;;;;
2;KW_T_423_2_0049R.tif.jpg;illustration;Glaux maritima;Glaux maritima;Glaux;maritima;Flowering plants;Brassicaceae;Randjesbloem;https://galerij.kb.nl/kb.html#/nl/florabatava18/page/38/zoom/3/lat/-68.56038368664157/lng/-27.333984375;;;;;;;;;;;;;
2;KW_T_423_2_0051R.tif.jpg;illustration;Salsola kali;Salsola kali;Salsola;kali;Flowering plants;Fabaceae;Gewone rolklaver;https://galerij.kb.nl/kb.html#/nl/florabatava03/page/66/zoom/3/lat/-69.162557908105/lng/-39.19921875;;;;;;;;;;;;;
2;KW_T_423_2_0053R.tif.jpg;illustration;Eryngium maritimum;Eryngium maritimum;Eryngium;maritimum;Flowering plants;Liliaceae;Roggelelie;https://galerij.kb.nl/kb.html#/nl/florabatava16/page/34/zoom/3/lat/-66.12496236487968/lng/-29.267578125;;;;;;;;;;;;;
2;KW_T_423_2_0055R.tif.jpg;illustration;Daucus carota;Daucus carota;Daucus;carota;Flowering plants;Boraginaceae;Veelkleurig vergeet-mij-nietje;https://galerij.kb.nl/kb.html#/nl/florabatava08/page/79/zoom/3/lat/-66.93006025862445/lng/-28.828124999999996;;;;;;;;;;;;;
2;KW_T_423_2_0057R.tif.jpg;illustration;Conium maculatum;Conium maculatum;Conium;maculatum;Flowering plants;Poaceae;Stomp kweldergras;https://galerij.kb.nl/kb.html#/nl/florabatava05/page/69/zoom/3/lat/-68.72044056989829/lng/-48.69140625;;;;;;;;;;;;;
2;KW_T_423_2_0059R.tif.jpg;illustration;Phellandrium aquaticum;Oenanthe aquatica;Oenanthe;aquatica;Flowering plants;Asteraceae;Duinkruiskruid;https://galerij.kb.nl/kb.html#/nl/florabatava15/page/35/zoom/3/lat/-65.98227002980873/lng/-25.224609375;;;;;;;;;;;;;
2;KW_T_423_2_0061R.tif.jpg;illustration;Allium vineale;Allium vineale;Allium;vineale;Flowering plants;Fabaceae;;https://galerij.kb.nl/kb.html#/nl/florabatava22/page/43/zoom/3/lat/-69.13127122963648/lng/-27.333984375;;;;;;;;;;;;;
2;KW_T_423_2_0063R.tif.jpg;illustration;Asparagus officinalis;Asparagus officinalis subsp. officinalis;Asparagus;officinalis subsp. officinalis;Flowering plants;Typhaceae;Grote egelskop;https://galerij.kb.nl/kb.html#/nl/florabatava03/page/86/zoom/3/lat/-69.162557908105/lng/-39.19921875;;;;;;;;;;;;;
2;KW_T_423_2_0065R.tif.jpg;illustration;Convallaria polygonatum;Polygonatum odoratum;Polygonatum;odoratum;Flowering plants;Primulaceae;Blauw guichelheil;https://galerij.kb.nl/kb.html#/nl/florabatava16/page/55/zoom/3/lat/-66.12496236487968/lng/-29.267578125;;;;;;;;;;;;;
2;KW_T_423_2_0067R.tif.jpg;illustration;Convallaria multiflora;Polygonatum multiflorum;Polygonatum;multiflorum;Flowering plants;Lamiaceae;Kleine gele dovenetel;https://galerij.kb.nl/kb.html#/nl/florabatava28/page/90/zoom/3/lat/-67.80924450600008/lng/-32.87109375;;;;;;;;;;;;;
2;KW_T_423_2_0069R.tif.jpg;illustration;Juncus effusus;Juncus effusus;Juncus;effusus;Flowering plants;Fabaceae;Slanke wikke;https://galerij.kb.nl/kb.html#/nl/florabatava04/page/67/zoom/3/lat/-68.46379955520322/lng/-47.98828124999999;;;;;;;;;;;;;
2;KW_T_423_2_0071R.tif.jpg;illustration;Juncus pilosus;Luzula pilosa;Luzula;pilosa;Flowering plants;Fabaceae;Slanke wikke;https://galerij.kb.nl/kb.html#/nl/florabatava12/page/20/zoom/3/lat/-66.5482634621744/lng/-29.091796875;;;;;;;;;;;;;
2;KW_T_423_2_0073R.tif.jpg;illustration;Epilobium pubescens;Epilobium parviflorum;Epilobium;parviflorum;Flowering plants;Orchidaceae;Brede wespenorchis;https://galerij.kb.nl/kb.html#/nl/florabatava15/page/11/zoom/3/lat/-65.98227002980873/lng/-25.224609375;;;;;;;;;;;;;
2;KW_T_423_2_0075R.tif.jpg;illustration;Polygonum persicaria;Persicaria maculosa;Persicaria;maculosa;Flowering plants;Brassicaceae;Ruige scheefkelk;https://galerij.kb.nl/kb.html#/nl/florabatava13/page/69/zoom/3/lat/-66.5482634621744/lng/-29.091796875;;;;;;;;;;;;;
2;KW_T_423_2_0077R.tif.jpg;illustration;Polygonum dumetorum;Fallopia dumetorum;Fallopia;dumetorum;Flowering plants;Fabaceae;Basterdklaver;https://galerij.kb.nl/kb.html#/nl/florabatava18/page/48/zoom/3/lat/-68.56038368664157/lng/-27.333984375;;;;;;;;;;;;;
2;KW_T_423_2_0079R.tif.jpg;illustration;Sedum telephium;Sedum telephium;Sedum;telephium;Flowering plants;Brassicaceae;;https://galerij.kb.nl/kb.html#/nl/florabatava22/page/50/zoom/3/lat/-69.13127122963648/lng/-27.333984375;;;;;;;;;;;;;
2;KW_T_423_2_0081R.tif.jpg;illustration;Cerastium aquaticum;Stellaria aquatica;Stellaria;aquatica;Flowering plants;Polygonaceae;Beklierde duizendknoop;https://galerij.kb.nl/kb.html#/nl/florabatava08/page/50/zoom/3/lat/-66.93006025862445/lng/-28.828124999999996;;;;;;;;;;;;;
2;KW_T_423_2_0083R.tif.jpg;illustration;Prunus padus;Prunus padus;Prunus;padus;Flowering plants;Orchidaceae;Gevlekte orchis;https://galerij.kb.nl/kb.html#/nl/florabatava07/page/61/zoom/3/lat/-68.72044056989829/lng/-31.46484375;;;;;;;;;;;;;
2;KW_T_423_2_0085R.tif.jpg;illustration;Rosa spinosissima;Rosa spinosissima;Rosa;spinosissima;Flowering plants;Amaranthaceae;Strandbiet;https://galerij.kb.nl/kb.html#/nl/florabatava03/page/34/zoom/3/lat/-69.162557908105/lng/-39.19921875;;;;;;;;;;;;;
2;KW_T_423_2_0087R.tif.jpg;illustration;Rubus idaeus;Rubus idaeus;Rubus;idaeus;Flowering plants;Asteraceae;Duinaveruit;https://galerij.kb.nl/kb.html#/nl/florabatava25/page/15/zoom/3/lat/-69.53451763078357/lng/-18.45703125;;;;;;;;;;;;;
2;KW_T_423_2_0089R.tif.jpg;illustration;Tormentilla erecta;Potentilla erecta;Potentilla;erecta;Flowering plants;Lamiaceae;Stinkende ballote;https://galerij.kb.nl/kb.html#/nl/florabatava03/page/50/zoom/3/lat/-69.162557908105/lng/-39.19921875;;;;;;;;;;;;;
2;KW_T_423_2_0091R.tif.jpg;illustration;Comarum palustre;Comarum palustre;Comarum;palustre;Flowering plants;Asteraceae;Kleine morgenster;https://galerij.kb.nl/kb.html#/nl/florabatava16/page/74/zoom/3/lat/-66.12496236487968/lng/-29.267578125;;;;;;;;;;;;;
2;KW_T_423_2_0093R.tif.jpg;illustration;Stratiotes Aloides;Stratiotes aloides;Stratiotes;aloides;Flowering plants;Lamiaceae;Grote gele dovenetel;https://galerij.kb.nl/kb.html#/nl/florabatava10/page/48/zoom/3/lat/-67.50856836293859/lng/-37.001953125;;;;;;;;;;;;;
2;KW_T_423_2_0095R.tif.jpg;illustration;Stachys palustris;Stachys palustris;Stachys;palustris;Flowering plants;Ranunculaceae;Bosboterbloem;https://galerij.kb.nl/kb.html#/nl/florabatava22/page/13/zoom/3/lat/-69.13127122963648/lng/-27.333984375;;;;;;;;;;;;;
2;KW_T_423_2_0097R.tif.jpg;illustration;Scutellaria galericulata;Scutellaria galericulata;Scutellaria;galericulata;Flowering plants;Fabaceae;Smalle wikke;https://galerij.kb.nl/kb.html#/nl/florabatava20/page/49/zoom/3/lat/-68.49604022839505/lng/-29.443359375;;;;;;;;;;;;;
2;KW_T_423_2_0099R.tif.jpg;illustration;Euphrasia officinalis;Euphrasia stricta;Euphrasia;stricta;Flowering plants;Solanaceae;Zwarte nachtschade;https://galerij.kb.nl/kb.html#/nl/florabatava02/page/25/zoom/3/lat/-68.52823492039876/lng/-50.625;;;;;;;;;;;;;
2;KW_T_423_2_0101R.tif.jpg;illustration;Antirrhinum cymbalaria;Cymbalaria muralis;Cymbalaria;muralis;Flowering plants;Hypericaceae;Kantig hertshooi;https://galerij.kb.nl/kb.html#/nl/florabatava18/page/68/zoom/3/lat/-68.56038368664157/lng/-27.333984375;;;;;;;;;;;;;
2;KW_T_423_2_0103R.tif.jpg;illustration;Antirrhinum minus;Chaenorhinum minus;Chaenorhinum;minus;Flowering plants;Asparagaceae;Asperge;https://galerij.kb.nl/kb.html#/nl/florabatava02/page/33/zoom/3/lat/-68.52823492039876/lng/-50.625;;;;;;;;;;;;;
2;KW_T_423_2_0105R.tif.jpg;illustration;Scrophularia nodosa;Scrophularia nodosa;Scrophularia;nodosa;Flowering plants;Asteraceae;Oosterse morgenster;https://galerij.kb.nl/kb.html#/nl/florabatava21/page/24/zoom/3/lat/-66.26685631430843/lng/-18.720703125;;;;;;;;;;;;;
2;KW_T_423_2_0107R.tif.jpg;illustration;Orobanche major;Orobanche caryophyllacea;Orobanche;caryophyllacea;Flowering plants;Polygonaceae;Spinaziezuring;https://galerij.kb.nl/kb.html#/nl/florabatava25/page/39/zoom/3/lat/-69.53451763078357/lng/-18.45703125;;;;;;;;;;;;;
2;KW_T_423_2_0109R.tif.jpg;illustration;Cakile maritima (Bunias Cakile);Cakile maritima;Cakile;maritima;Flowering plants;Ranunculaceae;Gewone dotterbloem;https://galerij.kb.nl/kb.html#/nl/florabatava01/page/20/zoom/3/lat/-67.06743335108297/lng/-51.328125;;;;;;;;;;;;;
2;KW_T_423_2_0111R.tif.jpg;illustration;Lepidium latifolium;Lepidium latifolium;Lepidium;latifolium;Flowering plants;Gentianaceae;Zomerbitterling;https://galerij.kb.nl/kb.html#/nl/florabatava22/page/55/zoom/3/lat/-69.13127122963648/lng/-27.333984375;;;;;;;;;;;;;
2;KW_T_423_2_0113R.tif.jpg;illustration;Thlaspi Bursa Pastoris;Capsella bursa-pastoris;Capsella;bursa-pastoris;Flowering plants;Caryophyllaceae;Kleine hardbloem;https://galerij.kb.nl/kb.html#/nl/florabatava04/page/38/zoom/3/lat/-68.46379955520322/lng/-47.98828124999999;;;;;;;;;;;;;
2;KW_T_423_2_0115R.tif.jpg;illustration;Cochlearia officinalis;Cochlearia officinalis;Cochlearia;officinalis;Flowering plants;Poaceae;Timoteegras;https://galerij.kb.nl/kb.html#/nl/florabatava07/page/8/zoom/3/lat/-68.72044056989829/lng/-31.46484375;;;;;;;;;;;;;
2;KW_T_423_2_0117R.tif.jpg;illustration;Cardamine hirsuta;Cardamine flexuosa;Cardamine;flexuosa;Flowering plants;Asteraceae;Gele morgenster;https://galerij.kb.nl/kb.html#/nl/florabatava05/page/30/zoom/3/lat/-68.72044056989829/lng/-48.69140625;;;;;;;;;;;;;
2;KW_T_423_2_0119R.tif.jpg;illustration;Erysimum officinale;Sisymbrium officinale;Sisymbrium;officinale;Flowering plants;Asparagaceae;Liggende asperge;https://galerij.kb.nl/kb.html#/nl/florabatava15/page/10/zoom/3/lat/-65.98227002980873/lng/-25.224609375;;;;;;;;;;;;;
2;KW_T_423_2_0121R.tif.jpg;illustration;Sinapis arvensis;Sinapis arvensis;Sinapis;arvensis;Flowering plants;Amaryllidaceae;Wilde narcis;https://galerij.kb.nl/kb.html#/nl/florabatava04/page/31/zoom/3/lat/-68.46379955520322/lng/-47.98828124999999;;;;;;;;;;;;;
2;KW_T_423_2_0123R.tif.jpg;illustration;Malva rotundifolia;Malva neglecta;Malva;neglecta;Flowering plants;Fabaceae;Kruipend stalkruid;https://galerij.kb.nl/kb.html#/nl/florabatava03/page/61/zoom/3/lat/-69.162557908105/lng/-39.19921875;;;;;;;;;;;;;
2;KW_T_423_2_0125R.tif.jpg;illustration;Fumaria officinalis;Fumaria officinalis;Fumaria;officinalis;Flowering plants;Apiaceae;Pastinaak;https://galerij.kb.nl/kb.html#/nl/florabatava05/page/36/zoom/3/lat/-68.72044056989829/lng/-48.69140625;;;;;;;;;;;;;
2;KW_T_423_2_0127R.tif.jpg;illustration;Genista anglica;Genista anglica;Genista;anglica;Flowering plants;Brassicaceae;Zaadhuttentut;https://galerij.kb.nl/kb.html#/nl/florabatava18/page/23/zoom/3/lat/-68.56038368664157/lng/-27.333984375;;;;;;;;;;;;;
2;KW_T_423_2_0129R.tif.jpg;illustration;Ulex europaeus;Ulex europaeus;Ulex;europaeus;Flowering plants;Fabaceae;Vergeten wikke;https://galerij.kb.nl/kb.html#/nl/florabatava02/page/67/zoom/3/lat/-68.78414378041504/lng/-51.15234375;;;;;;;;;;;;;
2;KW_T_423_2_0131R.tif.jpg;illustration;Vicia sativa;Vicia sativa subsp. segetalis;Vicia;sativa subsp. segetalis;Flowering plants;Gentianaceae;Herfstbitterling;https://galerij.kb.nl/kb.html#/nl/florabatava14/page/56/zoom/3/lat/-65.03506043658815/lng/-28.916015625;;;;;;;;;;;;;
2;KW_T_423_2_0133R.tif.jpg;illustration;Coronilla varia;Securigera varia;Securigera;varia;Flowering plants;Orobanchaceae;Rode ogentroost;https://galerij.kb.nl/kb.html#/nl/florabatava03/page/52/zoom/3/lat/-69.162557908105/lng/-39.19921875;;;;;;;;;;;;;
2;KW_T_423_2_0135R.tif.jpg;illustration;Hypericum quadrangulare;Hypericum tetrapterum;Hypericum;tetrapterum;Flowering plants;Fabaceae;Kattendoorn;https://galerij.kb.nl/kb.html#/nl/florabatava03/page/60/zoom/3/lat/-69.162557908105/lng/-39.19921875;;;;;;;;;;;;;
2;KW_T_423_2_0137R.tif.jpg;illustration;Leontodon autumnale;Leontodon autumnalis;Leontodon;autumnalis;Flowering plants;Plantaginaceae;Brede ereprijs;https://galerij.kb.nl/kb.html#/nl/florabatava06/page/8/zoom/3/lat/-68.59248658252949/lng/-37.96875;;;;;;;;;;;;;
2;KW_T_423_2_0139R.tif.jpg;illustration;Leontodon hispidum;Leontodon hispidus;Leontodon;hispidus;Flowering plants;Ranunculaceae;Gewoon speenkruid;https://galerij.kb.nl/kb.html#/nl/florabatava01/page/91/zoom/3/lat/-67.06743335108297/lng/-51.328125;;;;;;;;;;;;;
2;KW_T_423_2_0141R.tif.jpg;illustration;Hieracium murorum;Hieracium sect. Vulgata;Hieracium;sect. Vulgata;Flowering plants;Caryophyllaceae;Gewone hoornbloem;https://galerij.kb.nl/kb.html#/nl/florabatava04/page/42/zoom/3/lat/-68.46379955520322/lng/-47.98828124999999;;;;;;;;;;;;;
2;KW_T_423_2_0143R.tif.jpg;illustration;Carduus nutans;Carduus nutans;Carduus;nutans;Flowering plants;Asteraceae;Jakobskruiskruid;https://galerij.kb.nl/kb.html#/nl/florabatava03/page/81/zoom/3/lat/-69.162557908105/lng/-39.19921875;;;;;;;;;;;;;
2;KW_T_423_2_0145R.tif.jpg;illustration;Carduus palustris;Cirsium palustre;Cirsium;palustre;Flowering plants;Lamiaceae;;https://galerij.kb.nl/kb.html#/nl/florabatava20/page/56/zoom/3/lat/-68.49604022839505/lng/-29.443359375;;;;;;;;;;;;;
2;KW_T_423_2_0147R.tif.jpg;illustration;Onopordum Acanthium;Onopordum acanthium;Onopordum;acanthium;Flowering plants;Rosaceae;Braam (kruising);https://galerij.kb.nl/kb.html#/nl/florabatava23/page/81/zoom/3/lat/-67.16995497083366/lng/-27.509765625;;;;;;;;;;;;;
2;KW_T_423_2_0149R.tif.jpg;illustration;Aster tripolium;Tripolium pannonicum;Tripolium;pannonicum;Flowering plants;Rosaceae;Braam (kruising);https://galerij.kb.nl/kb.html#/nl/florabatava24/page/68/zoom/3/lat/-62.79493487887006/lng/-23.818359375;;;;;;;;;;;;;
2;KW_T_423_2_0151R.tif.jpg;illustration;Cineraria palustris;Tephroseris palustris;Tephroseris;palustris;Mosses;Pottiaceae;Groot duinsterretje;https://galerij.kb.nl/kb.html#/nl/florabatava13/page/48/zoom/3/lat/-66.5482634621744/lng/-29.091796875;;;;;;;;;;;;;
2;KW_T_423_2_0153R.tif.jpg;illustration;Inula dysenterica;Pulicaria dysenterica;Pulicaria;dysenterica;Fungi;Omphalotaceae;Botercollybia;https://galerij.kb.nl/kb.html#/nl/florabatava23/page/18/zoom/3/lat/-67.16995497083366/lng/-27.509765625;;;;;;;;;;;;;
2;KW_T_423_2_0155R.tif.jpg;illustration;Centaurea calcitrapa;Centaurea calcitrapa;Centaurea;calcitrapa;Fungi;Omphalotaceae;Botercollybia var. butyracea;https://galerij.kb.nl/kb.html#/nl/florabatava17/page/72/zoom/3/lat/-68.56038368664157/lng/-27.333984375;;;;;;;;;;;;;
2;KW_T_423_2_0157R.tif.jpg;illustration;Ophrys spiralis;Spiranthes spiralis;Spiranthes;spiralis;Fungi;Phyllotopsidaceae;Pijpknotszwam (var. contorta);https://galerij.kb.nl/kb.html#/nl/florabatava25/page/52/zoom/3/lat/-69.53451763078357/lng/-18.45703125;;;;;;;;;;;;;
2;KW_T_423_2_0159R.tif.jpg;illustration;Aristolochia clematitis;Aristolochia clematitis;Aristolochia;clematitis;Fungi;Hysterangiaceae;Grote worteltruffel;https://galerij.kb.nl/kb.html#/nl/florabatava25/page/70/zoom/3/lat/-69.53451763078357/lng/-18.544921875;;;;;;;;;;;;;
2;KW_T_423_2_0161R.tif.jpg;illustration;Myriophyllum spicatum;Myriophyllum spicatum;Myriophyllum;spicatum;Flowering plants;Asteraceae;Waterkruiskruid var. erratica;https://galerij.kb.nl/kb.html#/nl/florabatava19/page/50/zoom/3/lat/-68.6885206018014/lng/-21.357421875;;;;;;;;;;;;;
2;KW_T_423_2_0163R.tif.jpg;illustration;Bryonia dioica;Bryonia dioica;Bryonia;dioica;Flowering plants;Asteraceae;Waterkruiskruid var. erratica;https://galerij.kb.nl/kb.html#/nl/florabatava19/page/50/zoom/3/lat/-68.6885206018014/lng/-21.357421875;;;;;;;;;;;;;
2;KW_T_423_2_0165R.tif.jpg;illustration;Hippophae Rhamnoides;Hippophae rhamnoides;Hippophae;rhamnoides;Fungi;Phyllotopsidaceae;Pijpknotszwam (var. fistulosa);https://galerij.kb.nl/kb.html#/nl/florabatava25/page/53/zoom/3/lat/-69.53451763078357/lng/-18.544921875;;;;;;;;;;;;;
2;KW_T_423_2_0168R.tif.jpg;illustration;Humulus lupulus Mas.;Humulus lupulus;Humulus;lupulus;Fungi;Hygrocybaceae;Hooilandwasplaat (var. rubra);https://galerij.kb.nl/kb.html#/nl/florabatava27/page/36/zoom/3/lat/-66.23145747862573/lng/-39.55078125;;;;;;;;;;;;;
2;KW_T_423_2_0169R.tif.jpg;illustration;Humulus lupulus Mas.;Humulus lupulus;Humulus;lupulus;Flowering plants;Violaceae;Veen-melkviooltje;https://galerij.kb.nl/kb.html#/nl/florabatava09/page/34/zoom/3/lat/-68.62454366344708/lng/-30.849609375;;;;;;;;;;;;;
2;KW_T_423_2_0171R.tif.jpg;illustration;Polypodium filix-mas;Dryopteris filix-mas;Dryopteris;filix-mas;Flowering plants;Fabaceae;Bonte Luzerne;https://galerij.kb.nl/kb.html#/nl/florabatava21/page/23/zoom/3/lat/-66.26685631430843/lng/-18.720703125;;;;;;;;;;;;;
3;KW_T_423_3_0010R.tif.jpg;illustration;Valeriana olitoria;Valerianella locusta;Valerianella;locusta;Flowering plants;Rosaceae;cf. Fraaie kambraam ;https://galerij.kb.nl/kb.html#/nl/florabatava23/page/32/zoom/3/lat/-67.16995497083366/lng/-27.509765625;;;;;;;;;;;;;
3;KW_T_423_3_0012R.tif.jpg;illustration;Schoenus nigricans;Schoenus nigricans;Schoenus;nigricans;Flowering plants;Rosaceae;cf. Fraaie kambraam ;https://galerij.kb.nl/kb.html#/nl/florabatava28/page/42/zoom/3/lat/-62.226996036319726/lng/-40.869140625;;;;;;;;;;;;;
3;KW_T_423_3_0014R.tif.jpg;illustration;Milium effusum;Milium effusum;Milium;effusum;Flowering plants;Asteraceae;Dicht havikskruid;https://galerij.kb.nl/kb.html#/nl/florabatava02/page/72/zoom/3/lat/-68.78414378041504/lng/-51.15234375;;;;;;;;;;;;;
3;KW_T_423_3_0016R.tif.jpg;illustration;Aira flexuosa;Deschampsia flexuosa;Deschampsia;flexuosa;Flowering plants;Asteraceae;Dicht havikskruid;https://galerij.kb.nl/kb.html#/nl/florabatava16/page/38/zoom/3/lat/-70.55417853776078/lng/-61.962890625;;;;;;;;;;;;;
3;KW_T_423_3_0018R.tif.jpg;illustration;Aira canescens;Corynephorus canescens;Corynephorus;canescens;Flowering plants;Polygonaceae;Spinaziezuring;https://galerij.kb.nl/kb.html#/nl/florabatava24/page/74/zoom/3/lat/-65.6220226151064/lng/-26.103515625;;;;;;;;;;;;;
3;KW_T_423_3_0020R.tif.jpg;illustration;Poa trivialis;Poa trivialis;Poa;trivialis;Flowering plants;Polygonaceae;;https://galerij.kb.nl/kb.html#/nl/florabatava26/page/51/zoom/3/lat/-66.86108230224609/lng/-34.98046875;;;;;;;;;;;;;
3;KW_T_423_3_0022R.tif.jpg;illustration;Avena flavescens;Trisetum flavescens;Trisetum;flavescens;Flowering plants;Rosaceae;Dauwbraam kruising?;https://galerij.kb.nl/kb.html#/nl/florabatava28/page/47/zoom/3/lat/-67.80924450600008/lng/-32.87109375;;;;;;;;;;;;;
3;KW_T_423_3_0024R.tif.jpg;illustration;Arundo Phragmites;Phragmites australis;Phragmites;australis;Flowering plants;Typhaceae;Kleine x Kleinste egelskop;https://galerij.kb.nl/kb.html#/nl/florabatava22/page/82/zoom/3/lat/-69.13127122963648/lng/-27.333984375;;;;;;;;;;;;;
3;KW_T_423_3_0026R.tif.jpg;illustration;Lolium parenne;Lolium perenne;Lolium;perenne;Flowering plants;Cyperaceae;Valse voszegge x IJle zegge;https://galerij.kb.nl/kb.html#/nl/florabatava23/page/17/zoom/3/lat/-67.16995497083366/lng/-27.509765625;;;;;;;;;;;;;
3;KW_T_423_3_0028R.tif.jpg;illustration;Elymus arenarius;Leymus arenarius;Leymus;arenarius;Flowering plants;Salicaceae;Bittere wilg x Kruipwilg;https://galerij.kb.nl/kb.html#/nl/florabatava23/page/61/zoom/3/lat/-67.16995497083366/lng/-27.509765625;;;;;;;;;;;;;
3;KW_T_423_3_0030R.tif.jpg;illustration;Dipsacus sylvestris;Dipsacus fullonum;Dipsacus;fullonum;Flowering plants;Salicaceae;Bittere wilg x Kruipwilg;https://galerij.kb.nl/kb.html#/nl/florabatava23/page/61/zoom/3/lat/-67.16995497083366/lng/-27.509765625;;;;;;;;;;;;;
3;KW_T_423_3_0032R.tif.jpg;illustration;Scabiosa succisa;Succisa pratensis;Succisa;pratensis;Flowering plants;Scrophulariaceae;Koningskaars x Zwarte toorts;https://galerij.kb.nl/kb.html#/nl/florabatava22/page/38/zoom/3/lat/-69.13127122963648/lng/-27.333984375;;;;;;;;;;;;;
3;KW_T_423_3_0034R.tif.jpg;illustration;Scabiosa columbaria;Scabiosa columbaria;Scabiosa;columbaria;Flowering plants;Cyperaceae;Driekantige x Ruwe bies;https://galerij.kb.nl/kb.html#/nl/florabatava23/page/53/zoom/3/lat/-67.16995497083366/lng/-27.509765625;;;;;;;;;;;;;
3;KW_T_423_3_0036R.tif.jpg;illustration;Galium Mollugo;Galium mollugo;Galium;mollugo;Flowering plants;Lamiaceae;Wollige munt;https://galerij.kb.nl/kb.html#/nl/florabatava15/page/9/zoom/3/lat/-65.98227002980873/lng/-25.224609375;;;;;;;;;;;;;
3;KW_T_423_3_0038R.tif.jpg;illustration;Myosotis scorpioides;Myosotis scorpioides;Myosotis;scorpioides;Flowering plants;Salicaceae;Geoorde x cf. Grauwe wilg ;https://galerij.kb.nl/kb.html#/nl/florabatava18/page/14/zoom/3/lat/-68.56038368664157/lng/-27.333984375;;;;;;;;;;;;;
3;KW_T_423_3_0040R.tif.jpg;illustration;Symphytum officinale;Symphytum officinale;Symphytum;officinale;Flowering plants;Rosaceae;Braam kruising;https://galerij.kb.nl/kb.html#/nl/florabatava28/page/59/zoom/3/lat/-67.80924450600008/lng/-32.87109375;;;;;;;;;;;;;
3;KW_T_423_3_0042R.tif.jpg;illustration;Echium vulgare- Gemeene Slangenkop;Echium vulgare;Echium;vulgare;Flowering plants;Scrophulariaceae;cf. Stalkaars x Zwarte toorts;https://galerij.kb.nl/kb.html#/nl/florabatava21/page/48/zoom/3/lat/-66.26685631430843/lng/-18.720703125;;;;;;;;;;;;;
3;KW_T_423_3_0044R.tif.jpg;illustration;Lysimachia nummularia;Lysimachia nummularia;Lysimachia;nummularia;Flowering plants;Cyperaceae;cf. Pluimzegge;https://galerij.kb.nl/kb.html#/nl/florabatava08/page/87/zoom/3/lat/-66.93006025862445/lng/-28.828124999999996;;;;;;;;;;;;;
3;KW_T_423_3_0046R.tif.jpg;illustration;Convolvulus sepium;Convolvulus sepium;Convolvulus;sepium;Flowering plants;Scrophulariaceae;cf. Zwarte x paarse toorts;https://galerij.kb.nl/kb.html#/nl/florabatava20/page/67/zoom/3/lat/-68.49604022839505/lng/-29.443359375;;;;;;;;;;;;;
3;KW_T_423_3_0048R.tif.jpg;illustration;Campanula persicifolia;Campanula rapunculus ;Campanula;rapunculus;Fungi;Physalacriaceae;"Gewone dennenkegelzwam (A); Sparrenkegelzwam (B)";https://galerij.kb.nl/kb.html#/nl/florabatava28/page/78/zoom/3/lat/-67.80924450600008/lng/-32.87109375;;;;;;;;;;;;;
3;KW_T_423_3_0050R.tif.jpg;illustration;Campanula Speculum;Legousia speculum-veneris;Legousia;speculum-veneris;;;;;;;;;;;;;;;;;
3;KW_T_423_3_0052R.tif.jpg;illustration;Verbascum thapsus;Verbascum thapsus;Verbascum;thapsus;Fungi;Tricholomataceae;"Zilveren ridderzwam (boven); Muisgrijze ridderzwam (onder)";https://galerij.kb.nl/kb.html#/nl/florabatava20/page/26/zoom/3/lat/-68.49604022839505/lng/-29.443359375;;;;;;;;;;;;;
3;KW_T_423_3_0054R.tif.jpg;illustration;Rhamnus catharticus;Rhamnus cathartica;Rhamnus;cathartica;;;;;;;;;;;;;;;;;
3;KW_T_423_3_0056R.tif.jpg;illustration;Rhamnus frangula;Rhamnus frangula;Rhamnus;frangula;Mosses;Grimmiaceae;Achterlichtmos [Gebogen en/of Muurachterachterlichtmos];https://galerij.kb.nl/kb.html#/nl/florabatava09/page/43/zoom/3/lat/-68.62454366344708/lng/-30.849609375;;;;;;;;;;;;;
3;KW_T_423_3_0058R.tif.jpg;illustration;Illecebrum verticillatum;Illecebrum verticillatum;Illecebrum;verticillatum;Fungi;Geastraceae;"Bruine aardster (a-c en h); Heideaardster (e en g)";https://galerij.kb.nl/kb.html#/nl/florabatava15/page/32/zoom/3/lat/-65.98227002980873/lng/-25.224609375;;;;;;;;;;;;;
3;KW_T_423_3_0060R.tif.jpg;illustration;Beta maritima;Beta vulgaris subsp. maritima;Beta;vulgaris subsp. maritima;;;;;;;;;;;;;;;;;
3;KW_T_423_3_0062R.tif.jpg;illustration;Sium latifolium;Sium latifolium;Sium;latifolium;Flowering plants;Plantaginaceae;Gewone ereprijs;https://galerij.kb.nl/kb.html#/nl/florabatava01/page/16/zoom/3/lat/-67.06743335108297/lng/-51.328125;;;;;;;;;;;;;
3;KW_T_423_3_0064R.tif.jpg;illustration;Statice armeria;Armeria maritima;Armeria;maritima;Flowering plants;Menyanthaceae;Waterdrieblad;https://galerij.kb.nl/kb.html#/nl/florabatava01/page/17/zoom/3/lat/-67.06743335108297/lng/-51.328125;;;;;;;;;;;;;
3;KW_T_423_3_0066R.tif.jpg;illustration;Anthericum ossifragum;Narthecium ossifragum;Narthecium;ossifragum;Flowering plants;Caryophyllaceae;Echte koekoeksbloem;https://galerij.kb.nl/kb.html#/nl/florabatava01/page/19/zoom/3/lat/-67.06743335108297/lng/-51.328125;;;;;;;;;;;;;
3;KW_T_423_3_0068R.tif.jpg;illustration;Convallaria bifolia;Maianthemum bifolium;Maianthemum;bifolium;Flowering plants;Asparagaceae;Lelietje-van-dalen;https://galerij.kb.nl/kb.html#/nl/florabatava01/page/21/zoom/3/lat/-67.06743335108297/lng/-51.328125;;;;;;;;;;;;;
3;KW_T_423_3_0070R.tif.jpg;illustration;Juncus campestris;Luzula campestris;Luzula;campestris;Flowering plants;Onagraceae;Wilgenroosje;https://galerij.kb.nl/kb.html#/nl/florabatava01/page/22/zoom/3/lat/-67.06743335108297/lng/-51.328125;;;;;;;;;;;;;
3;KW_T_423_3_0072R.tif.jpg;illustration;Berberis vulgaris;Berberis vulgaris;Berberis;vulgaris;Flowering plants;Ericaceae;Gewone dophei;https://galerij.kb.nl/kb.html#/nl/florabatava01/page/23/zoom/3/lat/-67.06743335108297/lng/-51.328125;;;;;;;;;;;;;
3;KW_T_423_3_0074R.tif.jpg;illustration;Polygonum aviculare;Polygonum aviculare;Polygonum;aviculare;Flowering plants;Oxalidaceae;Witte klaverzuuring;https://galerij.kb.nl/kb.html#/nl/florabatava01/page/24/zoom/3/lat/-67.06743335108297/lng/-51.328125;;;;;;;;;;;;;
3;KW_T_423_3_0076R.tif.jpg;illustration;Pyrola rotundifolia;Pyrola rotundifolia;Pyrola;rotundifolia;Flowering plants;Violaceae;Driekleurig viooltje;https://galerij.kb.nl/kb.html#/nl/florabatava01/page/25/zoom/3/lat/-67.06743335108297/lng/-51.328125;;;;;;;;;;;;;
3;KW_T_423_3_0078R.tif.jpg;illustration;Sedum album;Sedum album;Sedum;album;Flowering plants;Plantaginaceae;Lidsteng;https://galerij.kb.nl/kb.html#/nl/florabatava01/page/26/zoom/3/lat/-67.06743335108297/lng/-51.328125;;;;;;;;;;;;;
3;KW_T_423_3_0080R.tif.jpg;illustration;Agrostemma githago;Agrostemma githago;Agrostemma;githago;Flowering plants;Primulaceae;Waterviolier;https://galerij.kb.nl/kb.html#/nl/florabatava01/page/27/zoom/3/lat/-67.06743335108297/lng/-51.328125;;;;;;;;;;;;;
3;KW_T_423_3_0082R.tif.jpg;illustration;Prunus avium;Prunus avium;Prunus;avium;Flowering plants;Convolvulaceae;Akkerwinde;https://galerij.kb.nl/kb.html#/nl/florabatava01/page/28/zoom/3/lat/-67.06743335108297/lng/-51.328125;;;;;;;;;;;;;
3;KW_T_423_3_0084R.tif.jpg;illustration;Chelidonium majus;Chelidonium majus;Chelidonium;majus;Flowering plants;Amaryllidaceae;Gewoon sneeuwklokje;https://galerij.kb.nl/kb.html#/nl/florabatava01/page/29/zoom/3/lat/-67.06743335108297/lng/-51.328125;;;;;;;;;;;;;
3;KW_T_423_3_0086R.tif.jpg;illustration;Ranunculus flammula;Ranunculus flammula;Ranunculus;flammula;Flowering plants;Papaveraceae;Ruige klaproos;https://galerij.kb.nl/kb.html#/nl/florabatava01/page/30/zoom/3/lat/-67.06743335108297/lng/-51.328125;;;;;;;;;;;;;
3;KW_T_423_3_0088R.tif.jpg;illustration;Mentha sylvestris;Mentha suaveolens;Mentha;suaveolens;Flowering plants;Lamiaceae;Kruipend zenegroen;https://galerij.kb.nl/kb.html#/nl/florabatava01/page/31/zoom/3/lat/-67.06743335108297/lng/-51.328125;;;;;;;;;;;;;
3;KW_T_423_3_0090R.tif.jpg;illustration;Mentha aquatica;Mentha aquatica;Mentha;aquatica;Flowering plants;Papaveraceae;Vingerhelmbloem;https://galerij.kb.nl/kb.html#/nl/florabatava01/page/32/zoom/3/lat/-67.06743335108297/lng/-51.328125;;;;;;;;;;;;;
3;KW_T_423_3_0092R.tif.jpg;illustration;Ballota nigra;Ballota nigra subsp. meridionalis;Ballota;nigra subsp. meridionalis;Flowering plants;Fabaceae;Klein vogelpootje;https://galerij.kb.nl/kb.html#/nl/florabatava01/page/33/zoom/3/lat/-67.06743335108297/lng/-51.328125;;;;;;;;;;;;;
3;KW_T_423_3_0094R.tif.jpg;illustration;Origanum vulgare;Origanum vulgare;Origanum;vulgare;Flowering plants;Asteraceae;Madeliefje;https://galerij.kb.nl/kb.html#/nl/florabatava01/page/34/zoom/3/lat/-67.06743335108297/lng/-51.328125;;;;;;;;;;;;;
3;KW_T_423_3_0096R.tif.jpg;illustration;Euphrasia Odontites;Odontites vernus subsp. serotinus;Odontites;vernus subsp. serotinus;Flowering plants;Orchidaceae;Rietorchis;https://galerij.kb.nl/kb.html#/nl/florabatava01/page/35/zoom/3/lat/-67.06743335108297/lng/-51.328125;;;;;;;;;;;;;
3;KW_T_423_3_0098R.tif.jpg;illustration;Melampyrum arvense;Melampyrum arvense;Melampyrum;arvense;Flowering plants;Lamiaceae;Wolfspoot;https://galerij.kb.nl/kb.html#/nl/florabatava01/page/36/zoom/3/lat/-67.06743335108297/lng/-51.328125;;;;;;;;;;;;;
3;KW_T_423_3_0100R.tif.jpg;illustration;Antirrhinum linaria;Linaria vulgaris;Linaria;vulgaris;Flowering plants;Caprifoliaceae;Echte valeriaan;https://galerij.kb.nl/kb.html#/nl/florabatava01/page/37/zoom/3/lat/-67.06743335108297/lng/-51.328125;;;;;;;;;;;;;
3;KW_T_423_3_0102R.tif.jpg;illustration;Antirrhinum Linaria, Peloria;Linaria vulgaris 'Peloria';Linaria;vulgaris 'Peloria';Flowering plants;Caprifoliaceae;Wilde kamperfoelie;https://galerij.kb.nl/kb.html#/nl/florabatava01/page/38/zoom/3/lat/-67.06743335108297/lng/-51.328125;;;;;;;;;;;;;
3;KW_T_423_3_0104R.tif.jpg;illustration;Cochlearia coronopus;Lepidium coronopus;Lepidium;coronopus;Flowering plants;Apiaceae;Hondspeterselie;https://galerij.kb.nl/kb.html#/nl/florabatava01/page/39/zoom/3/lat/-67.06743335108297/lng/-51.328125;;;;;;;;;;;;;
3;KW_T_423_3_0106R.tif.jpg;illustration;Erysimum cheiranthoides;Erysimum cheiranthoides;Erysimum;cheiranthoides;Flowering plants;Viburnaceae;Muskuskruid;https://galerij.kb.nl/kb.html#/nl/florabatava01/page/40/zoom/3/lat/-67.06743335108297/lng/-51.328125;;;;;;;;;;;;;
3;KW_T_423_3_0108R.tif.jpg;illustration;Fumaria claviculata;Ceratocapnos claviculata;Ceratocapnos;claviculata;Flowering plants;Ranunculaceae;Knolboterbloem;https://galerij.kb.nl/kb.html#/nl/florabatava01/page/41/zoom/3/lat/-67.06743335108297/lng/-51.328125;;;;;;;;;;;;;
3;KW_T_423_3_0110R.tif.jpg;illustration;Polygala vulgaris;Polygala vulgaris;Polygala;vulgaris;Flowering plants;Brassicaceae;Pinksterbloem;https://galerij.kb.nl/kb.html#/nl/florabatava01/page/42/zoom/3/lat/-67.06743335108297/lng/-51.328125;;;;;;;;;;;;;
3;KW_T_423_3_0112R.tif.jpg;illustration;Ononis spinosa;Ononis spinosa subsp. spinosa;Ononis;spinosa subsp. spinosa;Flowering plants;Geraniaceae;Gewone reigersbek;https://galerij.kb.nl/kb.html#/nl/florabatava01/page/43/zoom/3/lat/-67.06743335108297/lng/-51.328125;;;;;;;;;;;;;
3;KW_T_423_3_0114R.tif.jpg;illustration;Ononis arvensis;Ononis spinosa subsp. repens;Ononis;spinosa subsp. repens;Flowering plants;Asteraceae;Muizenoor;https://galerij.kb.nl/kb.html#/nl/florabatava01/page/44/zoom/3/lat/-67.06743335108297/lng/-51.328125;;;;;;;;;;;;;
3;KW_T_423_3_0116R.tif.jpg;illustration;Anthyllis vulneraria;Anthyllis vulneraria;Anthyllis;vulneraria;Flowering plants;Urticaceae;Grote brandnetel;https://galerij.kb.nl/kb.html#/nl/florabatava01/page/45/zoom/3/lat/-67.06743335108297/lng/-51.328125;;;;;;;;;;;;;
3;KW_T_423_3_0118R.tif.jpg;illustration;Lathyrus tuberosus;Lathyrus tuberosus;Lathyrus;tuberosus;Flowering plants;Verbenaceae;IJzerhard;https://galerij.kb.nl/kb.html#/nl/florabatava01/page/46/zoom/3/lat/-67.06743335108297/lng/-51.328125;;;;;;;;;;;;;
3;KW_T_423_3_0120R.tif.jpg;illustration;Lathyrus pratensis;Lathyrus pratensis;Lathyrus;pratensis;Flowering plants;Cyperaceae;Veenpluis;https://galerij.kb.nl/kb.html#/nl/florabatava01/page/47/zoom/3/lat/-67.06743335108297/lng/-51.328125;;;;;;;;;;;;;
3;KW_T_423_3_0122R.tif.jpg;illustration;Vicia cracca;Vicia cracca;Vicia;cracca;Flowering plants;Rubiaceae;Geel walstro;https://galerij.kb.nl/kb.html#/nl/florabatava01/page/48/zoom/3/lat/-67.06743335108297/lng/-51.328125;;;;;;;;;;;;;
3;KW_T_423_3_0124R.tif.jpg;illustration;Lotus corniculatus;Lotus corniculatus subsp. corniculatus;Lotus;corniculatus subsp. corniculatus;Flowering plants;Boraginaceae;Veldhondstong;https://galerij.kb.nl/kb.html#/nl/florabatava01/page/49/zoom/3/lat/-67.06743335108297/lng/-51.328125;;;;;;;;;;;;;
3;KW_T_423_3_0126R.tif.jpg;illustration;Trigonella corniculata;Medicago falcata;Medicago;falcata;Flowering plants;Apiaceae;Naaldenkervel;https://galerij.kb.nl/kb.html#/nl/florabatava01/page/50/zoom/3/lat/-67.06743335108297/lng/-51.328125;;;;;;;;;;;;;
3;KW_T_423_3_0128R.tif.jpg;illustration;Medicago lupulina;Medicago lupulina;Medicago;lupulina;Flowering plants;Rosaceae;Gewone agrimonie;https://galerij.kb.nl/kb.html#/nl/florabatava01/page/52/zoom/3/lat/-67.06743335108297/lng/-51.328125;;;;;;;;;;;;;
3;KW_T_423_3_0130R.tif.jpg;illustration;Picris hieracioides;Picris hieracioides;Picris;hieracioides;Flowering plants;Malvaceae;Groot kaasjeskruid;https://galerij.kb.nl/kb.html#/nl/florabatava01/page/53/zoom/3/lat/-67.06743335108297/lng/-51.328125;;;;;;;;;;;;;
3;KW_T_423_3_0132R.tif.jpg;illustration;Sonchus oleraceus;Sonchus oleraceus;Sonchus;oleraceus;Flowering plants;Fabaceae;Brem;https://galerij.kb.nl/kb.html#/nl/florabatava01/page/54/zoom/3/lat/-67.06743335108297/lng/-51.328125;;;;;;;;;;;;;
3;KW_T_423_3_0134R.tif.jpg;illustration;Leontodon taraxacum;Taraxacum sect. Ruderalia;Taraxacum;sect. Ruderalia;Flowering plants;Asteraceae;Klein hoefblad;https://galerij.kb.nl/kb.html#/nl/florabatava01/page/55/zoom/3/lat/-67.06743335108297/lng/-51.328125;;;;;;;;;;;;;
3;KW_T_423_3_0136R.tif.jpg;illustration;Hieracium umbellatum;Hieracium umbellatum;Hieracium;umbellatum;Flowering plants;Poaceae;IJle dravik;https://galerij.kb.nl/kb.html#/nl/florabatava01/page/56/zoom/3/lat/-67.06743335108297/lng/-51.328125;;;;;;;;;;;;;
3;KW_T_423_3_0138R.tif.jpg;illustration;Lapsana communis;Lapsana communis;Lapsana;communis;Flowering plants;Plantaginaceae;Smalle weegbree;https://galerij.kb.nl/kb.html#/nl/florabatava01/page/57/zoom/3/lat/-67.06743335108297/lng/-51.328125;;;;;;;;;;;;;
3;KW_T_423_3_0140R.tif.jpg;illustration;Carduus crispus;Carduus crispus;Carduus;crispus;Flowering plants;Caryophyllaceae;Akkerhoornbloem;https://galerij.kb.nl/kb.html#/nl/florabatava01/page/58/zoom/3/lat/-67.06743335108297/lng/-51.328125;;;;;;;;;;;;;
3;KW_T_423_3_0142R.tif.jpg;illustration;Cnicus (Carduus) heterophyllus;Cirsium dissectum;Cirsium;dissectum;Flowering plants;Euphorbiaceae;Moeraswolfsmelk;https://galerij.kb.nl/kb.html#/nl/florabatava01/page/59/zoom/3/lat/-67.06743335108297/lng/-51.328125;;;;;;;;;;;;;
3;KW_T_423_3_0144R.tif.jpg;illustration;Bidens cernua;Bidens cernua;Bidens;cernua;Flowering plants;Brassicaceae;Steenkruidkers;https://galerij.kb.nl/kb.html#/nl/florabatava01/page/60/zoom/3/lat/-67.06743335108297/lng/-51.328125;;;;;;;;;;;;;
3;KW_T_423_3_0146R.tif.jpg;illustration;Tanacetum vulgare;Tanacetum vulgare;Tanacetum;vulgare;Flowering plants;Rosaceae;Geel nagelkruid;https://galerij.kb.nl/kb.html#/nl/florabatava01/page/61/zoom/3/lat/-67.06743335108297/lng/-51.328125;;;;;;;;;;;;;
3;KW_T_423_3_0148R.tif.jpg;illustration;Gnaphalium (Filago) arvense;Logfia minima;Logfia;minima;Flowering plants;Brassicaceae;Sofiekruid;https://galerij.kb.nl/kb.html#/nl/florabatava01/page/62/zoom/3/lat/-67.06743335108297/lng/-51.328125;;;;;;;;;;;;;
3;KW_T_423_3_0150R.tif.jpg;illustration;Tussilago hybrida;Petasites hybridus;Petasites;hybridus;Flowering plants;Geraniaceae;Robertskruid;https://galerij.kb.nl/kb.html#/nl/florabatava01/page/63/zoom/3/lat/-67.06743335108297/lng/-51.328125;;;;;;;;;;;;;
3;KW_T_423_3_0152R.tif.jpg;illustration;Senecio vulgaris;Senecio vulgaris;Senecio;vulgaris;Flowering plants;Fabaceae;Ringelwikke;https://galerij.kb.nl/kb.html#/nl/florabatava01/page/64/zoom/3/lat/-67.06743335108297/lng/-51.328125;;;;;;;;;;;;;
3;KW_T_423_3_0154R.tif.jpg;illustration;Senecio jacobaea;Jacobaea vulgaris subsp. vulgaris;Jacobaea;vulgaris subsp. vulgaris;Flowering plants;Asteraceae;Gewone margriet;https://galerij.kb.nl/kb.html#/nl/florabatava01/page/65/zoom/3/lat/-67.06743335108297/lng/-51.328125;;;;;;;;;;;;;
3;KW_T_423_3_0156R.tif.jpg;illustration;Achillea ptarmica;Achillea ptarmica;Achillea;ptarmica;Flowering plants;Poaceae;Straatgras;https://galerij.kb.nl/kb.html#/nl/florabatava01/page/66/zoom/3/lat/-67.06743335108297/lng/-51.328125;;;;;;;;;;;;;
3;KW_T_423_3_0158R.tif.jpg;illustration;Achillea millefolium;Achillea millefolium;Achillea;millefolium;Flowering plants;Primulaceae;Waterpunge;https://galerij.kb.nl/kb.html#/nl/florabatava01/page/68/zoom/3/lat/-67.06743335108297/lng/-51.328125;;;;;;;;;;;;;
3;KW_T_423_3_0160R.tif.jpg;illustration;Orchis bifolia;Platanthera bifolia;Platanthera;bifolia;Flowering plants;Amaranthaceae;Melganzenvoet;https://galerij.kb.nl/kb.html#/nl/florabatava01/page/69/zoom/3/lat/-67.06743335108297/lng/-51.328125;;;;;;;;;;;;;
3;KW_T_423_3_0162R.tif.jpg;illustration;Epipactis palustris (Serapias longifolia);Epipactis palustris;Epipactis;palustris;Flowering plants;Caryophyllaceae;Grasmuur;https://galerij.kb.nl/kb.html#/nl/florabatava01/page/70/zoom/3/lat/-67.06743335108297/lng/-51.328125;;;;;;;;;;;;;
3;KW_T_423_3_0164R.tif.jpg;illustration;Sparganium ramosum;Sparganium erectum subsp. erectum;Sparganium;erectum subsp. erectum;Flowering plants;Nymphaeaceae;Gele plomp;https://galerij.kb.nl/kb.html#/nl/florabatava01/page/71/zoom/3/lat/-67.06743335108297/lng/-51.328125;;;;;;;;;;;;;
3;KW_T_423_3_0166R.tif.jpg;illustration;Mercurialis annua;Mercurialis annua;Mercurialis;annua;Flowering plants;Lamiaceae;Valse salie;https://galerij.kb.nl/kb.html#/nl/florabatava01/page/72/zoom/3/lat/-67.06743335108297/lng/-51.328125;;;;;;;;;;;;;
3;KW_T_423_3_0167R.tif.jpg;illustration;Holcus oodoratus;Hierochloe odorata;Hierochloe;odorata;Flowering plants;Fabaceae;Hazenpootje;https://galerij.kb.nl/kb.html#/nl/florabatava01/page/73/zoom/3/lat/-67.06743335108297/lng/-51.328125;;;;;;;;;;;;;
4;KW_T_423_4_0009L.tif.jpg;illustration;Circaea lutetiana;Circaea lutetiana;Circaea;lutetiana;Flowering plants;Asteraceae;Knoopkruid;https://galerij.kb.nl/kb.html#/nl/florabatava01/page/74/zoom/3/lat/-67.06743335108297/lng/-51.328125;;;;;;;;;;;;;
4;KW_T_423_4_0011L.tif.jpg;illustration;Veronica scutellata;Veronica scutellata;Veronica;scutellata;Flowering plants;Aspleniaceae;Muurvaren;https://galerij.kb.nl/kb.html#/nl/florabatava01/page/75/zoom/3/lat/-67.06743335108297/lng/-51.328125;;;;;;;;;;;;;
4;KW_T_423_4_0013L.tif.jpg;illustration;Utricularia vulgaris;Utricularia australis;Utricularia;australis;Flowering plants;Poaceae;Ruwe smele;https://galerij.kb.nl/kb.html#/nl/florabatava01/page/76/zoom/3/lat/-67.06743335108297/lng/-51.328125;;;;;;;;;;;;;
4;KW_T_423_4_0015L.tif.jpg;illustration;Salvia pratensis;Salvia pratensis;Salvia;pratensis;Flowering plants;Araliaceae;Gewone waternavel;https://galerij.kb.nl/kb.html#/nl/florabatava01/page/77/zoom/3/lat/-67.06743335108297/lng/-51.328125;;;;;;;;;;;;;
4;KW_T_423_4_0017L.tif.jpg;illustration;Phalaris arenaria;Phleum arenarium;Phleum;arenarium;Flowering plants;Celastraceae;Parnassia;https://galerij.kb.nl/kb.html#/nl/florabatava01/page/78/zoom/3/lat/-67.06743335108297/lng/-51.328125;;;;;;;;;;;;;
4;KW_T_423_4_0019L.tif.jpg;illustration;Poa aquatica;Glyceria maxima;Glyceria;maxima;Flowering plants;Polygonaceae;Schapenzuring;https://galerij.kb.nl/kb.html#/nl/florabatava01/page/79/zoom/3/lat/-67.06743335108297/lng/-51.328125;;;;;;;;;;;;;
4;KW_T_423_4_0021L.tif.jpg;illustration;Briza media;Briza media;Briza;media;Flowering plants;Crassulaceae;Muurpeper;https://galerij.kb.nl/kb.html#/nl/florabatava01/page/80/zoom/3/lat/-67.06743335108297/lng/-51.328125;;;;;;;;;;;;;
4;KW_T_423_4_0023L.tif.jpg;illustration;Festuca duriuscula;Festuca ovina-groep;Festuca;ovina-groep;Flowering plants;Rosaceae;Vijfvingerkruid;https://galerij.kb.nl/kb.html#/nl/florabatava01/page/81/zoom/3/lat/-67.06743335108297/lng/-51.328125;;;;;;;;;;;;;
4;KW_T_423_4_0025L.tif.jpg;illustration;Triticum junceum;Elymus farctus subsp. boreoatlanticus;Elymus;farctus subsp. boreoatlanticus;Flowering plants;Lamiaceae;Grote tijm;https://galerij.kb.nl/kb.html#/nl/florabatava01/page/82/zoom/3/lat/-67.06743335108297/lng/-51.328125;;;;;;;;;;;;;
4;KW_T_423_4_0027L.tif.jpg;illustration;Plantago major;Plantago major;Plantago;major;Flowering plants;Brassicaceae;Witte krodde;https://galerij.kb.nl/kb.html#/nl/florabatava01/page/83/zoom/3/lat/-67.06743335108297/lng/-51.328125;;;;;;;;;;;;;
4;KW_T_423_4_0029L.tif.jpg;illustration;Plantago media;Plantago media;Plantago;media;Flowering plants;Asteraceae;Akker-melkdistel;https://galerij.kb.nl/kb.html#/nl/florabatava01/page/84/zoom/3/lat/-67.06743335108297/lng/-51.328125;;;;;;;;;;;;;
4;KW_T_423_4_0031L.tif.jpg;illustration;Plantago maritima;Plantago maritima;Plantago;maritima;Flowering plants;Asteraceae;Canadese fijnstraal;https://galerij.kb.nl/kb.html#/nl/florabatava01/page/85/zoom/3/lat/-67.06743335108297/lng/-51.328125;;;;;;;;;;;;;
4;KW_T_423_4_0033L.tif.jpg;illustration;Campanula rotundifolia;Campanula rotundifolia;Campanula;rotundifolia;Flowering plants;Scrophulariaceae;Zwarte toorts;https://galerij.kb.nl/kb.html#/nl/florabatava01/page/86/zoom/3/lat/-67.06743335108297/lng/-51.328125;;;;;;;;;;;;;
4;KW_T_423_4_0035L.tif.jpg;illustration;Impatiens Noli tangere;Impatiens noli-tangere;Impatiens;noli-tangere;Flowering plants;Celastraceae;Wilde kardinaalsmuts;https://galerij.kb.nl/kb.html#/nl/florabatava01/page/87/zoom/3/lat/-67.06743335108297/lng/-51.328125;;;;;;;;;;;;;
4;KW_T_423_4_0037L.tif.jpg;illustration;Chironia centaurium;Centaurium littorale;Centaurium;littorale;Flowering plants;Ranunculaceae;Muizenstaart;https://galerij.kb.nl/kb.html#/nl/florabatava01/page/88/zoom/3/lat/-67.06743335108297/lng/-51.328125;;;;;;;;;;;;;
4;KW_T_423_4_0039L.tif.jpg;illustration;Chenopodium polyspermum;Chenopodium polyspermum;Chenopodium;polyspermum;Flowering plants;Juncaginaceae;Moeraszoutgras;https://galerij.kb.nl/kb.html#/nl/florabatava01/page/89/zoom/3/lat/-67.06743335108297/lng/-51.328125;;;;;;;;;;;;;
4;KW_T_423_4_0041L.tif.jpg;illustration;Ulmus campestris;Ulmus glabra;Ulmus;glabra;Flowering plants;Polygonaceae;Veenwortel;https://galerij.kb.nl/kb.html#/nl/florabatava01/page/90/zoom/3/lat/-67.06743335108297/lng/-51.328125;;;;;;;;;;;;;
4;KW_T_423_4_0043L.tif.jpg;illustration;Caucalis scandicina (Scandix anthriscus);Anthriscus caucalis;Anthriscus;caucalis;Flowering plants;Lamiaceae;Gewone Brunel;https://galerij.kb.nl/kb.html#/nl/florabatava01/page/92/zoom/3/lat/-67.06743335108297/lng/-51.328125;;;;;;;;;;;;;
4;KW_T_423_4_0045L.tif.jpg;illustration;Angelica sylvestris;Angelica sylvestris;Angelica;sylvestris;Flowering plants;Asteraceae;Koninginnen-kruid;https://galerij.kb.nl/kb.html#/nl/florabatava01/page/93/zoom/3/lat/-67.06743335108297/lng/-51.328125;;;;;;;;;;;;;
4;KW_T_423_4_0047L.tif.jpg;illustration;Cicuta virosa;Cicuta virosa;Cicuta;virosa;Flowering plants;Orchidaceae;Grote keverorchis;https://galerij.kb.nl/kb.html#/nl/florabatava01/page/94/zoom/3/lat/-67.06743335108297/lng/-51.328125;;;;;;;;;;;;;
4;KW_T_423_4_0049L.tif.jpg;illustration;Carum carvi;Carum carvi;Carum;carvi;Flowering plants;Salicaceae;Witte wilg;https://galerij.kb.nl/kb.html#/nl/florabatava01/page/95/zoom/3/lat/-67.06743335108297/lng/-51.328125;;;;;;;;;;;;;
4;KW_T_423_4_0051L.tif.jpg;illustration;Apium graveolens;Apium graveolens;Apium;graveolens;Flowering plants;Plantaginaceae;Mannetjesereprijs;https://galerij.kb.nl/kb.html#/nl/florabatava02/page/8/zoom/3/lat/-67.06743335108297/lng/-51.85546874999999;;;;;;;;;;;;;
4;KW_T_423_4_0053L.tif.jpg;illustration;Alsine media;Stellaria media;Stellaria;media;Flowering plants;Plantaginaceae;Rode waterereprijs;https://galerij.kb.nl/kb.html#/nl/florabatava02/page/9/zoom/3/lat/-67.06743335108297/lng/-51.85546874999999;;;;;;;;;;;;;
4;KW_T_423_4_0055L.tif.jpg;illustration;Narcissus Pseudo-Narcissus;Narcissus pseudonarcissus subsp. pseudonarcissus;Narcissus;pseudonarcissus subsp. pseudonarcissus;Flowering plants;Plantaginaceae;Handjesereprijs;https://galerij.kb.nl/kb.html#/nl/florabatava02/page/10/zoom/3/lat/-67.06743335108297/lng/-51.85546874999999;;;;;;;;;;;;;
4;KW_T_423_4_0057L.tif.jpg;illustration;Ornithogalum nutans;Ornithogalum nutans;Ornithogalum;nutans;Flowering plants;Poaceae;Gewoon reukgras;https://galerij.kb.nl/kb.html#/nl/florabatava02/page/11/zoom/3/lat/-67.06743335108297/lng/-51.85546874999999;;;;;;;;;;;;;
4;KW_T_423_4_0059L.tif.jpg;illustration;Triglochin maritimum;Triglochin maritima;Triglochin;maritima;Flowering plants;Poaceae;Knolvossenstaart;https://galerij.kb.nl/kb.html#/nl/florabatava02/page/12/zoom/3/lat/-67.06743335108297/lng/-51.85546874999999;;;;;;;;;;;;;
4;KW_T_423_4_0061L.tif.jpg;illustration;Alisma Plantago;Alisma plantago-aquatica;Alisma;plantago-aquatica;Flowering plants;Poaceae;Grote windhalm;https://galerij.kb.nl/kb.html#/nl/florabatava02/page/13/zoom/3/lat/-67.06743335108297/lng/-51.85546874999999;;;;;;;;;;;;;
4;KW_T_423_4_0063L.tif.jpg;illustration;Alisma ranunculoides;Alisma (gramineum of lanceolatum);Alisma;(gramineum of lanceolatum);Flowering plants;Poaceae;Kropaar;https://galerij.kb.nl/kb.html#/nl/florabatava02/page/14/zoom/3/lat/-67.06743335108297/lng/-51.85546874999999;;;;;;;;;;;;;
4;KW_T_423_4_0065L.tif.jpg;illustration;Polygonum Bistorta;Persicaria bistorta;Persicaria;bistorta;Flowering plants;Poaceae;Reuzenzwenkgras;https://galerij.kb.nl/kb.html#/nl/florabatava02/page/15/zoom/3/lat/-67.06743335108297/lng/-51.85546874999999;;;;;;;;;;;;;
4;KW_T_423_4_0067L.tif.jpg;illustration;Butomus umbellatus;Butomus umbellatus;Butomus;umbellatus;Flowering plants;Caprifoliaceae;Beemdkroon;https://galerij.kb.nl/kb.html#/nl/florabatava02/page/16/zoom/3/lat/-67.06743335108297/lng/-51.85546874999999;;;;;;;;;;;;;
4;KW_T_423_4_0069L.tif.jpg;illustration;Scleranthus perennis;Scleranthus annuus subsp. polycarpos;Scleranthus;annuus subsp. polycarpos;Flowering plants;Cornaceae;Rode kornoelje;https://galerij.kb.nl/kb.html#/nl/florabatava02/page/17/zoom/3/lat/-69.53451763078357/lng/-46.40625;;;;;;;;;;;;;
4;KW_T_423_4_0071L.tif.jpg;illustration;Dianthus prolifer;Petrorhagia prolifera;Petrorhagia;prolifera;Flowering plants;Potamogetonaceae;Schedefonteinkruid;https://galerij.kb.nl/kb.html#/nl/florabatava02/page/18/zoom/3/lat/-69.53451763078357/lng/-46.40625;;;;;;;;;;;;;
4;KW_T_423_4_0073L.tif.jpg;illustration;Silene conica;Silene conica;Silene;conica;Flowering plants;Caryophyllaceae;Liggende vetmuur;https://galerij.kb.nl/kb.html#/nl/florabatava02/page/19/zoom/3/lat/-69.53451763078357/lng/-46.40625;;;;;;;;;;;;;
4;KW_T_423_4_0075L.tif.jpg;illustration;Stellaria holostea;Stellaria holostea;Stellaria;holostea;Flowering plants;Boraginaceae;Scherpkruid;https://galerij.kb.nl/kb.html#/nl/florabatava02/page/20/zoom/3/lat/-69.53451763078357/lng/-46.40625;;;;;;;;;;;;;
4;KW_T_423_4_0077L.tif.jpg;illustration;Cerastium vulgatum;Cerastium fontanum subsp. vulgare;Cerastium;fontanum subsp. vulgare;Flowering plants;Boraginaceae;Kromhals;https://galerij.kb.nl/kb.html#/nl/florabatava02/page/21/zoom/3/lat/-69.53451763078357/lng/-46.40625;;;;;;;;;;;;;
4;KW_T_423_4_0079L.tif.jpg;illustration;Lythrum Salicaria;Lythrum salicaria;Lythrum;salicaria;Flowering plants;Primulaceae;Grote wederik;https://galerij.kb.nl/kb.html#/nl/florabatava02/page/22/zoom/3/lat/-69.53451763078357/lng/-46.40625;;;;;;;;;;;;;
4;KW_T_423_4_0081L.tif.jpg;illustration;Reseda Luteola;Reseda luteola;Reseda;luteola;Flowering plants;Scrophulariaceae;Mottenkruid;https://galerij.kb.nl/kb.html#/nl/florabatava02/page/23/zoom/3/lat/-68.52823492039876/lng/-50.625;;;;;;;;;;;;;
4;KW_T_423_4_0083L.tif.jpg;illustration;Euphorbia Peplus;Euphorbia peplus;Euphorbia;peplus;Flowering plants;Solanaceae;Doornappel;https://galerij.kb.nl/kb.html#/nl/florabatava02/page/24/zoom/3/lat/-68.52823492039876/lng/-50.625;;;;;;;;;;;;;
4;KW_T_423_4_0085L.tif.jpg;illustration;Euphorbia helioscopia;Euphorbia helioscopia;Euphorbia;helioscopia;Flowering plants;Primulaceae;Melkkruid;https://galerij.kb.nl/kb.html#/nl/florabatava02/page/26/zoom/3/lat/-68.52823492039876/lng/-50.625;;;;;;;;;;;;;
4;KW_T_423_4_0087L.tif.jpg;illustration;Sorbus aucuparia;Sorbus aucuparia;Sorbus;aucuparia;Flowering plants;Amaranthaceae;Stekend loogkruid;https://galerij.kb.nl/kb.html#/nl/florabatava02/page/27/zoom/3/lat/-68.52823492039876/lng/-50.625;;;;;;;;;;;;;
4;KW_T_423_4_0089L.tif.jpg;illustration;Rosa canina;Rosa canina;Rosa;canina;Flowering plants;Apiaceae;Blauwe zeedistel;https://galerij.kb.nl/kb.html#/nl/florabatava02/page/28/zoom/3/lat/-68.52823492039876/lng/-50.625;;;;;;;;;;;;;
4;KW_T_423_4_0091L.tif.jpg;illustration;Rubus caesius;Rubus caesius;Rubus;caesius;Flowering plants;Apiaceae;Peen;https://galerij.kb.nl/kb.html#/nl/florabatava02/page/29/zoom/3/lat/-68.52823492039876/lng/-50.625;;;;;;;;;;;;;
4;KW_T_423_4_0093L.tif.jpg;illustration;Potentilla Anserina;Potentilla anserina;Potentilla;anserina;Flowering plants;Apiaceae;Gevlekte scheerling;https://galerij.kb.nl/kb.html#/nl/florabatava02/page/30/zoom/3/lat/-68.52823492039876/lng/-50.625;;;;;;;;;;;;;
4;KW_T_423_4_0095L.tif.jpg;illustration;Papaver rhoeas;Papaver rhoeas;Papaver;rhoeas;Flowering plants;Apiaceae;Watertorkruid;https://galerij.kb.nl/kb.html#/nl/florabatava02/page/31/zoom/3/lat/-68.52823492039876/lng/-50.625;;;;;;;;;;;;;
4;KW_T_423_4_0097L.tif.jpg;illustration;Anemone nemorosa;Anemone nemorosa;Anemone;nemorosa;Flowering plants;Amaryllidaceae;Kraailook;https://galerij.kb.nl/kb.html#/nl/florabatava02/page/32/zoom/3/lat/-68.52823492039876/lng/-50.625;;;;;;;;;;;;;
4;KW_T_423_4_0099L.tif.jpg;illustration;Ranunculus sceleratus;Ranunculus sceleratus;Ranunculus;sceleratus;Flowering plants;Asparagaceae;Welriekende salomonszegel;https://galerij.kb.nl/kb.html#/nl/florabatava02/page/34/zoom/3/lat/-68.52823492039876/lng/-50.625;;;;;;;;;;;;;
4;KW_T_423_4_0101L.tif.jpg;illustration;Ranunculus arvensis;Ranunculus arvensis;Ranunculus;arvensis;Flowering plants;Asparagaceae;Gewone salomonszegel;https://galerij.kb.nl/kb.html#/nl/florabatava02/page/35/zoom/3/lat/-68.52823492039876/lng/-50.625;;;;;;;;;;;;;
4;KW_T_423_4_0103L.tif.jpg;illustration;Hyssopus offinalis;Hyssopus officinalis;Hyssopus;officinalis;Flowering plants;Juncaceae;Pitrus;https://galerij.kb.nl/kb.html#/nl/florabatava02/page/36/zoom/3/lat/-68.52823492039876/lng/-50.625;;;;;;;;;;;;;
4;KW_T_423_4_0105L.tif.jpg;illustration;Nepeta cataria;Nepeta cataria;Nepeta;cataria;Flowering plants;Juncaceae;Ruige veldbies;https://galerij.kb.nl/kb.html#/nl/florabatava02/page/37/zoom/3/lat/-68.52823492039876/lng/-50.625;;;;;;;;;;;;;
4;KW_T_423_4_0107L.tif.jpg;illustration;Lamium purpureum;Lamium purpureum;Lamium;purpureum;Flowering plants;Onagraceae;Viltige basterdwederik;https://galerij.kb.nl/kb.html#/nl/florabatava02/page/38/zoom/3/lat/-68.52823492039876/lng/-50.625;;;;;;;;;;;;;
4;KW_T_423_4_0109L.tif.jpg;illustration;Stachys sylvatica;Stachys sylvatica;Stachys;sylvatica;Flowering plants;Polygonaceae;Perzikkruid;https://galerij.kb.nl/kb.html#/nl/florabatava02/page/39/zoom/3/lat/-68.52823492039876/lng/-50.625;;;;;;;;;;;;;
4;KW_T_423_4_0111L.tif.jpg;illustration;Leonurus Cardiaca;Leonurus cardiaca;Leonurus;cardiaca;Flowering plants;Polygonaceae;Heggenduizendknoop;https://galerij.kb.nl/kb.html#/nl/florabatava02/page/40/zoom/3/lat/-68.52823492039876/lng/-50.625;;;;;;;;;;;;;
4;KW_T_423_4_0113L.tif.jpg;illustration;Cochlearia armoracia;Armoracia rusticana;Armoracia;rusticana;Flowering plants;Crassulaceae;Hemelsleutel;https://galerij.kb.nl/kb.html#/nl/florabatava02/page/41/zoom/3/lat/-68.52823492039876/lng/-50.625;;;;;;;;;;;;;
4;KW_T_423_4_0115L.tif.jpg;illustration;Sisymbrium tenuifolium;Diplotaxis tenuifolia;Diplotaxis;tenuifolia;Flowering plants;Caryophyllaceae;Watermuur;https://galerij.kb.nl/kb.html#/nl/florabatava02/page/42/zoom/3/lat/-68.52823492039876/lng/-50.625;;;;;;;;;;;;;
4;KW_T_423_4_0117L.tif.jpg;illustration;Cheiranthus Cheiri;Erysimum cheiri;Erysimum;cheiri;Flowering plants;Rosaceae;Gewone vogelkers;https://galerij.kb.nl/kb.html#/nl/florabatava02/page/43/zoom/3/lat/-68.52823492039876/lng/-50.625;;;;;;;;;;;;;
4;KW_T_423_4_0119L.tif.jpg;illustration;Brassica Napus;Brassica napus;Brassica;napus;Flowering plants;Rosaceae;Duinroos;https://galerij.kb.nl/kb.html#/nl/florabatava02/page/44/zoom/3/lat/-68.52823492039876/lng/-50.625;;;;;;;;;;;;;
4;KW_T_423_4_0121L.tif.jpg;illustration;Sinapis nigra;Brassica nigra;Brassica;nigra;Flowering plants;Rosaceae;Framboos;https://galerij.kb.nl/kb.html#/nl/florabatava02/page/45/zoom/3/lat/-68.52823492039876/lng/-50.625;;;;;;;;;;;;;
4;KW_T_423_4_0123L.tif.jpg;illustration;Althaea officinalis;Althaea officinalis;Althaea;officinalis;Flowering plants;Rosaceae;Tormentil;https://galerij.kb.nl/kb.html#/nl/florabatava02/page/46/zoom/3/lat/-65.6582745198266/lng/-51.15234375;;;;;;;;;;;;;
4;KW_T_423_4_0125L.tif.jpg;illustration;Vicia sepium;Vicia sepium;Vicia;sepium;Flowering plants;Rosaceae;Wateraardbei;https://galerij.kb.nl/kb.html#/nl/florabatava02/page/47/zoom/3/lat/-69.34933863977649/lng/-49.04296875;;;;;;;;;;;;;
4;KW_T_423_4_0127L.tif.jpg;illustration;Ervum tetraspermum;Vicia tetrasperma subsp. gracilis;Vicia;tetrasperma subsp. gracilis;Flowering plants;Hydrocharitaceae;Krabbenscheer;https://galerij.kb.nl/kb.html#/nl/florabatava02/page/48/zoom/3/lat/-69.34933863977649/lng/-49.04296875;;;;;;;;;;;;;
4;KW_T_423_4_0129L.tif.jpg;illustration;Melilotus officinalis;Melilotus officinalis;Melilotus;officinalis;Flowering plants;Lamiaceae;Moerasandoorn;https://galerij.kb.nl/kb.html#/nl/florabatava02/page/49/zoom/3/lat/-69.34933863977649/lng/-49.04296875;;;;;;;;;;;;;
4;KW_T_423_4_0131L.tif.jpg;illustration;Trifolium procumbens;Trifolium campestre;Trifolium;campestre;Flowering plants;Lamiaceae;Blauw glidkruid;https://galerij.kb.nl/kb.html#/nl/florabatava02/page/50/zoom/3/lat/-69.34933863977649/lng/-49.04296875;;;;;;;;;;;;;
4;KW_T_423_4_0133L.tif.jpg;illustration;Tragopogon porrifolium;Tragopogon porrifolius;Tragopogon;porrifolius;Flowering plants;Orobanchaceae;Stijve ogentroost;https://galerij.kb.nl/kb.html#/nl/florabatava02/page/51/zoom/3/lat/-69.34933863977649/lng/-49.04296875;;;;;;;;;;;;;
4;KW_T_423_4_0135L.tif.jpg;illustration;Leontodon hirtum;Leontodon saxatilis;Leontodon;saxatilis;Flowering plants;Plantaginaceae;Muurleeuwenbek;https://galerij.kb.nl/kb.html#/nl/florabatava02/page/52/zoom/3/lat/-69.34933863977649/lng/-49.04296875;;;;;;;;;;;;;
4;KW_T_423_4_0137L.tif.jpg;illustration;Arctium lappa;Arctium lappa;Arctium;lappa;Flowering plants;Plantaginaceae;Kleine leeuwenbek;https://galerij.kb.nl/kb.html#/nl/florabatava02/page/53/zoom/3/lat/-69.34933863977649/lng/-49.04296875;;;;;;;;;;;;;
4;KW_T_423_4_0139L.tif.jpg;illustration;Carduus lanceolatus;Cirsium vulgare;Cirsium;vulgare;Flowering plants;Scrophulariaceae;Knopig helmkruid;https://galerij.kb.nl/kb.html#/nl/florabatava02/page/54/zoom/3/lat/-69.34933863977649/lng/-49.04296875;;;;;;;;;;;;;
4;KW_T_423_4_0141L.tif.jpg;illustration;Erigeron acre;Erigeron acris;Erigeron;acris;Flowering plants;Orobanchaceae;Walstrobremraap;https://galerij.kb.nl/kb.html#/nl/florabatava02/page/55/zoom/3/lat/-69.34933863977649/lng/-49.04296875;;;;;;;;;;;;;
4;KW_T_423_4_0143L.tif.jpg;illustration;Senecio viscosus;Senecio viscosus;Senecio;viscosus;Flowering plants;Brassicaceae;Zeeraket;https://galerij.kb.nl/kb.html#/nl/florabatava02/page/56/zoom/3/lat/-69.34933863977649/lng/-49.04296875;;;;;;;;;;;;;
4;KW_T_423_4_0145L.tif.jpg;illustration;Senecio paludosus;Jacobaea paludosa;Jacobaea;paludosa;Flowering plants;Brassicaceae;Peperkers;https://galerij.kb.nl/kb.html#/nl/florabatava02/page/57/zoom/3/lat/-69.34933863977649/lng/-49.04296875;;;;;;;;;;;;;
4;KW_T_423_4_0147L.tif.jpg;illustration;Matricaria Chamomilla;Matricaria chamomilla;Matricaria;chamomilla;Flowering plants;Brassicaceae;Herderstasje;https://galerij.kb.nl/kb.html#/nl/florabatava02/page/58/zoom/3/lat/-68.78414378041504/lng/-51.15234375;;;;;;;;;;;;;
4;KW_T_423_4_0149L.tif.jpg;illustration;Anthemius cotula;Anthemis cotula;Anthemis;cotula;Flowering plants;Brassicaceae;Echt lepelblad;https://galerij.kb.nl/kb.html#/nl/florabatava02/page/59/zoom/3/lat/-68.78414378041504/lng/-51.15234375;;;;;;;;;;;;;
4;KW_T_423_4_0151L.tif.jpg;illustration;Anthemis tinctoria;Anthemis tinctoria;Anthemis;tinctoria;Flowering plants;Brassicaceae;Bosveldkers;https://galerij.kb.nl/kb.html#/nl/florabatava02/page/60/zoom/3/lat/-68.78414378041504/lng/-51.15234375;;;;;;;;;;;;;
4;KW_T_423_4_0153L.tif.jpg;illustration;Ophrys monorchis;Herminium monorchis;Herminium;monorchis;Flowering plants;Brassicaceae;Gewone raket;https://galerij.kb.nl/kb.html#/nl/florabatava02/page/61/zoom/3/lat/-68.78414378041504/lng/-51.15234375;;;;;;;;;;;;;
4;KW_T_423_4_0155L.tif.jpg;illustration;Malaxis (Ophrys) Loeselii;Liparis loeselii;Liparis;loeselii;Flowering plants;Brassicaceae;Herik;https://galerij.kb.nl/kb.html#/nl/florabatava02/page/62/zoom/3/lat/-68.78414378041504/lng/-51.15234375;;;;;;;;;;;;;
4;KW_T_423_4_0157L.tif.jpg;illustration;Typha angustifolia;Typha angustifolia;Typha;angustifolia;Flowering plants;Malvaceae;Klein kaasjeskruid;https://galerij.kb.nl/kb.html#/nl/florabatava02/page/63/zoom/3/lat/-68.78414378041504/lng/-51.15234375;;;;;;;;;;;;;
4;KW_T_423_4_0159L.tif.jpg;illustration;Sparganium simplex;Sparganium emersum;Sparganium;emersum;Flowering plants;Papaveraceae;Gewone duivenkervel;https://galerij.kb.nl/kb.html#/nl/florabatava02/page/64/zoom/3/lat/-68.78414378041504/lng/-51.15234375;;;;;;;;;;;;;
4;KW_T_423_4_0161L.tif.jpg;illustration;Alnus glutinosa;Alnus glutinosa;Alnus;glutinosa;Flowering plants;Fabaceae;Stekelbrem;https://galerij.kb.nl/kb.html#/nl/florabatava02/page/65/zoom/3/lat/-68.78414378041504/lng/-51.15234375;;;;;;;;;;;;;
4;KW_T_423_4_0163L.tif.jpg;illustration;Sagittaria sagittifolia;Sagittaria sagittifolia;Sagittaria;sagittifolia;Flowering plants;Fabaceae;Gaspeldoorn;https://galerij.kb.nl/kb.html#/nl/florabatava02/page/66/zoom/3/lat/-68.78414378041504/lng/-51.15234375;;;;;;;;;;;;;
4;KW_T_423_4_0165L.tif.jpg;illustration;Atriplex laciniata;Atriplex laciniata;Atriplex;laciniata;Flowering plants;Fabaceae;Bont kroonkruid;https://galerij.kb.nl/kb.html#/nl/florabatava02/page/68/zoom/3/lat/-68.78414378041504/lng/-51.15234375;;;;;;;;;;;;;
4;KW_T_423_4_0167L.tif.jpg;illustration;Acer pseudo-platanus;Acer pseudoplatanus;Acer;pseudoplatanus;Flowering plants;Hypericaceae;Gevleugeld hertshooi;https://galerij.kb.nl/kb.html#/nl/florabatava02/page/69/zoom/3/lat/-68.78414378041504/lng/-51.15234375;;;;;;;;;;;;;
5;KW_T_423_5_0010R.tif.jpg;illustration;Caucalis anthriscus;Torilis japonica;Torilis;japonica;Flowering plants;Asteraceae;Vertakte leeuwentand;https://galerij.kb.nl/kb.html#/nl/florabatava02/page/70/zoom/3/lat/-68.78414378041504/lng/-51.15234375;;;;;;;;;;;;;
5;KW_T_423_5_0012R.tif.jpg;illustration;Saxifraga Tridactylites;Saxifraga tridactylites;Saxifraga;tridactylites;Flowering plants;Asteraceae;Ruige leeuwentand;https://galerij.kb.nl/kb.html#/nl/florabatava02/page/71/zoom/3/lat/-68.78414378041504/lng/-51.15234375;;;;;;;;;;;;;
5;KW_T_423_5_0014R.tif.jpg;illustration;Thalictrum flavum;Thalictrum flavum;Thalictrum;flavum;Flowering plants;Asteraceae;Knikkende distel;https://galerij.kb.nl/kb.html#/nl/florabatava02/page/73/zoom/3/lat/-68.78414378041504/lng/-54.31640625;;;;;;;;;;;;;
5;KW_T_423_5_0016R.tif.jpg;illustration;Trifolium pratense;Trifolium pratense;Trifolium;pratense;Flowering plants;Asteraceae;Kale jonker;https://galerij.kb.nl/kb.html#/nl/florabatava02/page/74/zoom/3/lat/-68.78414378041504/lng/-54.31640625;;;;;;;;;;;;;
5;KW_T_423_5_0018R.tif.jpg;illustration;Centaurea Cyanus;Centaurea cyanus;Centaurea;cyanus;Flowering plants;Asteraceae;Wegdistel;https://galerij.kb.nl/kb.html#/nl/florabatava02/page/75/zoom/3/lat/-68.78414378041504/lng/-54.31640625;;;;;;;;;;;;;
5;KW_T_423_5_0020R.tif.jpg;illustration;Hyoscyamus niger;Hyoscyamus niger;Hyoscyamus;niger;Flowering plants;Asteraceae;Zulte;https://galerij.kb.nl/kb.html#/nl/florabatava02/page/76/zoom/3/lat/-68.78414378041504/lng/-54.31640625;;;;;;;;;;;;;
5;KW_T_423_5_0022R.tif.jpg;illustration;Lobelia Dortmanna;Lobelia dortmanna;Lobelia;dortmanna;Flowering plants;Asteraceae;Moerasandijvie;https://galerij.kb.nl/kb.html#/nl/florabatava02/page/77/zoom/3/lat/-68.78414378041504/lng/-54.31640625;;;;;;;;;;;;;
5;KW_T_423_5_0024R.tif.jpg;illustration;Ranunculus hederaceus;Ranunculus hederaceus;Ranunculus;hederaceus;Flowering plants;Asteraceae;Heelblaadjes;https://galerij.kb.nl/kb.html#/nl/florabatava02/page/78/zoom/3/lat/-68.78414378041504/lng/-54.31640625;;;;;;;;;;;;;
5;KW_T_423_5_0026R.tif.jpg;illustration;Prenanthes muralis;Mycelis muralis;Mycelis;muralis;Flowering plants;Asteraceae;Kalketrip;https://galerij.kb.nl/kb.html#/nl/florabatava02/page/79/zoom/3/lat/-68.78414378041504/lng/-54.31640625;;;;;;;;;;;;;
5;KW_T_423_5_0028R.tif.jpg;illustration;Urtica urens;Urtica urens;Urtica;urens;Flowering plants;Orchidaceae;Herfstschroeforchis;https://galerij.kb.nl/kb.html#/nl/florabatava02/page/80/zoom/3/lat/-68.78414378041504/lng/-54.31640625;;;;;;;;;;;;;
5;KW_T_423_5_0030L.tif.jpg;illustration;Villarsia (Menyanthes ) nymphoides;Nymphoides peltata;Nymphoides;peltata;Flowering plants;Aristolochiaceae;Pijpbloem;https://galerij.kb.nl/kb.html#/nl/florabatava02/page/81/zoom/3/lat/-68.78414378041504/lng/-54.31640625;;;;;;;;;;;;;
5;KW_T_423_5_0032L.tif.jpg;illustration;Chenopodium hybridum;Chenopodium hybridum;Chenopodium;hybridum;Flowering plants;Haloragaceae;Aarvederkruid;https://galerij.kb.nl/kb.html#/nl/florabatava02/page/82/zoom/3/lat/-68.78414378041504/lng/-54.31640625;;;;;;;;;;;;;
5;KW_T_423_5_0034L.tif.jpg;illustration;Galeopsis Tetrahit;Galeopsis tetrahit;Galeopsis;tetrahit;Flowering plants;Cucurbitaceae;Heggenrank;https://galerij.kb.nl/kb.html#/nl/florabatava02/page/83/zoom/3/lat/-68.78414378041504/lng/-54.31640625;;;;;;;;;;;;;
5;KW_T_423_5_0036L.tif.jpg;illustration;Artemisia vulgaris;Artemisia vulgaris;Artemisia;vulgaris;Flowering plants;Elaeagnaceae;Duindoorn;https://galerij.kb.nl/kb.html#/nl/florabatava02/page/84/zoom/3/lat/-68.78414378041504/lng/-54.31640625;;;;;;;;;;;;;
5;KW_T_423_5_0038L.tif.jpg;illustration;Myriophyllum verticillatum;Myriophyllum verticillatum;Myriophyllum;verticillatum;Flowering plants;Cannabaceae;Hop (mannelijke plant);https://galerij.kb.nl/kb.html#/nl/florabatava02/page/85/zoom/3/lat/-68.78414378041504/lng/-54.31640625;;;;;;;;;;;;;
5;KW_T_423_5_0040L.tif.jpg;illustration;Iris Pseud-acorus;Iris pseudacorus;Iris;pseudacorus;Flowering plants;Cannabaceae;Hop (mannelijke plant);https://galerij.kb.nl/kb.html#/nl/florabatava02/page/85/zoom/3/lat/-68.78414378041504/lng/-54.31640625;;;;;;;;;;;;;
5;KW_T_423_5_0042L.tif.jpg;illustration;Chenopodium glaucum;Chenopodium glaucum;Chenopodium;glaucum;Ferns;Dryopteridaceae;Mannetjesvaren;https://galerij.kb.nl/kb.html#/nl/florabatava02/page/88/zoom/3/lat/-68.78414378041504/lng/-54.31640625;;;;;;;;;;;;;
5;KW_T_423_5_0044L.tif.jpg;illustration;Epilobium montanum;Epilobium montanum;Epilobium;montanum;Flowering plants;Caprifoliaceae;Veldsla;https://galerij.kb.nl/kb.html#/nl/florabatava03/page/9/zoom/3/lat/-69.162557908105/lng/-39.19921875;;;;;;;;;;;;;
5;KW_T_423_5_0046L.tif.jpg;illustration;Geranium pratense;Geranium pratense;Geranium;pratense;Flowering plants;Cyperaceae;Knopbies;https://galerij.kb.nl/kb.html#/nl/florabatava03/page/10/zoom/3/lat/-69.162557908105/lng/-39.19921875;;;;;;;;;;;;;
5;KW_T_423_5_0048L.tif.jpg;illustration;Littorella lacustris;Littorella uniflora;Littorella;uniflora;Flowering plants;Poaceae;Bosgierstgras;https://galerij.kb.nl/kb.html#/nl/florabatava03/page/11/zoom/3/lat/-69.162557908105/lng/-39.19921875;;;;;;;;;;;;;
5;KW_T_423_5_0050L.tif.jpg;illustration;Veronica hederifolia;Veronica hederifolia;Veronica;hederifolia;Flowering plants;Poaceae;Bochtige smele;https://galerij.kb.nl/kb.html#/nl/florabatava03/page/12/zoom/3/lat/-69.162557908105/lng/-39.19921875;;;;;;;;;;;;;
5;KW_T_423_5_0052L.tif.jpg;illustration;Tragopogon pratensis;Tragopogon pratensis subsp. pratensis;Tragopogon;pratensis subsp. pratensis;Flowering plants;Poaceae;Buntgras;https://galerij.kb.nl/kb.html#/nl/florabatava03/page/13/zoom/3/lat/-69.162557908105/lng/-39.19921875;;;;;;;;;;;;;
5;KW_T_423_5_0054L.tif.jpg;illustration;Carduus (Serratula) arvensis;Cirsium arvense;Cirsium;arvense;Flowering plants;Poaceae;Ruw beemdgras;https://galerij.kb.nl/kb.html#/nl/florabatava03/page/14/zoom/3/lat/-69.162557908105/lng/-39.19921875;;;;;;;;;;;;;
5;KW_T_423_5_0056L.tif.jpg;illustration;Solidago virgaurea;Solidago virgaurea;Solidago;virgaurea;Flowering plants;Poaceae;Goudhaver;https://galerij.kb.nl/kb.html#/nl/florabatava03/page/15/zoom/3/lat/-69.162557908105/lng/-39.19921875;;;;;;;;;;;;;
5;KW_T_423_5_0058L.tif.jpg;illustration;Corylus avellana;Corylus avellana;Corylus;avellana;Flowering plants;Poaceae;Riet;https://galerij.kb.nl/kb.html#/nl/florabatava03/page/16/zoom/3/lat/-69.162557908105/lng/-39.19921875;;;;;;;;;;;;;
5;KW_T_423_5_0060L.tif.jpg;illustration;Galium (Valantia) cruciatum;Cruciata laevipes;Cruciata;laevipes;Flowering plants;Poaceae;Engels raaigras;https://galerij.kb.nl/kb.html#/nl/florabatava03/page/17/zoom/3/lat/-69.162557908105/lng/-39.19921875;;;;;;;;;;;;;
5;KW_T_423_5_0062L.tif.jpg;illustration;Gentiana pneumonanthe;Gentiana pneumonanthe;Gentiana;pneumonanthe;Flowering plants;Poaceae;Zandhaver;https://galerij.kb.nl/kb.html#/nl/florabatava03/page/18/zoom/3/lat/-69.162557908105/lng/-39.19921875;;;;;;;;;;;;;
5;KW_T_423_5_0064L.tif.jpg;illustration;Pastinaca sativa;Pastinaca sativa subsp. sativa;Pastinaca;sativa subsp. sativa;Flowering plants;Caprifoliaceae;Grote kaardebol;https://galerij.kb.nl/kb.html#/nl/florabatava03/page/19/zoom/3/lat/-69.162557908105/lng/-39.19921875;;;;;;;;;;;;;
5;KW_T_423_5_0066L.tif.jpg;illustration;Juncus bulbosa;Juncus articulatus;Juncus;articulatus;Flowering plants;Caprifoliaceae;Blauwe knoop;https://galerij.kb.nl/kb.html#/nl/florabatava03/page/20/zoom/3/lat/-69.162557908105/lng/-39.19921875;;;;;;;;;;;;;
5;KW_T_423_5_0068L.tif.jpg;illustration;Hypochoeris radicata;Hypochaeris radicata;Hypochaeris;radicata;Flowering plants;Caprifoliaceae;Duifkruid;https://galerij.kb.nl/kb.html#/nl/florabatava03/page/21/zoom/3/lat/-69.162557908105/lng/-39.19921875;;;;;;;;;;;;;
5;KW_T_423_5_0070L.tif.jpg;illustration;Chenopodium hirsutum;Bassia hirsuta;Bassia;hirsuta;Flowering plants;Rubiaceae;Glad walstro;https://galerij.kb.nl/kb.html#/nl/florabatava03/page/22/zoom/3/lat/-69.162557908105/lng/-39.19921875;;;;;;;;;;;;;
5;KW_T_423_5_0072L.tif.jpg;illustration;Atriplex littoralis;Atriplex littoralis;Atriplex;littoralis;Flowering plants;Boraginaceae;Moerasvergeet-mij-nietje;https://galerij.kb.nl/kb.html#/nl/florabatava03/page/23/zoom/3/lat/-69.162557908105/lng/-39.19921875;;;;;;;;;;;;;
5;KW_T_423_5_0074L.tif.jpg;illustration;Juncus lampocarpos;Juncus articulatus;Juncus;articulatus;Flowering plants;Boraginaceae;Gewone smeerwortel;https://galerij.kb.nl/kb.html#/nl/florabatava03/page/24/zoom/3/lat/-69.162557908105/lng/-39.19921875;;;;;;;;;;;;;
5;KW_T_423_5_0076L.tif.jpg;illustration;Arenaria marina;Spergularia media;Spergularia;media;Flowering plants;Boraginaceae;Slangenkruid;https://galerij.kb.nl/kb.html#/nl/florabatava03/page/25/zoom/3/lat/-69.162557908105/lng/-39.19921875;;;;;;;;;;;;;
5;KW_T_423_5_0078L.tif.jpg;illustration;Aster puniceus;Symphyotrichum puniceum;Symphyotrichum;puniceum;Flowering plants;Primulaceae;Penningkruid;https://galerij.kb.nl/kb.html#/nl/florabatava03/page/26/zoom/3/lat/-69.162557908105/lng/-39.19921875;;;;;;;;;;;;;
5;KW_T_423_5_0080L.tif.jpg;illustration;Salicornia herbacea;Salicornia europaea;Salicornia;europaea;Flowering plants;Convolvulaceae;Haagwinde;https://galerij.kb.nl/kb.html#/nl/florabatava03/page/27/zoom/3/lat/-69.162557908105/lng/-39.19921875;;;;;;;;;;;;;
5;KW_T_423_5_0082L.tif.jpg;illustration;Hordeum murinum;Hordeum murinum;Hordeum;murinum;Flowering plants;Campanulaceae;Rapunzelklokje;https://galerij.kb.nl/kb.html#/nl/florabatava03/page/28/zoom/3/lat/-69.162557908105/lng/-39.19921875;;;;;;;;;;;;;
5;KW_T_423_5_0084L.tif.jpg;illustration;Hordeum pratense;Hordeum secalinum;Hordeum;secalinum;Flowering plants;Campanulaceae;Groot spiegelklokje;https://galerij.kb.nl/kb.html#/nl/florabatava03/page/29/zoom/3/lat/-69.162557908105/lng/-39.19921875;;;;;;;;;;;;;
5;KW_T_423_5_0086L.tif.jpg;illustration;Hordeum maritimum;Hordeum marinum;Hordeum;marinum;Flowering plants;Scrophulariaceae;Koningskaars;https://galerij.kb.nl/kb.html#/nl/florabatava03/page/30/zoom/3/lat/-69.162557908105/lng/-39.19921875;;;;;;;;;;;;;
5;KW_T_423_5_0088L.tif.jpg;illustration;Conyza squarrosa;Inula conyzae;Inula;conyzae;Flowering plants;Rhamnaceae;Wegedoorn;https://galerij.kb.nl/kb.html#/nl/florabatava03/page/31/zoom/3/lat/-69.162557908105/lng/-39.19921875;;;;;;;;;;;;;
5;KW_T_423_5_0090L.tif.jpg;illustration;Ruppia rostellata;Ruppia maritima;Ruppia;maritima;Flowering plants;Rhamnaceae;Sporkehout;https://galerij.kb.nl/kb.html#/nl/florabatava03/page/32/zoom/3/lat/-69.162557908105/lng/-39.19921875;;;;;;;;;;;;;
5;KW_T_423_5_0092L.tif.jpg;illustration;Ornithogalum umbellatum;Ornithogalum umbellatum;Ornithogalum;umbellatum;Flowering plants;Caryophyllaceae;Grondster;https://galerij.kb.nl/kb.html#/nl/florabatava03/page/33/zoom/3/lat/-69.162557908105/lng/-39.19921875;;;;;;;;;;;;;
5;KW_T_423_5_0094L.tif.jpg;illustration;Epilobium palustre;Epilobium palustre;Epilobium;palustre;Flowering plants;Apiaceae;Grote watereppe;https://galerij.kb.nl/kb.html#/nl/florabatava03/page/35/zoom/3/lat/-69.162557908105/lng/-39.19921875;;;;;;;;;;;;;
5;KW_T_423_5_0096L.tif.jpg;illustration;Crepis biennis;Crepis biennis;Crepis;biennis;Flowering plants;Plumbaginaceae;Engels gras;https://galerij.kb.nl/kb.html#/nl/florabatava03/page/36/zoom/3/lat/-69.162557908105/lng/-39.19921875;;;;;;;;;;;;;
5;KW_T_423_5_0098L.tif.jpg;illustration;Carex riparia;Carex riparia/acutiformis;Carex;riparia/acutiformis;Flowering plants;Nartheciaceae;Beenbreek;https://galerij.kb.nl/kb.html#/nl/florabatava03/page/37/zoom/3/lat/-69.162557908105/lng/-39.19921875;;;;;;;;;;;;;
5;KW_T_423_5_0100L.tif.jpg;illustration;Poa procumbens;Puccinellia rupestris;Puccinellia;rupestris;Flowering plants;Asparagaceae;Dalkruid;https://galerij.kb.nl/kb.html#/nl/florabatava03/page/38/zoom/3/lat/-69.162557908105/lng/-39.19921875;;;;;;;;;;;;;
5;KW_T_423_5_0102L.tif.jpg;illustration;Arenaria salina;Spergularia salina;Spergularia;salina;Flowering plants;Juncaceae;Gewone veldbies;https://galerij.kb.nl/kb.html#/nl/florabatava03/page/39/zoom/3/lat/-69.162557908105/lng/-39.19921875;;;;;;;;;;;;;
5;KW_T_423_5_0104L.tif.jpg;illustration;Trifolium repens;Trifolium repens;Trifolium;repens;Flowering plants;Berberidaceae;Zuurbes;https://galerij.kb.nl/kb.html#/nl/florabatava03/page/40/zoom/3/lat/-69.162557908105/lng/-39.19921875;;;;;;;;;;;;;
5;KW_T_423_5_0106L.tif.jpg;illustration;Trifolium fragiferum;Trifolium fragiferum;Trifolium;fragiferum;Flowering plants;Polygonaceae;Gewoon varkensgras;https://galerij.kb.nl/kb.html#/nl/florabatava03/page/41/zoom/3/lat/-69.162557908105/lng/-39.19921875;;;;;;;;;;;;;
5;KW_T_423_5_0108L.tif.jpg;illustration;Carlina vulgaris;Carlina vulgaris;Carlina;vulgaris;Flowering plants;Ericaceae;Rond wintergroen;https://galerij.kb.nl/kb.html#/nl/florabatava03/page/42/zoom/3/lat/-69.162557908105/lng/-39.19921875;;;;;;;;;;;;;
5;KW_T_423_5_0110L.tif.jpg;illustration;Schedonorus elatior;Schedonorus arundinaceus;Schedonorus;arundinaceus;Flowering plants;Crassulaceae;Wit vetkruid;https://galerij.kb.nl/kb.html#/nl/florabatava03/page/43/zoom/3/lat/-69.162557908105/lng/-39.19921875;;;;;;;;;;;;;
5;KW_T_423_5_0112L.tif.jpg;illustration;Gentiana uliginosa;Gentianella amarella;Gentianella;amarella;Flowering plants;Caryophyllaceae;Bolderik;https://galerij.kb.nl/kb.html#/nl/florabatava03/page/44/zoom/3/lat/-69.162557908105/lng/-39.19921875;;;;;;;;;;;;;
5;KW_T_423_5_0114L.tif.jpg;illustration;Aegopodium podagraria;Aegopodium podagraria;Aegopodium;podagraria;Flowering plants;Rosaceae;Zoete kers;https://galerij.kb.nl/kb.html#/nl/florabatava03/page/45/zoom/3/lat/-69.162557908105/lng/-39.19921875;;;;;;;;;;;;;
5;KW_T_423_5_0116L.tif.jpg;illustration;Rumex Acetosa;Rumex acetosa;Rumex;acetosa;Flowering plants;Papaveraceae;Stinkende gouwe;https://galerij.kb.nl/kb.html#/nl/florabatava03/page/46/zoom/3/lat/-69.162557908105/lng/-39.19921875;;;;;;;;;;;;;
5;KW_T_423_5_0118L.tif.jpg;illustration;Glechoma hederacea;Glechoma hederacea;Glechoma;hederacea;Flowering plants;Ranunculaceae;Egelboterbloem;https://galerij.kb.nl/kb.html#/nl/florabatava03/page/47/zoom/3/lat/-69.162557908105/lng/-39.19921875;;;;;;;;;;;;;
5;KW_T_423_5_0120L.tif.jpg;illustration;Veronica peregrina;Veronica peregrina;Veronica;peregrina;Flowering plants;Lamiaceae;Witte munt;https://galerij.kb.nl/kb.html#/nl/florabatava03/page/48/zoom/3/lat/-69.162557908105/lng/-39.19921875;;;;;;;;;;;;;
5;KW_T_423_5_0122L.tif.jpg;illustration;Tulipa sylvestris;Tulipa sylvestris;Tulipa;sylvestris;Flowering plants;Lamiaceae;Watermunt;https://galerij.kb.nl/kb.html#/nl/florabatava03/page/49/zoom/3/lat/-69.162557908105/lng/-39.19921875;;;;;;;;;;;;;
5;KW_T_423_5_0124L.tif.jpg;illustration;Andromeda polifolia;Andromeda polifolia;Andromeda;polifolia;Flowering plants;Lamiaceae;Wilde marjolein;https://galerij.kb.nl/kb.html#/nl/florabatava03/page/51/zoom/3/lat/-69.162557908105/lng/-39.19921875;;;;;;;;;;;;;
5;KW_T_423_5_0126L.tif.jpg;illustration;Honkenya peploides;Honckenya peploides;Honckenya;peploides;Flowering plants;Orobanchaceae;Wilde weit;https://galerij.kb.nl/kb.html#/nl/florabatava03/page/53/zoom/3/lat/-69.162557908105/lng/-39.19921875;;;;;;;;;;;;;
5;KW_T_423_5_0128L.tif.jpg;illustration;Parietaria diffusa;Parietaria judaica;Parietaria;judaica;Flowering plants;Plantaginaceae;Vlasbekje;https://galerij.kb.nl/kb.html#/nl/florabatava03/page/54/zoom/3/lat/-69.162557908105/lng/-39.19921875;;;;;;;;;;;;;
5;KW_T_423_5_0130L.tif.jpg;illustration;Poa distans;Puccinellia distans subsp. distans;Puccinellia;distans subsp. distans;Flowering plants;Brassicaceae;Grote varkenskers;https://galerij.kb.nl/kb.html#/nl/florabatava03/page/56/zoom/3/lat/-69.162557908105/lng/-39.19921875;;;;;;;;;;;;;
5;KW_T_423_5_0132L.tif.jpg;illustration;Poa maritima;Puccinella maritima;Puccinella;maritima;Flowering plants;Brassicaceae;Gewone steenraket;https://galerij.kb.nl/kb.html#/nl/florabatava03/page/57/zoom/3/lat/-69.162557908105/lng/-39.19921875;;;;;;;;;;;;;
5;KW_T_423_5_0134L.tif.jpg;illustration;Oxycoccus palustris;Oxycoccus palustris;Oxycoccus;palustris;Flowering plants;Papaveraceae;Rankende helmbloem;https://galerij.kb.nl/kb.html#/nl/florabatava03/page/58/zoom/3/lat/-69.162557908105/lng/-39.19921875;;;;;;;;;;;;;
5;KW_T_423_5_0136L.tif.jpg;illustration;Alyssum calycinum;Alyssum alyssoides;Alyssum;alyssoides;Flowering plants;Polygalaceae;Gewone vleugeltjesbloem;https://galerij.kb.nl/kb.html#/nl/florabatava03/page/59/zoom/3/lat/-69.162557908105/lng/-39.19921875;;;;;;;;;;;;;
5;KW_T_423_5_0138L.tif.jpg;illustration;Arabis Thaliana;Arabidopsis thaliana;Arabidopsis;thaliana;Flowering plants;Fabaceae;Wondklaver;https://galerij.kb.nl/kb.html#/nl/florabatava03/page/62/zoom/3/lat/-69.162557908105/lng/-39.19921875;;;;;;;;;;;;;
5;KW_T_423_5_0140L.tif.jpg;illustration;Galium palustre;Galium palustre;Galium;palustre;Flowering plants;Fabaceae;Aardaker;https://galerij.kb.nl/kb.html#/nl/florabatava03/page/63/zoom/3/lat/-69.162557908105/lng/-39.19921875;;;;;;;;;;;;;
5;KW_T_423_5_0142L.tif.jpg;illustration;Galium Aparine;Galium aparine;Galium;aparine;Flowering plants;Fabaceae;Veldlathyrus;https://galerij.kb.nl/kb.html#/nl/florabatava03/page/64/zoom/3/lat/-69.162557908105/lng/-39.19921875;;;;;;;;;;;;;
5;KW_T_423_5_0144L.tif.jpg;illustration;Chenopodium maritimum;Suaeda maritima;Suaeda;maritima;Flowering plants;Fabaceae;Vogelwikke;https://galerij.kb.nl/kb.html#/nl/florabatava03/page/65/zoom/3/lat/-69.162557908105/lng/-39.19921875;;;;;;;;;;;;;
5;KW_T_423_5_0146L.tif.jpg;illustration;Lamium album;Lamium album;Lamium;album;Flowering plants;Fabaceae;Sikkelklaver;https://galerij.kb.nl/kb.html#/nl/florabatava03/page/67/zoom/3/lat/-69.162557908105/lng/-39.19921875;;;;;;;;;;;;;
5;KW_T_423_5_0148L.tif.jpg;illustration;Geranium Phaeum;Geranium phaeum;Geranium;phaeum;Flowering plants;Fabaceae;Hopklaver;https://galerij.kb.nl/kb.html#/nl/florabatava03/page/68/zoom/3/lat/-69.162557908105/lng/-39.19921875;;;;;;;;;;;;;
5;KW_T_423_5_0150L.tif.jpg;illustration;Viola arvensis;Viola arvensis;Viola;arvensis;Flowering plants;Asteraceae;Echt bitterkruid;https://galerij.kb.nl/kb.html#/nl/florabatava03/page/69/zoom/3/lat/-69.162557908105/lng/-39.19921875;;;;;;;;;;;;;
5;KW_T_423_5_0152L.tif.jpg;illustration;Chaerophyllum sativum;Anthriscus cerefolium;Anthriscus;cerefolium;Flowering plants;Asteraceae;Gewone melkdistel;https://galerij.kb.nl/kb.html#/nl/florabatava03/page/70/zoom/3/lat/-69.162557908105/lng/-39.19921875;;;;;;;;;;;;;
5;KW_T_423_5_0154L.tif.jpg;illustration;Chaerophyllum sylvestre;Anthriscus sylvestris;Anthriscus;sylvestris;Flowering plants;Asteraceae;Schermhavikskruid;https://galerij.kb.nl/kb.html#/nl/florabatava03/page/72/zoom/3/lat/-69.162557908105/lng/-39.19921875;;;;;;;;;;;;;
5;KW_T_423_5_0156L.tif.jpg;illustration;Hyacinthus botryoides;Muscari botryoides;Muscari;botryoides;Flowering plants;Asteraceae;Akkerkool;https://galerij.kb.nl/kb.html#/nl/florabatava03/page/73/zoom/3/lat/-69.162557908105/lng/-39.19921875;;;;;;;;;;;;;
5;KW_T_423_5_0158L.tif.jpg;illustration;Carex panicea;Carex panicea;Carex;panicea;Flowering plants;Asteraceae;Kruldistel;https://galerij.kb.nl/kb.html#/nl/florabatava03/page/74/zoom/3/lat/-69.162557908105/lng/-39.19921875;;;;;;;;;;;;;
5;KW_T_423_5_0160L.tif.jpg;illustration;Valeriana dioica;Valeriana dioica;Valeriana;dioica;Flowering plants;Asteraceae;Spaanse ruiter;https://galerij.kb.nl/kb.html#/nl/florabatava03/page/75/zoom/3/lat/-69.162557908105/lng/-39.19921875;;;;;;;;;;;;;
5;KW_T_423_5_0162L.tif.jpg;illustration;Myosotis arvensis;Myosotis arvensis;Myosotis;arvensis;Flowering plants;Asteraceae;Knikkend tandzaad;https://galerij.kb.nl/kb.html#/nl/florabatava03/page/76/zoom/3/lat/-69.162557908105/lng/-39.19921875;;;;;;;;;;;;;
5;KW_T_423_5_0164L.tif.jpg;illustration;Crataegus oxyacantha;Crataegus monogyna;Crataegus;monogyna;Flowering plants;Asteraceae;Boerenwormkruid;https://galerij.kb.nl/kb.html#/nl/florabatava03/page/77/zoom/3/lat/-69.162557908105/lng/-39.19921875;;;;;;;;;;;;;
5;KW_T_423_5_0166L.tif.jpg;illustration;Crataegus oxyacanthoides;Crataegus laevigata;Crataegus;laevigata;Flowering plants;Asteraceae;Dwergviltkruid;https://galerij.kb.nl/kb.html#/nl/florabatava03/page/78/zoom/3/lat/-69.162557908105/lng/-39.19921875;;;;;;;;;;;;;
5;KW_T_423_5_0168L.tif.jpg;illustration;Equisetum arvense;Equisetum arvense;Equisetum;arvense;Flowering plants;Asteraceae;Groot hoefblad;https://galerij.kb.nl/kb.html#/nl/florabatava03/page/79/zoom/3/lat/-69.162557908105/lng/-39.19921875;;;;;;;;;;;;;
6;KW_T_423_6_0009R.tif.jpg;illustration;Veronica teucrium;Veronica austriaca subsp. teucrium;Veronica;austriaca subsp. teucrium;Flowering plants;Asteraceae;Klein kruiskruid;https://galerij.kb.nl/kb.html#/nl/florabatava03/page/80/zoom/3/lat/-69.162557908105/lng/-39.19921875;;;;;;;;;;;;;
6;KW_T_423_6_0011L.tif.jpg;illustration;Alopecurus geniculatus;Alopecurus geniculatus;Alopecurus;geniculatus;Flowering plants;Asteraceae;Wilde bertram;https://galerij.kb.nl/kb.html#/nl/florabatava03/page/82/zoom/3/lat/-69.162557908105/lng/-39.19921875;;;;;;;;;;;;;
6;KW_T_423_6_0013L.tif.jpg;illustration;Solanum dulcamara;Solanum dulcamara;Solanum;dulcamara;Flowering plants;Asteraceae;Duizendblad;https://galerij.kb.nl/kb.html#/nl/florabatava03/page/83/zoom/3/lat/-69.162557908105/lng/-39.19921875;;;;;;;;;;;;;
6;KW_T_423_6_0015L.tif.jpg;illustration;Stellaria palustris;Stellaria palustris;Stellaria;palustris;Flowering plants;Orchidaceae;Welriekende nachtorchis;https://galerij.kb.nl/kb.html#/nl/florabatava03/page/84/zoom/3/lat/-69.162557908105/lng/-39.19921875;;;;;;;;;;;;;
6;KW_T_423_6_0017L.tif.jpg;illustration;Sisymbrium amphibium;Rorippa amphibia;Rorippa;amphibia;Flowering plants;Orchidaceae;Moeraswespenorchis;https://galerij.kb.nl/kb.html#/nl/florabatava03/page/85/zoom/3/lat/-69.162557908105/lng/-39.19921875;;;;;;;;;;;;;
6;KW_T_423_6_0019L.tif.jpg;illustration;Agrostis alba;Agrostis spec.;Agrostis;spec.;Flowering plants;Euphorbiaceae;Tuinbingelkruid;https://galerij.kb.nl/kb.html#/nl/florabatava03/page/87/zoom/3/lat/-69.162557908105/lng/-39.19921875;;;;;;;;;;;;;
6;KW_T_423_6_0021L.tif.jpg;illustration;Agrostis vulgaris;Agrostis capillaris;Agrostis;capillaris;Flowering plants;Poaceae;Veenreukgras;https://galerij.kb.nl/kb.html#/nl/florabatava03/page/88/zoom/3/lat/-69.162557908105/lng/-39.19921875;;;;;;;;;;;;;
6;KW_T_423_6_0023L.tif.jpg;illustration;Lychnis sylvestris;Silene dioica;Silene;dioica;Flowering plants;Onagraceae;Groot heksenkruid;https://galerij.kb.nl/kb.html#/nl/florabatava04/page/8/zoom/3/lat/-68.46379955520322/lng/-47.98828124999999;;;;;;;;;;;;;
6;KW_T_423_6_0025L.tif.jpg;illustration;Bidens tripartita;Bidens tripartita;Bidens;tripartita;Flowering plants;Plantaginaceae;Schildereprijs;https://galerij.kb.nl/kb.html#/nl/florabatava04/page/9/zoom/3/lat/-68.46379955520322/lng/-47.98828124999999;;;;;;;;;;;;;
6;KW_T_423_6_0027L.tif.jpg;illustration;Arnica montana;Arnica montana;Arnica;montana;Flowering plants;Lentibulariaceae;Loos blaasjeskruid;https://galerij.kb.nl/kb.html#/nl/florabatava04/page/10/zoom/3/lat/-68.46379955520322/lng/-47.98828124999999;;;;;;;;;;;;;
6;KW_T_423_6_0029L.tif.jpg;illustration;Phalaris canariensis;Phalaris canariensis;Phalaris;canariensis;Flowering plants;Lamiaceae;Veldsalie;https://galerij.kb.nl/kb.html#/nl/florabatava04/page/11/zoom/3/lat/-68.46379955520322/lng/-47.98828124999999;;;;;;;;;;;;;
6;KW_T_423_6_0031L.tif.jpg;illustration;Viola palustris;Viola palustris;Viola;palustris;Flowering plants;Poaceae;Zanddoddegras;https://galerij.kb.nl/kb.html#/nl/florabatava04/page/12/zoom/3/lat/-68.46379955520322/lng/-47.98828124999999;;;;;;;;;;;;;
6;KW_T_423_6_0033L.tif.jpg;illustration;Viola odorata;Viola odorata;Viola;odorata;Flowering plants;Poaceae;Liesgras;https://galerij.kb.nl/kb.html#/nl/florabatava04/page/13/zoom/3/lat/-68.46379955520322/lng/-47.98828124999999;;;;;;;;;;;;;
6;KW_T_423_6_0035L.tif.jpg;illustration;Arenaria trinervis;Moehringia trinervia;Moehringia;trinervia;Flowering plants;Poaceae;Bevertjes;https://galerij.kb.nl/kb.html#/nl/florabatava04/page/14/zoom/3/lat/-68.46379955520322/lng/-47.98828124999999;;;;;;;;;;;;;
6;KW_T_423_6_0037L.tif.jpg;illustration;Lamium incisum;Lamium hybridum;Lamium;hybridum;Flowering plants;Poaceae;;https://galerij.kb.nl/kb.html#/nl/florabatava04/page/15/zoom/3/lat/-68.46379955520322/lng/-47.98828124999999;;;;;;;;;;;;;
6;KW_T_423_6_0039L.tif.jpg;illustration;Alopecurus pratensis;Alopecurus pratensis;Alopecurus;pratensis;Flowering plants;Plantaginaceae;Grote weegbree;https://galerij.kb.nl/kb.html#/nl/florabatava04/page/17/zoom/3/lat/-68.46379955520322/lng/-47.98828124999999;;;;;;;;;;;;;
6;KW_T_423_6_0041L.tif.jpg;illustration;Pedicularis palustris;Pedicularis palustris;Pedicularis;palustris;Flowering plants;Plantaginaceae;Ruige weegbree;https://galerij.kb.nl/kb.html#/nl/florabatava04/page/18/zoom/3/lat/-68.46379955520322/lng/-47.98828124999999;;;;;;;;;;;;;
6;KW_T_423_6_0043L.tif.jpg;illustration;Iberis nudicaulis;Teesdalia nudicaulis;Teesdalia;nudicaulis;Flowering plants;Plantaginaceae;Zeeweegbree;https://galerij.kb.nl/kb.html#/nl/florabatava04/page/19/zoom/3/lat/-68.46379955520322/lng/-47.98828124999999;;;;;;;;;;;;;
6;KW_T_423_6_0045L.tif.jpg;illustration;Erysimum alliaria;Alliaria petiolata;Alliaria;petiolata;Flowering plants;Campanulaceae;Grasklokje;https://galerij.kb.nl/kb.html#/nl/florabatava04/page/20/zoom/3/lat/-68.46379955520322/lng/-47.98828124999999;;;;;;;;;;;;;
6;KW_T_423_6_0047L.tif.jpg;illustration;Gnaphalium germanicum;Filago vulgaris;Filago;vulgaris;Flowering plants;Balsaminaceae;Groot springzaad;https://galerij.kb.nl/kb.html#/nl/florabatava04/page/21/zoom/3/lat/-68.46379955520322/lng/-47.98828124999999;;;;;;;;;;;;;
6;KW_T_423_6_0049L.tif.jpg;illustration;Epilobium roseum;Epilobium roseum;Epilobium;roseum;Flowering plants;Gentianaceae;Strandduizendguldenkruid;https://galerij.kb.nl/kb.html#/nl/florabatava04/page/22/zoom/3/lat/-68.46379955520322/lng/-47.98828124999999;;;;;;;;;;;;;
6;KW_T_423_6_0051L.tif.jpg;illustration;Polygonum hydropiper;Persicaria hydropiper;Persicaria;hydropiper;Flowering plants;Amaranthaceae;Korrelganzenvoet;https://galerij.kb.nl/kb.html#/nl/florabatava04/page/23/zoom/3/lat/-68.46379955520322/lng/-47.98828124999999;;;;;;;;;;;;;
6;KW_T_423_6_0053L.tif.jpg;illustration;Polygonum minus;Persicaria minor;Persicaria;minor;Flowering plants;Ulmaceae;Ruwe iep;https://galerij.kb.nl/kb.html#/nl/florabatava04/page/24/zoom/3/lat/-68.46379955520322/lng/-47.98828124999999;;;;;;;;;;;;;
6;KW_T_423_6_0055L.tif.jpg;illustration;Prunus spinosa;Prunus spinosa;Prunus;spinosa;Flowering plants;Apiaceae;Fijne kervel;https://galerij.kb.nl/kb.html#/nl/florabatava04/page/25/zoom/3/lat/-68.46379955520322/lng/-47.98828124999999;;;;;;;;;;;;;
6;KW_T_423_6_0057L.tif.jpg;illustration;Chrysanthemum segetum;Glebionis segetum;Glebionis;segetum;Flowering plants;Apiaceae;Gewone engelwortel;https://galerij.kb.nl/kb.html#/nl/florabatava04/page/26/zoom/3/lat/-68.46379955520322/lng/-47.98828124999999;;;;;;;;;;;;;
6;KW_T_423_6_0059L.tif.jpg;illustration;Peplis portula;Lythrum portula;Lythrum;portula;Flowering plants;Apiaceae;Waterscheerling;https://galerij.kb.nl/kb.html#/nl/florabatava04/page/27/zoom/3/lat/-68.46379955520322/lng/-47.98828124999999;;;;;;;;;;;;;
6;KW_T_423_6_0061L.tif.jpg;illustration;Spergula arvensis;Spergula arvensis;Spergula;arvensis;Flowering plants;Apiaceae;Karwij;https://galerij.kb.nl/kb.html#/nl/florabatava04/page/28/zoom/3/lat/-68.46379955520322/lng/-47.98828124999999;;;;;;;;;;;;;
6;KW_T_423_6_0063L.tif.jpg;illustration;Gnaphalium sylvaticum;Gnaphalium sylvaticum;Gnaphalium;sylvaticum;Flowering plants;Apiaceae;Selderij;https://galerij.kb.nl/kb.html#/nl/florabatava04/page/29/zoom/3/lat/-68.46379955520322/lng/-47.98828124999999;;;;;;;;;;;;;
6;KW_T_423_6_0065L.tif.jpg;illustration;Gnaphalium uliginosum;Gnaphalium uliginosum;Gnaphalium;uliginosum;Flowering plants;Caryophyllaceae;Vogelmuur;https://galerij.kb.nl/kb.html#/nl/florabatava04/page/30/zoom/3/lat/-68.46379955520322/lng/-47.98828124999999;;;;;;;;;;;;;
6;KW_T_423_6_0067L.tif.jpg;illustration;Betula alba;Betula pendula;Betula;pendula;Flowering plants;Asparagaceae;Knikkende vogelmelk;https://galerij.kb.nl/kb.html#/nl/florabatava04/page/32/zoom/3/lat/-68.46379955520322/lng/-47.98828124999999;;;;;;;;;;;;;
6;KW_T_423_6_0069L.tif.jpg;illustration;Lysimachia thyrsiflora;Lysimachia thyrsiflora;Lysimachia;thyrsiflora;Flowering plants;Juncaginaceae;Schorrenzoutgras;https://galerij.kb.nl/kb.html#/nl/florabatava04/page/33/zoom/3/lat/-68.46379955520322/lng/-47.98828124999999;;;;;;;;;;;;;
6;KW_T_423_6_0071L.tif.jpg;illustration;Rhinanthus crista galli;Rhinanthus angustifolius;Rhinanthus;angustifolius;Flowering plants;Alismataceae;Grote waterweegbree;https://galerij.kb.nl/kb.html#/nl/florabatava04/page/34/zoom/3/lat/-68.46379955520322/lng/-47.98828124999999;;;;;;;;;;;;;
6;KW_T_423_6_0073L.tif.jpg;illustration;Rhinanthus minor;Rhinanthus minor;Rhinanthus;minor;Flowering plants;Polygonaceae;Adderwortel;https://galerij.kb.nl/kb.html#/nl/florabatava04/page/36/zoom/3/lat/-68.46379955520322/lng/-47.98828124999999;;;;;;;;;;;;;
6;KW_T_423_6_0075L.tif.jpg;illustration;Jasione montana;Jasione montana;Jasione;montana;Flowering plants;Butomaceae;Zwanenbloem;https://galerij.kb.nl/kb.html#/nl/florabatava04/page/37/zoom/3/lat/-68.46379955520322/lng/-47.98828124999999;;;;;;;;;;;;;
6;KW_T_423_6_0077L.tif.jpg;illustration;Carex flava;Carex oederi / demissa;Carex;oederi / demissa;Flowering plants;Caryophyllaceae;Slanke mantelanjer;https://galerij.kb.nl/kb.html#/nl/florabatava04/page/39/zoom/3/lat/-68.46379955520322/lng/-47.98828124999999;;;;;;;;;;;;;
6;KW_T_423_6_0079L.tif.jpg;illustration;Echinochloa crus galli;Echinochloa crus-galli;Echinochloa;crus-galli;Flowering plants;Caryophyllaceae;Kegelsilene;https://galerij.kb.nl/kb.html#/nl/florabatava04/page/40/zoom/3/lat/-68.46379955520322/lng/-47.98828124999999;;;;;;;;;;;;;
6;KW_T_423_6_0081L.tif.jpg;illustration;Spergula nodosa;Sagina nodosa;Sagina;nodosa;Flowering plants;Caryophyllaceae;Grote muur;https://galerij.kb.nl/kb.html#/nl/florabatava04/page/41/zoom/3/lat/-68.46379955520322/lng/-47.98828124999999;;;;;;;;;;;;;
6;KW_T_423_6_0083L.tif.jpg;illustration;Cirsium anglicum;Cirsium dissectum;Cirsium;dissectum;Flowering plants;Lythraceae;Grote kattenstaart;https://galerij.kb.nl/kb.html#/nl/florabatava04/page/43/zoom/3/lat/-68.46379955520322/lng/-47.98828124999999;;;;;;;;;;;;;
6;KW_T_423_6_0085L.tif.jpg;illustration;Polypodium vulgare;Polypodium vulgare;Polypodium;vulgare;Flowering plants;Resedaceae;Wouw;https://galerij.kb.nl/kb.html#/nl/florabatava04/page/44/zoom/3/lat/-68.46379955520322/lng/-47.98828124999999;;;;;;;;;;;;;
6;KW_T_423_6_0087L.tif.jpg;illustration;Lycopodium inundatum;Lycopodiella inundata;Lycopodiella;inundata;Flowering plants;Euphorbiaceae;Tuinwolfsmelk;https://galerij.kb.nl/kb.html#/nl/florabatava04/page/45/zoom/3/lat/-68.46379955520322/lng/-47.98828124999999;;;;;;;;;;;;;
6;KW_T_423_6_0089L.tif.jpg;illustration;Chenopodium rubrum;Chenopodium album;Chenopodium;album;Flowering plants;Euphorbiaceae;Kroontjeskruid;https://galerij.kb.nl/kb.html#/nl/florabatava04/page/46/zoom/3/lat/-68.46379955520322/lng/-47.98828124999999;;;;;;;;;;;;;
6;KW_T_423_6_0091L.tif.jpg;illustration;Polygonum lapathifolium;Persicaria lapathifolia;Persicaria;lapathifolia;Flowering plants;Rosaceae;Wilde lijsterbes;https://galerij.kb.nl/kb.html#/nl/florabatava04/page/47/zoom/3/lat/-68.46379955520322/lng/-47.98828124999999;;;;;;;;;;;;;
6;KW_T_423_6_0093L.tif.jpg;illustration;Lathyrus palustris;Lathyrus palustris;Lathyrus;palustris;Flowering plants;Rosaceae;Hondsroos;https://galerij.kb.nl/kb.html#/nl/florabatava04/page/48/zoom/3/lat/-68.46379955520322/lng/-47.98828124999999;;;;;;;;;;;;;
6;KW_T_423_6_0095L.tif.jpg;illustration;Artemisia maritima;Artemisia maritima;Artemisia;maritima;Flowering plants;Rosaceae;Dauwbraam;https://galerij.kb.nl/kb.html#/nl/florabatava04/page/49/zoom/3/lat/-68.46379955520322/lng/-47.98828124999999;;;;;;;;;;;;;
6;KW_T_423_6_0097L.tif.jpg;illustration;Pteris aquilina;Pteridium aquilinum;Pteridium;aquilinum;Flowering plants;Rosaceae;Zilverschoon;https://galerij.kb.nl/kb.html#/nl/florabatava04/page/50/zoom/3/lat/-68.46379955520322/lng/-47.98828124999999;;;;;;;;;;;;;
6;KW_T_423_6_0099L.tif.jpg;illustration;Crocus vernus;Crocus vernus;Crocus;vernus;Flowering plants;Papaveraceae;Grote klaproos;https://galerij.kb.nl/kb.html#/nl/florabatava04/page/51/zoom/3/lat/-68.46379955520322/lng/-47.98828124999999;;;;;;;;;;;;;
6;KW_T_423_6_0101L.tif.jpg;illustration;Scirpus caespitosus;Trichophorum germanicum;Trichophorum;germanicum;Flowering plants;Ranunculaceae;Bosanemoon;https://galerij.kb.nl/kb.html#/nl/florabatava04/page/52/zoom/3/lat/-68.46379955520322/lng/-47.98828124999999;;;;;;;;;;;;;
6;KW_T_423_6_0103L.tif.jpg;illustration;Myosotis stricta;Myosotis discolor;Myosotis;discolor;Flowering plants;Ranunculaceae;Blaartrekkende boterbloem;https://galerij.kb.nl/kb.html#/nl/florabatava04/page/53/zoom/3/lat/-68.46379955520322/lng/-47.98828124999999;;;;;;;;;;;;;
6;KW_T_423_6_0105L.tif.jpg;illustration;Vaccinium Myrtillus;Vaccinium myrtillus;Vaccinium;myrtillus;Flowering plants;Ranunculaceae;Akkerboterbloem;https://galerij.kb.nl/kb.html#/nl/florabatava04/page/54/zoom/3/lat/-68.46379955520322/lng/-47.98828124999999;;;;;;;;;;;;;
6;KW_T_423_6_0107L.tif.jpg;illustration;Erysimum barbarea;Barbarea vulgaris;Barbarea;vulgaris;Flowering plants;Lamiaceae;Hyssop;https://galerij.kb.nl/kb.html#/nl/florabatava04/page/55/zoom/3/lat/-68.46379955520322/lng/-47.98828124999999;;;;;;;;;;;;;
6;KW_T_423_6_0109L.tif.jpg;illustration;Fedia dentata;Valerianella dentata;Valerianella;dentata;Flowering plants;Lamiaceae;Wild kattenkruid;https://galerij.kb.nl/kb.html#/nl/florabatava04/page/56/zoom/3/lat/-68.46379955520322/lng/-47.98828124999999;;;;;;;;;;;;;
6;KW_T_423_6_0111L.tif.jpg;illustration;Festuca bromioides;Vulpia bromoides;Vulpia;bromoides;Flowering plants;Lamiaceae;Paarse dovenetel;https://galerij.kb.nl/kb.html#/nl/florabatava04/page/57/zoom/3/lat/-68.46379955520322/lng/-47.98828124999999;;;;;;;;;;;;;
6;KW_T_423_6_0113L.tif.jpg;illustration;Juncus squarrosus;Juncus squarrosus;Juncus;squarrosus;Flowering plants;Lamiaceae;Bosandoorn;https://galerij.kb.nl/kb.html#/nl/florabatava04/page/58/zoom/3/lat/-68.46379955520322/lng/-47.98828124999999;;;;;;;;;;;;;
6;KW_T_423_6_0115L.tif.jpg;illustration;Pedicularis sylvatica;Pedicularis sylvatica;Pedicularis;sylvatica;Flowering plants;Lamiaceae;Hartgespan;https://galerij.kb.nl/kb.html#/nl/florabatava04/page/59/zoom/3/lat/-68.46379955520322/lng/-47.98828124999999;;;;;;;;;;;;;
6;KW_T_423_6_0117L.tif.jpg;illustration;Equisetum palustre;Equisetum palustre;Equisetum;palustre;Flowering plants;Brassicaceae;Mierikswortel;https://galerij.kb.nl/kb.html#/nl/florabatava04/page/60/zoom/3/lat/-68.46379955520322/lng/-47.98828124999999;;;;;;;;;;;;;
6;KW_T_423_6_0119L.tif.jpg;illustration;Aira caryophyllea;Aira caryophyllea;Aira;caryophyllea;Flowering plants;Brassicaceae;Grote zandkool;https://galerij.kb.nl/kb.html#/nl/florabatava04/page/61/zoom/3/lat/-68.46379955520322/lng/-47.98828124999999;;;;;;;;;;;;;
6;KW_T_423_6_0121L.tif.jpg;illustration;Potamogeton natans;Potamogeton natans;Potamogeton;natans;Flowering plants;Brassicaceae;Muurbloem;https://galerij.kb.nl/kb.html#/nl/florabatava04/page/62/zoom/3/lat/-68.46379955520322/lng/-47.98828124999999;;;;;;;;;;;;;
6;KW_T_423_6_0123L.tif.jpg;illustration;Viola sylvestris;Viola riviniana;Viola;riviniana;Flowering plants;Brassicaceae;Koolzaad;https://galerij.kb.nl/kb.html#/nl/florabatava04/page/63/zoom/3/lat/-68.46379955520322/lng/-47.98828124999999;;;;;;;;;;;;;
6;KW_T_423_6_0125L.tif.jpg;illustration;Viburnum Opulus;Viburnum opulus;Viburnum;opulus;Flowering plants;Brassicaceae;Zwarte mosterd;https://galerij.kb.nl/kb.html#/nl/florabatava04/page/64/zoom/3/lat/-68.46379955520322/lng/-47.98828124999999;;;;;;;;;;;;;
6;KW_T_423_6_0127L.tif.jpg;illustration;Anemone ranunculoides;Anemone ranunculoides;Anemone;ranunculoides;Flowering plants;Malvaceae;Heemst;https://galerij.kb.nl/kb.html#/nl/florabatava04/page/65/zoom/3/lat/-68.46379955520322/lng/-47.98828124999999;;;;;;;;;;;;;
6;KW_T_423_6_0129L.tif.jpg;illustration;Alisma natans;Luronium natans;Luronium;natans;Flowering plants;Fabaceae;Heggenwikke;https://galerij.kb.nl/kb.html#/nl/florabatava04/page/66/zoom/3/lat/-68.46379955520322/lng/-47.98828124999999;;;;;;;;;;;;;
6;KW_T_423_6_0131L.tif.jpg;illustration;Vaccinium Vitis Idaea;Vaccinium vitis-idaea;Vaccinium;vitis-idaea;Flowering plants;Fabaceae;Citroengele honingklaver;https://galerij.kb.nl/kb.html#/nl/florabatava04/page/68/zoom/3/lat/-68.46379955520322/lng/-47.98828124999999;;;;;;;;;;;;;
6;KW_T_423_6_0133L.tif.jpg;illustration;Ranunculus repens;Ranunculus repens;Ranunculus;repens;Flowering plants;Fabaceae;Liggende klaver;https://galerij.kb.nl/kb.html#/nl/florabatava04/page/69/zoom/3/lat/-68.46379955520322/lng/-47.98828124999999;;;;;;;;;;;;;
6;KW_T_423_6_0135L.tif.jpg;illustration;Ranunculus acris;Ranunculus acris;Ranunculus;acris;Flowering plants;Asteraceae;Paarse morgenster;https://galerij.kb.nl/kb.html#/nl/florabatava04/page/70/zoom/3/lat/-68.46379955520322/lng/-47.98828124999999;;;;;;;;;;;;;
6;KW_T_423_6_0137L.tif.jpg;illustration;Equisetum limosum;Equisetum fluviatile;Equisetum;fluviatile;Flowering plants;Asteraceae;Kleine leeuwentand;https://galerij.kb.nl/kb.html#/nl/florabatava04/page/71/zoom/3/lat/-68.46379955520322/lng/-47.98828124999999;;;;;;;;;;;;;
6;KW_T_423_6_0139L.tif.jpg;illustration;Carex dioica;Carex dioica;Carex;dioica;Flowering plants;Asteraceae;Grote klit;https://galerij.kb.nl/kb.html#/nl/florabatava04/page/72/zoom/3/lat/-68.46379955520322/lng/-47.98828124999999;;;;;;;;;;;;;
6;KW_T_423_6_0141L.tif.jpg;illustration;Carex pilulifera;Carex pilulifera;Carex;pilulifera;Flowering plants;Asteraceae;Speerdistel;https://galerij.kb.nl/kb.html#/nl/florabatava04/page/73/zoom/3/lat/-68.46379955520322/lng/-47.98828124999999;;;;;;;;;;;;;
6;KW_T_423_6_0143L.tif.jpg;illustration;Carex lasiocarpa;Carex lasiocarpa;Carex;lasiocarpa;Flowering plants;Asteraceae;Scherpe fijnstraal;https://galerij.kb.nl/kb.html#/nl/florabatava04/page/74/zoom/3/lat/-68.46379955520322/lng/-47.98828124999999;;;;;;;;;;;;;
6;KW_T_423_6_0145L.tif.jpg;illustration;Carex hirta;Carex hirta;Carex;hirta;Flowering plants;Asteraceae;Kleverig kruiskruid;https://galerij.kb.nl/kb.html#/nl/florabatava04/page/75/zoom/3/lat/-68.46379955520322/lng/-47.98828124999999;;;;;;;;;;;;;
6;KW_T_423_6_0147L.tif.jpg;illustration;Carex caespitosa;Carex nigra;Carex;nigra;Flowering plants;Asteraceae;Moeraskruiskruid;https://galerij.kb.nl/kb.html#/nl/florabatava04/page/76/zoom/3/lat/-68.46379955520322/lng/-47.98828124999999;;;;;;;;;;;;;
6;KW_T_423_6_0149L.tif.jpg;illustration;Heleocharis palustris;Eleocharis palustris;Eleocharis;palustris;Flowering plants;Asteraceae;Echte kamille;https://galerij.kb.nl/kb.html#/nl/florabatava04/page/77/zoom/3/lat/-68.46379955520322/lng/-47.98828124999999;;;;;;;;;;;;;
6;KW_T_423_6_0151L.tif.jpg;illustration;Chaerophyllum temulum;Chaerophyllum temulum;Chaerophyllum;temulum;Flowering plants;Asteraceae;Stinkende kamille;https://galerij.kb.nl/kb.html#/nl/florabatava04/page/78/zoom/3/lat/-68.46379955520322/lng/-47.98828124999999;;;;;;;;;;;;;
6;KW_T_423_6_0153L.tif.jpg;illustration;Sambucus nigra;Sambucus nigra;Sambucus;nigra;Flowering plants;Asteraceae;Gele kamille;https://galerij.kb.nl/kb.html#/nl/florabatava04/page/79/zoom/3/lat/-68.46379955520322/lng/-47.98828124999999;;;;;;;;;;;;;
6;KW_T_423_6_0155L.tif.jpg;illustration;Ranunculus aquatilis;Ranunculus peltatus;Ranunculus;peltatus;Flowering plants;Orchidaceae;Honingorchis;https://galerij.kb.nl/kb.html#/nl/florabatava04/page/80/zoom/3/lat/-68.46379955520322/lng/-47.98828124999999;;;;;;;;;;;;;
6;KW_T_423_6_0157R.tif.jpg;illustration;Ranunculus aquatilis;Ranunculus peltatus;Ranunculus;peltatus;Flowering plants;Orchidaceae;Groenknolorchis;https://galerij.kb.nl/kb.html#/nl/florabatava04/page/81/zoom/3/lat/-68.46379955520322/lng/-47.98828124999999;;;;;;;;;;;;;
6;KW_T_423_6_0159L.tif.jpg;illustration;Veronica Beccabunga;Veronica beccabunga;Veronica;beccabunga;Flowering plants;Typhaceae;Kleine lisdodde;https://galerij.kb.nl/kb.html#/nl/florabatava04/page/82/zoom/3/lat/-68.46379955520322/lng/-47.98828124999999;;;;;;;;;;;;;
6;KW_T_423_6_0161L.tif.jpg;illustration;Veronica agrestis;Veronica agrestis;Veronica;agrestis;Flowering plants;Typhaceae;Kleine egelskop;https://galerij.kb.nl/kb.html#/nl/florabatava04/page/83/zoom/3/lat/-68.46379955520322/lng/-47.98828124999999;;;;;;;;;;;;;
6;KW_T_423_6_0163L.tif.jpg;illustration;Veronica serpyllifolia;Veronica serpyllifolia;Veronica;serpyllifolia;Flowering plants;Betulaceae;Zwarte els;https://galerij.kb.nl/kb.html#/nl/florabatava04/page/84/zoom/3/lat/-68.46379955520322/lng/-47.98828124999999;;;;;;;;;;;;;
6;KW_T_423_6_0165L.tif.jpg;illustration;Vinca minor;Vinca minor;Vinca;minor;Flowering plants;Alismataceae;Pijlkruid;https://galerij.kb.nl/kb.html#/nl/florabatava04/page/85/zoom/3/lat/-68.46379955520322/lng/-47.98828124999999;;;;;;;;;;;;;
6;KW_T_423_6_0167L.tif.jpg;illustration;Draba verna;Erophila verna;Erophila;verna;Flowering plants;Amaranthaceae;Gelobde melde;https://galerij.kb.nl/kb.html#/nl/florabatava04/page/86/zoom/3/lat/-68.46379955520322/lng/-47.98828124999999;;;;;;;;;;;;;
7;KW_T_423_7_0009L.tif.jpg;illustration;Phleum pratense;Phleum pratense subsp. pratense;Phleum;pratense subsp. pratense;Flowering plants;Sapindaceae;Gewone esdoorn;https://galerij.kb.nl/kb.html#/nl/florabatava04/page/87/zoom/3/lat/-68.46379955520322/lng/-47.98828124999999;;;;;;;;;;;;;
7;KW_T_423_7_0011L.tif.jpg;illustration;Bromus racemosus;Bromus racemosus;Bromus;racemosus;Flowering plants;Apiaceae;Heggendoornzaad;https://galerij.kb.nl/kb.html#/nl/florabatava05/page/9/zoom/3/lat/-68.72044056989829/lng/-48.69140625;;;;;;;;;;;;;
7;KW_T_423_7_0013L.tif.jpg;illustration;Ranunculus lingua;Ranunculus lingua;Ranunculus;lingua;Flowering plants;Saxifragaceae;Kandelaartje;https://galerij.kb.nl/kb.html#/nl/florabatava05/page/10/zoom/3/lat/-68.72044056989829/lng/-48.69140625;;;;;;;;;;;;;
7;KW_T_423_7_0015L.tif.jpg;illustration;Ranunculus auricomus;Ranunculus auricomus;Ranunculus;auricomus;Flowering plants;Ranunculaceae;Poelruit;https://galerij.kb.nl/kb.html#/nl/florabatava05/page/11/zoom/3/lat/-68.72044056989829/lng/-48.69140625;;;;;;;;;;;;;
7;KW_T_423_7_0017L.tif.jpg;illustration;Orchis morio;Orchis morio;Orchis;morio;Flowering plants;Fabaceae;Rode klaver;https://galerij.kb.nl/kb.html#/nl/florabatava05/page/12/zoom/3/lat/-68.72044056989829/lng/-48.69140625;;;;;;;;;;;;;
7;KW_T_423_7_0019L.tif.jpg;illustration;Agropyrum repens;Elymus repens;Elymus;repens;Flowering plants;Asteraceae;Korenbloem;https://galerij.kb.nl/kb.html#/nl/florabatava05/page/13/zoom/3/lat/-68.72044056989829/lng/-48.69140625;;;;;;;;;;;;;
7;KW_T_423_7_0021L.tif.jpg;illustration;Oxalis stricta;Oxalis stricta;Oxalis;stricta;Flowering plants;Solanaceae;Bilzekruid;https://galerij.kb.nl/kb.html#/nl/florabatava05/page/14/zoom/3/lat/-68.72044056989829/lng/-48.69140625;;;;;;;;;;;;;
7;KW_T_423_7_0023L.tif.jpg;illustration;Aspidium dilatatum;Dryopteris dilatata;Dryopteris;dilatata;Flowering plants;Campanulaceae;Waterlobelia;https://galerij.kb.nl/kb.html#/nl/florabatava05/page/15/zoom/3/lat/-68.72044056989829/lng/-48.69140625;;;;;;;;;;;;;
7;KW_T_423_7_0025L.tif.jpg;illustration;Aspidium spinulosum;Dryopteris carthusiana;Dryopteris;carthusiana;Flowering plants;Ranunculaceae;Klimopwaterranonkel;https://galerij.kb.nl/kb.html#/nl/florabatava05/page/16/zoom/3/lat/-68.72044056989829/lng/-48.69140625;;;;;;;;;;;;;
7;KW_T_423_7_0027L.tif.jpg;illustration;Lomaria Spicant;Struthiopteris spicant;Struthiopteris;spicant;Flowering plants;Asteraceae;Muursla;https://galerij.kb.nl/kb.html#/nl/florabatava05/page/17/zoom/3/lat/-68.72044056989829/lng/-48.69140625;;;;;;;;;;;;;
7;KW_T_423_7_0029L.tif.jpg;illustration;Avena (Aira) praecox;Aira praecox;Aira;praecox;Flowering plants;Urticaceae;Kleine brandnetel;https://galerij.kb.nl/kb.html#/nl/florabatava05/page/18/zoom/3/lat/-68.72044056989829/lng/-48.69140625;;;;;;;;;;;;;
7;KW_T_423_7_0031L.tif.jpg;illustration;Stellaria Alsine;Stellaria uliginosa;Stellaria;uliginosa;Flowering plants;Menyanthaceae;Watergentiaan;https://galerij.kb.nl/kb.html#/nl/florabatava05/page/19/zoom/3/lat/-68.72044056989829/lng/-48.69140625;;;;;;;;;;;;;
7;KW_T_423_7_0033L.tif.jpg;illustration;Lamium amplexicaule;Lamium amplexicaule;Lamium;amplexicaule;Flowering plants;Amaranthaceae;Esdoornganzenvoet;https://galerij.kb.nl/kb.html#/nl/florabatava05/page/20/zoom/3/lat/-68.72044056989829/lng/-48.69140625;;;;;;;;;;;;;
7;KW_T_423_7_0035L.tif.jpg;illustration;Salix triandra;Salix triandra;Salix;triandra;Flowering plants;Lamiaceae;Gewone hennepnetel;https://galerij.kb.nl/kb.html#/nl/florabatava05/page/21/zoom/3/lat/-68.72044056989829/lng/-48.69140625;;;;;;;;;;;;;
7;KW_T_423_7_0037L.tif.jpg;illustration;Agaricus muscarius;Amanita muscaria;Amanita;muscaria;Flowering plants;Asteraceae;Bijvoet;https://galerij.kb.nl/kb.html#/nl/florabatava05/page/22/zoom/3/lat/-68.72044056989829/lng/-48.69140625;;;;;;;;;;;;;
7;KW_T_423_7_0039L.tif.jpg;illustration;Utricularia minor;Utricularia minor;Utricularia;minor;Flowering plants;Haloragaceae;Kransvederkruid;https://galerij.kb.nl/kb.html#/nl/florabatava05/page/23/zoom/3/lat/-68.72044056989829/lng/-48.69140625;;;;;;;;;;;;;
7;KW_T_423_7_0041L.tif.jpg;illustration;Phalaris arundinacea;Phalaris arundinacea;Phalaris;arundinacea;Flowering plants;Iridaceae;Gele lis;https://galerij.kb.nl/kb.html#/nl/florabatava05/page/24/zoom/3/lat/-68.72044056989829/lng/-48.69140625;;;;;;;;;;;;;
7;KW_T_423_7_0043L.tif.jpg;illustration;Potamogeton perfoliatum;Potamogeton perfoliatus;Potamogeton;perfoliatus;Flowering plants;Amaranthaceae;Zeegroene ganzenvoet;https://galerij.kb.nl/kb.html#/nl/florabatava05/page/25/zoom/3/lat/-68.72044056989829/lng/-48.69140625;;;;;;;;;;;;;
7;KW_T_423_7_0045L.tif.jpg;illustration;Heracleum sphondylium;Heracleum sphondylium;Heracleum;sphondylium;Flowering plants;Onagraceae;Bergbasterdwederik;https://galerij.kb.nl/kb.html#/nl/florabatava05/page/26/zoom/3/lat/-68.72044056989829/lng/-48.69140625;;;;;;;;;;;;;
7;KW_T_423_7_0047L.tif.jpg;illustration;Arenaria rubra;Spergularia rubra;Spergularia;rubra;Flowering plants;Geraniaceae;Beemdooievaarsbek;https://galerij.kb.nl/kb.html#/nl/florabatava05/page/27/zoom/3/lat/-68.72044056989829/lng/-48.69140625;;;;;;;;;;;;;
7;KW_T_423_7_0049L.tif.jpg;illustration;Erythraea (Chironia) Centaurium;Centaurium erythraea;Centaurium;erythraea;Flowering plants;Plantaginaceae;Oeverkruid;https://galerij.kb.nl/kb.html#/nl/florabatava05/page/28/zoom/3/lat/-68.72044056989829/lng/-48.69140625;;;;;;;;;;;;;
7;KW_T_423_7_0051L.tif.jpg;illustration;Oenanthe fistulosa;Oenanthe fistulosa;Oenanthe;fistulosa;Flowering plants;Plantaginaceae;Klimopereprijs;https://galerij.kb.nl/kb.html#/nl/florabatava05/page/29/zoom/3/lat/-68.72044056989829/lng/-48.69140626;;;;;;;;;;;;;
7;KW_T_423_7_0053L.tif.jpg;illustration;Thysselinum (Salinum) palustre;Peucedanum palustre;Peucedanum;palustre;Flowering plants;Asteraceae;Akkerdistel;https://galerij.kb.nl/kb.html#/nl/florabatava05/page/31/zoom/3/lat/-68.72044056989829/lng/-48.69140625;;;;;;;;;;;;;
7;KW_T_423_7_0055L.tif.jpg;illustration;Geranium dissectum;Geranium dissectum;Geranium;dissectum;Flowering plants;Asteraceae;Echte guldenroede;https://galerij.kb.nl/kb.html#/nl/florabatava05/page/32/zoom/3/lat/-68.72044056989829/lng/-48.69140625;;;;;;;;;;;;;
7;KW_T_423_7_0057L.tif.jpg;illustration;Geranium pusillum;Geranium pusillum;Geranium;pusillum;Flowering plants;Betulaceae;Hazelaar;https://galerij.kb.nl/kb.html#/nl/florabatava05/page/33/zoom/3/lat/-68.72044056989829/lng/-48.69140625;;;;;;;;;;;;;
7;KW_T_423_7_0059L.tif.jpg;illustration;Linum catharticum;Linum catharticum;Linum;catharticum;Flowering plants;Rubiaceae;Kruisbladwalstro;https://galerij.kb.nl/kb.html#/nl/florabatava05/page/34/zoom/3/lat/-68.72044056989829/lng/-48.69140625;;;;;;;;;;;;;
7;KW_T_423_7_0061L.tif.jpg;illustration;Hypericum humifusum;Hypericum humifusum;Hypericum;humifusum;Flowering plants;Gentianaceae;Klokjesgentiaan;https://galerij.kb.nl/kb.html#/nl/florabatava05/page/35/zoom/3/lat/-68.72044056989829/lng/-48.69140625;;;;;;;;;;;;;
7;KW_T_423_7_0063L.tif.jpg;illustration;Stachys arvensis;Stachys arvensis;Stachys;arvensis;Flowering plants;Juncaceae;Zomprus;https://galerij.kb.nl/kb.html#/nl/florabatava05/page/37/zoom/3/lat/-68.72044056989829/lng/-48.69140625;;;;;;;;;;;;;
7;KW_T_423_7_0065L.tif.jpg;illustration;Pyrethrum inodorum;Tripleurospermum maritimum;Tripleurospermum;maritimum;Flowering plants;Asteraceae;Gewoon biggenkruid;https://galerij.kb.nl/kb.html#/nl/florabatava05/page/38/zoom/3/lat/-68.72044056989829/lng/-48.69140625;;;;;;;;;;;;;
7;KW_T_423_7_0067L.tif.jpg;illustration;Sphaeria hypoxylon;Xylaria hypoxylon;Xylaria;hypoxylon;Flowering plants;Amaranthaceae;Ruig zoutkruid;https://galerij.kb.nl/kb.html#/nl/florabatava05/page/39/zoom/3/lat/-68.72044056989829/lng/-48.69140625;;;;;;;;;;;;;
7;KW_T_423_7_0069L.tif.jpg;illustration;Torilis nodosa;Torilis nodosa;Torilis;nodosa;Flowering plants;Amaranthaceae;Strandmelde;https://galerij.kb.nl/kb.html#/nl/florabatava05/page/40/zoom/3/lat/-68.72044056989829/lng/-48.69140625;;;;;;;;;;;;;
7;KW_T_423_7_0071L.tif.jpg;illustration;Drosera rotundifolia;Drosera rotundifolia;Drosera;rotundifolia;Flowering plants;Juncaceae;Zomprus;https://galerij.kb.nl/kb.html#/nl/florabatava05/page/41/zoom/3/lat/-68.72044056989829/lng/-48.69140625;;;;;;;;;;;;;
7;KW_T_423_7_0073L.tif.jpg;illustration;Drosera longifolia;Drosera intermedia;Drosera;intermedia;Flowering plants;Caryophyllaceae;Gerande schijnspurrie;https://galerij.kb.nl/kb.html#/nl/florabatava05/page/42/zoom/3/lat/-68.72044056989829/lng/-48.69140625;;;;;;;;;;;;;
7;KW_T_423_7_0075L.tif.jpg;illustration;Doronicum pardalianches;Doronicum pardalianches;Doronicum;pardalianches;Flowering plants;Asteraceae;Herfstaster;https://galerij.kb.nl/kb.html#/nl/florabatava05/page/43/zoom/3/lat/-68.72044056989829/lng/-48.69140625;;;;;;;;;;;;;
7;KW_T_423_7_0077L.tif.jpg;illustration;Myrica gale;Myrica gale;Myrica;gale;Flowering plants;Amaranthaceae;Kortarige zeekraal;https://galerij.kb.nl/kb.html#/nl/florabatava05/page/44/zoom/3/lat/-68.72044056989829/lng/-48.69140625;;;;;;;;;;;;;
7;KW_T_423_7_0079L.tif.jpg;illustration;Digitaria glabra;Digitaria ischaemum;Digitaria;ischaemum;Flowering plants;Poaceae;Kruipertje;https://galerij.kb.nl/kb.html#/nl/florabatava05/page/45/zoom/3/lat/-68.72044056989829/lng/-48.69140625;;;;;;;;;;;;;
7;KW_T_423_7_0081L.tif.jpg;illustration;Schedonorus pratensis;Festuca pratensis;Festuca;pratensis;Flowering plants;Poaceae;Veldgerst;https://galerij.kb.nl/kb.html#/nl/florabatava05/page/46/zoom/3/lat/-68.72044056989829/lng/-48.69140625;;;;;;;;;;;;;
7;KW_T_423_7_0083L.tif.jpg;illustration;Galium saxatile;Galium saxatile;Galium;saxatile;Flowering plants;Poaceae;Zeegerst;https://galerij.kb.nl/kb.html#/nl/florabatava05/page/47/zoom/3/lat/-68.72044056989829/lng/-48.69140625;;;;;;;;;;;;;
7;KW_T_423_7_0085L.tif.jpg;illustration;Geranium molle;Geranium molle;Geranium;molle;Flowering plants;Asteraceae;Donderkruid;https://galerij.kb.nl/kb.html#/nl/florabatava05/page/48/zoom/3/lat/-68.72044056989829/lng/-48.69140625;;;;;;;;;;;;;
7;KW_T_423_7_0087L.tif.jpg;illustration;Equisetum multiforme;Equisetum variegatum;Equisetum;variegatum;Flowering plants;Ruppiaceae;Snavelruppia;https://galerij.kb.nl/kb.html#/nl/florabatava05/page/49/zoom/3/lat/-68.72044056989829/lng/-48.69140625;;;;;;;;;;;;;
7;KW_T_423_7_0089L.tif.jpg;illustration;Scirpus maritimus;Bolboschoenus maritimus s.str.;Bolboschoenus;maritimus s.str.;Flowering plants;Asparagaceae;Gewone vogelmelk;https://galerij.kb.nl/kb.html#/nl/florabatava05/page/50/zoom/3/lat/-68.72044056989829/lng/-48.69140625;;;;;;;;;;;;;
7;KW_T_423_7_0091L.tif.jpg;illustration;Scirpus triqueter;Schoenoplectus triqueter;Schoenoplectus;triqueter;Flowering plants;Onagraceae;Moerasbasterdwederik;https://galerij.kb.nl/kb.html#/nl/florabatava05/page/51/zoom/3/lat/-68.72044056989829/lng/-48.69140625;;;;;;;;;;;;;
7;KW_T_423_7_0093L.tif.jpg;illustration;Atriplex patula;Atriplex prostrata;Atriplex;prostrata;Flowering plants;Asteraceae;Groot streepzaad;https://galerij.kb.nl/kb.html#/nl/florabatava05/page/52/zoom/3/lat/-68.72044056989829/lng/-48.69140625;;;;;;;;;;;;;
7;KW_T_423_7_0095L.tif.jpg;illustration;Genista pilosa;Genista pilosa;Genista;pilosa;Flowering plants;Cyperaceae;Oeverzegge/Moeraszegge;https://galerij.kb.nl/kb.html#/nl/florabatava05/page/53/zoom/3/lat/-68.72044056989829/lng/-48.69140625;;;;;;;;;;;;;
7;KW_T_423_7_0097L.tif.jpg;illustration;Zannichellia palustris;Zannichellia palustris;Zannichellia;palustris;Flowering plants;Poaceae;Dichtbloemig kweldergras;https://galerij.kb.nl/kb.html#/nl/florabatava05/page/54/zoom/3/lat/-68.72044056989829/lng/-48.69140625;;;;;;;;;;;;;
7;KW_T_423_7_0099L.tif.jpg;illustration;Nardus stricta;Nardus stricta;Nardus;stricta;Flowering plants;Caryophyllaceae;Zilte schijnspurrie;https://galerij.kb.nl/kb.html#/nl/florabatava05/page/55/zoom/3/lat/-68.72044056989829/lng/-48.69140625;;;;;;;;;;;;;
7;KW_T_423_7_0101L.tif.jpg;illustration;Meum inundatum;Apium inundatum;Apium;inundatum;Flowering plants;Fabaceae;Witte klaver;https://galerij.kb.nl/kb.html#/nl/florabatava05/page/56/zoom/3/lat/-68.72044056989829/lng/-48.69140625;;;;;;;;;;;;;
7;KW_T_423_7_0103L.tif.jpg;illustration;Acorus calamus;Acorus calamus;Acorus;calamus;Flowering plants;Fabaceae;Aardbeiklaver;https://galerij.kb.nl/kb.html#/nl/florabatava05/page/57/zoom/3/lat/-68.72044056989829/lng/-48.69140625;;;;;;;;;;;;;
7;KW_T_423_7_0105L.tif.jpg;illustration;Orchis conopsea;Gymnadenia conopsea;Gymnadenia;conopsea;Flowering plants;Asteraceae;Driedistel;https://galerij.kb.nl/kb.html#/nl/florabatava05/page/58/zoom/3/lat/-68.72044056989829/lng/-48.69140625;;;;;;;;;;;;;
7;KW_T_423_7_0107L.tif.jpg;illustration;Lycopodium clavatum;Lycopodium clavatum;Lycopodium;clavatum;Flowering plants;Poaceae;Rietzwenkgras;https://galerij.kb.nl/kb.html#/nl/florabatava05/page/59/zoom/3/lat/-68.72044056989829/lng/-48.69140625;;;;;;;;;;;;;
7;KW_T_423_7_0109L.tif.jpg;illustration;Cynosurus cristatus;Cynosurus cristatus;Cynosurus;cristatus;Flowering plants;Gentianaceae;Slanke gentiaan;https://galerij.kb.nl/kb.html#/nl/florabatava05/page/60/zoom/3/lat/-68.72044056989829/lng/-48.69140625;;;;;;;;;;;;;
7;KW_T_423_7_0111L.tif.jpg;illustration;Rumex crispus;Rumex crispus;Rumex;crispus;Flowering plants;Apiaceae;Zevenblad;https://galerij.kb.nl/kb.html#/nl/florabatava05/page/61/zoom/3/lat/-68.72044056989829/lng/-48.69140625;;;;;;;;;;;;;
7;KW_T_423_7_0113L.tif.jpg;illustration;Rumex obtusifolius;Rumex obtusifolius;Rumex;obtusifolius;Flowering plants;Polygonaceae;Veldzuring;https://galerij.kb.nl/kb.html#/nl/florabatava05/page/62/zoom/3/lat/-68.72044056989829/lng/-48.69140625;;;;;;;;;;;;;
7;KW_T_423_7_0115L.tif.jpg;illustration;Orchis maculata;Dactylorhiza maculata subsp. maculata;Dactylorhiza;maculata subsp. maculata;Flowering plants;Lamiaceae;Hondsdraf;https://galerij.kb.nl/kb.html#/nl/florabatava05/page/63/zoom/3/lat/-68.72044056989829/lng/-48.69140625;;;;;;;;;;;;;
7;KW_T_423_7_0117L.tif.jpg;illustration;Myriophyllum alterniflorum;Myriophyllum alterniflorum;Myriophyllum;alterniflorum;Flowering plants;Plantaginaceae;Vreemde ereprijs;https://galerij.kb.nl/kb.html#/nl/florabatava05/page/64/zoom/3/lat/-68.72044056989829/lng/-48.69140625;;;;;;;;;;;;;
7;KW_T_423_7_0119L.tif.jpg;illustration;Holcus mollis;Holcus mollis;Holcus;mollis;Flowering plants;Liliaceae;Bostulp;https://galerij.kb.nl/kb.html#/nl/florabatava05/page/65/zoom/3/lat/-68.72044056989829/lng/-48.69140625;;;;;;;;;;;;;
7;KW_T_423_7_0121L.tif.jpg;illustration;Holcus lanatus;Holcus lanatus;Holcus;lanatus;Flowering plants;Ericaceae;Lavendelhei;https://galerij.kb.nl/kb.html#/nl/florabatava05/page/66/zoom/3/lat/-68.72044056989829/lng/-48.69140625;;;;;;;;;;;;;
7;KW_T_423_7_0123L.tif.jpg;illustration;Erythraea (Chironia) pulchella;Centaurium pulchellum;Centaurium;pulchellum;Flowering plants;Caryophyllaceae;Zeepostelein;https://galerij.kb.nl/kb.html#/nl/florabatava05/page/67/zoom/3/lat/-68.72044056989829/lng/-48.69140625;;;;;;;;;;;;;
7;KW_T_423_7_0125L.tif.jpg;illustration;Nymphaea alba;Nymphaea alba;Nymphaea;alba;Flowering plants;Urticaceae;Klein glaskruid;https://galerij.kb.nl/kb.html#/nl/florabatava05/page/68/zoom/3/lat/-68.72044056989829/lng/-48.69140625;;;;;;;;;;;;;
7;KW_T_423_7_0127L.tif.jpg;illustration;Senecio sylvaticus;Senecio sylvaticus;Senecio;sylvaticus;Flowering plants;Poaceae;Gewoon kweldergras;https://galerij.kb.nl/kb.html#/nl/florabatava05/page/70/zoom/3/lat/-68.72044056989829/lng/-48.69140625;;;;;;;;;;;;;
7;KW_T_423_7_0129L.tif.jpg;illustration;Ophiurus incurvatus;Parapholis strigosa;Parapholis;strigosa;Flowering plants;Ericaceae;Kleine veenbes;https://galerij.kb.nl/kb.html#/nl/florabatava05/page/71/zoom/3/lat/-68.72044056989829/lng/-48.69140625;;;;;;;;;;;;;
7;KW_T_423_7_0131L.tif.jpg;illustration;Hypericum perforatum;Hypericum perforatum;Hypericum;perforatum;Flowering plants;Brassicaceae;Bleek schildzaad;https://galerij.kb.nl/kb.html#/nl/florabatava05/page/72/zoom/3/lat/-68.72044056989829/lng/-48.69140625;;;;;;;;;;;;;
7;KW_T_423_7_0133L.tif.jpg;illustration;Sonchus asper;Sonchus asper;Sonchus;asper;Flowering plants;Brassicaceae;Zandraket;https://galerij.kb.nl/kb.html#/nl/florabatava05/page/73/zoom/3/lat/-68.72044056989829/lng/-48.69140625;;;;;;;;;;;;;
7;KW_T_423_7_0135L.tif.jpg;illustration;Carex pulicaris;Carex pulicaris;Carex;pulicaris;Flowering plants;Rubiaceae;Moeraswaltro;https://galerij.kb.nl/kb.html#/nl/florabatava05/page/74/zoom/3/lat/-68.72044056989829/lng/-48.69140625;;;;;;;;;;;;;
7;KW_T_423_7_0137L.tif.jpg;illustration;Polypodium phegopteris;Phegopteris connectilis;Phegopteris;connectilis;Flowering plants;Rubiaceae;Kleefkruid;https://galerij.kb.nl/kb.html#/nl/florabatava05/page/75/zoom/3/lat/-68.72044056989829/lng/-48.69140625;;;;;;;;;;;;;
7;KW_T_423_7_0139L.tif.jpg;illustration;Alopecurus agrestis;Alopecurus myosuroides;Alopecurus;myosuroides;Flowering plants;Amaranthaceae;Klein schorrenkruid;https://galerij.kb.nl/kb.html#/nl/florabatava05/page/76/zoom/3/lat/-68.72044056989829/lng/-48.69140625;;;;;;;;;;;;;
7;KW_T_423_7_0141L.tif.jpg;illustration;Potamogeton zosteraefolium;Potamogeton compressus;Potamogeton;compressus;Flowering plants;Lamiaceae;Witte dovenetel;https://galerij.kb.nl/kb.html#/nl/florabatava05/page/77/zoom/3/lat/-68.72044056989829/lng/-48.69140625;;;;;;;;;;;;;
7;KW_T_423_7_0143L.tif.jpg;illustration;Arenaria serpyllifolia;Arenaria serpyllifolia;Arenaria;serpyllifolia;Flowering plants;Geraniaceae;Donkere ooievaarsbek;https://galerij.kb.nl/kb.html#/nl/florabatava05/page/78/zoom/3/lat/-68.72044056989829/lng/-48.69140625;;;;;;;;;;;;;
7;KW_T_423_7_0145L.tif.jpg;illustration;Cerastium semidecandrum;Cerastium semidecandrum;Cerastium;semidecandrum;Flowering plants;Violaceae;Akkerviooltje;https://galerij.kb.nl/kb.html#/nl/florabatava05/page/79/zoom/3/lat/-68.72044056989829/lng/-48.69140625;;;;;;;;;;;;;
7;KW_T_423_7_0147L.tif.jpg;illustration;Sparganium natans;Sparganium natans;Sparganium;natans;Flowering plants;Apiaceae;Echte kervel;https://galerij.kb.nl/kb.html#/nl/florabatava05/page/80/zoom/3/lat/-68.72044056989829/lng/-48.69140625;;;;;;;;;;;;;
7;KW_T_423_7_0149L.tif.jpg;illustration;Veronica arvensis;Veronica arvensis;Veronica;arvensis;Flowering plants;Apiaceae;Fluitenkruid;https://galerij.kb.nl/kb.html#/nl/florabatava05/page/81/zoom/3/lat/-68.72044056989829/lng/-48.69140625;;;;;;;;;;;;;
7;KW_T_423_7_0151L.tif.jpg;illustration;Alchemilla vulgaris;Alchemilla glabra;Alchemilla;glabra;Flowering plants;Asparagaceae;Blauwe druifjes;https://galerij.kb.nl/kb.html#/nl/florabatava05/page/82/zoom/3/lat/-68.72044056989829/lng/-48.69140625;;;;;;;;;;;;;
7;KW_T_423_7_0153L.tif.jpg;illustration;Alchemilla Aphanes;Aphanes australis;Aphanes;australis;Flowering plants;Cyperaceae;Blauwe zegge;https://galerij.kb.nl/kb.html#/nl/florabatava05/page/83/zoom/3/lat/-68.72044056989829/lng/-48.69140625;;;;;;;;;;;;;
7;KW_T_423_7_0155L.tif.jpg;illustration;Ribes rubrum;Ribes rubrum;Ribes;rubrum;Flowering plants;Caprifoliaceae;Kleine valeriaan;https://galerij.kb.nl/kb.html#/nl/florabatava05/page/84/zoom/3/lat/-68.72044056989829/lng/-48.69140625;;;;;;;;;;;;;
7;KW_T_423_7_0157L.tif.jpg;illustration;Carex intermedia;Carex disticha;Carex;disticha;Flowering plants;Boraginaceae;Akkervergeet-mij-nietje;https://galerij.kb.nl/kb.html#/nl/florabatava05/page/85/zoom/3/lat/-68.72044056989829/lng/-48.69140625;;;;;;;;;;;;;
7;KW_T_423_7_0159L.tif.jpg;illustration;Scleranthus annuus;Scleranthus annuus subsp. annuus;Scleranthus;annuus subsp. annuus;Flowering plants;Rosaceae;Eenstijlige meidoorn;https://galerij.kb.nl/kb.html#/nl/florabatava05/page/86/zoom/3/lat/-68.72044056989829/lng/-48.69140625;;;;;;;;;;;;;
7;KW_T_423_7_0161L.tif.jpg;illustration;Euphorbia exigua;Euphorbia exigua;Euphorbia;exigua;Flowering plants;Rosaceae;Tweestijlige meidoorn;https://galerij.kb.nl/kb.html#/nl/florabatava05/page/87/zoom/3/lat/-68.72044056989829/lng/-48.69140625;;;;;;;;;;;;;
7;KW_T_423_7_0163L.tif.jpg;illustration;Trifolium medium;Trifolium medium;Trifolium;medium;Ferns;Equisetaceae;Heermoes;https://galerij.kb.nl/kb.html#/nl/florabatava05/page/88/zoom/3/lat/-68.72044056989829/lng/-48.69140625;;;;;;;;;;;;;
7;KW_T_423_7_0165L.tif.jpg;illustration;Trifolium campestre;Trifolium campestre;Trifolium;campestre;Flowering plants;Poaceae;Geknikte vossenstaart;https://galerij.kb.nl/kb.html#/nl/florabatava06/page/9/zoom/3/lat/-68.59248658252949/lng/-37.96875;;;;;;;;;;;;;
7;KW_T_423_7_0167L.tif.jpg;illustration;Hydrocharis morsus ranae;Hydrocharis morsus-ranae;Hydrocharis;morsus-ranae;Flowering plants;Solanaceae;Bitterzoet;https://galerij.kb.nl/kb.html#/nl/florabatava06/page/10/zoom/3/lat/-68.59248658252949/lng/-37.96875;;;;;;;;;;;;;
8;KW_T_423_8_0011L.tif.jpg;illustration;Avena fatua;Avena fatua;Avena;fatua;Flowering plants;Caryophyllaceae;Zeegroene muur;https://galerij.kb.nl/kb.html#/nl/florabatava06/page/11/zoom/3/lat/-68.59248658252949/lng/-37.96875;;;;;;;;;;;;;
8;KW_T_423_8_0013L.tif.jpg;illustration;Potamogeton densum;Groenlandia densa;Groenlandia;densa;Flowering plants;Brassicaceae;Gele waterkers;https://galerij.kb.nl/kb.html#/nl/florabatava06/page/12/zoom/3/lat/-68.59248658252949/lng/-37.96875;;;;;;;;;;;;;
8;KW_T_423_8_0015L.tif.jpg;illustration;Sedum reflexum;Sedum reflexum;Sedum;reflexum;Flowering plants;Poaceae;Struisgras spec.;https://galerij.kb.nl/kb.html#/nl/florabatava06/page/13/zoom/3/lat/-68.59248658252949/lng/-37.96875;;;;;;;;;;;;;
8;KW_T_423_8_0017L.tif.jpg;illustration;Sonchus palustris;Sonchus palustris;Sonchus;palustris;Flowering plants;Poaceae;Gewoon struisgras;https://galerij.kb.nl/kb.html#/nl/florabatava06/page/14/zoom/3/lat/-68.59248658252949/lng/-37.96875;;;;;;;;;;;;;
8;KW_T_423_8_0019L.tif.jpg;illustration;Anthemis arvensis;Anthemis arvensis;Anthemis;arvensis;Flowering plants;Caryophyllaceae;Dagkoekoeksbloem;https://galerij.kb.nl/kb.html#/nl/florabatava06/page/15/zoom/3/lat/-68.59248658252949/lng/-37.96875;;;;;;;;;;;;;
8;KW_T_423_8_0021L.tif.jpg;illustration;Myosotis caespitosa;Myosotis laxa subsp. caespitosa;Myosotis;laxa subsp. caespitosa;Flowering plants;Asteraceae;Veerdelig tandzaad;https://galerij.kb.nl/kb.html#/nl/florabatava06/page/16/zoom/3/lat/-68.59248658252949/lng/-37.96875;;;;;;;;;;;;;
8;KW_T_423_8_0023L.tif.jpg;illustration;Sium angustifolium;Berula erecta;Berula;erecta;Flowering plants;Asteraceae;Valkruid;https://galerij.kb.nl/kb.html#/nl/florabatava06/page/17/zoom/3/lat/-68.59248658252949/lng/-37.96875;;;;;;;;;;;;;
8;KW_T_423_8_0025L.tif.jpg;illustration;Rumex palustris;Rumex palustris;Rumex;palustris;Flowering plants;Poaceae;Kanariezaad;https://galerij.kb.nl/kb.html#/nl/florabatava06/page/18/zoom/3/lat/-68.59248658252949/lng/-37.96875;;;;;;;;;;;;;
8;KW_T_423_8_0027L.tif.jpg;illustration;Polygonum Convolvulus;Fallopia convolvulus;Fallopia;convolvulus;Flowering plants;Violaceae;Moerasviooltje;https://galerij.kb.nl/kb.html#/nl/florabatava06/page/19/zoom/3/lat/-68.59248658252949/lng/-37.96875;;;;;;;;;;;;;
8;KW_T_423_8_0029L.tif.jpg;illustration;Galeopsis ochroleuca;Galeopsis segetum;Galeopsis;segetum;Flowering plants;Violaceae;Maarts viooltje;https://galerij.kb.nl/kb.html#/nl/florabatava06/page/20/zoom/3/lat/-68.59248658252949/lng/-37.96875;;;;;;;;;;;;;
8;KW_T_423_8_0031L.tif.jpg;illustration;Poa compressa;Poa compressa;Poa;compressa;Flowering plants;Caryophyllaceae;Drienerfmuur;https://galerij.kb.nl/kb.html#/nl/florabatava06/page/21/zoom/3/lat/-68.59248658252949/lng/-37.96875;;;;;;;;;;;;;
8;KW_T_423_8_0033L.tif.jpg;illustration;Potamogeton crispum;Potamogeton crispus;Potamogeton;crispus;Flowering plants;Lamiaceae;Ingesneden dovenetel;https://galerij.kb.nl/kb.html#/nl/florabatava06/page/22/zoom/3/lat/-68.59248658252949/lng/-37.96875;;;;;;;;;;;;;
8;KW_T_423_8_0035L.tif.jpg;illustration;Fragaria vesca;Fragaria vesca;Fragaria;vesca;Flowering plants;Poaceae;Grote vossenstaart;https://galerij.kb.nl/kb.html#/nl/florabatava06/page/23/zoom/3/lat/-68.59248658252949/lng/-37.96875;;;;;;;;;;;;;
8;KW_T_423_8_0037L.tif.jpg;illustration;Lapsana minima;Arnoseris minima;Arnoseris;minima;Flowering plants;Orobanchaceae;Moeraskartelblad;https://galerij.kb.nl/kb.html#/nl/florabatava06/page/24/zoom/3/lat/-68.59248658252949/lng/-37.96875;;;;;;;;;;;;;
8;KW_T_423_8_0039L.tif.jpg;illustration;Osmunda regalis;Osmunda regalis;Osmunda;regalis;Flowering plants;Brassicaceae;Klein tasjeskruid;https://galerij.kb.nl/kb.html#/nl/florabatava06/page/25/zoom/3/lat/-68.59248658252949/lng/-37.96875;;;;;;;;;;;;;
8;KW_T_423_8_0041L.tif.jpg;illustration;Rhynchospora alba;Rhynchospora alba;Rhynchospora;alba;Flowering plants;Brassicaceae;Look-zonder-look;https://galerij.kb.nl/kb.html#/nl/florabatava06/page/26/zoom/3/lat/-68.59248658252949/lng/-37.96875;;;;;;;;;;;;;
8;KW_T_423_8_0043L.tif.jpg;illustration;Festuca ovina;Festuca filiformis;Festuca;filiformis;Flowering plants;Asteraceae;Duits viltkruid;https://galerij.kb.nl/kb.html#/nl/florabatava06/page/27/zoom/3/lat/-68.59248658252949/lng/-37.96875;;;;;;;;;;;;;
8;KW_T_423_8_0045L.tif.jpg;illustration;Dianthus deltoides;Dianthus deltoides;Dianthus;deltoides;Flowering plants;Onagraceae;Bleke basterdwederik;https://galerij.kb.nl/kb.html#/nl/florabatava06/page/28/zoom/3/lat/-68.59248658252949/lng/-37.96875;;;;;;;;;;;;;
8;KW_T_423_8_0047L.tif.jpg;illustration;Myagrum dentatum;Camelina sativa subsp. alyssum;Camelina;sativa subsp. alyssum;Flowering plants;Polygonaceae;Waterpeper;https://galerij.kb.nl/kb.html#/nl/florabatava06/page/29/zoom/3/lat/-68.59248658252949/lng/-37.96875;;;;;;;;;;;;;
8;KW_T_423_8_0049L.tif.jpg;illustration;Sisymbrium palustre;Rorippa palustris;Rorippa;palustris;Flowering plants;Polygonaceae;Kleine duizendknoop;https://galerij.kb.nl/kb.html#/nl/florabatava06/page/30/zoom/3/lat/-68.59248658252949/lng/-37.96875;;;;;;;;;;;;;
8;KW_T_423_8_0051L.tif.jpg;illustration;Isolepis (Scirpus) fluitans;Eleogiton fluitans;Eleogiton;fluitans;Flowering plants;Rosaceae;Sleedoorn;https://galerij.kb.nl/kb.html#/nl/florabatava06/page/31/zoom/3/lat/-68.59248658252949/lng/-37.96875;;;;;;;;;;;;;
8;KW_T_423_8_0053L.tif.jpg;illustration;Cuscuta Epilinum;Cuscuta epilinum;Cuscuta;epilinum;Flowering plants;Asteraceae;Gele ganzenbloem;https://galerij.kb.nl/kb.html#/nl/florabatava06/page/32/zoom/3/lat/-68.59248658252949/lng/-37.96875;;;;;;;;;;;;;
8;KW_T_423_8_0055L.tif.jpg;illustration;Cuscuta Epithymum;Cuscuta epithymum;Cuscuta;epithymum;Flowering plants;Lythraceae;Waterpostelein;https://galerij.kb.nl/kb.html#/nl/florabatava06/page/33/zoom/3/lat/-68.59248658252949/lng/-37.96875;;;;;;;;;;;;;
8;KW_T_423_8_0057L.tif.jpg;illustration;Juncus obtusiflorus;Juncus subnodulosus;Juncus;subnodulosus;Flowering plants;Caryophyllaceae;Gewone spurrie;https://galerij.kb.nl/kb.html#/nl/florabatava06/page/34/zoom/3/lat/-68.59248658252949/lng/-37.96875;;;;;;;;;;;;;
8;KW_T_423_8_0059L.tif.jpg;illustration;Artemisia absinthium;Artemisia absinthium;Artemisia;absinthium;Flowering plants;Asteraceae;Bosdroogbloem;https://galerij.kb.nl/kb.html#/nl/florabatava06/page/35/zoom/3/lat/-68.59248658252949/lng/-37.96875;;;;;;;;;;;;;
8;KW_T_423_8_0061L.tif.jpg;illustration;Pinguicula vulgaris;Pinguicula vulgaris;Pinguicula;vulgaris;Flowering plants;Asteraceae;Moerasdroogbloem;https://galerij.kb.nl/kb.html#/nl/florabatava06/page/36/zoom/3/lat/-68.59248658252949/lng/-37.96875;;;;;;;;;;;;;
8;KW_T_423_8_0063L.tif.jpg;illustration;Arundo arenaria;Calamagrostis arenaria;Calamagrostis;arenaria;Flowering plants;Betulaceae;Ruwe berk;https://galerij.kb.nl/kb.html#/nl/florabatava06/page/37/zoom/3/lat/-68.59248658252949/lng/-37.96875;;;;;;;;;;;;;
8;KW_T_423_8_0065L.tif.jpg;illustration;Hedera helix;Hedera helix;Hedera;helix;Flowering plants;Primulaceae;Moeraswederik;https://galerij.kb.nl/kb.html#/nl/florabatava06/page/38/zoom/3/lat/-68.59248658252949/lng/-37.96875;;;;;;;;;;;;;
8;KW_T_423_8_0067L.tif.jpg;illustration;Gnaphalium dioicum;Antennaria dioica;Antennaria;dioica;Flowering plants;Orobanchaceae;Grote ratelaar;https://galerij.kb.nl/kb.html#/nl/florabatava06/page/39/zoom/3/lat/-68.59248658252949/lng/-37.96875;;;;;;;;;;;;;
8;KW_T_423_8_0069L.tif.jpg;illustration;Agaricus comatus;Coprinus comatus;Coprinus;comatus;Flowering plants;Orobanchaceae;Kleine ratelaar;https://galerij.kb.nl/kb.html#/nl/florabatava06/page/40/zoom/3/lat/-68.59248658252949/lng/-37.96875;;;;;;;;;;;;;
8;KW_T_423_8_0071L.tif.jpg;illustration;Callitriche verna;Callitriche obtusangula;Callitriche;obtusangula;Flowering plants;Campanulaceae;Zandblauwtje;https://galerij.kb.nl/kb.html#/nl/florabatava06/page/41/zoom/3/lat/-68.59248658252949/lng/-37.96875;;;;;;;;;;;;;
8;KW_T_423_8_0073L.tif.jpg;illustration;Bromus mollis;Bromus hordeaceus;Bromus;hordeaceus;Flowering plants;Poaceae;Europese hanenpoot;https://galerij.kb.nl/kb.html#/nl/florabatava06/page/43/zoom/3/lat/-68.59248658252949/lng/-37.96875;;;;;;;;;;;;;
8;KW_T_423_8_0075L.tif.jpg;illustration;Catabrosa aquatica;Catabrosa aquatica;Catabrosa;aquatica;Flowering plants;Caryophyllaceae;Sierlijke vetmuur;https://galerij.kb.nl/kb.html#/nl/florabatava06/page/44/zoom/3/lat/-68.59248658252949/lng/-37.96875;;;;;;;;;;;;;
8;KW_T_423_8_0077L.tif.jpg;illustration;Papaver dubium;Papaver dubium;Papaver;dubium;Flowering plants;Asteraceae;Spaanse ruiter;https://galerij.kb.nl/kb.html#/nl/florabatava06/page/45/zoom/3/lat/-68.6885206018014/lng/-44.033203125;;;;;;;;;;;;;
8;KW_T_423_8_0079L.tif.jpg;illustration;Thymus angustifolius, Thymus Sepyllum;Thymus serpyllum;Thymus;serpyllum;Ferns;Polypodiaceae;Gewone eikvaren;https://galerij.kb.nl/kb.html#/nl/florabatava06/page/46/zoom/3/lat/-68.59248658252949/lng/-37.96875;;;;;;;;;;;;;
8;KW_T_423_8_0081L.tif.jpg;illustration;Corrigiola littoralis;Corrigiola litoralis;Corrigiola;litoralis;Mosses;Lycopodiaceae;Moeraswolfsklauw;https://galerij.kb.nl/kb.html#/nl/florabatava06/page/47/zoom/3/lat/-68.59248658252949/lng/-37.96875;;;;;;;;;;;;;
8;KW_T_423_8_0083L.tif.jpg;illustration;Erica vulgaris;Calluna vulgaris;Calluna;vulgaris;Flowering plants;Amaranthaceae;Melganzenvoet;https://galerij.kb.nl/kb.html#/nl/florabatava06/page/48/zoom/3/lat/-68.59248658252949/lng/-37.96875;;;;;;;;;;;;;
8;KW_T_423_8_0085L.tif.jpg;illustration;Polygonum tataricum;Fagopyrum tataricum;Fagopyrum;tataricum;Flowering plants;Polygonaceae;Beklierde duizendknoop;https://galerij.kb.nl/kb.html#/nl/florabatava06/page/49/zoom/3/lat/-68.59248658252949/lng/-37.96875;;;;;;;;;;;;;
8;KW_T_423_8_0087L.tif.jpg;illustration;Melampyrum vulgatum;Melampyrum pratense;Melampyrum;pratense;Flowering plants;Fabaceae;Moeraslathyrus;https://galerij.kb.nl/kb.html#/nl/florabatava06/page/50/zoom/3/lat/-68.59248658252949/lng/-37.96875;;;;;;;;;;;;;
8;KW_T_423_8_0089L.tif.jpg;illustration;Hypochoeris glabra;Hypochaeris glabra;Hypochaeris;glabra;Flowering plants;Asteraceae;Zeealsem;https://galerij.kb.nl/kb.html#/nl/florabatava06/page/51/zoom/3/lat/-68.59248658252949/lng/-37.96875;;;;;;;;;;;;;
8;KW_T_423_8_0091L.tif.jpg;illustration;Glyceria fluitans;Glyceria fluitans;Glyceria;fluitans;Ferns;Dennstaedtiaceae;Adelaarsvaren;https://galerij.kb.nl/kb.html#/nl/florabatava06/page/52/zoom/3/lat/-68.59248658252949/lng/-37.96875;;;;;;;;;;;;;
8;KW_T_423_8_0093L.tif.jpg;illustration;Polygonum lapathifolium var. nodosa, ochreis integerrimis;Persicaria lapathifolia subsp. lapathifolia;Persicaria;lapathifolia subsp. lapathifolia;Flowering plants;Iridaceae;Bonte krokus;https://galerij.kb.nl/kb.html#/nl/florabatava06/page/53/zoom/3/lat/-68.59248658252949/lng/-37.96875;;;;;;;;;;;;;
8;KW_T_423_8_0095L.tif.jpg;illustration;Limosella aquatica;Limosella aquatica;Limosella;aquatica;Flowering plants;Cyperaceae;Veenbies;https://galerij.kb.nl/kb.html#/nl/florabatava06/page/54/zoom/3/lat/-68.59248658252949/lng/-37.96875;;;;;;;;;;;;;
8;KW_T_423_8_0097L.tif.jpg;illustration;Conifersstomum pyriforme;Physcomitrium pyriforme;Physcomitrium;pyriforme;Flowering plants;Boraginaceae;Veelkleurig vergeet-mij-nietje;https://galerij.kb.nl/kb.html#/nl/florabatava06/page/55/zoom/3/lat/-68.59248658252949/lng/-37.96876;;;;;;;;;;;;;
8;KW_T_423_8_0099L.tif.jpg;illustration;Sphaerococcus crispus;Chondrus crispus;Chondrus;crispus;Flowering plants;Ericaceae;Blauwe bosbes;https://galerij.kb.nl/kb.html#/nl/florabatava06/page/56/zoom/3/lat/-68.59248658252949/lng/-37.96875;;;;;;;;;;;;;
8;KW_T_423_8_0101L.tif.jpg;illustration;Laminaria saccharina;Saccharina latissima;Saccharina latissima;;Flowering plants;Brassicaceae;Gewoon barbarakruid;https://galerij.kb.nl/kb.html#/nl/florabatava06/page/57/zoom/3/lat/-68.59248658252949/lng/-37.96875;;;;;;;;;;;;;
8;KW_T_423_8_0103L.tif.jpg;illustration;Triticum caesium;Elymus repens;Elymus;repens;Flowering plants;Caprifoliaceae;Getande veldsla;https://galerij.kb.nl/kb.html#/nl/florabatava06/page/58/zoom/3/lat/-68.59248658252949/lng/-37.96875;;;;;;;;;;;;;
8;KW_T_423_8_0105L.tif.jpg;illustration;Cineraria palustris var. Hollandica;Tephroseris palustris;Tephroseris;palustris;Flowering plants;Poaceae;Eekhoorngras;https://galerij.kb.nl/kb.html#/nl/florabatava06/page/59/zoom/3/lat/-68.59248658252949/lng/-37.96875;;;;;;;;;;;;;
8;KW_T_423_8_0107L.tif.jpg;illustration;Mentha aquatica var. capitata;Mentha aquatica;Mentha;aquatica;Flowering plants;Juncaceae;Trekrus;https://galerij.kb.nl/kb.html#/nl/florabatava06/page/60/zoom/3/lat/-68.59248658252949/lng/-37.96875;;;;;;;;;;;;;
8;KW_T_423_8_0109L.tif.jpg;illustration;Sagittaria sagittifolia var. breviscapa;Sagittaria sagittifolia;Sagittaria;sagittifolia;Flowering plants;Orobanchaceae;Heidekartelblad;https://galerij.kb.nl/kb.html#/nl/florabatava06/page/61/zoom/3/lat/-68.59248658252949/lng/-37.96875;;;;;;;;;;;;;
8;KW_T_423_8_0111L.tif.jpg;illustration;Spartina stricta;Spartina spec.;Spartina;spec.;Ferns;Equisetaceae;Lidrus;https://galerij.kb.nl/kb.html#/nl/florabatava06/page/62/zoom/3/lat/-68.59248658252949/lng/-37.96875;;;;;;;;;;;;;
8;KW_T_423_8_0113L.tif.jpg;illustration;Statice limonium;Limonium vulgare;Limonium;vulgare;Flowering plants;Poaceae;Zilverhaver;https://galerij.kb.nl/kb.html#/nl/florabatava06/page/63/zoom/3/lat/-68.59248658252949/lng/-37.96875;;;;;;;;;;;;;
8;KW_T_423_8_0115L.tif.jpg;illustration;Cystoseira nodosa;Ascophyllum nodosum;Ascophyllum;nodosum;Flowering plants;Potamogetonaceae;Drijvend fonteinkruid;https://galerij.kb.nl/kb.html#/nl/florabatava06/page/64/zoom/3/lat/-68.59248658252949/lng/-37.96875;;;;;;;;;;;;;
8;KW_T_423_8_0117L.tif.jpg;illustration;Fucus spiralis;Fucus spiralis;Fucus;spiralis;Flowering plants;Violaceae;Bleeksporig bosviooltje;https://galerij.kb.nl/kb.html#/nl/florabatava06/page/65/zoom/3/lat/-68.59248658252949/lng/-37.96875;;;;;;;;;;;;;
8;KW_T_423_8_0119L.tif.jpg;illustration;Ranunculus philonitis;Ranunculus sardous;Ranunculus;sardous;Flowering plants;Viburnaceae;Gelderse roos;https://galerij.kb.nl/kb.html#/nl/florabatava06/page/66/zoom/3/lat/-68.59248658252949/lng/-37.96875;;;;;;;;;;;;;
8;KW_T_423_8_0121L.tif.jpg;illustration;Tormentilla reptans;Potentilla anglica;Potentilla;anglica;Flowering plants;Ranunculaceae;Gele anemoon;https://galerij.kb.nl/kb.html#/nl/florabatava06/page/67/zoom/3/lat/-68.59248658252949/lng/-37.96875;;;;;;;;;;;;;
8;KW_T_423_8_0123L.tif.jpg;illustration;Ulva latissima;Ulva lactuca;Ulva;lactuca;Flowering plants;Alismataceae;Drijvende waterweegbree;https://galerij.kb.nl/kb.html#/nl/florabatava06/page/68/zoom/3/lat/-68.59248658252949/lng/-37.96875;;;;;;;;;;;;;
8;KW_T_423_8_0125L.tif.jpg;illustration;Ulva purpurea;Porphyra purpurea;Porphyra;purpurea;Flowering plants;Ericaceae;Rode bosbes;https://galerij.kb.nl/kb.html#/nl/florabatava06/page/69/zoom/3/lat/-68.59248658252949/lng/-37.96875;;;;;;;;;;;;;
8;KW_T_423_8_0127L.tif.jpg;illustration;Bryomyces elegans;Ulota phyllantha;Ulota;phyllantha;Flowering plants;Ranunculaceae;Kruipende boterbloem;https://galerij.kb.nl/kb.html#/nl/florabatava06/page/70/zoom/3/lat/-68.59248658252949/lng/-37.96875;;;;;;;;;;;;;
8;KW_T_423_8_0129L.tif.jpg;illustration;Gratiola officinalis;Gratiola officinalis;Gratiola;officinalis;Flowering plants;Ranunculaceae;Scherpe boterbloem;https://galerij.kb.nl/kb.html#/nl/florabatava06/page/71/zoom/3/lat/-68.59248658252949/lng/-37.96875;;;;;;;;;;;;;
8;KW_T_423_8_0131L.tif.jpg;illustration;Polygonum fagopyrum;Fagopyrum esculentum;Fagopyrum;esculentum;Ferns;Equisetaceae;Holpijp;https://galerij.kb.nl/kb.html#/nl/florabatava06/page/72/zoom/3/lat/-68.59248658252949/lng/-37.96875;;;;;;;;;;;;;
8;KW_T_423_8_0133L.tif.jpg;illustration;Scilla bifolia;Scilla bifolia;Scilla;bifolia;Flowering plants;Cyperaceae;Tweehuizige zegge;https://galerij.kb.nl/kb.html#/nl/florabatava06/page/73/zoom/3/lat/-68.59248658252949/lng/-37.96875;;;;;;;;;;;;;
8;KW_T_423_8_0135L.tif.jpg;illustration;Scrophularia aquatica;Scrophularia umbrosa;Scrophularia;umbrosa;Flowering plants;Cyperaceae;Pilzegge;https://galerij.kb.nl/kb.html#/nl/florabatava06/page/74/zoom/3/lat/-68.59248658252949/lng/-37.96875;;;;;;;;;;;;;
8;KW_T_423_8_0137L.tif.jpg;illustration;Peltigera polydactyla;Peltigera spec.;Peltigera;spec.;Flowering plants;Cyperaceae;Draadzegge;https://galerij.kb.nl/kb.html#/nl/florabatava06/page/75/zoom/3/lat/-68.59248658252949/lng/-37.96876;;;;;;;;;;;;;
8;KW_T_423_8_0139L.tif.jpg;illustration;Peltigera polydactyla;Peltigera spec.;Peltigera;spec.;Flowering plants;Cyperaceae;Ruige zegge;https://galerij.kb.nl/kb.html#/nl/florabatava06/page/76/zoom/3/lat/-68.59248658252949/lng/-37.96875;;;;;;;;;;;;;
8;KW_T_423_8_0141L.tif.jpg;illustration;Spermoedia clavus;Claviceps purpurea;Claviceps;purpurea;Flowering plants;Cyperaceae;Zwarte zegge;https://galerij.kb.nl/kb.html#/nl/florabatava06/page/77/zoom/3/lat/-68.59248658252949/lng/-37.96875;;;;;;;;;;;;;
8;KW_T_423_8_0143L.tif.jpg;illustration;Ilex aquifolium;Ilex aquifolium;Ilex;aquifolium;Flowering plants;Cyperaceae;Gewone waterbies;https://galerij.kb.nl/kb.html#/nl/florabatava06/page/78/zoom/3/lat/-68.59248658252949/lng/-37.96875;;;;;;;;;;;;;
8;KW_T_423_8_0145L.tif.jpg;illustration;Cardamine sylvatica;Cardamine flexuosa;Cardamine;flexuosa;Flowering plants;Apiaceae;Dolle kervel;https://galerij.kb.nl/kb.html#/nl/florabatava06/page/79/zoom/3/lat/-68.59248658252949/lng/-37.96875;;;;;;;;;;;;;
8;KW_T_423_8_0147L.tif.jpg;illustration;Catharinea undulata;Atrichum undulatum;Atrichum;undulatum;Flowering plants;Viburnaceae;Gewone vlier;https://galerij.kb.nl/kb.html#/nl/florabatava06/page/80/zoom/3/lat/-68.59248658252949/lng/-37.96875;;;;;;;;;;;;;
8;KW_T_423_8_0149L.tif.jpg;illustration;Baeomyces roseus;Baeomyces roseus;Baeomyces;roseus;Flowering plants;Ranunculaceae;Grote waterranonkel;https://galerij.kb.nl/kb.html#/nl/florabatava06/page/81/zoom/3/lat/-68.59248658252949/lng/-37.96875;;;;;;;;;;;;;
8;KW_T_423_8_0151L.tif.jpg;illustration;Myosotis versicolor;Myosotis discolor subsp. discolor;Myosotis;discolor subsp. discolor;Flowering plants;Ranunculaceae;Grote waterranonkel;https://galerij.kb.nl/kb.html#/nl/florabatava06/page/81/zoom/3/lat/-68.59248658252949/lng/-37.96875;;;;;;;;;;;;;
8;KW_T_423_8_0153L.tif.jpg;illustration;Juncus tenageia;Juncus tenageia;Juncus;tenageia;Flowering plants;Plantaginaceae;Beekpunge;https://galerij.kb.nl/kb.html#/nl/florabatava06/page/83/zoom/3/lat/-68.59248658252949/lng/-37.96875;;;;;;;;;;;;;
8;KW_T_423_8_0155L.tif.jpg;illustration;Eriophorum vaginatum;Eriophorum vaginatum;Eriophorum;vaginatum;Flowering plants;Plantaginaceae;Akkerereprijs;https://galerij.kb.nl/kb.html#/nl/florabatava06/page/84/zoom/3/lat/-68.59248658252949/lng/-37.96875;;;;;;;;;;;;;
8;KW_T_423_8_0157L.tif.jpg;illustration;Polytrichum formosum;Polytrichum formosum;Polytrichum;formosum;Flowering plants;Plantaginaceae;Tijmereprijs;https://galerij.kb.nl/kb.html#/nl/florabatava06/page/85/zoom/3/lat/-68.59248658252949/lng/-37.96875;;;;;;;;;;;;;
8;KW_T_423_8_0159L.tif.jpg;illustration;Polytrichum commune;Polytrichum commune;Polytrichum;commune;Flowering plants;Apocynaceae;Kleine maagdenpalm;https://galerij.kb.nl/kb.html#/nl/florabatava06/page/86/zoom/3/lat/-68.59248658252949/lng/-37.96875;;;;;;;;;;;;;
8;KW_T_423_8_0161L.tif.jpg;illustration;Holosteum umbellatum;Holosteum umbellatum;Holosteum;umbellatum;Flowering plants;Brassicaceae;Vroegeling;https://galerij.kb.nl/kb.html#/nl/florabatava06/page/87/zoom/3/lat/-68.59248658252949/lng/-37.96875;;;;;;;;;;;;;
8;KW_T_423_8_0163L.tif.jpg;illustration;Silene otites;Silene otites;Silene;otites;Flowering plants;Poaceae;Trosdravik;https://galerij.kb.nl/kb.html#/nl/florabatava07/page/9/zoom/3/lat/-68.72044056989829/lng/-31.46484375;;;;;;;;;;;;;
8;KW_T_423_8_0165L.tif.jpg;illustration;Carex leptostachys;Carex strigosa;Carex;strigosa;Flowering plants;Ranunculaceae;Grote boterbloem;https://galerij.kb.nl/kb.html#/nl/florabatava07/page/10/zoom/3/lat/-68.72044056989829/lng/-31.46484375;;;;;;;;;;;;;
8;KW_T_423_8_0167L.tif.jpg;illustration;Carex paniculata;Carex cf. paniculata subsp. paniculata;Carex;cf paniculata subsp. Paniculata;Flowering plants;Ranunculaceae;Gulden boterbloem;https://galerij.kb.nl/kb.html#/nl/florabatava07/page/11/zoom/3/lat/-68.72044056989829/lng/-31.46484375;;;;;;;;;;;;;
8;KW_T_423_8_0169L.tif.jpg;illustration;Carex laevigata;Carex spec.;Carex;spec.;Flowering plants;Orchidaceae;Harlekijn;https://galerij.kb.nl/kb.html#/nl/florabatava07/page/12/zoom/3/lat/-68.72044056989829/lng/-31.46484375;;;;;;;;;;;;;
9;KW_T_423_9_0010L.tif.jpg;illustration;Paris quadrifolia;Paris quadrifolia;Paris;quadrifolia;Flowering plants;Poaceae;Kweek;https://galerij.kb.nl/kb.html#/nl/florabatava07/page/13/zoom/3/lat/-68.72044056989829/lng/-31.46484375;;;;;;;;;;;;;
9;KW_T_423_9_0012L.tif.jpg;illustration;Sherardia arvensis;Sherardia arvensis;Sherardia;arvensis;Flowering plants;Oxalidaceae;Stijve klaverzuring;https://galerij.kb.nl/kb.html#/nl/florabatava07/page/14/zoom/3/lat/-68.72044056989829/lng/-31.46484375;;;;;;;;;;;;;
9;KW_T_423_9_0014L.tif.jpg;illustration;Arenaria tenuifolia;Minuartia hybrida;Minuartia;hybrida;Ferns;Dryopteridaceae;Brede stekelvaren;https://galerij.kb.nl/kb.html#/nl/florabatava07/page/15/zoom/3/lat/-68.72044056989829/lng/-31.46484375;;;;;;;;;;;;;
9;KW_T_423_9_0016L.tif.jpg;illustration;Leucoium aestivum;Leucojum aestivum;Leucojum;aestivum;Ferns;Dryopteridaceae;Smalle stekelvaren;https://galerij.kb.nl/kb.html#/nl/florabatava07/page/16/zoom/3/lat/-68.72044056989829/lng/-31.46484375;;;;;;;;;;;;;
9;KW_T_423_9_0018L.tif.jpg;illustration;Pulmonaria officinalis;Pulmonaria officinalis;Pulmonaria;officinalis;Ferns;Blechnaceae;Dubbelloof;https://galerij.kb.nl/kb.html#/nl/florabatava07/page/17/zoom/3/lat/-68.72044056989829/lng/-31.46484375;;;;;;;;;;;;;
9;KW_T_423_9_0020L.tif.jpg;illustration;Veronica montana;Veronica montana;Veronica;montana;Flowering plants;Poaceae;Vroege haver;https://galerij.kb.nl/kb.html#/nl/florabatava07/page/18/zoom/3/lat/-68.72044056989829/lng/-31.46484375;;;;;;;;;;;;;
9;KW_T_423_9_0022L.tif.jpg;illustration;Anchusa officinalis;Anchusa officinalis;Anchusa;officinalis;Flowering plants;Caryophyllaceae;Moerasmuur;https://galerij.kb.nl/kb.html#/nl/florabatava07/page/19/zoom/3/lat/-68.72044056989829/lng/-31.46484375;;;;;;;;;;;;;
9;KW_T_423_9_0024L.tif.jpg;illustration;Pyrola minor;Pyrola minor;Pyrola;minor;Flowering plants;Lamiaceae;Hoenderbeet;https://galerij.kb.nl/kb.html#/nl/florabatava07/page/20/zoom/3/lat/-68.72044056989829/lng/-31.46484375;;;;;;;;;;;;;
9;KW_T_423_9_0026L.tif.jpg;illustration;Geum rivale;Geum rivale;Geum;rivale;Flowering plants;Salicaceae;Amandelwilg;https://galerij.kb.nl/kb.html#/nl/florabatava07/page/21/zoom/3/lat/-68.72044056989829/lng/-31.46484375;;;;;;;;;;;;;
9;KW_T_423_9_0028L.tif.jpg;illustration;Carex ovalis;Carex leporina;Carex;leporina;Fungi;Amanitaceae;Vliegenzwam;https://galerij.kb.nl/kb.html#/nl/florabatava07/page/22/zoom/3/lat/-68.72044056989829/lng/-31.46484375;;;;;;;;;;;;;
9;KW_T_423_9_0030L.tif.jpg;illustration;Schoenus compressus;Blysmus compressus;Blysmus;compressus;Flowering plants;Lentibulariaceae;Klein blaasjeskruid;https://galerij.kb.nl/kb.html#/nl/florabatava07/page/23/zoom/3/lat/-68.72044056989829/lng/-31.46484375;;;;;;;;;;;;;
9;KW_T_423_9_0032L.tif.jpg;illustration;Scutellaria minor;Scutellaria minor;Scutellaria;minor;Flowering plants;Poaceae;Rietgras;https://galerij.kb.nl/kb.html#/nl/florabatava07/page/24/zoom/3/lat/-68.72044056989829/lng/-31.46484375;;;;;;;;;;;;;
9;KW_T_423_9_0034L.tif.jpg;illustration;Serratula tinctoria;Serratula tinctoria;Serratula;tinctoria;Flowering plants;Potamogetonaceae;Doorgroeid fonteinkruid;https://galerij.kb.nl/kb.html#/nl/florabatava07/page/25/zoom/3/lat/-68.72044056989829/lng/-31.46484375;;;;;;;;;;;;;
9;KW_T_423_9_0036L.tif.jpg;illustration;Malaxis paludosa;Hammarbya paludosa;Hammarbya;paludosa;Flowering plants;Apiaceae;Gewone berenklauw;https://galerij.kb.nl/kb.html#/nl/florabatava07/page/26/zoom/3/lat/-68.72044056989829/lng/-31.46484375;;;;;;;;;;;;;
9;KW_T_423_9_0038L.tif.jpg;illustration;Lichen parietinus;Xanthoria parietina;Xanthoria;parietina;Flowering plants;Caryophyllaceae;Rode schijnspurrie;https://galerij.kb.nl/kb.html#/nl/florabatava07/page/27/zoom/3/lat/-68.72044056989829/lng/-31.46484375;;;;;;;;;;;;;
9;KW_T_423_9_0040L.tif.jpg;illustration;Plantago coronopus;Plantago coronopus;Plantago;coronopus;Flowering plants;Gentianaceae;Echt duizendguldenkruid;https://galerij.kb.nl/kb.html#/nl/florabatava07/page/28/zoom/3/lat/-68.72044056989829/lng/-31.46484375;;;;;;;;;;;;;
9;KW_T_423_9_0042L.tif.jpg;illustration;Marrubium vulgare;Marrubium vulgare;Marrubium;vulgare;Flowering plants;Apiaceae;Pijptorkruid;https://galerij.kb.nl/kb.html#/nl/florabatava07/page/29/zoom/3/lat/-68.72044056989829/lng/-31.46484375;;;;;;;;;;;;;
9;KW_T_423_9_0044L.tif.jpg;illustration;Cotula coronopifolia;Cotula coronopifolia;Cotula;coronopifolia;Flowering plants;Apiaceae;Melkeppe;https://galerij.kb.nl/kb.html#/nl/florabatava07/page/30/zoom/3/lat/-68.72044056989829/lng/-31.46484375;;;;;;;;;;;;;
9;KW_T_423_9_0046L.tif.jpg;illustration;Ramalina calicaris;Ramalina spec.;Ramalina;spec.;Flowering plants;Geraniaceae;Slipbladige ooievaarsbek;https://galerij.kb.nl/kb.html#/nl/florabatava07/page/31/zoom/3/lat/-68.72044056989829/lng/-31.46484375;;;;;;;;;;;;;
9;KW_T_423_9_0048L.tif.jpg;illustration;Cantharellus cibarius;Hygrophoropsis aurantiaca;Hygrophoropsis;aurantiaca;Flowering plants;Geraniaceae;Kleine ooievaarsbek;https://galerij.kb.nl/kb.html#/nl/florabatava07/page/32/zoom/3/lat/-68.72044056989829/lng/-31.46484375;;;;;;;;;;;;;
9;KW_T_423_9_0050L.tif.jpg;illustration;Scirpus lacustris;Schoenoplectus lacustris;Schoenoplectus;lacustris;Flowering plants;Linaceae;Geelhartje;https://galerij.kb.nl/kb.html#/nl/florabatava07/page/33/zoom/3/lat/-68.72044056989829/lng/-31.46484375;;;;;;;;;;;;;
9;KW_T_423_9_0052L.tif.jpg;illustration;Potamogeton praelongum;Potamogeton praelongus;Potamogeton;praelongus;Flowering plants;Hypericaceae;Liggend hertshooi;https://galerij.kb.nl/kb.html#/nl/florabatava07/page/34/zoom/3/lat/-68.72044056989829/lng/-31.46484375;;;;;;;;;;;;;
9;KW_T_423_9_0054L.tif.jpg;illustration;Herniaria glabra;Herniaria glabra;Herniaria;glabra;Flowering plants;Lamiaceae;Akkerandoorn;https://galerij.kb.nl/kb.html#/nl/florabatava07/page/35/zoom/3/lat/-68.72044056989829/lng/-31.46484375;;;;;;;;;;;;;
9;KW_T_423_9_0056L.tif.jpg;illustration;Vicia villosa;Vicia villosa;Vicia;villosa;Flowering plants;Asteraceae;Reukeloze kamille;https://galerij.kb.nl/kb.html#/nl/florabatava07/page/36/zoom/3/lat/-68.72044056989829/lng/-31.46484375;;;;;;;;;;;;;
9;KW_T_423_9_0058L.tif.jpg;illustration;Equisetum hyemale;Equisetum hyemale;Equisetum;hyemale;Fungi;Xylariaceae;Geweizwam;https://galerij.kb.nl/kb.html#/nl/florabatava07/page/37/zoom/3/lat/-68.72044056989829/lng/-31.46484375;;;;;;;;;;;;;
9;KW_T_423_9_0060L.tif.jpg;illustration;Viola stagnina;Viola stagnina var. stagnina;Viola;stagnina var. stagnina;Flowering plants;Apiaceae;Knopig doornzaad;https://galerij.kb.nl/kb.html#/nl/florabatava07/page/38/zoom/3/lat/-68.72044056989829/lng/-31.46484375;;;;;;;;;;;;;
9;KW_T_423_9_0062L.tif.jpg;illustration;Fritillaria meleagris;Fritillaria meleagris;Fritillaria;meleagris;Flowering plants;Droseraceae;Ronde zonnedauw;https://galerij.kb.nl/kb.html#/nl/florabatava07/page/39/zoom/3/lat/-68.72044056989829/lng/-31.46484375;;;;;;;;;;;;;
9;KW_T_423_9_0064L.tif.jpg;illustration;Lathyrus sylvestris;Lathyrus sylvestris;Lathyrus;sylvestris;Flowering plants;Droseraceae;Kleine zonnedauw ;https://galerij.kb.nl/kb.html#/nl/florabatava07/page/40/zoom/3/lat/-68.72044056989829/lng/-31.46484375;;;;;;;;;;;;;
9;KW_T_423_9_0066L.tif.jpg;illustration;Polytrichum aloides;Pogonatum aloides;Pogonatum;aloides;Flowering plants;Asteraceae;Hartbladzonnebloem;https://galerij.kb.nl/kb.html#/nl/florabatava07/page/41/zoom/3/lat/-68.72044056989829/lng/-31.46484375;;;;;;;;;;;;;
9;KW_T_423_9_0068L.tif.jpg;illustration;Morchella esculenta;Morchella esculenta;Morchella;esculenta;Flowering plants;Myricaceae;Wilde gagel;https://galerij.kb.nl/kb.html#/nl/florabatava07/page/42/zoom/3/lat/-68.72044056989829/lng/-31.46484375;;;;;;;;;;;;;
9;KW_T_423_9_0070L.tif.jpg;illustration;Galium boreale;Galium boreale;Galium;boreale;Flowering plants;Poaceae;Glad vingergras;https://galerij.kb.nl/kb.html#/nl/florabatava07/page/43/zoom/3/lat/-68.72044056989829/lng/-31.46484375;;;;;;;;;;;;;
9;KW_T_423_9_0072L.tif.jpg;illustration;Geranium lucidum;Geranium lucidum;Geranium;lucidum;Flowering plants;Poaceae;Beemdlangbloem;https://galerij.kb.nl/kb.html#/nl/florabatava07/page/44/zoom/3/lat/-68.72044056989829/lng/-31.46484375;;;;;;;;;;;;;
9;KW_T_423_9_0074L.tif.jpg;illustration;Achillea nobilis;Achillea nobilis;Achillea;nobilis;Flowering plants;Rubiaceae;Liggend walstro;https://galerij.kb.nl/kb.html#/nl/florabatava07/page/45/zoom/3/lat/-68.72044056989829/lng/-31.46484375;;;;;;;;;;;;;
9;KW_T_423_9_0076L.tif.jpg;illustration;Grimmia pulvinata;Grimmia pulvinata;Grimmia;pulvinata;Flowering plants;Geraniaceae;Zachte ooievaarsbek;https://galerij.kb.nl/kb.html#/nl/florabatava07/page/46/zoom/3/lat/-68.72044056989829/lng/-31.46484375;;;;;;;;;;;;;
9;KW_T_423_9_0078L.tif.jpg;illustration;Grimmia apocarpa;Schistidium spec. [S. apocarpum s.str. en/of S. crassipilum];Schistidium;;Ferns;Equisetaceae;Bonte paardenstaart;https://galerij.kb.nl/kb.html#/nl/florabatava07/page/47/zoom/3/lat/-68.72044056989829/lng/-31.46484375;;;;;;;;;;;;;
9;KW_T_423_9_0080L.tif.jpg;illustration;Schoenus mariscus;Cladium mariscus;Cladium;mariscus;Flowering plants;Cyperaceae;Driekantige bies;https://galerij.kb.nl/kb.html#/nl/florabatava07/page/49/zoom/3/lat/-68.72044056989829/lng/-31.46484375;;;;;;;;;;;;;
9;KW_T_423_9_0082L.tif.jpg;illustration;Delphinium consolida;Consolida regalis;Consolida;regalis;Flowering plants;Amaranthaceae;Spiesmelde;https://galerij.kb.nl/kb.html#/nl/florabatava07/page/50/zoom/3/lat/-68.72044056989829/lng/-31.46484375;;;;;;;;;;;;;
9;KW_T_423_9_0084L.tif.jpg;illustration;Carex teretiuscula;Carex diandra;Carex;diandra;Flowering plants;Fabaceae;Kruipbrem;https://galerij.kb.nl/kb.html#/nl/florabatava07/page/51/zoom/3/lat/-68.72044056989829/lng/-31.46484375;;;;;;;;;;;;;
9;KW_T_423_9_0086L.tif.jpg;illustration;Climacium dendroides;Climacium dendroides;Climacium;dendroides;Flowering plants;Potamogetonaceae;Zittende zannichellia;https://galerij.kb.nl/kb.html#/nl/florabatava07/page/52/zoom/3/lat/-68.72044056989829/lng/-31.46484375;;;;;;;;;;;;;
9;KW_T_423_9_0086L.tif.jpg;illustration;Polytrichum urnigerum;Pogonatum urnigerum;Pogonatum;urnigerum;Flowering plants;Poaceae;Borstelgras;https://galerij.kb.nl/kb.html#/nl/florabatava07/page/53/zoom/3/lat/-68.72044056989829/lng/-31.46484375;;;;;;;;;;;;;
9;KW_T_423_9_0088L.tif.jpg;illustration;Fontinalis Antipyretica;Fontinalis antipyretica;Fontinalis;antipyretica;Flowering plants;Apiaceae;Ondergedoken moerasscherm;https://galerij.kb.nl/kb.html#/nl/florabatava07/page/54/zoom/3/lat/-68.72044056989829/lng/-31.46484375;;;;;;;;;;;;;
9;KW_T_423_9_0090L.tif.jpg;illustration;Lithospermum arvense;Lithospermum arvense;Lithospermum;arvense;Flowering plants;Acoraceae;Kalmoes;https://galerij.kb.nl/kb.html#/nl/florabatava07/page/55/zoom/3/lat/-68.72044056989829/lng/-31.46484375;;;;;;;;;;;;;
9;KW_T_423_9_0092L.tif.jpg;illustration;Phyteuma spicatum;Phyteuma spicatum;Phyteuma;spicatum;Flowering plants;Orchidaceae;Grote muggenorchis;https://galerij.kb.nl/kb.html#/nl/florabatava07/page/56/zoom/3/lat/-68.72044056989829/lng/-31.46484375;;;;;;;;;;;;;
9;KW_T_423_9_0094L.tif.jpg;illustration;Lepidium campestre;Lepidium campestre;Lepidium;campestre;Ferns;Lycopodiaceae;Grote wolfsklauw;https://galerij.kb.nl/kb.html#/nl/florabatava07/page/57/zoom/3/lat/-68.72044056989829/lng/-31.46484375;;;;;;;;;;;;;
9;KW_T_423_9_0096L.tif.jpg;illustration;Fissidens bryoïdes;Fissidens bryoides;Fissidens;bryoides;Flowering plants;Poaceae;Kamgras;https://galerij.kb.nl/kb.html#/nl/florabatava07/page/58/zoom/3/lat/-68.72044056989829/lng/-31.46484375;;;;;;;;;;;;;
9;KW_T_423_9_0096L.tif.jpg;illustration;Fissidens adiantoïdes;Fissidens adianthoides;Fissidens;adianthoides;Flowering plants;Polygonaceae;Krulzuring;https://galerij.kb.nl/kb.html#/nl/florabatava07/page/59/zoom/3/lat/-68.72044056989829/lng/-31.46484375;;;;;;;;;;;;;
9;KW_T_423_9_0096L.tif.jpg;illustration;Fissidens taxifolius;Fissidens taxifolius;Fissidens;taxifolius;Flowering plants;Polygonaceae;Ridderzuring;https://galerij.kb.nl/kb.html#/nl/florabatava07/page/60/zoom/3/lat/-68.72044056989829/lng/-31.46484375;;;;;;;;;;;;;
9;KW_T_423_9_0098L.tif.jpg;illustration;Cystoseira siliquosa;Halidrys siliquosa;Halidrys;siliquosa;Flowering plants;Haloragaceae;Teer vederkruid;https://galerij.kb.nl/kb.html#/nl/florabatava07/page/62/zoom/3/lat/-68.72044056989829/lng/-31.46484375;;;;;;;;;;;;;
9;KW_T_423_9_0100L.tif.jpg;illustration;Exacum filiforme;Cicendia filiformis;Cicendia;filiformis;Flowering plants;Poaceae;Gladde witbol;https://galerij.kb.nl/kb.html#/nl/florabatava07/page/63/zoom/3/lat/-68.72044056989829/lng/-31.46484375;;;;;;;;;;;;;
9;KW_T_423_9_0102L.tif.jpg;illustration;Mentha pulegium;Mentha pulegium;Mentha;pulegium;Flowering plants;Poaceae;Gestreepte witbol;https://galerij.kb.nl/kb.html#/nl/florabatava07/page/64/zoom/3/lat/-68.72044056989829/lng/-31.46484375;;;;;;;;;;;;;
9;KW_T_423_9_0104L.tif.jpg;illustration;Carex arenaria;Carex arenaria;Carex;arenaria;Flowering plants;Gentianaceae;Fraai duizend-guldenkruid;https://galerij.kb.nl/kb.html#/nl/florabatava07/page/65/zoom/3/lat/-68.72044056989829/lng/-31.46484375;;;;;;;;;;;;;
9;KW_T_423_9_0106L.tif.jpg;illustration;Parietaria officinalis;Parietaria officinalis;Parietaria;officinalis;Flowering plants;Nymphaeaceae;Witte waterlelie;https://galerij.kb.nl/kb.html#/nl/florabatava07/page/66/zoom/3/lat/-68.72044056989829/lng/-31.46484375;;;;;;;;;;;;;
9;KW_T_423_9_0108L.tif.jpg;illustration;Cetraria aculeata;Cetraria aculeata;Cetraria;aculeata;Flowering plants;Asteraceae;Boskruiskruid;https://galerij.kb.nl/kb.html#/nl/florabatava07/page/67/zoom/3/lat/-68.72044056989829/lng/-31.46484375;;;;;;;;;;;;;
9;KW_T_423_9_0108L.tif.jpg;illustration;Parmelia acetabulum;Parmelia acetabulum;Parmelia;acetabulum;Flowering plants;Poaceae;Dunstaart;https://galerij.kb.nl/kb.html#/nl/florabatava07/page/68/zoom/3/lat/-68.72044056989829/lng/-31.46484375;;;;;;;;;;;;;
9;KW_T_423_9_0110L.tif.jpg;illustration;Gagea arvensis;Gagea villosa;Gagea;villosa;Flowering plants;Hypericaceae;Sint-Janskruid;https://galerij.kb.nl/kb.html#/nl/florabatava07/page/69/zoom/3/lat/-68.72044056989829/lng/-31.46484375;;;;;;;;;;;;;
9;KW_T_423_9_0112L.tif.jpg;illustration;Gagea lutea;Gagea lutea;Gagea;lutea;Flowering plants;Asteraceae;Gekroesde melkdistel;https://galerij.kb.nl/kb.html#/nl/florabatava07/page/70/zoom/3/lat/-68.72044056989829/lng/-31.46484375;;;;;;;;;;;;;
9;KW_T_423_9_0114L.tif.jpg;illustration;Hieracium paludosum;Crepis paludosa;Crepis;paludosa;Flowering plants;Cyperaceae;Vlozegge;https://galerij.kb.nl/kb.html#/nl/florabatava07/page/71/zoom/3/lat/-68.72044056989829/lng/-31.46484375;;;;;;;;;;;;;
9;KW_T_423_9_0116L.tif.jpg;illustration;Carex vesicaria;Carex vesicaria;Carex;vesicaria;Ferns;Thelypteridaceae;Smalle beukvaren;https://galerij.kb.nl/kb.html#/nl/florabatava07/page/72/zoom/3/lat/-68.72044056989829/lng/-31.46484375;;;;;;;;;;;;;
9;KW_T_423_9_0118L.tif.jpg;illustration;Neckera heteromalla;Cryphaea heteromalla;Cryphaea;heteromalla;Flowering plants;Poaceae;Duist;https://galerij.kb.nl/kb.html#/nl/florabatava07/page/73/zoom/3/lat/-68.72044056989829/lng/-31.46484375;;;;;;;;;;;;;
9;KW_T_423_9_0120L.tif.jpg;illustration;Galium uliginosum;Galium uliginosum;Galium;uliginosum;Flowering plants;Potamogetonaceae;Plat fonteinkruid;https://galerij.kb.nl/kb.html#/nl/florabatava07/page/74/zoom/3/lat/-68.72044056989829/lng/-31.46484375;;;;;;;;;;;;;
9;KW_T_423_9_0122L.tif.jpg;illustration;Juncus tenuis;Juncus tenuis;Juncus;tenuis;Flowering plants;Caryophyllaceae;Tengere Zandmuur? ;https://galerij.kb.nl/kb.html#/nl/florabatava07/page/75/zoom/3/lat/-68.72044056989829/lng/-31.46484375;;;;;;;;;;;;;
9;KW_T_423_9_0124L.tif.jpg;illustration;Thymus acinos;Clinopodium acinos;Clinopodium;acinos;Flowering plants;Caryophyllaceae;Zandhoornbloem;https://galerij.kb.nl/kb.html#/nl/florabatava07/page/76/zoom/3/lat/-68.72044056989829/lng/-31.46484375;;;;;;;;;;;;;
9;KW_T_423_9_0126L.tif.jpg;illustration;Lamium maculatum;Lamium maculatum;Lamium;maculatum;Flowering plants;Typhaceae;Kleinste egelskop;https://galerij.kb.nl/kb.html#/nl/florabatava07/page/77/zoom/3/lat/-68.72044056989829/lng/-31.46484375;;;;;;;;;;;;;
9;KW_T_423_9_0128L.tif.jpg;illustration;Polytrichum nanum;Pogonatum nanum;Pogonatum;nanum;Flowering plants;Plantaginaceae;Veldereprijs;https://galerij.kb.nl/kb.html#/nl/florabatava07/page/78/zoom/3/lat/-68.72044056989829/lng/-31.46484375;;;;;;;;;;;;;
9;KW_T_423_9_0130L.tif.jpg;illustration;Rumex glomeratus;Rumex conglomeratus;Rumex;conglomeratus;Flowering plants;Rosaceae;Kale vrouwenmantel;https://galerij.kb.nl/kb.html#/nl/florabatava07/page/79/zoom/3/lat/-68.72044056989829/lng/-31.46484375;;;;;;;;;;;;;
9;KW_T_423_9_0132L.tif.jpg;illustration;Euphorbia cyparissias;Euphorbia cyparissias;Euphorbia;cyparissias;Flowering plants;Rosaceae;Grote leeuwenklauw?;https://galerij.kb.nl/kb.html#/nl/florabatava07/page/80/zoom/3/lat/-68.72044056989829/lng/-31.46484375;;;;;;;;;;;;;
9;KW_T_423_9_0134L.tif.jpg;illustration;Euphorbia esula;Euphorbia esula;Euphorbia;esula;Flowering plants;Grossulariaceae;Aalbes;https://galerij.kb.nl/kb.html#/nl/florabatava07/page/81/zoom/3/lat/-68.72044056989829/lng/-31.46484375;;;;;;;;;;;;;
9;KW_T_423_9_0136L.tif.jpg;illustration;Euphorbia gerardiana;Euphorbia seguieriana;Euphorbia;seguieriana;Flowering plants;Cyperaceae;Tweerijige zegge;https://galerij.kb.nl/kb.html#/nl/florabatava07/page/82/zoom/3/lat/-68.72044056989829/lng/-31.46484375;;;;;;;;;;;;;
9;KW_T_423_9_0138L.tif.jpg;illustration;Bryum ligulatum;Plagiomnium undulatum;Plagiomnium;undulatum;Flowering plants;Euphorbiaceae;Kleine wolfsmelk;https://galerij.kb.nl/kb.html#/nl/florabatava07/page/84/zoom/3/lat/-68.72044056989829/lng/-31.46484375;;;;;;;;;;;;;
9;KW_T_423_9_0138L.tif.jpg;illustration;Bryum hornum;Mnium hornum;Mnium;hornum;Flowering plants;Fabaceae;Bochtige klaver;https://galerij.kb.nl/kb.html#/nl/florabatava07/page/85/zoom/3/lat/-68.72044056989829/lng/-31.46484375;;;;;;;;;;;;;
9;KW_T_423_9_0138L.tif.jpg;illustration;Bryum cuspidatum;Plagiomnium cuspidatum;Plagiomnium;cuspidatum;Flowering plants;Fabaceae;Liggende klaver;https://galerij.kb.nl/kb.html#/nl/florabatava07/page/86/zoom/3/lat/-68.6885206018014/lng/-31.552734374999996;;;;;;;;;;;;;
9;KW_T_423_9_0140L.tif.jpg;illustration;Selinum carvifolia;Dichoropetalum carvifolia;Dichoropetalum;carvifolia;Flowering plants;Hydrocharitaceae;Kikkerbeet;https://galerij.kb.nl/kb.html#/nl/florabatava07/page/87/zoom/3/lat/-68.72044056989829/lng/-31.46484375;;;;;;;;;;;;;
9;KW_T_423_9_0142L.tif.jpg;illustration;Reseda lutea;Reseda lutea;Reseda;lutea;Flowering plants;Poaceae;Oot;https://galerij.kb.nl/kb.html#/nl/florabatava08/page/9/zoom/3/lat/-66.93006025862445/lng/-28.828124999999996;;;;;;;;;;;;;
9;KW_T_423_9_0144L.tif.jpg;illustration;Medicago minima;Medicago minima;Medicago;minima;Flowering plants;Potamogetonaceae;Paarbladig fonteinkruid;https://galerij.kb.nl/kb.html#/nl/florabatava08/page/10/zoom/3/lat/-66.93006025862445/lng/-28.828124999999996;;;;;;;;;;;;;
9;KW_T_423_9_0146L.tif.jpg;illustration;Empetrum nigrum;Empetrum nigrum;Empetrum;nigrum;Flowering plants;Crassulaceae;Tripmadam;https://galerij.kb.nl/kb.html#/nl/florabatava08/page/11/zoom/3/lat/-66.93006025862445/lng/-28.828124999999996;;;;;;;;;;;;;
9;KW_T_423_9_0148L.tif.jpg;illustration;Parmelia ciliaris;Anaptychia ciliaris;Anaptychia;ciliaris;Flowering plants;Asteraceae;Moerasmelkdistel;https://galerij.kb.nl/kb.html#/nl/florabatava08/page/12/zoom/3/lat/-66.93006025862445/lng/-28.828124999999996;;;;;;;;;;;;;
9;KW_T_423_9_0150L.tif.jpg;illustration;Eranthis hyemalis;Eranthis hyemalis;Eranthis;hyemalis;Flowering plants;Asteraceae;Valse kamille;https://galerij.kb.nl/kb.html#/nl/florabatava08/page/13/zoom/3/lat/-66.93006025862445/lng/-28.828124999999996;;;;;;;;;;;;;
9;KW_T_423_9_0152L.tif.jpg;illustration;Linaria elatine;Kickxia elatine;Kickxia;elatine;Flowering plants;Apiaceae;Kleine watereppe;https://galerij.kb.nl/kb.html#/nl/florabatava08/page/15/zoom/3/lat/-66.93006025862445/lng/-28.828124999999996;;;;;;;;;;;;;
9;KW_T_423_9_0154L.tif.jpg;illustration;Linaria spuria;Kickxia spuria;Kickxia;spuria;Flowering plants;Polygonaceae;Moeraszuring;https://galerij.kb.nl/kb.html#/nl/florabatava08/page/16/zoom/3/lat/-66.93006025862445/lng/-28.828124999999996;;;;;;;;;;;;;
9;KW_T_423_9_0156L.tif.jpg;illustration;Turritis glabra;Turritis glabra;Turritis;glabra;Flowering plants;Polygonaceae;Zwaluwtong;https://galerij.kb.nl/kb.html#/nl/florabatava08/page/17/zoom/3/lat/-66.93006025862445/lng/-28.828124999999996;;;;;;;;;;;;;
9;KW_T_423_9_0158L.tif.jpg;illustration;Lycoperdon gemmatum;Calvatia excipuliforme;Calvatia;excipuliforme;Flowering plants;Lamiaceae;Bleekgele hennepnetel;https://galerij.kb.nl/kb.html#/nl/florabatava08/page/18/zoom/3/lat/-66.93006025862445/lng/-28.828124999999996;;;;;;;;;;;;;
9;KW_T_423_9_0158L.tif.jpg;illustration;Lycoperdon caelatum;Calvatia utriformis;Calvatia;utriformis;Flowering plants;Poaceae;Plat beemdgras;https://galerij.kb.nl/kb.html#/nl/florabatava08/page/19/zoom/3/lat/-66.93006025862445/lng/-28.828124999999996;;;;;;;;;;;;;
9;KW_T_423_9_0160L.tif.jpg;illustration;Allium oleraceum;Allium oleraceum;Allium;oleraceum;Flowering plants;Potamogetonaceae;Gekroesd fonteinkruid;https://galerij.kb.nl/kb.html#/nl/florabatava08/page/20/zoom/3/lat/-66.93006025862445/lng/-28.828124999999996;;;;;;;;;;;;;
9;KW_T_423_9_0162L.tif.jpg;illustration;Sedum sexangulare;Sedum sexangulare;Sedum;sexangulare;Flowering plants;Rosaceae;Bosaardbei;https://galerij.kb.nl/kb.html#/nl/florabatava08/page/21/zoom/3/lat/-66.93006025862445/lng/-28.828124999999996;;;;;;;;;;;;;
9;KW_T_423_9_0164L.tif.jpg;illustration;Stenactis annua;Erigeron annuus;Erigeron;annuus;Flowering plants;Asteraceae;Korensla;https://galerij.kb.nl/kb.html#/nl/florabatava08/page/22/zoom/3/lat/-66.93006025862445/lng/-28.828124999999996;;;;;;;;;;;;;
9;KW_T_423_9_0166L.tif.jpg;illustration;Amarantus blitum;Amaranthus blitum;Amaranthus;blitum;Ferns;Osmundaceae;Koningsvaren;https://galerij.kb.nl/kb.html#/nl/florabatava08/page/23/zoom/3/lat/-66.93006025862445/lng/-28.828124999999996;;;;;;;;;;;;;
9;KW_T_423_9_0168L.tif.jpg;illustration;Scleroderma vulgare;Scleroderma citrinum;Scleroderma;citrinum;Flowering plants;Cyperaceae;Witte snavelbies;https://galerij.kb.nl/kb.html#/nl/florabatava08/page/24/zoom/3/lat/-66.93006025862445/lng/-28.828124999999996;;;;;;;;;;;;;
9;KW_T_423_9_0168L.tif.jpg;illustration;Lycoperdon Bovista;Calvatia gigantea;Calvatia;gigantea;Flowering plants;Poaceae;Fijn schapengras;https://galerij.kb.nl/kb.html#/nl/florabatava08/page/25/zoom/3/lat/-66.93006025862445/lng/-28.828124999999996;;;;;;;;;;;;;
10;KW_T_423_10_0011L.tif.jpg;illustration;Molinia coerulea;Molinia caerulea;Molinia;caerulea;Flowering plants;Caryophyllaceae;Steenanjer;https://galerij.kb.nl/kb.html#/nl/florabatava08/page/26/zoom/3/lat/-66.93006025862445/lng/-28.828124999999996;;;;;;;;;;;;;
10;KW_T_423_10_0013L.tif.jpg;illustration;Silene noctiflora;Silene noctiflora;Silene;noctiflora;Flowering plants;Brassicaceae;Moeraskers;https://galerij.kb.nl/kb.html#/nl/florabatava08/page/28/zoom/3/lat/-66.93006025862445/lng/-28.828124999999996;;;;;;;;;;;;;
10;KW_T_423_10_0015L.tif.jpg;illustration;Aspidium spinulosum;Dryopteris spec.;Dryopteris;spec.;Flowering plants;Cyperaceae;Vlottende bies;https://galerij.kb.nl/kb.html#/nl/florabatava08/page/29/zoom/3/lat/-66.93006025862445/lng/-28.828124999999996;;;;;;;;;;;;;
10;KW_T_423_10_0017L.tif.jpg;illustration;Hypnum undulatum;Plagiothecium undulatum;Plagiothecium;undulatum;Flowering plants;Convolvulaceae;Vlaswarkruid;https://galerij.kb.nl/kb.html#/nl/florabatava08/page/30/zoom/3/lat/-66.93006025862445/lng/-28.828124999999996;;;;;;;;;;;;;
10;KW_T_423_10_0017L.tif.jpg;illustration;Hypnum rutabulum;Brachythecium rutabulum;Brachythecium;rutabulum;Flowering plants;Convolvulaceae;Klein warkruid;https://galerij.kb.nl/kb.html#/nl/florabatava08/page/31/zoom/3/lat/-66.93006025862445/lng/-28.828124999999996;;;;;;;;;;;;;
10;KW_T_423_10_0017L.tif.jpg;illustration;Ophioglossum vulgatum;Ophioglossum vulgatum;Ophioglossum;vulgatum;Flowering plants;Juncaceae;Paddenrus;https://galerij.kb.nl/kb.html#/nl/florabatava08/page/32/zoom/3/lat/-66.93006025862445/lng/-28.828124999999996;;;;;;;;;;;;;
10;KW_T_423_10_0017L.tif.jpg;illustration;Hypnum splendens;Hypnum splendens;Hypnum;splendens;Flowering plants;Asteraceae;Absintalsem;https://galerij.kb.nl/kb.html#/nl/florabatava08/page/33/zoom/3/lat/-66.93006025862445/lng/-28.828124999999996;;;;;;;;;;;;;
10;KW_T_423_10_0020L.tif.jpg;illustration;Agaricus procerus;Macrolepiota procera;Macrolepiota;procera;Flowering plants;Lentibulariaceae;Vetblad;https://galerij.kb.nl/kb.html#/nl/florabatava08/page/34/zoom/3/lat/-66.93006025862445/lng/-28.828124999999996;;;;;;;;;;;;;
10;KW_T_423_10_0020L.tif.jpg;illustration;Agaricus salignus;Pleurotus ostreatus;Pleurotus;ostreatus;Flowering plants;Poaceae;Helm;https://galerij.kb.nl/kb.html#/nl/florabatava08/page/35/zoom/3/lat/-66.93006025862445/lng/-28.828124999999996;;;;;;;;;;;;;
10;KW_T_423_10_0020L.tif.jpg;illustration;Agaricus excoriatus;Macrolepiota mastoidea;Macrolepiota;mastoidea;Flowering plants;Araliaceae;Klimop;https://galerij.kb.nl/kb.html#/nl/florabatava08/page/36/zoom/3/lat/-66.93006025862445/lng/-28.828124999999996;;;;;;;;;;;;;
10;KW_T_423_10_0022L.tif.jpg;illustration;Primula Elatior;Primula elatior;Primula;elatior;Flowering plants;Asteraceae;Rozenkransje;https://galerij.kb.nl/kb.html#/nl/florabatava08/page/37/zoom/3/lat/-66.93006025862445/lng/-28.828124999999996;;;;;;;;;;;;;
10;KW_T_423_10_0024L.tif.jpg;illustration;Ribes uva crispa;Ribes uva-crispa;Ribes;uva-crispa;Fungi;Agaricaceae;Geschubde inktzwam;https://galerij.kb.nl/kb.html#/nl/florabatava08/page/38/zoom/3/lat/-66.93006025862445/lng/-28.828124999999996;;;;;;;;;;;;;
10;KW_T_423_10_0026L.tif.jpg;illustration;Doronicum scorpioïdes;Doronicum plantagineum;Doronicum;plantagineum;Flowering plants;Plantaginaceae;Stomphoekig sterrenkroos;https://galerij.kb.nl/kb.html#/nl/florabatava08/page/39/zoom/3/lat/-66.93006025862445/lng/-28.828124999999996;;;;;;;;;;;;;
10;KW_T_423_10_0028L.tif.jpg;illustration;Lycopodium complanatum;Diphasiastrum tristachyum;Diphasiastrum;tristachyum;Flowering plants;Poaceae;Zachte dravik;https://galerij.kb.nl/kb.html#/nl/florabatava08/page/40/zoom/3/lat/-66.93006025862445/lng/-28.828124999999996;;;;;;;;;;;;;
10;KW_T_423_10_0030L.tif.jpg;illustration;Polyporus squammosus;Polyporus squamosus;Polyporus;squamosus;Flowering plants;Poaceae;Watergras;https://galerij.kb.nl/kb.html#/nl/florabatava08/page/41/zoom/3/lat/-66.93006025862445/lng/-28.828124999999996;;;;;;;;;;;;;
10;KW_T_423_10_0032L.tif.jpg;illustration;Cochlearia danica;Cochlearia danica;Cochlearia;danica;Flowering plants;Papaveraceae;Bleke klaproos;https://galerij.kb.nl/kb.html#/nl/florabatava08/page/42/zoom/3/lat/-66.93006025862445/lng/-28.828124999999996;;;;;;;;;;;;;
10;KW_T_423_10_0034L.tif.jpg;illustration;Nasturtium officinale;Nasturtium microphyllum;Nasturtium;microphyllum;Flowering plants;Lamiaceae;Kleine tijm;https://galerij.kb.nl/kb.html#/nl/florabatava08/page/43/zoom/3/lat/-66.93006025862445/lng/-28.828124999999996;;;;;;;;;;;;;
10;KW_T_423_10_0036L.tif.jpg;illustration;Trifolium striatum;Trifolium striatum;Trifolium;striatum;Flowering plants;Caryophyllaceae;Riempjes;https://galerij.kb.nl/kb.html#/nl/florabatava08/page/44/zoom/3/lat/-66.93006025862445/lng/-28.828124999999996;;;;;;;;;;;;;
10;KW_T_423_10_0038L.tif.jpg;illustration;Mnium androgynum;Aulacomnium androgynum;Aulacomnium;androgynum;Flowering plants;Ericaceae;Struikhei;https://galerij.kb.nl/kb.html#/nl/florabatava08/page/45/zoom/3/lat/-66.93006025862445/lng/-28.828124999999996;;;;;;;;;;;;;
10;KW_T_423_10_0038L.tif.jpg;illustration;Marchantia polymorpha;Marchantia polymorpha;Marchantia;polymorpha;Flowering plants;Polygonaceae;Franse boekweit;https://galerij.kb.nl/kb.html#/nl/florabatava08/page/46/zoom/3/lat/-66.93006025862445/lng/-28.828124999999996;;;;;;;;;;;;;
10;KW_T_423_10_0040L.tif.jpg;illustration;Agaricus campestris;Agaricus campestris;Agaricus;campestris;Flowering plants;Orobanchaceae;Hengel;https://galerij.kb.nl/kb.html#/nl/florabatava08/page/47/zoom/3/lat/-66.93006025862445/lng/-28.828124999999996;;;;;;;;;;;;;
10;KW_T_423_10_0042L.tif.jpg;illustration;Scirpus rothii;Schoenoplectus pungens;Schoenoplectus;pungens;Flowering plants;Asteraceae;Glad biggenkruid;https://galerij.kb.nl/kb.html#/nl/florabatava08/page/48/zoom/3/lat/-66.93006025862445/lng/-28.828124999999996;;;;;;;;;;;;;
10;KW_T_423_10_0044L.tif.jpg;illustration;Campanula persicifolia;Campanula persicifolia;Campanula;persicifolia;Flowering plants;Poaceae;Mannagras;https://galerij.kb.nl/kb.html#/nl/florabatava08/page/49/zoom/3/lat/-66.93006025862445/lng/-28.828124999999996;;;;;;;;;;;;;
10;KW_T_423_10_0046L.tif.jpg;illustration;Agaricus phalloïdes;Amanita citrina;Amanita;citrina;Flowering plants;Plantaginaceae;Slijkgroen;https://galerij.kb.nl/kb.html#/nl/florabatava08/page/51/zoom/3/lat/-66.93006025862445/lng/-28.828124999999996;;;;;;;;;;;;;
10;KW_T_423_10_0048L.tif.jpg;illustration;Boletus edulis;Boletus edulis;Boletus;edulis;Mosses;Funariaceae;Gewoon knikkertjesmos ;https://galerij.kb.nl/kb.html#/nl/florabatava08/page/52/zoom/3/lat/-66.93006025862445/lng/-28.828124999999996;;;;;;;;;;;;;
10;KW_T_423_10_0050L.tif.jpg;illustration;Boletus scaber;Leccinum scabrum s.l.;Leccinum;scabrum s.l.;Algae;Gigartinaceae;Iers mos;https://galerij.kb.nl/kb.html#/nl/florabatava08/page/53/zoom/3/lat/-66.93006025862445/lng/-28.828124999999996;;;;;;;;;;;;;
10;KW_T_423_10_0050L.tif.jpg;illustration;Boletus felleus;Tylopilus felleus;Tylopilus;felleus;Algae;Laminariaceae;Suikerwier;https://galerij.kb.nl/kb.html#/nl/florabatava08/page/54/zoom/3/lat/-66.93006025862445/lng/-28.828124999999996;;;;;;;;;;;;;
10;KW_T_423_10_0052L.tif.jpg;illustration;Leersia oryzoïdes;Leersia oryzoides;Leersia;oryzoides;Flowering plants;Poaceae;Kweek;https://galerij.kb.nl/kb.html#/nl/florabatava08/page/55/zoom/3/lat/-66.89559561140706/lng/-28.916015625;;;;;;;;;;;;;
10;KW_T_423_10_0054L.tif.jpg;illustration;Saponaria officinalis;Saponaria officinalis;Saponaria;officinalis;Flowering plants;Asteraceae;Moerasandijvie;https://galerij.kb.nl/kb.html#/nl/florabatava08/page/56/zoom/3/lat/-66.89559561140706/lng/-28.916015625;;;;;;;;;;;;;
10;KW_T_423_10_0056L.tif.jpg;illustration;Agaricus floccosus;Pholiota squarrosa;Pholiota;squarrosa;Flowering plants;Lamiaceae;Watermunt;https://galerij.kb.nl/kb.html#/nl/florabatava08/page/57/zoom/3/lat/-66.93006025862445/lng/-28.828124999999996;;;;;;;;;;;;;
10;KW_T_423_10_0058L.tif.jpg;illustration;Polyporus igniarius;Phellinus populicola;Phellinus;populicola;Flowering plants;Alismataceae;Pijlkruid;https://galerij.kb.nl/kb.html#/nl/florabatava08/page/58/zoom/3/lat/-66.89559561140706/lng/-28.916015625;;;;;;;;;;;;;
10;KW_T_423_10_0060L.tif.jpg;illustration;Polyporus ribis;Phylloporia ribis;Phylloporia;ribis;Flowering plants;Poaceae;Slijkgras;https://galerij.kb.nl/kb.html#/nl/florabatava08/page/59/zoom/3/lat/-66.93006025862445/lng/-28.828124999999996;;;;;;;;;;;;;
10;KW_T_423_10_0062L.tif.jpg;illustration;Asperula odorata;Galium odoratum;Galium;odoratum;Flowering plants;Plumbaginaceae;Lamsoor;https://galerij.kb.nl/kb.html#/nl/florabatava08/page/60/zoom/3/lat/-66.93006025862445/lng/-28.828124999999996;;;;;;;;;;;;;
10;KW_T_423_10_0064L.tif.jpg;illustration;Chrysosplenium oppositifolium;Chrysosplenium oppositifolium;Chrysosplenium;oppositifolium;Algae;Fucaceae;Knotswier;https://galerij.kb.nl/kb.html#/nl/florabatava08/page/61/zoom/3/lat/-66.93006025862445/lng/-28.828124999999996;;;;;;;;;;;;;
10;KW_T_423_10_0066L.tif.jpg;illustration;Potentilla argentea;Potentilla argentea;Potentilla;argentea;Algae;Fucaceae;Kleine zee-eik;https://galerij.kb.nl/kb.html#/nl/florabatava08/page/62/zoom/3/lat/-66.93006025862445/lng/-28.828124999999996;;;;;;;;;;;;;
10;KW_T_423_10_0068L.tif.jpg;illustration;Cantharellus aurantiacus;Hygrophoropsis aurantiaca;Hygrophoropsis;aurantiaca;Flowering plants;Ranunculaceae;Behaarde boterbloem;https://galerij.kb.nl/kb.html#/nl/florabatava08/page/63/zoom/3/lat/-66.93006025862445/lng/-28.828124999999996;;;;;;;;;;;;;
10;KW_T_423_10_0070L.tif.jpg;illustration;Geaster mammosus;Geastrum triplex;Geastrum;triplex;Flowering plants;Rosaceae;Kruipganzerik;https://galerij.kb.nl/kb.html#/nl/florabatava08/page/64/zoom/3/lat/-66.93006025862445/lng/-28.828124999999996;;;;;;;;;;;;;
10;KW_T_423_10_0070L.tif.jpg;illustration;Tulostoma mammosum;Tulostoma brumale;Tulostoma;brumale;Algae;Chlorophyceae;Zeesla;https://galerij.kb.nl/kb.html#/nl/florabatava08/page/65/zoom/3/lat/-66.93006025862445/lng/-28.828124999999996;;;;;;;;;;;;;
10;KW_T_423_10_0070L.tif.jpg;illustration;Thelephora terrestris;Thelephora terrestris;Thelephora;terrestris;Algae;Bangiaceae;Purperwier;https://galerij.kb.nl/kb.html#/nl/florabatava08/page/66/zoom/3/lat/-66.93006025862445/lng/-28.828124999999996;;;;;;;;;;;;;
10;KW_T_423_10_0072L.tif.jpg;illustration;Luzula maxima;Luzula sylvatica;Luzula;sylvatica;Mosses;Orthotrichaceae;Broeskroesmos;https://galerij.kb.nl/kb.html#/nl/florabatava08/page/67/zoom/3/lat/-66.93006025862445/lng/-28.828124999999996;;;;;;;;;;;;;
10;KW_T_423_10_0074L.tif.jpg;illustration;Lychnis dioica;Silene dioica;Silene;dioica;Flowering plants;Plantaginaceae;Genadekruid;https://galerij.kb.nl/kb.html#/nl/florabatava08/page/68/zoom/3/lat/-66.93006025862445/lng/-28.828124999999996;;;;;;;;;;;;;
10;KW_T_423_10_0076L.tif.jpg;illustration;Medicago maculata;Medicago arabica;Medicago;arabica;Flowering plants;Polygonaceae;Boekweit;https://galerij.kb.nl/kb.html#/nl/florabatava08/page/69/zoom/3/lat/-66.93006025862445/lng/-28.828124999999996;;;;;;;;;;;;;
10;KW_T_423_10_0077L.tif.jpg;illustration;Medicago maculata;Medicago arabica;Medicago;arabica;Flowering plants;Asparagaceae;Vroege sterhyacint;https://galerij.kb.nl/kb.html#/nl/florabatava08/page/70/zoom/3/lat/-66.93006025862445/lng/-28.828124999999996;;;;;;;;;;;;;
10;KW_T_423_10_0079L.tif.jpg;illustration;Polyporus varius;Polyporus badius;Polyporus;badius;Flowering plants;Scrophulariaceae;Gevleugeld helmkruid;https://galerij.kb.nl/kb.html#/nl/florabatava08/page/71/zoom/3/lat/-66.93006025862445/lng/-28.828124999999996;;;;;;;;;;;;;
10;KW_T_423_10_0081L.tif.jpg;illustration;Gagea stenopetala;Gagea pratensis;Gagea;pratensis;Fungi;Peltigeraceae;Leermos;https://galerij.kb.nl/kb.html#/nl/florabatava08/page/72/zoom/3/lat/-66.93006025862445/lng/-28.828124999999996;;;;;;;;;;;;;
10;KW_T_423_10_0083L.tif.jpg;illustration;Helleborus viridis;Helleborus viridis;Helleborus;viridis;Fungi;Peltigeraceae;Leermos;https://galerij.kb.nl/kb.html#/nl/florabatava08/page/72/zoom/3/lat/-66.93006025862445/lng/-28.828124999999996;;;;;;;;;;;;;
10;KW_T_423_10_0085L.tif.jpg;illustration;Lamium galeobdolon;Lamiastrum galeobdolon subsp. montanum;Lamiastrum;galeobdolon subsp. montanum;Fungi;Clavicipitaceae;Echt moederkoren;https://galerij.kb.nl/kb.html#/nl/florabatava08/page/74/zoom/3/lat/-66.93006025862445/lng/-28.828124999999996;;;;;;;;;;;;;
10;KW_T_423_10_0087L.tif.jpg;illustration;Carex pseudo-cyperus;Carex pseudocyperus;Carex;pseudocyperus;Flowering plants;Aquifoliaceae;Hulst;https://galerij.kb.nl/kb.html#/nl/florabatava08/page/75/zoom/3/lat/-66.93006025862445/lng/-28.828124999999996;;;;;;;;;;;;;
10;KW_T_423_10_0089L.tif.jpg;illustration;Cyathus olla;Cyathus olla;Cyathus;olla;Flowering plants;Brassicaceae;Bosveldkers;https://galerij.kb.nl/kb.html#/nl/florabatava08/page/76/zoom/3/lat/-66.89559561140706/lng/-28.916015625;;;;;;;;;;;;;
10;KW_T_423_10_0089L.tif.jpg;illustration;Merulius lacrymans;Serpula lacrymans;Serpula;lacrymans;Mosses;Polytrichaceae;Groot rimpelmos;https://galerij.kb.nl/kb.html#/nl/florabatava08/page/77/zoom/3/lat/-66.93006025862445/lng/-28.828124999999996;;;;;;;;;;;;;
10;KW_T_423_10_0091L.tif.jpg;illustration;Juncus maritimus;Juncus maritimus;Juncus;maritimus;Fungi;Baeomycetaceae;Roze heikorst;https://galerij.kb.nl/kb.html#/nl/florabatava08/page/78/zoom/3/lat/-66.93006025862445/lng/-28.828124999999996;;;;;;;;;;;;;
10;KW_T_423_10_0093L.tif.jpg;illustration;Hypericum hirsutum;Hypericum hirsutum;Hypericum;hirsutum;Flowering plants;Juncaceae;Wijdbloeiende rus;https://galerij.kb.nl/kb.html#/nl/florabatava08/page/80/zoom/3/lat/-66.93006025862445/lng/-28.828124999999996;;;;;;;;;;;;;
10;KW_T_423_10_0095L.tif.jpg;illustration;Hypericum montanum;Hypericum montanum;Hypericum;montanum;Flowering plants;Cyperaceae;Eenarig wollegras;https://galerij.kb.nl/kb.html#/nl/florabatava08/page/81/zoom/3/lat/-66.93006025862445/lng/-28.828124999999996;;;;;;;;;;;;;
10;KW_T_423_10_0097L.tif.jpg;illustration;Equisetum telmateja;Equisetum telmateia;Equisetum;telmateia;Mosses;Polytrichaceae;Fraai haarmos;https://galerij.kb.nl/kb.html#/nl/florabatava08/page/82/zoom/3/lat/-66.93006025862445/lng/-28.828124999999996;;;;;;;;;;;;;
10;KW_T_423_10_0099L.tif.jpg;illustration;Agaricus rubescens;Amanita rubescens;Amanita;rubescens;Mosses;Polytrichaceae;Gewoon haarmos;https://galerij.kb.nl/kb.html#/nl/florabatava08/page/83/zoom/3/lat/-66.93006025862445/lng/-28.828124999999996;;;;;;;;;;;;;
10;KW_T_423_10_0101L.tif.jpg;illustration;Convolvulus soldanella;Convolvulus soldanella;Convolvulus;soldanella;Flowering plants;Caryophyllaceae;Heelbeen;https://galerij.kb.nl/kb.html#/nl/florabatava08/page/84/zoom/3/lat/-66.93006025862445/lng/-28.828124999999996;;;;;;;;;;;;;
10;KW_T_423_10_0103L.tif.jpg;illustration;Chondrilla juncea;Chondrilla juncea;Chondrilla;juncea;Flowering plants;Caryophyllaceae;Oorsilene;https://galerij.kb.nl/kb.html#/nl/florabatava08/page/85/zoom/3/lat/-66.93006025862445/lng/-28.828124999999996;;;;;;;;;;;;;
10;KW_T_423_10_0105L.tif.jpg;illustration;Typha latifolia;Typha latifolia;Typha;latifolia;Flowering plants;Cyperaceae;Slanke zegge;https://galerij.kb.nl/kb.html#/nl/florabatava08/page/86/zoom/3/lat/-66.93006025862445/lng/-28.828124999999996;;;;;;;;;;;;;
10;KW_T_423_10_0107L.tif.jpg;illustration;Agaricus velutinus;Lacrymaria lacrymabunda;Lacrymaria;lacrymabunda;Flowering plants;Cyperaceae;Zegge spec.;https://galerij.kb.nl/kb.html#/nl/florabatava08/page/88/zoom/3/lat/-66.93006025862445/lng/-28.828124999999996;;;;;;;;;;;;;
10;KW_T_423_10_0109L.tif.jpg;illustration;Boletus cyanescens;Gyroporus cyanescens;Gyroporus;cyanescens;Flowering plants;Melanthiaceae;Eenbes;https://galerij.kb.nl/kb.html#/nl/florabatava09/page/9/zoom/3/lat/-68.65655498475735/lng/-30.761718749999996;;;;;;;;;;;;;
10;KW_T_423_10_0111L.tif.jpg;illustration;Triodia decumbens;Danthonia decumbens;Danthonia;decumbens;Flowering plants;Rubiaceae;Blauw walstro;https://galerij.kb.nl/kb.html#/nl/florabatava09/page/10/zoom/3/lat/-68.65655498475735/lng/-30.761718749999996;;;;;;;;;;;;;
10;KW_T_423_10_0113L.tif.jpg;illustration;Eryngium campestre;Eryngium campestre;Eryngium;campestre;Flowering plants;Caryophyllaceae;Tengere veldmuur;https://galerij.kb.nl/kb.html#/nl/florabatava09/page/11/zoom/3/lat/-68.65655498475735/lng/-30.761718749999996;;;;;;;;;;;;;
10;KW_T_423_10_0115L.tif.jpg;illustration;Epilobium hirsutum;Epilobium hirsutum;Epilobium;hirsutum;Flowering plants;Amaryllidaceae;Zomerklokje;https://galerij.kb.nl/kb.html#/nl/florabatava09/page/12/zoom/3/lat/-68.65655498475735/lng/-30.761718749999996;;;;;;;;;;;;;
10;KW_T_423_10_0117L.tif.jpg;illustration;Raphanus raphanistrum;Raphanus raphanistrum;Raphanus;raphanistrum;Flowering plants;Boraginaceae;Gevlekt longkruid;https://galerij.kb.nl/kb.html#/nl/florabatava09/page/13/zoom/3/lat/-68.65655498475735/lng/-30.761718749999996;;;;;;;;;;;;;
10;KW_T_423_10_0119L.tif.jpg;illustration;Agaricus melleus;Armillaria mellea;Armillaria;mellea;Flowering plants;Plantaginaceae;Bosereprijs;https://galerij.kb.nl/kb.html#/nl/florabatava09/page/14/zoom/3/lat/-68.65655498475735/lng/-30.761718749999996;;;;;;;;;;;;;
10;KW_T_423_10_0121L.tif.jpg;illustration;Chenopodium murale;Chenopodium murale;Chenopodium;murale;Flowering plants;Boraginaceae;Gewone ossentong;https://galerij.kb.nl/kb.html#/nl/florabatava09/page/15/zoom/3/lat/-68.65655498475735/lng/-30.761718749999996;;;;;;;;;;;;;
10;KW_T_423_10_0123L.tif.jpg;illustration;Oenothera biennis;Oenothera spec.;Oenothera;spec.;Flowering plants;Ericaceae;Klein wintergroen;https://galerij.kb.nl/kb.html#/nl/florabatava09/page/16/zoom/3/lat/-68.65655498475735/lng/-30.761718749999996;;;;;;;;;;;;;
10;KW_T_423_10_0125L.tif.jpg;illustration;Gnaphalium luteo-album;Gnaphalium luteoalbum;Gnaphalium;luteoalbum;Flowering plants;Rosaceae;Knikkend nagelkruid;https://galerij.kb.nl/kb.html#/nl/florabatava09/page/17/zoom/3/lat/-68.65655498475735/lng/-30.761718749999996;;;;;;;;;;;;;
10;KW_T_423_10_0127L.tif.jpg;illustration;Asplenium trichomanes;Asplenium trichomanes;Asplenium;trichomanes;Flowering plants;Cyperaceae;Hazenzegge;https://galerij.kb.nl/kb.html#/nl/florabatava09/page/18/zoom/3/lat/-68.65655498475735/lng/-30.761718749999996;;;;;;;;;;;;;
10;KW_T_423_10_0129L.tif.jpg;illustration;Agaricus ostreatus;Pleurotus ostreatus;Pleurotus;ostreatus;Flowering plants;Cyperaceae;Platte bies;https://galerij.kb.nl/kb.html#/nl/florabatava09/page/19/zoom/3/lat/-68.65655498475735/lng/-30.761718749999996;;;;;;;;;;;;;
10;KW_T_423_10_0131L.tif.jpg;illustration;Rumex scutatus;Rumex scutatus;Rumex;scutatus;Flowering plants;Lamiaceae;Klein glidkruid;https://galerij.kb.nl/kb.html#/nl/florabatava09/page/20/zoom/3/lat/-68.62454366344708/lng/-30.849609375;;;;;;;;;;;;;
10;KW_T_423_10_0133L.tif.jpg;illustration;Colchicum autumnale;Colchicum autumnale;Colchicum;autumnale;Flowering plants;Asteraceae;Zaagblad;https://galerij.kb.nl/kb.html#/nl/florabatava09/page/21/zoom/3/lat/-68.62454366344708/lng/-30.849609375;;;;;;;;;;;;;
10;KW_T_423_10_0135L.tif.jpg;illustration;Potentilla verna;Potentilla verna;Potentilla;verna;Flowering plants;Orchidaceae;Veenmosorchis;https://galerij.kb.nl/kb.html#/nl/florabatava09/page/22/zoom/3/lat/-68.62454366344708/lng/-30.849609375;;;;;;;;;;;;;
10;KW_T_423_10_0137L.tif.jpg;illustration;Agaricus vaginatus;Amanita fulva;Amanita;fulva;Fungi;Teloschistaceae;Groot dooiermos;https://galerij.kb.nl/kb.html#/nl/florabatava09/page/23/zoom/3/lat/-68.62454366344708/lng/-30.849609375;;;;;;;;;;;;;
10;KW_T_423_10_0139L.tif.jpg;illustration;Clavaria stricta;Ramaria stricta;Ramaria;stricta;Flowering plants;Plantaginaceae;Hertshoornweegbree;https://galerij.kb.nl/kb.html#/nl/florabatava09/page/24/zoom/3/lat/-68.62454366344708/lng/-30.849609375;;;;;;;;;;;;;
10;KW_T_423_10_0141L.tif.jpg;illustration;Callitriche autumnalis;Callitriche hermaphroditica;Callitriche;hermaphroditica;Flowering plants;Lamiaceae;Malrove;https://galerij.kb.nl/kb.html#/nl/florabatava09/page/25/zoom/3/lat/-68.62454366344708/lng/-30.849609375;;;;;;;;;;;;;
10;KW_T_423_10_0143L.tif.jpg;illustration;Chrysanthemum parthenium;Tanacetum parthenium;Tanacetum;parthenium;Flowering plants;Asteraceae;Goudknopje;https://galerij.kb.nl/kb.html#/nl/florabatava09/page/26/zoom/3/lat/-68.62454366344708/lng/-30.849609375;;;;;;;;;;;;;
10;KW_T_423_10_0145L.tif.jpg;illustration;Centaurea scabiosa;Centaurea scabiosa;Centaurea;scabiosa;Fungi;Ramalinaceae;Takmos spec;https://galerij.kb.nl/kb.html#/nl/florabatava09/page/27/zoom/3/lat/-68.62454366344708/lng/-30.849609375;;;;;;;;;;;;;
10;KW_T_423_10_0147L.tif.jpg;illustration;Daedalea quercina;Daedalea quercina;Daedalea;quercina;Fungi;Hygrophoropsidaceae;Valse hanenkam;https://galerij.kb.nl/kb.html#/nl/florabatava09/page/28/zoom/3/lat/-68.62454366344708/lng/-30.849609375;;;;;;;;;;;;;
10;KW_T_423_10_0149L.tif.jpg;illustration;Lenzites sepiaria;Gloeophyllum sepiarium;Gloeophyllum;sepiarium;Flowering plants;Cyperaceae;Mattenbies;https://galerij.kb.nl/kb.html#/nl/florabatava09/page/29/zoom/3/lat/-68.62454366344708/lng/-30.849609375;;;;;;;;;;;;;
10;KW_T_423_10_0149L.tif.jpg;illustration;Lenzites betulina;Trametes gibbosa;Trametes;gibbosa;Flowering plants;Potamogetonaceae;Langstengelig fonteinkruid;https://galerij.kb.nl/kb.html#/nl/florabatava09/page/30/zoom/3/lat/-68.62454366344708/lng/-30.849609375;;;;;;;;;;;;;
10;KW_T_423_10_0151L.tif.jpg;illustration;Bromus secalinus f. vulgaris;Bromus secalinus;Bromus;secalinus;Flowering plants;Caryophyllaceae;Kaal breukkruid;https://galerij.kb.nl/kb.html#/nl/florabatava09/page/31/zoom/3/lat/-68.62454366344708/lng/-30.849609375;;;;;;;;;;;;;
10;KW_T_423_10_0153L.tif.jpg;illustration;Allium schoenoprasum;Allium schoenoprasum;Allium;schoenoprasum;Flowering plants;Fabaceae;Bonte wikke;https://galerij.kb.nl/kb.html#/nl/florabatava09/page/32/zoom/3/lat/-68.62454366344708/lng/-30.849609375;;;;;;;;;;;;;
10;KW_T_423_10_0155L.tif.jpg;illustration;Malva moschata;Malva moschata;Malva;moschata;Ferns;Equisetaceae;Schaafstro;https://galerij.kb.nl/kb.html#/nl/florabatava09/page/33/zoom/3/lat/-68.62454366344708/lng/-30.849609375;;;;;;;;;;;;;
10;KW_T_423_10_0157L.tif.jpg;illustration;Parmelia caperata;Flavoparmelia spec.;Flavoparmelia;spec.;Flowering plants;Liliaceae;Wilde kievitsbloem;https://galerij.kb.nl/kb.html#/nl/florabatava09/page/35/zoom/3/lat/-68.62454366344708/lng/-30.849609375;;;;;;;;;;;;;
10;KW_T_423_10_0157L.tif.jpg;illustration;Parmelia saxatilis;Parmelia spec.;Parmelia;spec.;Flowering plants;Fabaceae;Boslathyrus;https://galerij.kb.nl/kb.html#/nl/florabatava09/page/36/zoom/3/lat/-68.62454366344708/lng/-30.849609375;;;;;;;;;;;;;
10;KW_T_423_10_0157L.tif.jpg;illustration;Parmelia perlata;Parmelia spec.;Parmelia;spec.;Mosses;Polytrichaceae;Gewone viltmuts;https://galerij.kb.nl/kb.html#/nl/florabatava09/page/37/zoom/3/lat/-68.62454366344708/lng/-30.849609375;;;;;;;;;;;;;
10;KW_T_423_10_0159L.tif.jpg;illustration;Phallus impudicus;Phallus impudicus;Phallus;impudicus;Fungi;Morchellaceae;Gewone morielje;https://galerij.kb.nl/kb.html#/nl/florabatava09/page/38/zoom/3/lat/-68.62454366344708/lng/-30.849609375;;;;;;;;;;;;;
10;KW_T_423_10_0161L.tif.jpg;illustration;Cynodon dactylon;Cynodon dactylon;Cynodon;dactylon;Flowering plants;Rubiaceae;Noords walstro;https://galerij.kb.nl/kb.html#/nl/florabatava09/page/39/zoom/3/lat/-68.62454366344708/lng/-30.849609375;;;;;;;;;;;;;
10;KW_T_423_10_0163L.tif.jpg;illustration;Campanula trachelium;Campanula trachelium;Campanula;trachelium;Flowering plants;Geraniaceae;Glanzige ooievaarsbek;https://galerij.kb.nl/kb.html#/nl/florabatava09/page/40/zoom/3/lat/-68.62454366344708/lng/-30.849609375;;;;;;;;;;;;;
10;KW_T_423_10_0165L.tif.jpg;illustration;Campanula glomerata;Campanula glomerata;Campanula;glomerata;Flowering plants;Asteraceae;Edel duizendblad;https://galerij.kb.nl/kb.html#/nl/florabatava09/page/41/zoom/3/lat/-68.62454366344708/lng/-30.849609375;;;;;;;;;;;;;
10;KW_T_423_10_0167L.tif.jpg;illustration;Agaricus velutipes;Flammulina velutipes s.l.;Flammulina;velutipes s.l.;Mosses;Grimmiaceae;Gewoon muisjesmos;https://galerij.kb.nl/kb.html#/nl/florabatava09/page/42/zoom/3/lat/-68.62454366344708/lng/-30.849609375;;;;;;;;;;;;;
10;KW_T_423_10_0169L.tif.jpg;illustration;Trametes suaveolens;Trametes suaveolens;Trametes;suaveolens;Flowering plants;Cyperaceae;Galigaan;https://galerij.kb.nl/kb.html#/nl/florabatava09/page/44/zoom/3/lat/-68.62454366344708/lng/-30.849609375;;;;;;;;;;;;;
11;KW_T_423_11_0010L.tif.jpg;illustration;Setaria verticillata;Setaria verticillata;Setaria;verticillata;Flowering plants;Ranunculaceae;Wilde ridderspoor;https://galerij.kb.nl/kb.html#/nl/florabatava09/page/45/zoom/3/lat/-68.62454366344708/lng/-30.849609375;;;;;;;;;;;;;
11;KW_T_423_11_0012L.tif.jpg;illustration;Silene inflata;Silene vulgaris;Silene;vulgaris;Flowering plants;Cyperaceae;Ronde zegge;https://galerij.kb.nl/kb.html#/nl/florabatava09/page/46/zoom/3/lat/-68.62454366344708/lng/-30.849609375;;;;;;;;;;;;;
11;KW_T_423_11_0014L.tif.jpg;illustration;Melilotus alba;Melilotus albus;Melilotus;albus;Mosses;Climaciaceae;Boompjesmos;https://galerij.kb.nl/kb.html#/nl/florabatava09/page/47/zoom/3/lat/-68.62454366344708/lng/-30.849609375;;;;;;;;;;;;;
11;KW_T_423_11_0016L.tif.jpg;illustration;Boletus badius;Imleria badia;Imleria;badia;Mosses;Polytrichaceae;Grote viltmuts;https://galerij.kb.nl/kb.html#/nl/florabatava09/page/48/zoom/3/lat/-68.62454366344708/lng/-30.849609375;;;;;;;;;;;;;
11;KW_T_423_11_0018L.tif.jpg;illustration;Panus stipticus;Panellus cf. stipticus;Panellus;cf. stipticus;Mosses;Fontinalaceae;Gewoon bronmos;https://galerij.kb.nl/kb.html#/nl/florabatava09/page/48/zoom/3/lat/-68.62454366344708/lng/-30.849609375;;;;;;;;;;;;;
11;KW_T_423_11_0018L.tif.jpg;illustration;Lycogala epidendrum;Lycogala epidendrum;Lycogala;epidendrum;Flowering plants;Boraginaceae;Ruw parelzaad;https://galerij.kb.nl/kb.html#/nl/florabatava09/page/49/zoom/3/lat/-68.62454366344708/lng/-30.849609375;;;;;;;;;;;;;
11;KW_T_423_11_0020L.tif.jpg;illustration;Anemone pulsatilla;Pulsatilla vulgaris;Pulsatilla;vulgaris;Flowering plants;Campanulaceae;Witte rapunzel;https://galerij.kb.nl/kb.html#/nl/florabatava09/page/50/zoom/3/lat/-68.62454366344708/lng/-30.849609375;;;;;;;;;;;;;
11;KW_T_423_11_0022L.tif.jpg;illustration;Clinopodium vulgare;Clinopodium vulgare;Clinopodium;vulgare;Flowering plants;Brassicaceae;Veldkruidkers;https://galerij.kb.nl/kb.html#/nl/florabatava09/page/51/zoom/3/lat/-68.62454366344708/lng/-30.849609375;;;;;;;;;;;;;
11;KW_T_423_11_0024L.tif.jpg;illustration;Fucus vesiculosus;Fucus vesiculosus;Fucus;vesiculosus;Mosses;Fissidentaceae;Gezoomd vedermos;https://galerij.kb.nl/kb.html#/nl/florabatava09/page/52/zoom/3/lat/-68.62454366344708/lng/-30.849609375;;;;;;;;;;;;;
11;KW_T_423_11_0026L.tif.jpg;illustration;Trichia turbinata;Trichia spec.;Trichia;spec.;Mosses;Fissidentaceae;Groot vedermos;https://galerij.kb.nl/kb.html#/nl/florabatava09/page/52/zoom/3/lat/-68.62454366344708/lng/-30.849609375;;;;;;;;;;;;;
11;KW_T_423_11_0026L.tif.jpg;illustration;Funaria hygrometrica;Funaria hygrometrica;Funaria;hygrometrica;Mosses;Fissidentaceae;Kleivedermos;https://galerij.kb.nl/kb.html#/nl/florabatava09/page/52/zoom/3/lat/-68.62454366344708/lng/-30.849609375;;;;;;;;;;;;;
11;KW_T_423_11_0028L.tif.jpg;illustration;Hygrophorus coccineus;Hygrocybe coccinea;Hygrocybe;coccinea;Algae;Sargassaceae;Hauwwier;https://galerij.kb.nl/kb.html#/nl/florabatava09/page/53/zoom/3/lat/-68.62454366344708/lng/-30.849609375;;;;;;;;;;;;;
11;KW_T_423_11_0028L.tif.jpg;illustration;Hygrophorus conicus;Hygrocybe conica;Hygrocybe;conica;Flowering plants;Gentianaceae;Draadgentiaan;https://galerij.kb.nl/kb.html#/nl/florabatava09/page/54/zoom/3/lat/-68.62454366344708/lng/-30.849609375;;;;;;;;;;;;;
11;KW_T_423_11_0030L.tif.jpg;illustration;Carum bulbocastanum;Bunium bulbocastanum;Bunium;bulbocastanum;Flowering plants;Lamiaceae;Polei;https://galerij.kb.nl/kb.html#/nl/florabatava09/page/55/zoom/3/lat/-68.62454366344708/lng/-30.849609375;;;;;;;;;;;;;
11;KW_T_423_11_0032L.tif.jpg;illustration;Allium ursinum;Allium ursinum;Allium;ursinum;Flowering plants;Cyperaceae;Zandzegge;https://galerij.kb.nl/kb.html#/nl/florabatava09/page/56/zoom/3/lat/-68.62454366344708/lng/-30.849609375;;;;;;;;;;;;;
11;KW_T_423_11_0034L.tif.jpg;illustration;Hypericum pulchrum;Hypericum pulchrum;Hypericum;pulchrum;Flowering plants;Urticaceae;Groot glaskruid;https://galerij.kb.nl/kb.html#/nl/florabatava09/page/57/zoom/3/lat/-68.62454366344708/lng/-30.849609375;;;;;;;;;;;;;
11;KW_T_423_11_0036L.tif.jpg;illustration;Clavaria inaequalis;Clavulinopsis helvola s.l.;Clavulinopsis;helvola s.l.;Fungi;Parmeliaceae;Gewoon kraakloof;https://galerij.kb.nl/kb.html#/nl/florabatava09/page/58/zoom/3/lat/-68.62454366344708/lng/-30.849609375;;;;;;;;;;;;;
11;KW_T_423_11_0036L.tif.jpg;illustration;Clavaria argillaceae;Clavaria argillacea;Clavaria;argillacea;Fungi;Parmeliaceae;Olijfschildmos;https://galerij.kb.nl/kb.html#/nl/florabatava09/page/58/zoom/3/lat/-68.62454366344708/lng/-30.849609375;;;;;;;;;;;;;
11;KW_T_423_11_0036L.tif.jpg;illustration;Clavaria fastigiata;Clavulinopsis corniculata;Clavulinopsis;corniculata;Flowering plants;Liliaceae;Akkergeelster;https://galerij.kb.nl/kb.html#/nl/florabatava09/page/59/zoom/3/lat/-68.62454366344708/lng/-30.849609375;;;;;;;;;;;;;
11;KW_T_423_11_0036L.tif.jpg;illustration;Bulgaria inquinans;Bulgaria inquinans;Bulgaria;inquinans;Flowering plants;Liliaceae;Bosgeelster;https://galerij.kb.nl/kb.html#/nl/florabatava09/page/60/zoom/3/lat/-68.62454366344708/lng/-30.849609375;;;;;;;;;;;;;
11;KW_T_423_11_0038L.tif.jpg;illustration;Poronia punctata;Poronia punctata s.l.;Poronia;punctata s.l.;Flowering plants;Asteraceae;Moerasstreepzaad;https://galerij.kb.nl/kb.html#/nl/florabatava09/page/61/zoom/3/lat/-68.62454366344708/lng/-30.849609375;;;;;;;;;;;;;
11;KW_T_423_11_0038L.tif.jpg;illustration;Agaricus mutabilis;Armillaria ostoyae;Armillaria;ostoyae;Flowering plants;Cyperaceae;Blaaszegge;https://galerij.kb.nl/kb.html#/nl/florabatava09/page/62/zoom/3/lat/-68.62454366344708/lng/-30.849609375;;;;;;;;;;;;;
11;KW_T_423_11_0038L.tif.jpg;illustration;Agaricus aeruginosus;Stropharia caerulea;Stropharia;caerulea;Mosses;Cryphaeaceae;Vliermos;https://galerij.kb.nl/kb.html#/nl/florabatava09/page/63/zoom/3/lat/-66.96447630005638/lng/-21.005859375;;;;;;;;;;;;;
11;KW_T_423_11_0040L.tif.jpg;illustration;Cuscuta europaea;Cuscuta europaea;Cuscuta;europaea;Flowering plants;Rubiaceae;Ruw walstro;https://galerij.kb.nl/kb.html#/nl/florabatava09/page/64/zoom/3/lat/-66.96447630005638/lng/-21.005859375;;;;;;;;;;;;;
11;KW_T_423_11_0042L.tif.jpg;illustration;Antirrhinum orontium;Misopates orontium;Misopates;orontium;Flowering plants;Juncaceae;Tengere rus;https://galerij.kb.nl/kb.html#/nl/florabatava09/page/65/zoom/3/lat/-66.96447630005638/lng/-21.005859375;;;;;;;;;;;;;
11;KW_T_423_11_0044L.tif.jpg;illustration;Vicia lathyroides;Vicia lathyroides;Vicia;lathyroides;Flowering plants;Lamiaceae;Kleine steentijm;https://galerij.kb.nl/kb.html#/nl/florabatava09/page/66/zoom/3/lat/-66.96447630005638/lng/-21.005859375;;;;;;;;;;;;;
11;KW_T_423_11_0046L.tif.jpg;illustration;Salix caprea;Salix caprea;Salix;caprea;Flowering plants;Lamiaceae;Gevlekte dovenetel;https://galerij.kb.nl/kb.html#/nl/florabatava09/page/67/zoom/3/lat/-68.62454366344708/lng/-30.849609375;;;;;;;;;;;;;
11;KW_T_423_11_0048L.tif.jpg;illustration;Coprinus micaceus;Coprinellus micaceus s.l.;Coprinellus;micaceus s.l.;Mosses;Polytrichaceae;Kleine viltmuts;https://galerij.kb.nl/kb.html#/nl/florabatava09/page/68/zoom/3/lat/-66.96447630005638/lng/-21.005859375;;;;;;;;;;;;;
11;KW_T_423_11_0048L.tif.jpg;illustration;Agaricus campanulatus;Panaeolus papilionaceus;Panaeolus;papilionaceus;Flowering plants;Polygonaceae;Kluwenzuring;https://galerij.kb.nl/kb.html#/nl/florabatava09/page/69/zoom/3/lat/-66.96447630005638/lng/-21.005859375;;;;;;;;;;;;;
11;KW_T_423_11_0048L.tif.jpg;illustration;Agaricus separatus;Panaeolus semiovatus;Panaeolus;semiovatus;Flowering plants;Euphorbiaceae;Cipreswolfsmelk;https://galerij.kb.nl/kb.html#/nl/florabatava09/page/70/zoom/3/lat/-66.96447630005638/lng/-21.005859375;;;;;;;;;;;;;
11;KW_T_423_11_0050L.tif.jpg;illustration;Ligustrum vulgare;Ligustrum vulgare;Ligustrum;vulgare;Flowering plants;Euphorbiaceae;Heksenmelk;https://galerij.kb.nl/kb.html#/nl/florabatava09/page/71/zoom/3/lat/-66.96447630005638/lng/-21.005859375;;;;;;;;;;;;;
11;KW_T_423_11_0052L.tif.jpg;illustration;Rosa rubiginosa;Rosa rubiginosa;Rosa;rubiginosa;Flowering plants;Euphorbiaceae;Zandwolfsmelk;https://galerij.kb.nl/kb.html#/nl/florabatava09/page/72/zoom/3/lat/-66.96447630005638/lng/-21.005859375;;;;;;;;;;;;;
11;KW_T_423_11_0054L.tif.jpg;illustration;Trifolium filiforme;Trifolium dubium;Trifolium;dubium;Mosses;Mniaceae;Gerimpeld boogsterrenmos;https://galerij.kb.nl/kb.html#/nl/florabatava09/page/73/zoom/3/lat/-66.96447630005638/lng/-21.005859375;;;;;;;;;;;;;
11;KW_T_423_11_0056L.tif.jpg;illustration;Agaricus fascicularis;Hypholoma fasciculare;Hypholoma;fasciculare;Mosses;Mniaceae;Gewoon sterrenmos;https://galerij.kb.nl/kb.html#/nl/florabatava09/page/73/zoom/3/lat/-66.96447630005638/lng/-21.005859375;;;;;;;;;;;;;
11;KW_T_423_11_0056L.tif.jpg;illustration;Agaricus laccatus;Laccaria laccata;Laccaria;laccata;Mosses;Mniaceae;Spits boogsterrenmos;https://galerij.kb.nl/kb.html#/nl/florabatava09/page/73/zoom/3/lat/-66.96447630005638/lng/-21.005859375;;;;;;;;;;;;;
11;KW_T_423_11_0058L.tif.jpg;illustration;Lactarius torminosus;Lactarius torminosus;Lactarius;torminosus;Flowering plants;Apiaceae;Karwijvarkenskervel;https://galerij.kb.nl/kb.html#/nl/florabatava09/page/74/zoom/3/lat/-66.96447630005638/lng/-21.005859375;;;;;;;;;;;;;
11;KW_T_423_11_0058L.tif.jpg;illustration;Lactarius zonarius;Lactarius zonarius;Lactarius;zonarius;Flowering plants;Resedaceae;Wilde reseda;https://galerij.kb.nl/kb.html#/nl/florabatava09/page/75/zoom/3/lat/-66.96447630005638/lng/-21.005859375;;;;;;;;;;;;;
11;KW_T_423_11_0058L.tif.jpg;illustration;Lactarius piperatus;Lactarius controversus;Lactarius;controversus;Flowering plants;Fabaceae;Kleine rupsklaver;https://galerij.kb.nl/kb.html#/nl/florabatava09/page/76/zoom/3/lat/-66.96447630005638/lng/-21.005859375;;;;;;;;;;;;;
11;KW_T_423_11_0060L.tif.jpg;illustration;Galium sylvaticum;Galium sylvaticum;Galium;sylvaticum;Flowering plants;Ericaceae;Kraaihei;https://galerij.kb.nl/kb.html#/nl/florabatava09/page/77/zoom/3/lat/-66.96447630005638/lng/-21.005859375;;;;;;;;;;;;;
11;KW_T_423_11_0062L.tif.jpg;illustration;Potamogeton lucens;Potamogeton lucens;Potamogeton;lucens;Fungi;Physciaceae;Wimpermos;https://galerij.kb.nl/kb.html#/nl/florabatava09/page/78/zoom/3/lat/-66.96447630005638/lng/-21.005859375;;;;;;;;;;;;;
11;KW_T_423_11_0064L.tif.jpg;illustration;Betonica officinalis;Stachys officinalis;Stachys;officinalis;Flowering plants;Ranunculaceae;Winterakoniet;https://galerij.kb.nl/kb.html#/nl/florabatava09/page/79/zoom/3/lat/-66.96447630005638/lng/-21.005859375;;;;;;;;;;;;;
11;KW_T_423_11_0066L.tif.jpg;illustration;Geoglossum glabrum;Geoglossum umbratile s.l.;Geoglossum;umbratile s.l.;Flowering plants;Plantaginaceae;Spiesleeuwenbek;https://galerij.kb.nl/kb.html#/nl/florabatava09/page/80/zoom/3/lat/-66.96447630005638/lng/-21.005859375;;;;;;;;;;;;;
11;KW_T_423_11_0066L.tif.jpg;illustration;Agaricus phalloides;Amanita phalloides;Amanita;phalloides;Flowering plants;Plantaginaceae;Eironde leeuwenbek;https://galerij.kb.nl/kb.html#/nl/florabatava09/page/81/zoom/3/lat/-68.62454366344708/lng/-30.849609375;;;;;;;;;;;;;
11;KW_T_423_11_0066L.tif.jpg;illustration;Hypoxylon polymorphum;Xylaria polymorpha;Xylaria;polymorpha;Flowering plants;Brassicaceae;Torenkruid;https://galerij.kb.nl/kb.html#/nl/florabatava09/page/82/zoom/3/lat/-68.62454366344708/lng/-30.849609375;;;;;;;;;;;;;
11;KW_T_423_11_0068L.tif.jpg;illustration;Marasmius oreades;Marasmius oreades;Marasmius;oreades;Fungi;Lycoperdaceae;Plooivoetstuifzwam;https://galerij.kb.nl/kb.html#/nl/florabatava09/page/83/zoom/3/lat/-68.62454366344708/lng/-30.849609375;;;;;;;;;;;;;
11;KW_T_423_11_0070L.tif.jpg;illustration;Setaria viridis;Setaria viridis;Setaria;viridis;Fungi;Lycoperdaceae;Ruitjesbovist;https://galerij.kb.nl/kb.html#/nl/florabatava09/page/83/zoom/3/lat/-68.62454366344708/lng/-30.849609375;;;;;;;;;;;;;
11;KW_T_423_11_0072L.tif.jpg;illustration;Cichorium intybus;Cichorium intybus;Cichorium;intybus;Flowering plants;Amaryllidaceae;Moeslook;https://galerij.kb.nl/kb.html#/nl/florabatava09/page/84/zoom/3/lat/-68.62454366344708/lng/-30.849609375;;;;;;;;;;;;;
11;KW_T_423_11_0074L.tif.jpg;illustration;Artemisia maritima (gallica);Artemisia maritima;Artemisia;maritima;Flowering plants;Crassulaceae;Zacht vetkruid;https://galerij.kb.nl/kb.html#/nl/florabatava09/page/85/zoom/3/lat/-68.62454366344708/lng/-30.849609375;;;;;;;;;;;;;
11;KW_T_423_11_0076L.tif.jpg;illustration;Calla palustris;Calla palustris;Calla;palustris;Flowering plants;Asteraceae;Zomerfijnstraal;https://galerij.kb.nl/kb.html#/nl/florabatava09/page/86/zoom/3/lat/-68.62454366344708/lng/-30.849609375;;;;;;;;;;;;;
11;KW_T_423_11_0078L.tif.jpg;illustration;Lactarius turpis;Lactarius necator;Lactarius;necator;Flowering plants;Amaranthaceae;Kleine majer;https://galerij.kb.nl/kb.html#/nl/florabatava09/page/87/zoom/3/lat/-62.062733258846514/lng/-14.501953124999998;;;;;;;;;;;;;
11;KW_T_423_11_0080L.tif.jpg;illustration;Rosa gallica;Rosa gallica;Rosa;gallica;Fungi;Sclerodermataceae;Gele aardappelbovist;https://galerij.kb.nl/kb.html#/nl/florabatava09/page/88/zoom/3/lat/-62.062733258846514/lng/-14.501953124999998;;;;;;;;;;;;;
11;KW_T_423_11_0082L.tif.jpg;illustration;Genista germanica;Genista germanica;Genista;germanica;Fungi;Lycoperdaceae;Reuzenbovist;https://galerij.kb.nl/kb.html#/nl/florabatava09/page/88/zoom/3/lat/-62.062733258846514/lng/-14.501953124999998;;;;;;;;;;;;;
11;KW_T_423_11_0084L.tif.jpg;illustration;Orobanche major;Orobanche rapum-genistae;Orobanche;rapum-genistae;Flowering plants;Poaceae;Pijpenstrootje;https://galerij.kb.nl/kb.html#/nl/florabatava10/page/10/zoom/2/lat/0.17578097424708533/lng/-0.17578125;;;;;;;;;;;;;
11;KW_T_423_11_0086L.tif.jpg;illustration;Jungermannia epiphylla;Pellia epiphylla;Pellia;epiphylla;Flowering plants;Caryophyllaceae;Nachtkoekoeksbloem;https://galerij.kb.nl/kb.html#/nl/florabatava10/page/11/zoom/2/lat/0.17578097424708533/lng/-0.17578125;;;;;;;;;;;;;
11;KW_T_423_11_0086L.tif.jpg;illustration;Jungermannia asplenioides;Plagiochila asplenioides;Plagiochila;asplenioides;Ferns;Dryopteridaceae;Niervaren (G);https://galerij.kb.nl/kb.html#/nl/florabatava10/page/12/zoom/2/lat/0.17578097424708533/lng/-0.17578125;;;;;;;;;;;;;
11;KW_T_423_11_0089L.tif.jpg;illustration;Usnea barbata;Usnea spec.;Usnea;spec.;Mosses;Plagiotheciaceae;Gerimpeld platmos;https://galerij.kb.nl/kb.html#/nl/florabatava10/page/13/zoom/3/lat/-71.10254274232307/lng/-77.783203125;;;;;;;;;;;;;
11;KW_T_423_11_0089L.tif.jpg;illustration;Cladonia rangiferina (Lichen rangiferinus);Cladonia rangiferina;Cladonia;rangiferina;Mosses;Brachytheciaceae;Gewoon dikkopmos;https://galerij.kb.nl/kb.html#/nl/florabatava10/page/14/zoom/3/lat/-72.10094360009953/lng/-7.470703125;;;;;;;;;;;;;
11;KW_T_423_11_0091L.tif.jpg;illustration;Astragalus glycyphyllos;Astragalus glycyphyllos;Astragalus;glycyphyllos;Ferns;Ophioglossaceae;1. Addertong 2. Gewoon dikkopmos 3. Gerimpeld platmos 4. Glanzend etagemos;https://galerij.kb.nl/kb.html#/nl/florabatava10/page/13/zoom/2/lat/0.17578097424708533/lng/-0.17578125;;;;;;;;;;;;;
11;KW_T_423_11_0093L.tif.jpg;illustration;Silene gallica;Silene gallica;Silene;gallica;Mosses;Hylocomiaceae;Glanzend etagemos;https://galerij.kb.nl/kb.html#/nl/florabatava10/page/13/zoom/3/lat/-71.10254274232307/lng/-77.783203125;;;;;;;;;;;;;
11;KW_T_423_11_0095L.tif.jpg;illustration;Orobus tuberosus;Lathyrus linifolius;Lathyrus;linifolius;Fungi;Agaricaceae;Grote parasolzwam;https://galerij.kb.nl/kb.html#/nl/florabatava10/page/15/zoom/3/lat/-72.20867825343294/lng/-9.755859375;;;;;;;;;;;;;
11;KW_T_423_11_0097L.tif.jpg;illustration;Agaricus violaceus;Cortinarius violaceus;Cortinarius;violaceus;Fungi;Pleurotaceae;Oesterzwam;https://galerij.kb.nl/kb.html#/nl/florabatava10/page/15/zoom/3/lat/-72.20867825343294/lng/-9.755859375;;;;;;;;;;;;;
11;KW_T_423_11_0099L.tif.jpg;illustration;Agaricus conicus;Hygrocybe conica;Hygrocybe;conica;Fungi;Agaricaceae;Tepelparasolzwam;https://galerij.kb.nl/kb.html#/nl/florabatava10/page/15/zoom/3/lat/-72.20867825343294/lng/-9.755859375;;;;;;;;;;;;;
11;KW_T_423_11_0101L.tif.jpg;illustration;Melica uniflora;Melica uniflora;Melica;uniflora;Flowering plants;Primulaceae;Slanke sleutelbloem;https://galerij.kb.nl/kb.html#/nl/florabatava10/page/16/zoom/3/lat/-64.43489204304058/lng/-17.666015625;;;;;;;;;;;;;
11;KW_T_423_11_0103L.tif.jpg;illustration;Euphorbia lathyris;Euphorbia lathyris;Euphorbia;lathyris;Flowering plants;Grossulariaceae;Kruisbes;https://galerij.kb.nl/kb.html#/nl/florabatava10/page/17/zoom/3/lat/-64.43489204304058/lng/-17.666015625;;;;;;;;;;;;;
11;KW_T_423_11_0105L.tif.jpg;illustration;Fucus cartilagineus;Plocamium cartilagineum;Plocamium;cartilagineum;Flowering plants;Asteraceae;Weegbreezonnebloem;https://galerij.kb.nl/kb.html#/nl/florabatava10/page/18/zoom/3/lat/-64.43489204304058/lng/-17.666015625;;;;;;;;;;;;;
11;KW_T_423_11_0107L.tif.jpg;illustration;Sphagnum cymbifolium;Sphagnum cf. papillosum;Sphagnum;cf. papillosum;Ferns;Lycopodiaceae;Kleine wolfsklauw;https://galerij.kb.nl/kb.html#/nl/florabatava10/page/19/zoom/3/lat/-64.43489204304058/lng/-17.666015625;;;;;;;;;;;;;
11;KW_T_423_11_0107L.tif.jpg;illustration;Sphagnum latifolium;Sphagnum palustre;Sphagnum;palustre;Fungi;Polyporaceae;Zadelzwam;https://galerij.kb.nl/kb.html#/nl/florabatava10/page/20/zoom/3/lat/-64.43489204304058/lng/-17.666015625;;;;;;;;;;;;;
11;KW_T_423_11_0109L.tif.jpg;illustration;Hypnum tamariscinum;Thuidium tamariscinum;Thuidium;tamariscinum;Flowering plants;Brassicaceae;Deens lepelblad;https://galerij.kb.nl/kb.html#/nl/florabatava10/page/21/zoom/3/lat/-64.43489204304058/lng/-17.666015625;;;;;;;;;;;;;
11;KW_T_423_11_0109L.tif.jpg;illustration;Hypnum stellatum;Campylium stellatum;Campylium;stellatum;Flowering plants;Brassicaceae;Slanke waterkers;https://galerij.kb.nl/kb.html#/nl/florabatava10/page/22/zoom/3/lat/-64.43489204304058/lng/-17.666015625;;;;;;;;;;;;;
11;KW_T_423_11_0111L.tif.jpg;illustration;Phyteuma nigrum;Phyteuma nigrum;Phyteuma;nigrum;Flowering plants;Fabaceae;Gestreepte klaver;https://galerij.kb.nl/kb.html#/nl/florabatava10/page/23/zoom/3/lat/-64.43489204304058/lng/-17.666015625;;;;;;;;;;;;;
11;KW_T_423_11_0113L.tif.jpg;illustration;Rhynchospora fusca;Rhynchospora fusca;Rhynchospora;fusca;Mosses;Aulacomniaceae;Gewoon knopjesmos;https://galerij.kb.nl/kb.html#/nl/florabatava10/page/24/zoom/3/lat/-64.43489204304058/lng/-17.666015625;;;;;;;;;;;;;
11;KW_T_423_11_0113L.tif.jpg;illustration;Milium scabrum;Milium vernale;Milium;vernale;Mosses;Marchantiaceae;Parapluutjesmos;https://galerij.kb.nl/kb.html#/nl/florabatava10/page/24/zoom/3/lat/-64.43489204304058/lng/-17.666015625;;;;;;;;;;;;;
11;KW_T_423_11_0115L.tif.jpg;illustration;Atropa belladonna;Atropa belladonna;Atropa;belladonna;Fungi;Agaricaceae;Gewone weidechampignon;https://galerij.kb.nl/kb.html#/nl/florabatava10/page/25/zoom/3/lat/-64.43489204304058/lng/-17.666015625;;;;;;;;;;;;;
11;KW_T_423_11_0117L.tif.jpg;illustration;Hypnum abietinum;Calliergonella cf. cuspidata;Calliergonella;cf. cuspidata;Flowering plants;Cyperaceae;Stekende bies;https://galerij.kb.nl/kb.html#/nl/florabatava10/page/26/zoom/3/lat/-64.43489204304058/lng/-17.666015625;;;;;;;;;;;;;
11;KW_T_423_11_0117L.tif.jpg;illustration;Hypnum albicans;Brachythecium albicans;Brachythecium;albicans;Flowering plants;Campanulaceae;Prachtklokje;https://galerij.kb.nl/kb.html#/nl/florabatava10/page/27/zoom/3/lat/-64.43489204304058/lng/-17.666015625;;;;;;;;;;;;;
11;KW_T_423_11_0117L.tif.jpg;illustration;Hypnum schreberi;Pleurozium schreberi;Pleurozium;schreberi;Fungi;Amanitaceae;Gele knolamaniet;https://galerij.kb.nl/kb.html#/nl/florabatava10/page/28/zoom/3/lat/-64.43489204304058/lng/-17.666015625;;;;;;;;;;;;;
11;KW_T_423_11_0119L.tif.jpg;illustration;Sphaeria chionea;Melanospora chionea ;Melanospora;chionea;Fungi;Boletaceae;Gewoon eekhoorntjesbrood;https://galerij.kb.nl/kb.html#/nl/florabatava10/page/29/zoom/3/lat/-64.43489204304058/lng/-17.666015625;;;;;;;;;;;;;
11;KW_T_423_11_0119L.tif.jpg;illustration;Peridermium pini var. acicola;Cronartium flaccidum ;Cronartium;flaccidum;Fungi;Boletaceae;Bittere boleet;https://galerij.kb.nl/kb.html#/nl/florabatava10/page/30/zoom/3/lat/-64.43489204304058/lng/-17.666015625;;;;;;;;;;;;;
11;KW_T_423_11_0119L.tif.jpg;illustration;(Fusarium) Tubercularia granulata et ciliata;Ascomycetes spec.;Ascomycetes;spec.;Flowering plants;Poaceae;Rijstgras;https://galerij.kb.nl/kb.html#/nl/florabatava10/page/31/zoom/3/lat/-64.43489204304058/lng/-17.666015625;;;;;;;;;;;;;
11;KW_T_423_11_0121L.tif.jpg;illustration;Myosotis sylvatica;Myosotis sylvatica;Myosotis;sylvatica;Flowering plants;Caryophyllaceae;Zeepkruid;https://galerij.kb.nl/kb.html#/nl/florabatava10/page/32/zoom/3/lat/-64.43489204304058/lng/-17.666015625;;;;;;;;;;;;;
11;KW_T_423_11_0123L.tif.jpg;illustration;Gnaphalium montanum;Filago minima;Filago;minima;Fungi;Strophariaceae;Schubbige bundelzwam;https://galerij.kb.nl/kb.html#/nl/florabatava10/page/33/zoom/3/lat/-67.50856836293859/lng/-37.001953125;;;;;;;;;;;;;
11;KW_T_423_11_0125L.tif.jpg;illustration;Bartramia pomiformis;Bartramia pomiformis;Bartramia;pomiformis;Fungi;Hymenochaetaceae;Populiervuurzwam;https://galerij.kb.nl/kb.html#/nl/florabatava10/page/34/zoom/3/lat/-67.50856836293859/lng/-37.001953125;;;;;;;;;;;;;
11;KW_T_423_11_0125L.tif.jpg;illustration;Parmelia physodes;Hypogymnia physodes;Hypogymnia;physodes;Fungi;Hymenochaetaceae;Bessenvuurzwam;https://galerij.kb.nl/kb.html#/nl/florabatava10/page/35/zoom/3/lat/-67.50856836293859/lng/-37.001953125;;;;;;;;;;;;;
11;KW_T_423_11_0127L.tif.jpg;illustration;Jungermannia byssacea;Cephaloziella divaricata;Cephaloziella;divaricata;Flowering plants;Rubiaceae;Lievevrouwebedstro;https://galerij.kb.nl/kb.html#/nl/florabatava10/page/36/zoom/3/lat/-67.50856836293859/lng/-37.001953125;;;;;;;;;;;;;
11;KW_T_423_11_0127L.tif.jpg;illustration;Fungi cornucopioides;Cladonia coccifera;Cladonia;coccifera;Flowering plants;Saxifragaceae;Paarbladig goudveil;https://galerij.kb.nl/kb.html#/nl/florabatava10/page/37/zoom/3/lat/-67.50856836293859/lng/-37.001953125;;;;;;;;;;;;;
11;KW_T_423_11_0129L.tif.jpg;illustration;Stereocaulon passchale;Stereocaulon cf. saxatile;Stereocaulon;cf. saxatile;Flowering plants;Rosaceae;Viltganzerik;https://galerij.kb.nl/kb.html#/nl/florabatava10/page/38/zoom/3/lat/-67.50856836293859/lng/-37.001953125;;;;;;;;;;;;;
11;KW_T_423_11_0129L.tif.jpg;illustration;Lecidea petraea;Lecidea lapicida ;Lecidea;lapicida;Fungi;Hygrophoropsidaceae;Valse hanenkam;https://galerij.kb.nl/kb.html#/nl/florabatava10/page/39/zoom/3/lat/-68.23682270936281/lng/-48.95507812499999;;;;;;;;;;;;;
11;KW_T_423_11_0129L.tif.jpg;illustration;Stereocaulon condyloideum;Stereocaulon condensatum ;Stereocaulon;condensatum;Fungi;Geastraceae;Gekraagde aardster;https://galerij.kb.nl/kb.html#/nl/florabatava10/page/40/zoom/3/lat/-67.50856836293859/lng/-37.001953125;;;;;;;;;;;;;
11;KW_T_423_11_0131L.tif.jpg;illustration;Veronica maritima;Veronica longifolia;Veronica;longifolia;Fungi;Agaricaceae;Gesteelde stuifbal;https://galerij.kb.nl/kb.html#/nl/florabatava10/page/40/zoom/3/lat/-67.50856836293859/lng/-37.001953125;;;;;;;;;;;;;
11;KW_T_423_11_0133L.tif.jpg;illustration;Verbascum cuspidatum;Verbascum densiflorum;Verbascum;densiflorum;Fungi;Thelephoraceae;Gewone franjezwam;https://galerij.kb.nl/kb.html#/nl/florabatava10/page/40/zoom/3/lat/-67.50856836293859/lng/-37.001953125;;;;;;;;;;;;;
11;KW_T_423_11_0135L.tif.jpg;illustration;Erodium moschatum;Erodium moschatum;Erodium;moschatum;Flowering plants;Juncaceae;Grote veldbies;https://galerij.kb.nl/kb.html#/nl/florabatava10/page/41/zoom/3/lat/-67.50856836293859/lng/-37.001953125;;;;;;;;;;;;;
11;KW_T_423_11_0137L.tif.jpg;illustration;Scolopendrium officinarum;Asplenium scolopendrium;Asplenium;scolopendrium;Flowering plants;Caryophyllaceae;Dagkoekoeksbloem;https://galerij.kb.nl/kb.html#/nl/florabatava10/page/42/zoom/3/lat/-68.23682270936281/lng/-48.95507812499999;;;;;;;;;;;;;
11;KW_T_423_11_0139L.tif.jpg;illustration;Sargassum columbi;Sargassum natans;Sargassum;natans;Flowering plants;Fabaceae;Gevlekte rupsklaver;https://galerij.kb.nl/kb.html#/nl/florabatava10/page/43/zoom/3/lat/-67.50856836293859/lng/-37.001953125;;;;;;;;;;;;;
11;KW_T_423_11_0141L.tif.jpg;illustration;Carduus marianus;Silybum marianum;Silybum;marianum;Flowering plants;Fabaceae;Gevlekte rupsklaver;https://galerij.kb.nl/kb.html#/nl/florabatava10/page/43/zoom/3/lat/-67.50856836293859/lng/-37.001953125;;;;;;;;;;;;;
11;KW_T_423_11_0143L.tif.jpg;illustration;Inula helenium;Inula helenium;Inula;helenium;Fungi;Polyporaceae;Peksteel;https://galerij.kb.nl/kb.html#/nl/florabatava10/page/45/zoom/3/lat/-67.50856836293859/lng/-37.001953125;;;;;;;;;;;;;
11;KW_T_423_11_0145L.tif.jpg;illustration;Digitalis purpurea;Digitalis purpurea;Digitalis;purpurea;Flowering plants;Liliaceae;Weidegeelster;https://galerij.kb.nl/kb.html#/nl/florabatava10/page/46/zoom/3/lat/-67.50856836293859/lng/-37.001953125;;;;;;;;;;;;;
11;KW_T_423_11_0147L.tif.jpg;illustration;Solenia linza;Ulva linza;Ulva;linza;Flowering plants;Ranunculaceae;Wrangwortel;https://galerij.kb.nl/kb.html#/nl/florabatava10/page/47/zoom/3/lat/-67.50856836293859/lng/-37.001953125;;;;;;;;;;;;;
11;KW_T_423_11_0149L.tif.jpg;illustration;Solenia compressa;Ulva compressa;Ulva;compressa;Flowering plants;Cyperaceae;Hoge cyperzegge;https://galerij.kb.nl/kb.html#/nl/florabatava10/page/49/zoom/3/lat/-67.50856836293859/lng/-37.001953125;;;;;;;;;;;;;
11;KW_T_423_11_0151L.tif.jpg;illustration;Lycium barbarum;Lycium barbarum;Lycium;barbarum;Fungi;Agaricaceae;Bleek nestzwammetje;https://galerij.kb.nl/kb.html#/nl/florabatava10/page/50/zoom/3/lat/-67.50856836293859/lng/-37.001953125;;;;;;;;;;;;;
11;KW_T_423_11_0153L.tif.jpg;illustration;Clethra alnifolia;Clethra alnifolia;Clethra;alnifolia;Fungi;Serpulaceae;Echte huiszwam;https://galerij.kb.nl/kb.html#/nl/florabatava10/page/50/zoom/3/lat/-67.50856836293859/lng/-37.001953125;;;;;;;;;;;;;
11;KW_T_423_11_0155L.tif.jpg;illustration;Aspidium thelypteris;Thelypteris palustris;Thelypteris;palustris;Flowering plants;Juncaceae;Zeerus;https://galerij.kb.nl/kb.html#/nl/florabatava10/page/51/zoom/2/lat/0.17578097424708533/lng/-0.17578125;;;;;;;;;;;;;
11;KW_T_423_11_0157L.tif.jpg;illustration;Agaricus lactifluus;Lactifluus volemus;Lactifluus;volemus;Flowering plants;Hypericaceae;Ruig hertshooi;https://galerij.kb.nl/kb.html#/nl/florabatava10/page/52/zoom/2/lat/0.17578097424708533/lng/-0.17578125;;;;;;;;;;;;;
11;KW_T_423_11_0159L.tif.jpg;illustration;Agaricus ovatus atramentarius;Coprinus comatus;Coprinus;comatus;Flowering plants;Hypericaceae;Berghertshooi;https://galerij.kb.nl/kb.html#/nl/florabatava10/page/53/zoom/2/lat/0.17578097424708533/lng/-0.17578125;;;;;;;;;;;;;
11;KW_T_423_11_0161L.tif.jpg;illustration;Lolium temulentum;Lolium temulentum;Lolium;temulentum;Ferns;Equisetaceae;Reuzenpaardenstaart;https://galerij.kb.nl/kb.html#/nl/florabatava10/page/54/zoom/2/lat/0.17578097424708533/lng/-0.17578125;;;;;;;;;;;;;
11;KW_T_423_11_0163L.tif.jpg;illustration;Viola canina;Viola canina;Viola;canina;Fungi;Amanitaceae;Parelamaniet;https://galerij.kb.nl/kb.html#/nl/florabatava10/page/55/zoom/2/lat/0.17578097424708533/lng/-0.17578125;;;;;;;;;;;;;
11;KW_T_423_11_0165L.tif.jpg;illustration;Lactuca scariola;Lactuca serriola;Lactuca;serriola;Flowering plants;Convolvulaceae;Zeewinde;https://galerij.kb.nl/kb.html#/nl/florabatava10/page/56/zoom/2/lat/0.17578097424708533/lng/-0.17578125;;;;;;;;;;;;;
11;KW_T_423_11_0167L.tif.jpg;illustration;Uredo graminis;Puccinia graminis;Puccinia;graminis;Flowering plants;Asteraceae;Knikbloem;https://galerij.kb.nl/kb.html#/nl/florabatava10/page/57/zoom/2/lat/0.17578097424708533/lng/-0.17578125;;;;;;;;;;;;;
12;KW_T_423_12_0010L.tif.jpg;illustration;Linaria arvensis;Linaria arvensis;Linaria;arvensis;Flowering plants;Typhaceae;Grote lisdodde;https://galerij.kb.nl/kb.html#/nl/florabatava10/page/58/zoom/2/lat/0.17578097424708533/lng/-0.17578125;;;;;;;;;;;;;
12;KW_T_423_12_0012L.tif.jpg;illustration;Dicranum spurium;Dicranum spurium;Dicranum;spurium;Fungi;Psathyrellaceae;Tranende franjehoed;https://galerij.kb.nl/kb.html#/nl/florabatava10/page/59/zoom/2/lat/0.17578097424708533/lng/-0.17578125;;;;;;;;;;;;;
12;KW_T_423_12_0012L.tif.jpg;illustration;Dicranum glaucum;Leucobryum glaucum;Leucobryum;glaucum;Fungi;Gyroporaceae;Indigoboleet;https://galerij.kb.nl/kb.html#/nl/florabatava10/page/60/zoom/2/lat/0.17578097424708533/lng/-0.17578125;;;;;;;;;;;;;
12;KW_T_423_12_0014L.tif.jpg;illustration;Adonis autumnalis;Adonis aestivalis;Adonis;aestivalis;Flowering plants;Poaceae;Tandjesgras;https://galerij.kb.nl/kb.html#/nl/florabatava10/page/61/zoom/2/lat/0.17578097424708533/lng/-0.17578125;;;;;;;;;;;;;
12;KW_T_423_12_0016L.tif.jpg;illustration;Equisetum sylvaticum;Equisetum sylvaticum;Equisetum;sylvaticum;Flowering plants;Apiaceae;Kruisdistel;https://galerij.kb.nl/kb.html#/nl/florabatava10/page/62/zoom/2/lat/0.17578097424708533/lng/-0.17578125;;;;;;;;;;;;;
12;KW_T_423_12_0018L.tif.jpg;illustration;Asplenium adiantum nigrum;Asplenium adiantum-nigrum;Asplenium;adiantum-nigrum;Flowering plants;Onagraceae;Harig wilgenroosje;https://galerij.kb.nl/kb.html#/nl/florabatava10/page/63/zoom/2/lat/0.17578097424708533/lng/-0.17578125;;;;;;;;;;;;;
12;KW_T_423_12_0020L.tif.jpg;illustration;Hypnum squarrosum;Rhytidiadelphus squarrosus;Rhytidiadelphus;squarrosus;Flowering plants;Brassicaceae;Knopherik;https://galerij.kb.nl/kb.html#/nl/florabatava10/page/64/zoom/2/lat/0.17578097424708533/lng/-0.17578125;;;;;;;;;;;;;
12;KW_T_423_12_0020L.tif.jpg;illustration;Hypnum triquetrum;Rhytidiadelphus triquetrus;Rhytidiadelphus;triquetrus;Fungi;Physalacriaceae;Echte honingzwam;https://galerij.kb.nl/kb.html#/nl/florabatava10/page/65/zoom/2/lat/0.17578097424708533/lng/-0.17578125;;;;;;;;;;;;;
12;KW_T_423_12_0022L.tif.jpg;illustration;Clematis vitalba;Clematis vitalba;Clematis;vitalba;Flowering plants;Amaranthaceae;Muurganzenvoet;https://galerij.kb.nl/kb.html#/nl/florabatava10/page/66/zoom/2/lat/0.17578097424708533/lng/-0.17578125;;;;;;;;;;;;;
12;KW_T_423_12_0024L.tif.jpg;illustration;Malva alcea;Malva alcea;Malva;alcea;Flowering plants;Onagraceae;Teunisbloem spec.;https://galerij.kb.nl/kb.html#/nl/florabatava10/page/67/zoom/2/lat/0.17578097424708533/lng/-0.17578125;;;;;;;;;;;;;
12;KW_T_423_12_0026L.tif.jpg;illustration;Borago officinalis;Borago officinalis;Borago;officinalis;Flowering plants;Asteraceae;Bleekgele droogbloem;https://galerij.kb.nl/kb.html#/nl/florabatava10/page/68/zoom/2/lat/0.17578097424708533/lng/-0.17578125;;;;;;;;;;;;;
12;KW_T_423_12_0028L.tif.jpg;illustration;Adianthum capillus veneris;Adiantum capillus-veneris;Adiantum;capillus-veneris;Flowering plants;Aspleniaceae;Steenbreekvaren;https://galerij.kb.nl/kb.html#/nl/florabatava10/page/69/zoom/2/lat/0.17578097424708533/lng/-0.17578125;;;;;;;;;;;;;
12;KW_T_423_12_0030L.tif.jpg;illustration;Helminthia echioides;Helminthotheca echioides;Helminthotheca;echioides;Fungi;Pleurotaceae;Oesterzwam;https://galerij.kb.nl/kb.html#/nl/florabatava10/page/15/zoom/3/lat/-72.20867825343294/lng/-9.755859375;;;;;;;;;;;;;
12;KW_T_423_12_0032L.tif.jpg;illustration;Ervum gracile;Vicia tetrasperma subsp. gracilis;Vicia;tetrasperma subsp. gracilis;Flowering plants;Polygonaceae;Spaanse zuring;https://galerij.kb.nl/kb.html#/nl/florabatava10/page/71/zoom/2/lat/0.17578097424708533/lng/-0.17578125;;;;;;;;;;;;;
12;KW_T_423_12_0034L.tif.jpg;illustration;Lychnis coronaria;Silene coronaria;Silene;coronaria;Flowering plants;Colchicaceae;Herfsttijloos;https://galerij.kb.nl/kb.html#/nl/florabatava10/page/72/zoom/2/lat/0.17578097424708533/lng/-0.17578125;;;;;;;;;;;;;
12;KW_T_423_12_0036L.tif.jpg;illustration;Conferva linum;Chaetomorpha linum;Chaetomorpha;linum;Flowering plants;Rosaceae;Voorjaarsganzerik;https://galerij.kb.nl/kb.html#/nl/florabatava10/page/73/zoom/2/lat/0.17578097424708533/lng/-0.17578125;;;;;;;;;;;;;
12;KW_T_423_12_0036L.tif.jpg;illustration;Conferva rupestris;Cladophora rupestris;Cladophora;rupestris;Fungi;Amanitaceae;Roodbruine slanke amaniet;https://galerij.kb.nl/kb.html#/nl/florabatava10/page/74/zoom/2/lat/0.17578097424708533/lng/-0.17578125;;;;;;;;;;;;;
12;KW_T_423_12_0036L.tif.jpg;illustration;Chordaria flagelliformis;Chordaria flagelliformis;Chordaria;flagelliformis;Fungi;Gomphaceae;Rechte koraalzwam;https://galerij.kb.nl/kb.html#/nl/florabatava10/page/75/zoom/2/lat/0.17578097424708533/lng/-0.17578125;;;;;;;;;;;;;
12;KW_T_423_12_0038L.tif.jpg;illustration;Zygnema quininum;Spirogyra porticalis;Spirogyra;porticalis;Flowering plants;Plantaginaceae;Rond sterrenkroos;https://galerij.kb.nl/kb.html#/nl/florabatava10/page/76/zoom/2/lat/0.17578097424708533/lng/-0.17578125;;;;;;;;;;;;;
12;KW_T_423_12_0038L.tif.jpg;illustration;Griffithsia corallina;Griffithsia devoniensis;Griffithsia;devoniensis;Flowering plants;Asteraceae;Moederkruid;https://galerij.kb.nl/kb.html#/nl/florabatava10/page/77/zoom/2/lat/0.17578097424708533/lng/-0.17578125;;;;;;;;;;;;;
12;KW_T_423_12_0040L.tif.jpg;illustration;Rubus odoratus;Rubus odoratus;Rubus;odoratus;Flowering plants;Asteraceae;Grote centaurie;https://galerij.kb.nl/kb.html#/nl/florabatava10/page/78/zoom/2/lat/0.17578097424708533/lng/-0.17578125;;;;;;;;;;;;;
12;KW_T_423_12_0042L.tif.jpg;illustration;Sempervivum tectorum;Sempervivum tectorum;Sempervivum;tectorum;Fungi;Fomitopsidaceae;Doolhofzwam;https://galerij.kb.nl/kb.html#/nl/florabatava10/page/79/zoom/2/lat/0.17578097424708533/lng/-0.17578125;;;;;;;;;;;;;
12;KW_T_423_12_0044L.tif.jpg;illustration;Ribes alpinum;Ribes alpinum;Ribes;alpinum;Fungi;Gloeophyllaceae;Geelbruine plaatjeshoutzwam;https://galerij.kb.nl/kb.html#/nl/florabatava10/page/80/zoom/2/lat/0.17578097424708533/lng/-0.17578125;;;;;;;;;;;;;
12;KW_T_423_12_0046L.tif.jpg;illustration;Boletus satanas;Xerocomellus chrysenteron s.l.;Xerocomellus;chrysenteron s.l.;Fungi;Polyporaceae;Witte bultzwam;https://galerij.kb.nl/kb.html#/nl/florabatava10/page/80/zoom/2/lat/0.17578097424708533/lng/-0.17578125;;;;;;;;;;;;;
12;KW_T_423_12_0048L.tif.jpg;illustration;Zostera marina;Zostera marina;Zostera;marina;Flowering plants;Poaceae;Dreps;https://galerij.kb.nl/kb.html#/nl/florabatava10/page/81/zoom/2/lat/0.17578097424708533/lng/-0.17578125;;;;;;;;;;;;;
12;KW_T_423_12_0048L.tif.jpg;illustration;Zostera nana;Zostera noltei;Zostera;noltei;Flowering plants;Amaryllidaceae;Bieslook;https://galerij.kb.nl/kb.html#/nl/florabatava10/page/82/zoom/2/lat/0.17578097424708533/lng/-0.17578125;;;;;;;;;;;;;
12;KW_T_423_12_0050L.tif.jpg;illustration;Cucubalus bacciferus;Silene baccifera;Silene;baccifera;Flowering plants;Malvaceae;Muskuskaasjeskruid;https://galerij.kb.nl/kb.html#/nl/florabatava10/page/83/zoom/2/lat/0.17578097424708533/lng/-0.17578125;;;;;;;;;;;;;
12;KW_T_423_12_0052L.tif.jpg;illustration;Chara vulgaris;Chara spec.;Chara;spec.;Fungi;Parmeliaceae;;https://galerij.kb.nl/kb.html#/nl/florabatava10/page/84/zoom/2/lat/0.17578097424708533/lng/-0.17578125;;;;;;;;;;;;;
12;KW_T_423_12_0054L.tif.jpg;illustration;Nitella syncarpa;Nitella syncarpa;Nitella;syncarpa;Fungi;Parmeliaceae;Schildmos spec.;https://galerij.kb.nl/kb.html#/nl/florabatava10/page/84/zoom/2/lat/0.17578097424708533/lng/-0.17578125;;;;;;;;;;;;;
12;KW_T_423_12_0056L.tif.jpg;illustration;Asarum europaeum;Asarum europaeum;Asarum;europaeum;Fungi;Parmeliaceae;Schildmos spec.;https://galerij.kb.nl/kb.html#/nl/florabatava10/page/84/zoom/2/lat/0.17578097424708533/lng/-0.17578125;;;;;;;;;;;;;
12;KW_T_423_12_0058L.tif.jpg;illustration;Secale cornutum;Claviceps purpurea s.l.;Claviceps;purpurea s.l.;Fungi;Phallaceae;Grote stinkzwam;https://galerij.kb.nl/kb.html#/nl/florabatava10/page/85/zoom/2/lat/0.17578097424708533/lng/-0.17578125;;;;;;;;;;;;;
12;KW_T_423_12_0060L.tif.jpg;illustration;Erica arborea;Erica spec.;Erica;spec.;Flowering plants;Poaceae;Handjesgras;https://galerij.kb.nl/kb.html#/nl/florabatava10/page/86/zoom/2/lat/0.17578097424708533/lng/-0.17578125;;;;;;;;;;;;;
12;KW_T_423_12_0062L.tif.jpg;illustration;Erica cinerea;Erica cinerea;Erica;cinerea;Flowering plants;Campanulaceae;Ruig klokje;https://galerij.kb.nl/kb.html#/nl/florabatava10/page/87/zoom/2/lat/0.17578097424708533/lng/-0.17578125;;;;;;;;;;;;;
12;KW_T_423_12_0064L.tif.jpg;illustration;Ribes nigrum;Ribes nigrum;Ribes;nigrum;Flowering plants;Campanulaceae;Kluwenklokje;https://galerij.kb.nl/kb.html#/nl/florabatava10/page/88/zoom/2/lat/0.17578097424708533/lng/-0.17578125;;;;;;;;;;;;;
12;KW_T_423_12_0066L.tif.jpg;illustration;Badiaga fluviatilis;Spongilla lacustris;Spongilla;lacustris;Fungi;Polyporaceae;Anijskurkzwam;https://galerij.kb.nl/kb.html#/nl/florabatava10/page/90/zoom/2/lat/0.17578097424708533/lng/-0.17578125;;;;;;;;;;;;;
12;KW_T_423_12_0068L.tif.jpg;illustration;Marchantia polymorpha / M. stellata / M. umbellata;Marchantia polymorpha;Marchantia;polymorpha;Flowering plants;Poaceae;Kransnaaldaar;https://galerij.kb.nl/kb.html#/nl/florabatava11/page/9/zoom/3/lat/-67.50856836293859/lng/-37.001953125;;;;;;;;;;;;;
12;KW_T_423_12_0070L.tif.jpg;illustration;Silene armeria;Silene armeria;Silene;armeria;Flowering plants;Caryophyllaceae;Blaassilene;https://galerij.kb.nl/kb.html#/nl/florabatava11/page/10/zoom/3/lat/-67.50856836293859/lng/-37.001953125;;;;;;;;;;;;;
12;KW_T_423_12_0072L.tif.jpg;illustration;Allium schoenoprasum;Allium schoenoprasum;Allium;schoenoprasum;Flowering plants;Fabaceae;Witte honingklaver;https://galerij.kb.nl/kb.html#/nl/florabatava11/page/11/zoom/3/lat/-67.50856836293859/lng/-37.001953125;;;;;;;;;;;;;
12;KW_T_423_12_0074L.tif.jpg;illustration;Spergula pentandra;Spergula morisonii;Spergula;morisonii;Fungi;Boletaceae;Kastanjeboleet;https://galerij.kb.nl/kb.html#/nl/florabatava11/page/12/zoom/3/lat/-67.50856836293859/lng/-37.001953125;;;;;;;;;;;;;
12;KW_T_423_12_0076L.tif.jpg;illustration;Lycopodium selago;Huperzia selago;Huperzia;selago;Fungi;Reticulariaceae;Gewone boomwrat;https://galerij.kb.nl/kb.html#/nl/florabatava11/page/13/zoom/3/lat/-67.50856836293859/lng/-37.001953125;;;;;;;;;;;;;
12;KW_T_423_12_0078L.tif.jpg;illustration;Orthotrichum affine;Orthotrichum cf. affine;Orthotrichum;cf. affine;Flowering plants;Ranunculaceae;Wildemanskruid;https://galerij.kb.nl/kb.html#/nl/florabatava11/page/14/zoom/3/lat/-67.50856836293859/lng/-37.001953126;;;;;;;;;;;;;
12;KW_T_423_12_0078L.tif.jpg;illustration;Orthotrichum lyellii;Orthotrichum spec.;Orthotrichum;spec.;Flowering plants;Lamiaceae;Borstelkrans;https://galerij.kb.nl/kb.html#/nl/florabatava11/page/15/zoom/3/lat/-67.50856836293859/lng/-37.001953125;;;;;;;;;;;;;
12;KW_T_423_12_0080L.tif.jpg;illustration;Lathyrus aphaca;Lathyrus aphaca;Lathyrus;aphaca;Algae;Fucaceae;Blaaswier;https://galerij.kb.nl/kb.html#/nl/florabatava11/page/16/zoom/3/lat/-67.50856836293859/lng/-37.001953125;;;;;;;;;;;;;
12;KW_T_423_12_0081R.tif.jpg;illustration;Lathyrus nissolia;Lathyrus nissolia;Lathyrus;nissolia;Fungi;Trichiaceae;Draadwatje  spec.;https://galerij.kb.nl/kb.html#/nl/florabatava11/page/17/zoom/3/lat/-67.50856836293859/lng/-37.001953125;;;;;;;;;;;;;
12;KW_T_423_12_0083L.tif.jpg;illustration;Botrychium lunaria;Botrychium lunaria;Botrychium;lunaria;Mosses;Funariaceae;Gewoon krulmos;https://galerij.kb.nl/kb.html#/nl/florabatava11/page/17/zoom/3/lat/-67.50856836293859/lng/-37.001953125;;;;;;;;;;;;;
12;KW_T_423_12_0085L.tif.jpg;illustration;Asplenium filix femina;Athyrium filix-femina;Athyrium;filix-femina;Fungi;Hygrocybaceae;Scharlaken wasplaat;https://galerij.kb.nl/kb.html#/nl/florabatava11/page/18/zoom/3/lat/-67.50856836293859/lng/-37.001953125;;;;;;;;;;;;;
12;KW_T_423_12_0087L.tif.jpg;illustration;Jungermannia platyphylla;Porella platyphylla;Porella;platyphylla;Fungi;Hygrocybaceae;Zwartwordende wasplaat;https://galerij.kb.nl/kb.html#/nl/florabatava11/page/54/zoom/3/lat/-68.56038368664157/lng/-35.77148437499999;;;;;;;;;;;;;
12;KW_T_423_12_0087L.tif.jpg;illustration;Jungermannia sphagni;Odontoschisma sphagni;Odontoschisma;sphagni;Flowering plants;Apiaceae;Aardkastanje;https://galerij.kb.nl/kb.html#/nl/florabatava11/page/19/zoom/3/lat/-67.50856836293859/lng/-37.001953125;;;;;;;;;;;;;
12;KW_T_423_12_0089L.tif.jpg;illustration;Dianthus barbatus;Dianthus barbatus;Dianthus;barbatus;Flowering plants;Amaryllidaceae;Daslook;https://galerij.kb.nl/kb.html#/nl/florabatava11/page/20/zoom/3/lat/-67.50856836293859/lng/-37.001953125;;;;;;;;;;;;;
12;KW_T_423_12_0091L.tif.jpg;illustration;Papaver somniferum;Papaver somniferum;Papaver;somniferum;Flowering plants;Hypericaceae;Fraai hertshooi;https://galerij.kb.nl/kb.html#/nl/florabatava11/page/21/zoom/3/lat/-67.50856836293859/lng/-37.001953125;;;;;;;;;;;;;
12;KW_T_423_12_0093L.tif.jpg;illustration;Hesperis matronalis;Hesperis matronalis;Hesperis;matronalis;Fungi;Clavariaceae;Heideknotzwam;https://galerij.kb.nl/kb.html#/nl/florabatava11/page/22/zoom/3/lat/-67.50856836293859/lng/-37.001953125;;;;;;;;;;;;;
12;KW_T_423_12_0095L.tif.jpg;illustration;Jungermannia tomentella;Trichocolea tomentella;Trichocolea;tomentella;Fungi;Clavariaceae;Sikkelkoraalzwam;https://galerij.kb.nl/kb.html#/nl/florabatava11/page/22/zoom/3/lat/-67.50856836293859/lng/-37.001953125;;;;;;;;;;;;;
12;KW_T_423_12_0097L.tif.jpg;illustration;Aspidium cristatum;Dryopteris cristata;Dryopteris;cristata;Fungi;Phacidiaceae;Zwarte knoopzwam;https://galerij.kb.nl/kb.html#/nl/florabatava11/page/22/zoom/3/lat/-67.50856836293859/lng/-37.001953125;;;;;;;;;;;;;
12;KW_T_423_12_0099L.tif.jpg;illustration;Colutea arborescens;Colutea arborescens;Colutea;arborescens;Fungi;Physalacriaceae;Sombere honingzwam;https://galerij.kb.nl/kb.html#/nl/florabatava11/page/23/zoom/3/lat/-67.50856836293859/lng/-37.001953125;;;;;;;;;;;;;
12;KW_T_423_12_0101L.tif.jpg;illustration;Clematis erecta;Clematis viticella;Clematis;viticella;Fungi;Strophariaceae;Valse kopegroenzwam;https://galerij.kb.nl/kb.html#/nl/florabatava11/page/23/zoom/3/lat/-67.50856836293859/lng/-37.001953125;;;;;;;;;;;;;
12;KW_T_423_12_0103L.tif.jpg;illustration;Cetraria aculeata parmelia;Cetraria aculeata;Cetraria;aculeata;Flowering plants;Convolvulaceae;Groot warkruid;https://galerij.kb.nl/kb.html#/nl/florabatava11/page/24/zoom/3/lat/-67.50856836293859/lng/-37.001953125;;;;;;;;;;;;;
12;KW_T_423_12_0103L.tif.jpg;illustration;Cetraria islandica;Cetraria islandica;Cetraria;islandica;Flowering plants;Plantaginaceae;Akkerleeuwenbek;https://galerij.kb.nl/kb.html#/nl/florabatava11/page/25/zoom/3/lat/-67.50856836293859/lng/-37.001953125;;;;;;;;;;;;;
12;KW_T_423_12_0105L.tif.jpg;illustration;Aesculus hippocastanum;Aesculus hippocastanum;Aesculus;hippocastanum;Flowering plants;Fabaceae;Lathyruswikke;https://galerij.kb.nl/kb.html#/nl/florabatava11/page/26/zoom/3/lat/-67.50856836293859/lng/-37.001953125;;;;;;;;;;;;;
12;KW_T_423_12_0107L.tif.jpg;illustration;Pertusaria communis;Pertusaria pertusa;Pertusaria;pertusa;Flowering plants;Salicaceae;Boswilg;https://galerij.kb.nl/kb.html#/nl/florabatava11/page/27/zoom/3/lat/-67.50856836293859/lng/-37.001953125;;;;;;;;;;;;;
12;KW_T_423_12_0109L.tif.jpg;illustration;Castanea vulgaris;Castanea sativa;Castanea;sativa;Fungi;Galeropsidaceae;Franjevlekplaat;https://galerij.kb.nl/kb.html#/nl/florabatava11/page/28/zoom/3/lat/-67.50856836293859/lng/-37.001953125;;;;;;;;;;;;;
12;KW_T_423_12_0111L.tif.jpg;illustration;Pisum arvense;Pisum sativum;Pisum;sativum;Fungi;Galeropsidaceae;Geringde vlekplaat;https://galerij.kb.nl/kb.html#/nl/florabatava11/page/28/zoom/3/lat/-67.50856836293859/lng/-37.001953125;;;;;;;;;;;;;
12;KW_T_423_12_0113L.tif.jpg;illustration;Polygonum fagopyrum / Fagopyrum esculentum;Fagopyrum esculentum;Fagopyrum;esculentum;Flowering plants;Oleaceae;Wilde liguster;https://galerij.kb.nl/kb.html#/nl/florabatava11/page/29/zoom/3/lat/-67.50856836293859/lng/-37.001953125;;;;;;;;;;;;;
12;KW_T_423_12_0115L.tif.jpg;illustration;Calycium hyperellum;Calicium viride;Calicium;viride;Flowering plants;Rosaceae;Egelantier;https://galerij.kb.nl/kb.html#/nl/florabatava11/page/30/zoom/3/lat/-67.50856836293859/lng/-37.001953125;;;;;;;;;;;;;
12;KW_T_423_12_0115L.tif.jpg;illustration;Pertusaria wulfenii;Pertusaria hymenea;Pertusaria;hymenea;Flowering plants;Fabaceae;Kleine klaver;https://galerij.kb.nl/kb.html#/nl/florabatava11/page/31/zoom/3/lat/-67.50856836293859/lng/-37.001953125;;;;;;;;;;;;;
12;KW_T_423_12_0117L.tif.jpg;illustration;Nicandra physaloides;Nicandra physalodes;Nicandra;physalodes;Fungi;Strophariaceae;Gewone zwavelkop;https://galerij.kb.nl/kb.html#/nl/florabatava11/page/32/zoom/3/lat/-67.50856836293859/lng/-37.001953125;;;;;;;;;;;;;
12;KW_T_423_12_0119L.tif.jpg;illustration;Boletus oudemansii;Suillus placidus;Suillus;placidus;Fungi;Hydnangiaceae;"Gewone fopzwam (boven);  Amethistzwam (onder)";https://galerij.kb.nl/kb.html#/nl/florabatava11/page/32/zoom/3/lat/-67.50856836293859/lng/-37.001953125;;;;;;;;;;;;;
12;KW_T_423_12_0121L.tif.jpg;illustration;Agaricus volvaceus;Volvariella volvacea;Volvariella;volvacea;Fungi;Russulaceae;Baardige melkzwam;https://galerij.kb.nl/kb.html#/nl/florabatava11/page/33/zoom/3/lat/-67.50856836293859/lng/-37.001953125;;;;;;;;;;;;;
12;KW_T_423_12_0123L.tif.jpg;illustration;Amblystegium serpens;Amblystegium serpens;Amblystegium;serpens;Fungi;Russulaceae;Fijngegordelde melkzwam;https://galerij.kb.nl/kb.html#/nl/florabatava11/page/33/zoom/3/lat/-67.50856836293859/lng/-37.001953125;;;;;;;;;;;;;
12;KW_T_423_12_0125L.tif.jpg;illustration;Amblystegium juratzkanum;Amblystegium serpens;Amblystegium;serpens;Fungi;Russulaceae;Populiermelkzwam;https://galerij.kb.nl/kb.html#/nl/florabatava11/page/33/zoom/3/lat/-67.50856836293859/lng/-37.001953125;;;;;;;;;;;;;
12;KW_T_423_12_0127L.tif.jpg;illustration;Carex distans;Carex distans;Carex;distans;Flowering plants;Rubiaceae;Boswalstro;https://galerij.kb.nl/kb.html#/nl/florabatava11/page/34/zoom/3/lat/-67.50856836293859/lng/-37.001953125;;;;;;;;;;;;;
12;KW_T_423_12_0129L.tif.jpg;illustration;Hieracium pratense;Hieracium caespitosum;Hieracium;caespitosum;Algae;Potamogetonaceae;Glanzig fonteinkruid;https://galerij.kb.nl/kb.html#/nl/florabatava11/page/35/zoom/3/lat/-67.50856836293859/lng/-37.001953125;;;;;;;;;;;;;
12;KW_T_423_12_0131L.tif.jpg;illustration;Elodaea canadensis (Udora occidentalis);Elodea canadensis;Elodea;canadensis;Flowering plants;Lamiaceae;Betonie;https://galerij.kb.nl/kb.html#/nl/florabatava11/page/36/zoom/3/lat/-67.50856836293859/lng/-37.001953125;;;;;;;;;;;;;
12;KW_T_423_12_0133L.tif.jpg;illustration;Geaster rufescens;Geastrum triplex;Geastrum;triplex;Fungi;Amanitaceae;Groene knolamaniet;https://galerij.kb.nl/kb.html#/nl/florabatava11/page/37/zoom/3/lat/-67.50856836293859/lng/-37.001953125;;;;;;;;;;;;;
12;KW_T_423_12_0135L.tif.jpg;illustration;Orobanche minor;Orobanche minor;Orobanche;minor;Fungi;Xylariaceae;Houtknotszwam;https://galerij.kb.nl/kb.html#/nl/florabatava11/page/37/zoom/3/lat/-67.50856836293859/lng/-37.001953125;;;;;;;;;;;;;
12;KW_T_423_12_0137L.tif.jpg;illustration;Buxbaumia aphylla;Buxbaumia aphylla;Buxbaumia;aphylla;Fungi;Marasmiaceae;Weidekringzwam;https://galerij.kb.nl/kb.html#/nl/florabatava11/page/38/zoom/3/lat/-67.50856836293859/lng/-37.001953125;;;;;;;;;;;;;
12;KW_T_423_12_0139L.tif.jpg;illustration;Carex paludosa;Carex acutiformis;Carex;acutiformis;Flowering plants;Poaceae;Groene naaldaar;https://galerij.kb.nl/kb.html#/nl/florabatava11/page/39/zoom/3/lat/-67.50856836293859/lng/-37.001953125;;;;;;;;;;;;;
12;KW_T_423_12_0141L.tif.jpg;illustration;Carex paludosa var. pendula;Carex spec.;Carex;spec.;Flowering plants;Asteraceae;Wilde cichorei;https://galerij.kb.nl/kb.html#/nl/florabatava11/page/40/zoom/3/lat/-67.50856836293859/lng/-37.001953125;;;;;;;;;;;;;
12;KW_T_423_12_0143L.tif.jpg;illustration;Lentinus suff(r)utescens;Neolentinus lepideus ;Neolentinus;lepideus;Flowering plants;Asteraceae;Zeealsem;http://galerij.kb.nl/kb.html#/nl/florabatava11/page/41/zoom/3/lat/-68.62454366344708/lng/-48.427734375;;;;;;;;;;;;;
12;KW_T_423_12_0145L.tif.jpg;illustration;Barbula laevipila;Syntrichia laevipila;Syntrichia;laevipila;Flowering plants;Araceae;Slangenwortel;https://galerij.kb.nl/kb.html#/nl/florabatava11/page/42/zoom/3/lat/-67.50856836293859/lng/-37.001953125;;;;;;;;;;;;;
12;KW_T_423_12_0145L.tif.jpg;illustration;Barbula muralis;Tortula muralis;Tortula;muralis;Fungi;Russulaceae;Zwartgroene melkzwam;https://galerij.kb.nl/kb.html#/nl/florabatava11/page/43/zoom/3/lat/-67.50856836293859/lng/-37.001953125;;;;;;;;;;;;;
12;KW_T_423_12_0147L.tif.jpg;illustration;Senecio erucifolius;Jacobaea erucifolia;Jacobaea;erucifolia;Flowering plants;Rosaceae;Franse roos;https://galerij.kb.nl/kb.html#/nl/florabatava11/page/44/zoom/3/lat/-67.50856836293859/lng/-37.001953125;;;;;;;;;;;;;
12;KW_T_423_12_0149L.tif.jpg;illustration;Carex vulgaris;Carex nigra;Carex;nigra;Flowering plants;Fabaceae;Duitse brem;https://galerij.kb.nl/kb.html#/nl/florabatava11/page/45/zoom/3/lat/-67.50856836293859/lng/-37.001953125;;;;;;;;;;;;;
12;KW_T_423_12_0151L.tif.jpg;illustration;Pimpinella magna;Pimpinella major;Pimpinella;major;Flowering plants;Orobanchaceae;Grote bremraap;https://galerij.kb.nl/kb.html#/nl/florabatava11/page/46/zoom/3/lat/-67.50856836293859/lng/-37.001953125;;;;;;;;;;;;;
12;KW_T_423_12_0153L.tif.jpg;illustration;Polypodium dryopteris;Coniferscarpium dryopteris;Coniferscarpium;dryopteris;Mosses;Pelliaceae;Gewoon plakkaatmos;https://galerij.kb.nl/kb.html#/nl/florabatava11/page/47/zoom/3/lat/-67.50856836293859/lng/-37.001953125;;;;;;;;;;;;;
12;KW_T_423_12_0155L.tif.jpg;illustration;Tillaea muscosa;Crassula tillaea;Crassula;tillaea;Mosses;Plagiochilaceae;#N/A;https://galerij.kb.nl/kb.html#/nl/florabatava11/page/48/zoom/3/lat/-70.46620742226557/lng/-110.12695312499999;;;;;;;;;;;;;
12;KW_T_423_12_0157L.tif.jpg;illustration;Thalictrum silvaticum;Thalictrum minus;Thalictrum;minus;Fungi;Parmeliaceae;Baardmos spec.;https://galerij.kb.nl/kb.html#/nl/florabatava11/page/49/zoom/3/lat/-67.50856836293859/lng/-37.001953125;;;;;;;;;;;;;
12;KW_T_423_12_0159L.tif.jpg;illustration;Senecio aquaticus;Jacobaea aquatica;Jacobaea;aquatica;Fungi;Cladoniaceae;Echt rendiermos;https://galerij.kb.nl/kb.html#/nl/florabatava11/page/49/zoom/3/lat/-67.50856836293859/lng/-37.001953125;;;;;;;;;;;;;
12;KW_T_423_12_0161L.tif.jpg;illustration;Corispermum marschallii;Corispermum marschallii;Corispermum;marschallii;Flowering plants;Fabaceae;Hokjespeul;https://galerij.kb.nl/kb.html#/nl/florabatava11/page/50/zoom/3/lat/-67.50856836293859/lng/-37.001953125;;;;;;;;;;;;;
12;KW_T_423_12_0163L.tif.jpg;illustration;Pimpinella saxifraga;Pimpinella saxifraga;Pimpinella;saxifraga;Flowering plants;Caryophyllaceae;Franse silene;https://galerij.kb.nl/kb.html#/nl/florabatava11/page/51/zoom/3/lat/-67.90861918215302/lng/-41.220703125;;;;;;;;;;;;;
12;KW_T_423_12_0165L.tif.jpg;illustration;Monotropa hipopitys;Monotropa hypopitys;Monotropa;hypopitys;Flowering plants;Fabaceae;Knollathyrus;https://galerij.kb.nl/kb.html#/nl/florabatava11/page/52/zoom/3/lat/-68.366801093914/lng/-40.693359375;;;;;;;;;;;;;
12;KW_T_423_12_0167L.tif.jpg;illustration;Crepis virens;Crepis capillaris;Crepis;capillaris;Fungi;Cortinariaceae;Violette gordijnzwam;https://galerij.kb.nl/kb.html#/nl/florabatava11/page/53/zoom/3/lat/-71.88357830131248/lng/-39.63867187499999;;;;;;;;;;;;;
13;KW_T_423_13_0010L.tif.jpg;illustration;Carex vulpina;Carex otrubae;Carex;otrubae;Fungi;Hygrocybaceae;Zwartwordende wasplaat;https://galerij.kb.nl/kb.html#/nl/florabatava11/page/54/zoom/3/lat/-68.56038368664157/lng/-35.77148437499999;;;;;;;;;;;;;
13;KW_T_423_13_0012L.tif.jpg;illustration;Carex remota;Carex remota;Carex;remota;Flowering plants;Poaceae;Eenbloemig parelgras;https://galerij.kb.nl/kb.html#/nl/florabatava11/page/55/zoom/3/lat/-68.56038368664157/lng/-35.77148437499999;;;;;;;;;;;;;
13;KW_T_423_13_0014L.tif.jpg;illustration;Carex pilulifera;Carex pilulifera;Carex;pilulifera;Flowering plants;Euphorbiaceae;Kruisbladige wolfsmelk;https://galerij.kb.nl/kb.html#/nl/florabatava11/page/56/zoom/3/lat/-68.56038368664157/lng/-35.77148437499999;;;;;;;;;;;;;
13;KW_T_423_13_0016L.tif.jpg;illustration;Carex ampullacea;Carex rostrata;Carex;rostrata;Algae;Plocamiaceae;Kamwier;https://galerij.kb.nl/kb.html#/nl/florabatava11/page/57/zoom/3/lat/-68.56038368664157/lng/-35.77148437499999;;;;;;;;;;;;;
13;KW_T_423_13_0018L.tif.jpg;illustration;Carex stellulata;Carex echinata;Carex;echinata;Mosses;Sphagnaceae;cf. Wrattig veenmos;https://galerij.kb.nl/kb.html#/nl/florabatava11/page/58/zoom/3/lat/-68.56038368664157/lng/-35.77148437499999;;;;;;;;;;;;;
13;KW_T_423_13_0020L.tif.jpg;illustration;Carex paniculata;Carex paniculata;Carex;paniculata;Mosses;Thuidiaceae;Gewoon thujamos;https://galerij.kb.nl/kb.html#/nl/florabatava11/page/59/zoom/3/lat/-68.56038368664157/lng/-35.77148437499999;;;;;;;;;;;;;
13;KW_T_423_13_0022L.tif.jpg;illustration;Carex elongata;Carex elongata;Carex;elongata;Mosses;Amblystegiaceae;Sterrengoudmos;https://galerij.kb.nl/kb.html#/nl/florabatava11/page/59/zoom/3/lat/-68.56038368664157/lng/-35.77148437499999;;;;;;;;;;;;;
13;KW_T_423_13_0024L.tif.jpg;illustration;Carex acuta;Carex acuta;Carex;acuta;Flowering plants;Campanulaceae;Zwartblauwe rapunzel;https://galerij.kb.nl/kb.html#/nl/florabatava11/page/60/zoom/3/lat/-68.56038368664157/lng/-36.474609375;;;;;;;;;;;;;
13;KW_T_423_13_0026L.tif.jpg;illustration;Carex muricata;Carex sect. Phaestoglochin;Carex;sect. Phaestoglochin;Flowering plants;Cyperaceae;Bruine snavelbies;https://galerij.kb.nl/kb.html#/nl/florabatava11/page/61/zoom/3/lat/-68.56038368664157/lng/-36.474609381;;;;;;;;;;;;;
13;KW_T_423_13_0028L.tif.jpg;illustration;Carex glauca;Carex flacca;Carex;flacca;Flowering plants;Poaceae;Ruw gierstgras;https://galerij.kb.nl/kb.html#/nl/florabatava11/page/61/zoom/3/lat/-68.56038368664157/lng/-36.474609375;;;;;;;;;;;;;
13;KW_T_423_13_0030L.tif.jpg;illustration;Carex flava;Carex demissa;Carex;demissa;Flowering plants;Solanaceae;Wolfskers;https://galerij.kb.nl/kb.html#/nl/florabatava11/page/62/zoom/3/lat/-68.56038368664157/lng/-36.474609375;;;;;;;;;;;;;
13;KW_T_423_13_0032L.tif.jpg;illustration;Heleocharis multicaulis;Eleocharis multicaulis;Eleocharis;multicaulis;Mosses;Brachytheciaceae;Bleek dikkopmos;https://galerij.kb.nl/kb.html#/nl/florabatava11/page/63/zoom/3/lat/-68.56038368664157/lng/-36.474609375;;;;;;;;;;;;;
13;KW_T_423_13_0034L.tif.jpg;illustration;Heleocharis acicularis;Eleocharis acicularis;Eleocharis;acicularis;Mosses;Hylocomiaceae;Bronsmos;https://galerij.kb.nl/kb.html#/nl/florabatava11/page/63/zoom/3/lat/-68.56038368664157/lng/-36.474609375;;;;;;;;;;;;;
13;KW_T_423_13_0036L.tif.jpg;illustration;Heleocharis palustris;Eleocharis palustris;Eleocharis;palustris;Fungi;Ceratostomataceae;"""Dennenpoliepzwammetje""";https://galerij.kb.nl/kb.html#/nl/florabatava11/page/64/zoom/3/lat/-68.56038368664157/lng/-36.474609375;;;;;;;;;;;;;
13;KW_T_423_13_0038L.tif.jpg;illustration;Radiola linoides;Radiola linoides;Radiola;linoides;Fungi;Cronartiaceae;Grove-dennenblaasroest ;https://galerij.kb.nl/kb.html#/nl/florabatava11/page/64/zoom/3/lat/-68.56038368664157/lng/-36.474609375;;;;;;;;;;;;;
13;KW_T_423_13_0040L.tif.jpg;illustration;Luzula multiflora;Luzula spec.;Luzula;spec.;Fungi;Indet.;Zakjeszwam spec.;https://galerij.kb.nl/kb.html#/nl/florabatava11/page/64/zoom/3/lat/-68.56038368664157/lng/-36.474609375;;;;;;;;;;;;;
13;KW_T_423_13_0042L.tif.jpg;illustration;Juncus capitatus;Juncus capitatus;Juncus;capitatus;Flowering plants;Boraginaceae;Bosvergeet-mij-nietje;https://galerij.kb.nl/kb.html#/nl/florabatava11/page/65/zoom/3/lat/-68.56038368664157/lng/-36.474609375;;;;;;;;;;;;;
13;KW_T_423_13_0044L.tif.jpg;illustration;Juncus conglomeratus;Juncus conglomeratus;Juncus;conglomeratus;Flowering plants;Asteraceae;Dwergviltkruid;https://galerij.kb.nl/kb.html#/nl/florabatava11/page/66/zoom/3/lat/-68.56038368664157/lng/-36.474609375;;;;;;;;;;;;;
13;KW_T_423_13_0046L.tif.jpg;illustration;Juncus bufonius;Juncus bufonius;Juncus;bufonius;Mosses;Bartramiaceae;Gewoon appelmos;https://galerij.kb.nl/kb.html#/nl/florabatava11/page/67/zoom/3/lat/-68.56038368664157/lng/-36.474609375;;;;;;;;;;;;;
13;KW_T_423_13_0048L.tif.jpg;illustration;Juncus glaucus;Juncus inflexus;Juncus;inflexus;Fungi;Parmeliaceae;Gewoon Schorsmos;https://galerij.kb.nl/kb.html#/nl/florabatava11/page/67/zoom/3/lat/-68.56038368664157/lng/-36.474609375;;;;;;;;;;;;;
13;KW_T_423_13_0050L.tif.jpg;illustration;Lotus uliginosus;Lotus pedunculatus;Lotus;pedunculatus;Mosses;Cephaloziellaceae;Gewoon draadmos;https://galerij.kb.nl/kb.html#/nl/florabatava11/page/68/zoom/3/lat/-68.56038368664157/lng/-36.474609378;;;;;;;;;;;;;
13;KW_T_423_13_0052L.tif.jpg;illustration;Medicago falcata;Medicago falcata;Medicago;falcata;Fungi;Cladoniaceae;Rood bekermos;https://galerij.kb.nl/kb.html#/nl/florabatava11/page/68/zoom/3/lat/-68.56038368664157/lng/-36.474609375;;;;;;;;;;;;;
13;KW_T_423_13_0054L.tif.jpg;illustration;Arrhenaterum elatius;Arrhenatherum elatius;Arrhenatherum;elatius;Fungi;Lecideaceae;Dijkgranietkorst;https://galerij.kb.nl/kb.html#/nl/florabatava11/page/69/zoom/3/lat/-68.56038368664157/lng/-36.474609382;;;;;;;;;;;;;
13;KW_T_423_13_0056L.tif.jpg;illustration;Mercurialis annua;Mercurialis annua;Mercurialis;annua;Fungi;Stereocaulaceae;Stuifzandkorrelloof;https://galerij.kb.nl/kb.html#/nl/florabatava11/page/69/zoom/3/lat/-68.56038368664157/lng/-36.474609375;;;;;;;;;;;;;
13;KW_T_423_13_0058L.tif.jpg;illustration;Triodia decumbens;Danthonia decumbens;Danthonia;decumbens;Flowering plants;Plantaginaceae;Lange ereprijs;https://galerij.kb.nl/kb.html#/nl/florabatava11/page/70/zoom/3/lat/-68.56038368664157/lng/-36.474609375;;;;;;;;;;;;;
13;KW_T_423_13_0060L.tif.jpg;illustration;Barbula pillosa;Syntrichia papillosa;Syntrichia;papillosa;Flowering plants;Scrophulariaceae;Stalkaars;https://galerij.kb.nl/kb.html#/nl/florabatava11/page/71/zoom/3/lat/-68.56038368664157/lng/-36.474609375;;;;;;;;;;;;;
13;KW_T_423_13_0060L.tif.jpg;illustration;Barbula latifolia;Syntrichia latifolia;Syntrichia;latifolia;Flowering plants;Geraniaceae;Muskusreigersbek;https://galerij.kb.nl/kb.html#/nl/florabatava11/page/72/zoom/3/lat/-68.56038368664157/lng/-36.474609375;;;;;;;;;;;;;
13;KW_T_423_13_0062L.tif.jpg;illustration;Orobanche galii;Orobanche caryophyllacea;Orobanche;caryophyllacea;Flowering plants;Aspleniaceae;Tongvaren;https://galerij.kb.nl/kb.html#/nl/florabatava11/page/73/zoom/3/lat/-68.56038368664157/lng/-36.474609375;;;;;;;;;;;;;
13;KW_T_423_13_0064L.tif.jpg;illustration;Spiraea ulmaria;Filipendula ulmaria;Filipendula;ulmaria;Algae;Sargassaceae;(Bruinwier);https://galerij.kb.nl/kb.html#/nl/florabatava11/page/74/zoom/3/lat/-68.56038368664157/lng/-36.474609375;;;;;;;;;;;;;
13;KW_T_423_13_0066L.tif.jpg;illustration;Valerianella auricula;Valerianella rimosa;Valerianella;rimosa;Flowering plants;Asteraceae;Mariadistel;https://galerij.kb.nl/kb.html#/nl/florabatava11/page/75/zoom/3/lat/-68.56038368664157/lng/-36.474609375;;;;;;;;;;;;;
13;KW_T_423_13_0068L.tif.jpg;illustration;Hypnum cuspidatum;Calliergonella cuspidata;Calliergonella;cuspidata;Flowering plants;Asteraceae;Griekse alant;https://galerij.kb.nl/kb.html#/nl/florabatava11/page/76/zoom/3/lat/-68.56038368664157/lng/-36.474609375;;;;;;;;;;;;;
13;KW_T_423_13_0070L.tif.jpg;illustration;Galeopsis versicolor;Galeopsis speciosa;Galeopsis;speciosa;Flowering plants;Plantaginaceae;Vingerhoedskruid;https://galerij.kb.nl/kb.html#/nl/florabatava11/page/77/zoom/3/lat/-68.56038368664157/lng/-36.474609375;;;;;;;;;;;;;
13;KW_T_423_13_0072L.tif.jpg;illustration;Ranunculus radians;Ranunculus aquatilis;Ranunculus;aquatilis;Algae;Ulvaceae;Breed darmwier;https://galerij.kb.nl/kb.html#/nl/florabatava11/page/78/zoom/3/lat/-68.56038368664157/lng/-36.474609375;;;;;;;;;;;;;
13;KW_T_423_13_0074L.tif.jpg;illustration;Artemisia campestris;Artemisia campestris ;Artemisia;campestris;Algae;Ulvaceae;Plat darmwier;https://galerij.kb.nl/kb.html#/nl/florabatava11/page/79/zoom/3/lat/-68.56038368664157/lng/-36.474609375;;;;;;;;;;;;;
13;KW_T_423_13_0076L.tif.jpg;illustration;Avena pubescens;Avenula pubescens;Avenula;pubescens;Flowering plants;Solanaceae;Boksdoorn;https://galerij.kb.nl/kb.html#/nl/florabatava11/page/80/zoom/3/lat/-68.56038368664157/lng/-36.474609375;;;;;;;;;;;;;
13;KW_T_423_13_0078L.tif.jpg;illustration;Ranunculus trichophyllus;Ranunculus trichophyllus;Ranunculus;trichophyllus;Flowering plants;Clethraceae;Clethra;https://galerij.kb.nl/kb.html#/nl/florabatava11/page/81/zoom/3/lat/-68.56038368664157/lng/-36.474609375;;;;;;;;;;;;;
13;KW_T_423_13_0080L.tif.jpg;illustration;Orobanche picridis;Orobanche picridis;Orobanche;picridis;Ferns;Thelypteridaceae;Moerasvaren;https://galerij.kb.nl/kb.html#/nl/florabatava11/page/82/zoom/3/lat/-68.56038368664157/lng/-36.474609375;;;;;;;;;;;;;
13;KW_T_423_13_0082L.tif.jpg;illustration;Ranunculus fluitans;Ranunculus fluitans;Ranunculus;fluitans;Fungi;Russulaceae;Vissige melkzwam;https://galerij.kb.nl/kb.html#/nl/florabatava11/page/83/zoom/3/lat/-68.56038368664157/lng/-36.474609375;;;;;;;;;;;;;
13;KW_T_423_13_0084L.tif.jpg;illustration;Callitriche stagnalis;Callitriche platycarpa;Callitriche;platycarpa;Fungi;Agaricaceae;Geschubde inktzwam;https://galerij.kb.nl/kb.html#/nl/florabatava11/page/84/zoom/3/lat/-68.56038368664157/lng/-36.474609375;;;;;;;;;;;;;
13;KW_T_423_13_0086L.tif.jpg;illustration;Ranunculus divaricatus;Ranunculus circinatus;Ranunculus;circinatus;Flowering plants;Poaceae;Dolik;https://galerij.kb.nl/kb.html#/nl/florabatava11/page/85/zoom/3/lat/-68.56038368664157/lng/-36.474609375;;;;;;;;;;;;;
13;KW_T_423_13_0088L.tif.jpg;illustration;Barbula ruralis;Syntrichia ruralis var. arenicola;Syntrichia;ruralis var. arenicola;Flowering plants;Violaceae;Hondsviooltje;https://galerij.kb.nl/kb.html#/nl/florabatava11/page/86/zoom/3/lat/-68.56038368664157/lng/-36.474609375;;;;;;;;;;;;;
13;KW_T_423_13_0088L.tif.jpg;illustration;Barbula subulata;Tortula subulata;Tortula;subulata;Flowering plants;Asteraceae;Kompassla;https://galerij.kb.nl/kb.html#/nl/florabatava11/page/87/zoom/3/lat/-68.56038368664157/lng/-36.474609375;;;;;;;;;;;;;
13;KW_T_423_13_0091L.tif.jpg;illustration;Arum italicum;Arum italicum;Arum;italicum;Fungi;Pucciniaceae;Zwarte roest;https://galerij.kb.nl/kb.html#/nl/florabatava11/page/88/zoom/3/lat/-68.56038368664157/lng/-36.474609375;;;;;;;;;;;;;
13;KW_T_423_13_0093L.tif.jpg;illustration;Ranunculus confusus;Ranunculus ololeucos;Ranunculus;ololeucos;Flowering plants;Plantaginaceae;Blauwe leeuwenbek;https://galerij.kb.nl/kb.html#/nl/florabatava12/page/9/zoom/3/lat/-66.5482634621744/lng/-29.091796875;;;;;;;;;;;;;
13;KW_T_423_13_0095L.tif.jpg;illustration;Lithosperum officinale;Lithospermum officinale;Lithospermum;officinale;Mosses;Dicranaceae;Gekroesd gaffeltandmos;https://galerij.kb.nl/kb.html#/nl/florabatava12/page/10/zoom/3/lat/-66.5482634621744/lng/-29.091796875;;;;;;;;;;;;;
13;KW_T_423_13_0097L.tif.jpg;illustration;Carex stricta;Carex cf. elata;Carex;cf. elata;Mosses;Leucobryaceae;Kussentjesmos;https://galerij.kb.nl/kb.html#/nl/florabatava12/page/10/zoom/3/lat/-66.5482634621744/lng/-29.091796875;;;;;;;;;;;;;
13;KW_T_423_13_0099L.tif.jpg;illustration;Bromus tectorum;Anisantha tectorum;Anisantha;tectorum;Flowering plants;Ranunculaceae;Zomeradonis;https://galerij.kb.nl/kb.html#/nl/florabatava12/page/11/zoom/3/lat/-66.5482634621744/lng/-29.091796875;;;;;;;;;;;;;
13;KW_T_423_13_0101L.tif.jpg;illustration;Poterium sanguisorba;Poterium sanguisorba;Poterium;sanguisorba;Ferns;Equisetaceae;Bospaardenstaart;https://galerij.kb.nl/kb.html#/nl/florabatava12/page/12/zoom/3/lat/-66.5482634621744/lng/-29.091796875;;;;;;;;;;;;;
13;KW_T_423_13_0103L.tif.jpg;illustration;Juncus gerardi;Juncus gerardii;Juncus;gerardii;Ferns;Aspleniaceae;Zwartsteel;https://galerij.kb.nl/kb.html#/nl/florabatava12/page/13/zoom/3/lat/-66.5482634621744/lng/-29.091796875;;;;;;;;;;;;;
13;KW_T_423_13_0105L.tif.jpg;illustration;Scirpus tabernaemontani;Schoenoplectus tabernaemontani;Schoenoplectus;tabernaemontani;Mosses;Hylocomiaceae;Gewoon haakmos;https://galerij.kb.nl/kb.html#/nl/florabatava12/page/14/zoom/3/lat/-66.5482634621744/lng/-29.091796875;;;;;;;;;;;;;
13;KW_T_423_13_0107L.tif.jpg;illustration;Juncus uliginosus;Juncus bulbosus;Juncus;bulbosus;Mosses;Hylocomiaceae;Pluimstaartmos;https://galerij.kb.nl/kb.html#/nl/florabatava12/page/14/zoom/3/lat/-66.5482634621744/lng/-29.091796875;;;;;;;;;;;;;
13;KW_T_423_13_0109L.tif.jpg;illustration;Orthotrichum diaphanum;Orthotrichum diaphanum;Orthotrichum;diaphanum;Flowering plants;Ranunculaceae;Bosrank;https://galerij.kb.nl/kb.html#/nl/florabatava12/page/15/zoom/3/lat/-66.5482634621744/lng/-29.091796875;;;;;;;;;;;;;
13;KW_T_423_13_0109L.tif.jpg;illustration;Orthotrichum leiocarpum;Lewinskya striata;Lewinskya;striata;Flowering plants;Malvaceae;Vijfdelig kaasjeskruid;https://galerij.kb.nl/kb.html#/nl/florabatava12/page/16/zoom/3/lat/-66.5482634621744/lng/-29.091796875;;;;;;;;;;;;;
13;KW_T_423_13_0112L.tif.jpg;illustration;Hieracium amplexicaule;Hieracium amplexicaule;Hieracium;amplexicaule;Flowering plants;Boraginaceae;Bernagie;https://galerij.kb.nl/kb.html#/nl/florabatava12/page/17/zoom/3/lat/-66.5482634621744/lng/-29.091796875;;;;;;;;;;;;;
13;KW_T_423_13_0114L.tif.jpg;illustration;Ceratodon purpureus;Ceratodon purpureus;Ceratodon;purpureus;Ferns;Pteridaceae;Echt venushaar;https://galerij.kb.nl/kb.html#/nl/florabatava12/page/18/zoom/3/lat/-66.5482634621744/lng/-29.091796875;;;;;;;;;;;;;
13;KW_T_423_13_0114L.tif.jpg;illustration;Leucodon sciuroides;Leucodon sciuroides;Leucodon;sciuroides;Flowering plants;Asteraceae;Dubbelkelk;https://galerij.kb.nl/kb.html#/nl/florabatava12/page/19/zoom/3/lat/-66.5482634621744/lng/-29.091796875;;;;;;;;;;;;;
13;KW_T_423_13_0117L.tif.jpg;illustration;Barbarea stricta;Barbarea stricta;Barbarea;stricta;Flowering plants;Caryophyllaceae;Prikneus;https://galerij.kb.nl/kb.html#/nl/florabatava12/page/21/zoom/3/lat/-66.5482634621744/lng/-29.091796875;;;;;;;;;;;;;
13;KW_T_423_13_0119L.tif.jpg;illustration;Carex acuta;Carex acuta;Carex;acuta;Algae;Cladophoraceae;Losdrijvend visdraad;https://galerij.kb.nl/kb.html#/nl/florabatava12/page/22/zoom/3/lat/-66.5482634621744/lng/-29.091796875;;;;;;;;;;;;;
13;KW_T_423_13_0121L.tif.jpg;illustration;Juncus acutiflorus;Juncus acutiflorus;Juncus;acutiflorus;Algae;Cladophoraceae;Rotswier;https://galerij.kb.nl/kb.html#/nl/florabatava12/page/22/zoom/3/lat/-66.5482634621744/lng/-29.091796875;;;;;;;;;;;;;
13;KW_T_423_13_0123L.tif.jpg;illustration;Lappa tomentosa;Arctium tomentosum;Arctium;tomentosum;Algae;Chordariaceae;Zweepwier;https://galerij.kb.nl/kb.html#/nl/florabatava12/page/22/zoom/3/lat/-66.5482634621744/lng/-29.091796875;;;;;;;;;;;;;
13;KW_T_423_13_0125L.tif.jpg;illustration;Nasturtium sylvestre;Rorippa sylvestris;Rorippa;sylvestris;Algae;Zygnemataceae;(Draadwier);https://galerij.kb.nl/kb.html#/nl/florabatava12/page/23/zoom/3/lat/-66.5482634621744/lng/-29.091796875;;;;;;;;;;;;;
13;KW_T_423_13_0127L.tif.jpg;illustration;Arabis hirsuta;Arabis hirsuta subsp. hirsuta;Arabis;hirsuta subsp. hirsuta;Algae;Wrangeliaceae;Kleincellig pruikwier;https://galerij.kb.nl/kb.html#/nl/florabatava12/page/23/zoom/3/lat/-66.5482634621744/lng/-29.091796875;;;;;;;;;;;;;
13;KW_T_423_13_0129L.tif.jpg;illustration;Potamogeton pusillus;Potamogeton pusillus;Potamogeton;pusillus;Flowering plants;Rosaceae;Roodbloeiende framboos;https://galerij.kb.nl/kb.html#/nl/florabatava12/page/24/zoom/3/lat/-66.5482634621744/lng/-29.091796875;;;;;;;;;;;;;
13;KW_T_423_13_0131L.tif.jpg;illustration;Callitriche vernalis;Callitriche cf. palustris;Callitriche;cf. palustris;Flowering plants;Crassulaceae;Donderblad;https://galerij.kb.nl/kb.html#/nl/florabatava12/page/25/zoom/3/lat/-66.5482634621744/lng/-29.091796875;;;;;;;;;;;;;
13;KW_T_423_13_0133L.tif.jpg;illustration;Viola hirta;Viola hirta;Viola;hirta;Flowering plants;Grossulariaceae;Alpenbes;https://galerij.kb.nl/kb.html#/nl/florabatava12/page/26/zoom/3/lat/-66.5482634621744/lng/-29.091796875;;;;;;;;;;;;;
13;KW_T_423_13_0135L.tif.jpg;illustration;Koeleria cristata;Koeleria albescens/macrantha;Koeleria;albescens/macrantha;Algae;Zosteraceae;Groot zeegras;https://galerij.kb.nl/kb.html#/nl/florabatava12/page/28/zoom/3/lat/-66.5482634621744/lng/-29.091796875;;;;;;;;;;;;;
13;KW_T_423_13_0137L.tif.jpg;illustration;Corynephorus canescens;Corynephorus canescens;Corynephorus;canescens;Algae;Zosteraceae;Klein zeegras ;https://galerij.kb.nl/kb.html#/nl/florabatava12/page/28/zoom/3/lat/-66.5482634621744/lng/-29.091796875;;;;;;;;;;;;;
13;KW_T_423_13_0139L.tif.jpg;illustration;Hypnum giganteum;Calliergon giganteum;Calliergon;giganteum;Flowering plants;Caryophyllaceae;Besanjelier;https://galerij.kb.nl/kb.html#/nl/florabatava12/page/29/zoom/3/lat/-66.5482634621744/lng/-29.091796875;;;;;;;;;;;;;
13;KW_T_423_13_0141L.tif.jpg;illustration;Hieracium rigidum;Hieracium laevigatum;Hieracium;laevigatum;Algae;Characeae;(Kranswier);https://galerij.kb.nl/kb.html#/nl/florabatava12/page/30/zoom/3/lat/-66.5482634621744/lng/-29.091796875;;;;;;;;;;;;;
13;KW_T_423_13_0143L.tif.jpg;illustration;Geranium pyrenaicum;Geranium pyrenaicum;Geranium;pyrenaicum;Algae;Characeae;Vruchtrijk glanswier;https://galerij.kb.nl/kb.html#/nl/florabatava12/page/31/zoom/3/lat/-66.5482634621744/lng/-29.091796875;;;;;;;;;;;;;
13;KW_T_423_13_0145L.tif.jpg;illustration;Scirpus setaceus;Isolepis setacea;Isolepis;setacea;Flowering plants;Aristolochiaceae;Mansoor;https://galerij.kb.nl/kb.html#/nl/florabatava12/page/32/zoom/3/lat/-66.5482634621744/lng/-29.091796875;;;;;;;;;;;;;
13;KW_T_423_13_0147L.tif.jpg;illustration;Anagallis tenella;Anagallis tenella;Anagallis;tenella;Flowering plants;Ericaceae;Dophei spec.;https://galerij.kb.nl/kb.html#/nl/florabatava12/page/34/zoom/3/lat/-66.5482634621744/lng/-29.091796875;;;;;;;;;;;;;
13;KW_T_423_13_0149L.tif.jpg;illustration;Weisia cirrhata;Dicranoweisia cirrata;Dicranoweisia;cirrata;Flowering plants;Ericaceae;Rode dophei;https://galerij.kb.nl/kb.html#/nl/florabatava12/page/35/zoom/3/lat/-66.5482634621744/lng/-29.091796875;;;;;;;;;;;;;
13;KW_T_423_13_0151L.tif.jpg;illustration;Eurhynchium stokesii;Kindbergia praelonga;Kindbergia;praelonga;Flowering plants;Grossulariaceae;Zwarte bes;https://galerij.kb.nl/kb.html#/nl/florabatava12/page/36/zoom/3/lat/-66.5482634621744/lng/-29.091796875;;;;;;;;;;;;;
13;KW_T_423_13_0153L.tif.jpg;illustration;Asclepias cornuti;Asclepias syriaca;Asclepias;syriaca;Sponge, Animal;Spongillidae;Vertakte zoetwaterspons;https://galerij.kb.nl/kb.html#/nl/florabatava12/page/37/zoom/3/lat/-66.5482634621744/lng/-29.091796875;;;;;;;;;;;;;
13;KW_T_423_13_0153R.tif.jpg;illustration;Asclepias cornuti;Asclepias syriaca;Asclepias;syriaca;Mosses;Marchantiaceae;Parapluutjesmos;https://galerij.kb.nl/kb.html#/nl/florabatava12/page/38/zoom/3/lat/-66.5482634621744/lng/-29.091796875;;;;;;;;;;;;;
13;KW_T_423_13_0156L.tif.jpg;illustration;Calamagrostis epigeios;Calamagrostis epigejos;Calamagrostis;epigejos;Flowering plants;Caryophyllaceae;Pekbloem;https://galerij.kb.nl/kb.html#/nl/florabatava12/page/39/zoom/3/lat/-66.5482634621744/lng/-29.091796875;;;;;;;;;;;;;
13;KW_T_423_13_0158L.tif.jpg;illustration;Calamagrostis lanceolata;Calamagrostis canescens;Calamagrostis;canescens;Flowering plants;Amaryllidaceae;Bieslook;https://galerij.kb.nl/kb.html#/nl/florabatava12/page/40/zoom/3/lat/-70.52489722821652/lng/-45.615234375;;;;;;;;;;;;;
13;KW_T_423_13_0160L.tif.jpg;illustration;Geaster coliformis;Myriostoma coliforme;Myriostoma;coliforme;Flowering plants;Caryophyllaceae;Heidespurrie;https://galerij.kb.nl/kb.html#/nl/florabatava12/page/41/zoom/3/lat/-66.5482634621744/lng/-29.091796875;;;;;;;;;;;;;
13;KW_T_423_13_0162L.tif.jpg;illustration;Boletus luteus;Suillus luteus;Suillus;luteus;Ferns;Lycopodiaceae;Dennenwolfsklauw;https://galerij.kb.nl/kb.html#/nl/florabatava12/page/42/zoom/3/lat/-66.5482634621744/lng/-29.091796875;;;;;;;;;;;;;
13;KW_T_423_13_0164L.tif.jpg;illustration;Oenothera muricata;Oenothera spec.;Oenothera;spec.;Mosses;Orthotrichaceae;#N/A;https://galerij.kb.nl/kb.html#/nl/florabatava12/page/43/zoom/3/lat/-66.5482634621744/lng/-29.091796875;;;;;;;;;;;;;
13;KW_T_423_13_0166L.tif.jpg;illustration;Calamagrostis halleriana;Calamagrostis cf. canescens;Calamagrostis;cf. canescens;Flowering plants;Fabaceae;Naakte lathyrus;https://galerij.kb.nl/kb.html#/nl/florabatava12/page/44/zoom/3/lat/-66.5482634621744/lng/-29.091796876;;;;;;;;;;;;;
13;KW_T_423_13_0168L.tif.jpg;illustration;Eurhynchium striatum;Eurhynchium striatum;Eurhynchium;striatum;Flowering plants;Fabaceae;Graslathyrus;https://galerij.kb.nl/kb.html#/nl/florabatava12/page/44/zoom/3/lat/-66.5482634621744/lng/-29.091796875;;;;;;;;;;;;;
13;KW_T_423_13_0170L.tif.jpg;illustration;Agaricus rutilans;Tricholomopsis rutilans;Tricholomopsis;rutilans;Ferns;Ophioglossaceae;Gelobde maanvaren;https://galerij.kb.nl/kb.html#/nl/florabatava12/page/46/zoom/3/lat/-66.5482634621744/lng/-29.091796875;;;;;;;;;;;;;
13;KW_T_423_13_0172L.tif.jpg;illustration;Boletus satanas;Rubroboletus rhodoxanthus;Rubroboletus;rhodoxanthus;Ferns;Aspleniaceae;Wijfjesvaren;https://galerij.kb.nl/kb.html#/nl/florabatava12/page/47/zoom/3/lat/-66.5482634621744/lng/-29.091796875;;;;;;;;;;;;;
14;KW_T_423_14_0010L.tif.jpg;illustration;Anemone apennina;Anemone apennina;Anemone;apennina;Mosses;Porellaceae;Gewoon pelsmos;https://galerij.kb.nl/kb.html#/nl/florabatava12/page/48/zoom/3/lat/-66.5482634621744/lng/-29.091796875;;;;;;;;;;;;;
14;KW_T_423_14_0012L.tif.jpg;illustration;Montia minor;Montia spec.;Montia;spec.;Mosses;Cephaloziaceae;Veendubbeltjesmos;https://galerij.kb.nl/kb.html#/nl/florabatava12/page/48/zoom/3/lat/-66.5482634621744/lng/-29.091796878;;;;;;;;;;;;;
14;KW_T_423_14_0014L.tif.jpg;illustration;Homalia trichomanoïdes;Homalia trichomanoides;Homalia;trichomanoides;Flowering plants;Caryophyllaceae;Duizendschoon;https://galerij.kb.nl/kb.html#/nl/florabatava12/page/49/zoom/3/lat/-66.5482634621744/lng/-29.091796875;;;;;;;;;;;;;
14;KW_T_423_14_0016L.tif.jpg;illustration;Agaricus flaccidus;Lepista flaccida;Lepista;flaccida;Flowering plants;Papaveraceae;Slaapbol;https://galerij.kb.nl/kb.html#/nl/florabatava12/page/50/zoom/3/lat/-66.5482634621744/lng/-29.091796875;;;;;;;;;;;;;
14;KW_T_423_14_0018L.tif.jpg;illustration;Leotia lubrica;Leotia lubrica;Leotia;lubrica;Flowering plants;Brassicaceae;Damastbloem;https://galerij.kb.nl/kb.html#/nl/florabatava12/page/51/zoom/3/lat/-66.5482634621744/lng/-29.091796875;;;;;;;;;;;;;
14;KW_T_423_14_0020L.tif.jpg;illustration;Cirsium oleraceum;Cirsium oleraceum;Cirsium;oleraceum;Mosses;Trichocoleaceae;Wolmos;https://galerij.kb.nl/kb.html#/nl/florabatava12/page/52/zoom/3/lat/-66.5482634621744/lng/-29.091796875;;;;;;;;;;;;;
14;KW_T_423_14_0022L.tif.jpg;illustration;Salix undulata;Salix x fragilis;Salix;x fragilis;Ferns;Dryopteridaceae;Kamvaren;https://galerij.kb.nl/kb.html#/nl/florabatava12/page/53/zoom/3/lat/-66.5482634621744/lng/-29.091796875;;;;;;;;;;;;;
14;KW_T_423_14_0024L.tif.jpg;illustration;Pinus sylvestris;Pinus sylvestris;Pinus;sylvestris;Flowering plants;Fabaceae;Europese blazenstruik;https://galerij.kb.nl/kb.html#/nl/florabatava12/page/54/zoom/3/lat/-66.5482634621744/lng/-29.091796875;;;;;;;;;;;;;
14;KW_T_423_14_0026L.tif.jpg;illustration;Orchis incarnata;Dactylorhiza incarnata;Dactylorhiza;incarnata;Flowering plants;Ranunculaceae;Italiaanse clematis;https://galerij.kb.nl/kb.html#/nl/florabatava12/page/55/zoom/3/lat/-66.5482634621744/lng/-29.091796875;;;;;;;;;;;;;
14;KW_T_423_14_0028L.tif.jpg;illustration;Boletus granulatus;Suillus granulatus;Suillus;granulatus;Fungi;Parmeliaceae;Gewoon kraakloof;https://galerij.kb.nl/kb.html#/nl/florabatava12/page/56/zoom/3/lat/-66.5482634621744/lng/-29.091796875;;;;;;;;;;;;;
14;KW_T_423_14_0030L.tif.jpg;illustration;Daphne mezereum;Daphne mezereum;Daphne;mezereum;Fungi;Parmeliaceae;IJslands mos;https://galerij.kb.nl/kb.html#/nl/florabatava12/page/56/zoom/3/lat/-66.5482634621744/lng/-29.091796875;;;;;;;;;;;;;
14;KW_T_423_14_0032L.tif.jpg;illustration;Arum maculatum;Arum maculatum;Arum;maculatum;Flowering plants;Sapindaceae;Witte paardenkastanje;https://galerij.kb.nl/kb.html#/nl/florabatava12/page/57/zoom/3/lat/-66.5482634621744/lng/-29.091796875;;;;;;;;;;;;;
14;KW_T_423_14_0034L.tif.jpg;illustration;Carex oederi;Carex oederi;Carex;oederi;Fungi;Pertusariaceae;Gewoon speldenkussentje;https://galerij.kb.nl/kb.html#/nl/florabatava12/page/58/zoom/3/lat/-66.5482634621744/lng/-29.091796875;;;;;;;;;;;;;
14;KW_T_423_14_0036L.tif.jpg;illustration;Hypnum cupressiforme;Hypnum cupressiforme;Hypnum;cupressiforme;Flowering plants;Fagaceae;Tamme kastanje;https://galerij.kb.nl/kb.html#/nl/florabatava12/page/59/zoom/3/lat/-66.5482634621744/lng/-29.091796875;;;;;;;;;;;;;
14;KW_T_423_14_0038L.tif.jpg;illustration;Agaricus friesii;Chlorophyllum rhacodes;Chlorophyllum;rhacodes;Flowering plants;Fabaceae;Erwt;https://galerij.kb.nl/kb.html#/nl/florabatava12/page/60/zoom/3/lat/-66.5482634621744/lng/-29.091796875;;;;;;;;;;;;;
14;KW_T_423_14_0040L.tif.jpg;illustration;Saxifraga granulata;Saxifraga granulata;Saxifraga;granulata;Flowering plants;Polygonaceae;Boekweit;https://galerij.kb.nl/kb.html#/nl/florabatava12/page/61/zoom/3/lat/-70.52489722821652/lng/-45.615234375;;;;;;;;;;;;;
14;KW_T_423_14_0042L.tif.jpg;illustration;Juniperus communis;Juniperus communis;Juniperus;communis;Fungi;Caliciaceae;Groen boomspijkertje ;https://galerij.kb.nl/kb.html#/nl/florabatava12/page/62/zoom/3/lat/-66.5482634621744/lng/-29.091796875;;;;;;;;;;;;;
14;KW_T_423_14_0044L.tif.jpg;illustration;Anacamptis pyramidalis;Anacamptis pyramidalis;Anacamptis;pyramidalis;Fungi;Pertusariaceae;Open speldenkussentje;https://galerij.kb.nl/kb.html#/nl/florabatava12/page/62/zoom/3/lat/-66.5482634621744/lng/-29.091796875;;;;;;;;;;;;;
14;KW_T_423_14_0046L.tif.jpg;illustration;Barbula marginata;Tortula marginata;Tortula;marginata;Flowering plants;Solanaceae;Zegekruid;https://galerij.kb.nl/kb.html#/nl/florabatava12/page/63/zoom/3/lat/-66.5482634621744/lng/-29.091796875;;;;;;;;;;;;;
14;KW_T_423_14_0048L.tif.jpg;illustration;Agaricus purus;Mycena pura;Mycena;pura;Fungi;Suillaceae;Ivoorboleet;https://galerij.kb.nl/kb.html#/nl/florabatava12/page/64/zoom/3/lat/-66.5482634621744/lng/-29.091796875;;;;;;;;;;;;;
14;KW_T_423_14_0050L.tif.jpg;illustration;Glaucium luteum;Glaucium flavum;Glaucium;flavum;Fungi;Pluteaceae;Tropische beurszwam;https://galerij.kb.nl/kb.html#/nl/florabatava12/page/65/zoom/3/lat/-66.5482634621744/lng/-29.091796875;;;;;;;;;;;;;
14;KW_T_423_14_0052L.tif.jpg;illustration;Fumaria capreolata;Fumaria capreolata;Fumaria;capreolata;Mosses;Amblystegiaceae;Gewoon pluisdraadmos;https://galerij.kb.nl/kb.html#/nl/florabatava12/page/66/zoom/3/lat/-66.5482634621744/lng/-29.091796875;;;;;;;;;;;;;
14;KW_T_423_14_0054L.tif.jpg;illustration;Gentiana campestris;Gentianella campestris;Gentianella;campestris;Mosses;Amblystegiaceae;Gewoon pluisdraadmos;https://galerij.kb.nl/kb.html#/nl/florabatava12/page/66/zoom/3/lat/-66.5482634621744/lng/-29.091796875;;;;;;;;;;;;;
14;KW_T_423_14_0056L.tif.jpg;illustration;Cyperus fuscus;Cyperus fuscus;Cyperus;fuscus;Flowering plants;Cyperaceae;Zilte zegge;https://galerij.kb.nl/kb.html#/nl/florabatava12/page/68/zoom/3/lat/-66.5482634621744/lng/-29.091796875;;;;;;;;;;;;;
14;KW_T_423_14_0058L.tif.jpg;illustration;Hypnum purum;Pseudoscleropodium purum;Pseudoscleropodium;purum;Flowering plants;Asteraceae;Weidehavikskruid;https://galerij.kb.nl/kb.html#/nl/florabatava12/page/69/zoom/3/lat/-66.5482634621744/lng/-29.091796875;;;;;;;;;;;;;
14;KW_T_423_14_0060L.tif.jpg;illustration;Rosa pomifera;Rosa villosa;Rosa;villosa;Flowering plants;Hydrocharitaceae;Brede waterpest;https://galerij.kb.nl/kb.html#/nl/florabatava12/page/70/zoom/3/lat/-66.5482634621744/lng/-29.091796875;;;;;;;;;;;;;
14;KW_T_423_14_0062L.tif.jpg;illustration;Primula acaulis;Primula vulgaris;Primula;vulgaris;Fungi;Geastraceae;Gekraagde aardster;https://galerij.kb.nl/kb.html#/nl/florabatava12/page/71/zoom/3/lat/-73.75120539084016/lng/30.673828125;;;;;;;;;;;;;
14;KW_T_423_14_0064L.tif.jpg;illustration;Salix repens;Salix repens;Salix;repens;Flowering plants;Orobanchaceae;Klavervreter;https://galerij.kb.nl/kb.html#/nl/florabatava12/page/72/zoom/3/lat/-66.5482634621744/lng/-29.091796875;;;;;;;;;;;;;
14;KW_T_423_14_0066L.tif.jpg;illustration;Hypnum lutescens;Homalothecium lutescens;Homalothecium;lutescens;Mosses;Buxbaumiaceae;Kaboutermos;https://galerij.kb.nl/kb.html#/nl/florabatava12/page/73/zoom/3/lat/-66.5482634621744/lng/-29.091796875;;;;;;;;;;;;;
14;KW_T_423_14_0068L.tif.jpg;illustration;Agaricus sulfureus;Tricholoma sulphureum;Tricholoma;sulphureum;Flowering plants;Cyperaceae;Moeraszegge;https://galerij.kb.nl/kb.html#/nl/florabatava12/page/74/zoom/3/lat/-66.5482634621744/lng/-29.091796875;;;;;;;;;;;;;
14;KW_T_423_14_0070L.tif.jpg;illustration;Salix stipularis;Salix x smithiana;Salix;x smithiana;Flowering plants;Cyperaceae;Zegge spec.;https://galerij.kb.nl/kb.html#/nl/florabatava12/page/75/zoom/3/lat/-70.34831755984779/lng/-47.02148437499999;;;;;;;;;;;;;
14;KW_T_423_14_0072L.tif.jpg;illustration;Salix acuminata;Salix spec.;Salix;spec.;Fungi;Gloeophyllaceae;Schubbige taaiplaat;https://galerij.kb.nl/kb.html#/nl/florabatava12/page/76/zoom/3/lat/-66.5482634621744/lng/-29.091796875;;;;;;;;;;;;;
14;KW_T_423_14_0074L.tif.jpg;illustration;Salix cinerea;Salix cinerea;Salix;cinerea;Mosses;Pottiaceae;Boomsterretje;https://galerij.kb.nl/kb.html#/nl/florabatava12/page/77/zoom/3/lat/-66.5482634621744/lng/-29.091796875;;;;;;;;;;;;;
14;KW_T_423_14_0076L.tif.jpg;illustration;Cyphella ampla;Schizophyllum amplum;Schizophyllum;amplum;Mosses;Pottiaceae;Gewoon muursterretje;https://galerij.kb.nl/kb.html#/nl/florabatava12/page/77/zoom/3/lat/-66.5482634621744/lng/-29.091796875;;;;;;;;;;;;;
14;KW_T_423_14_0078L.tif.jpg;illustration;Bulgaria sarcoides;Ascocoryne sarcoides s.l.;Ascocoryne;sarcoides s.l.;Flowering plants;Asteraceae;Viltig kruiskruid;https://galerij.kb.nl/kb.html#/nl/florabatava12/page/78/zoom/3/lat/-66.5482634621744/lng/-29.091796875;;;;;;;;;;;;;
14;KW_T_423_14_0080L.tif.jpg;illustration;Vaccinium uliginosum;Vaccinium uliginosum;Vaccinium;uliginosum;Flowering plants;Cyperaceae;Zwarte zegge;https://galerij.kb.nl/kb.html#/nl/florabatava12/page/79/zoom/3/lat/-70.34831755984779/lng/-47.02148437499999;;;;;;;;;;;;;
14;KW_T_423_14_0082L.tif.jpg;illustration;Claytonia perfoliata;Claytonia perfoliata;Claytonia;perfoliata;Flowering plants;Apiaceae;Grote bevernel;https://galerij.kb.nl/kb.html#/nl/florabatava12/page/80/zoom/3/lat/-66.5482634621744/lng/-29.091796875;;;;;;;;;;;;;
14;KW_T_423_14_0084L.tif.jpg;illustration;Rumex maximus;Rumex patientia;Rumex;patientia;Ferns;Cystopteridaceae;Gebogen driehoeksvaren;https://galerij.kb.nl/kb.html#/nl/florabatava12/page/81/zoom/3/lat/-66.5482634621744/lng/-29.091796875;;;;;;;;;;;;;
14;KW_T_423_14_0086L.tif.jpg;illustration;Cinclidium stygium;Cinclidium stygium;Cinclidium;stygium;Flowering plants;Crassulaceae;Mosbloempje;https://galerij.kb.nl/kb.html#/nl/florabatava12/page/82/zoom/3/lat/-66.5482634621744/lng/-29.091796875;;;;;;;;;;;;;
14;KW_T_423_14_0088L.tif.jpg;illustration;Podisoma fuscum;Coniferssporangium sabinae;Coniferssporangium;sabinae;Flowering plants;Ranunculaceae;Kleine ruit;https://galerij.kb.nl/kb.html#/nl/florabatava12/page/83/zoom/3/lat/-66.5482634621744/lng/-29.091796875;;;;;;;;;;;;;
14;KW_T_423_14_0088L.tif.jpg;illustration;Podisoma clavariaeforme (P. gymnosporangium);Coniferssporangium clavariiforme;Coniferssporangium;clavariiforme;Flowering plants;Asteraceae;Waterkruiskruid;https://galerij.kb.nl/kb.html#/nl/florabatava12/page/84/zoom/3/lat/-66.5482634621744/lng/-29.091796875;;;;;;;;;;;;;
14;KW_T_423_14_0090L.tif.jpg;illustration;Lepidium draba;Lepidium draba;Lepidium;draba;Flowering plants;Amaranthaceae;Breed vlieszaad;https://galerij.kb.nl/kb.html#/nl/florabatava12/page/85/zoom/3/lat/-66.5482634621744/lng/-29.091796875;;;;;;;;;;;;;
14;KW_T_423_14_0091L.tif.jpg;illustration;Sanicula europaea;Sanicula europaea;Sanicula;europaea;Flowering plants;Apiaceae;Kleine bevernel;https://galerij.kb.nl/kb.html#/nl/florabatava12/page/86/zoom/3/lat/-66.5482634621744/lng/-29.091796875;;;;;;;;;;;;;
14;KW_T_423_14_0093L.tif.jpg;illustration;Euphorbia paralias;Euphorbia paralias;Euphorbia;paralias;Flowering plants;Ericaceae;Stofzaad;https://galerij.kb.nl/kb.html#/nl/florabatava12/page/87/zoom/3/lat/-66.5482634621744/lng/-29.091796875;;;;;;;;;;;;;
14;KW_T_423_14_0095L.tif.jpg;illustration;Anthoxanthum puelii;Anthoxanthum aristatum;Anthoxanthum;aristatum;Flowering plants;Asteraceae;Klein streepzaad;https://galerij.kb.nl/kb.html#/nl/florabatava12/page/88/zoom/3/lat/-66.5482634621744/lng/-29.091796875;;;;;;;;;;;;;
14;KW_T_423_14_0097L.tif.jpg;illustration;Agaricus confluens;Coniferspus confluens;Coniferspus;confluens;Flowering plants;Cyperaceae;Valse voszegge;https://galerij.kb.nl/kb.html#/nl/florabatava13/page/9/zoom/3/lat/-66.5482634621744/lng/-29.091796875;;;;;;;;;;;;;
14;KW_T_423_14_0099L.tif.jpg;illustration;Hypericum elodes;Hypericum elodes;Hypericum;elodes;Flowering plants;Cyperaceae;IJle zegge;https://galerij.kb.nl/kb.html#/nl/florabatava13/page/10/zoom/3/lat/-66.5482634621744/lng/-29.091796875;;;;;;;;;;;;;
14;KW_T_423_14_0101L.tif.jpg;illustration;Prunus mahaleb;Prunus mahaleb;Prunus;mahaleb;Flowering plants;Cyperaceae;Pilzegge;https://galerij.kb.nl/kb.html#/nl/florabatava13/page/11/zoom/3/lat/-69.31832006949072/lng/-54.404296875;;;;;;;;;;;;;
14;KW_T_423_14_0103L.tif.jpg;illustration;Chlora serotina;Blackstonia perfoliata subsp. serotina;Blackstonia;perfoliata subsp. serotina;Flowering plants;Cyperaceae;Snavelzegge;https://galerij.kb.nl/kb.html#/nl/florabatava13/page/12/zoom/3/lat/-66.5482634621744/lng/-29.091796875;;;;;;;;;;;;;
14;KW_T_423_14_0105L.tif.jpg;illustration;Zygodon viridissimus;Zygodon viridissimus;Zygodon;viridissimus;Flowering plants;Cyperaceae;Sterzegge;https://galerij.kb.nl/kb.html#/nl/florabatava13/page/13/zoom/3/lat/-66.5482634621744/lng/-29.091796875;;;;;;;;;;;;;
14;KW_T_423_14_0107L.tif.jpg;illustration;Peziza onotica;Otidea spec.;Otidea;spec.;Flowering plants;Cyperaceae;Pluimzegge;https://galerij.kb.nl/kb.html#/nl/florabatava13/page/14/zoom/3/lat/-66.5482634621744/lng/-29.091796875;;;;;;;;;;;;;
14;KW_T_423_14_0109L.tif.jpg;illustration;Scrophularia vernalis;Scrophularia vernalis;Scrophularia;vernalis;Flowering plants;Cyperaceae;Elzenzegge;https://galerij.kb.nl/kb.html#/nl/florabatava13/page/15/zoom/3/lat/-66.5482634621744/lng/-29.091796875;;;;;;;;;;;;;
14;KW_T_423_14_0111L.tif.jpg;illustration;Salix purpurea;Salix purpurea;Salix;purpurea;Flowering plants;Cyperaceae;Scherpe zegge;https://galerij.kb.nl/kb.html#/nl/florabatava13/page/16/zoom/3/lat/-66.5482634621744/lng/-29.091796875;;;;;;;;;;;;;
14;KW_T_423_14_0113L.tif.jpg;illustration;Splachnum ampullaceum;Splachnum ampullaceum;Splachnum;ampullaceum;Flowering plants;Cyperaceae;Zeegroene zegge;https://galerij.kb.nl/kb.html#/nl/florabatava13/page/18/zoom/3/lat/-66.5482634621744/lng/-29.091796875;;;;;;;;;;;;;
14;KW_T_423_14_0115L.tif.jpg;illustration;Lactarius controversus;Lactarius controversus;Lactarius;controversus;Flowering plants;Cyperaceae;Geelgroene zegge;https://galerij.kb.nl/kb.html#/nl/florabatava13/page/19/zoom/3/lat/-66.5482634621744/lng/-29.091796875;;;;;;;;;;;;;
14;KW_T_423_14_0117L.tif.jpg;illustration;Agaricus brevipes;Melanoleuca brevipes s.l.;Melanoleuca;brevipes s.l.;Flowering plants;Cyperaceae;Veelstengelige waterbies;https://galerij.kb.nl/kb.html#/nl/florabatava13/page/20/zoom/3/lat/-66.5482634621744/lng/-29.091796875;;;;;;;;;;;;;
14;KW_T_423_14_0117L.tif.jpg;illustration;Sistotrema carneum;Abortiporus biennis;Abortiporus;biennis;Flowering plants;Cyperaceae;Naaldwaterbies;https://galerij.kb.nl/kb.html#/nl/florabatava13/page/21/zoom/3/lat/-66.5482634621744/lng/-29.091796875;;;;;;;;;;;;;
14;KW_T_423_14_0119L.tif.jpg;illustration;Amelanchier canadensis;Amelanchier lamarckii;Amelanchier;lamarckii;Flowering plants;Cyperaceae;Gewone waterbies;https://galerij.kb.nl/kb.html#/nl/florabatava13/page/22/zoom/3/lat/-69.31832006949072/lng/-54.404296875;;;;;;;;;;;;;
14;KW_T_423_14_0121L.tif.jpg;illustration;Populus nigra;Populus nigra;Populus;nigra;Flowering plants;Linaceae;Dwergvlas;https://galerij.kb.nl/kb.html#/nl/florabatava13/page/23/zoom/3/lat/-66.5482634621744/lng/-29.091796875;;;;;;;;;;;;;
14;KW_T_423_14_0122L.tif.jpg;illustration;Populus nigra;Populus nigra;Populus;nigra;Flowering plants;Juncaceae;Veldbies (G);https://galerij.kb.nl/kb.html#/nl/florabatava13/page/24/zoom/3/lat/-66.5482634621744/lng/-29.091796875;;;;;;;;;;;;;
14;KW_T_423_14_0124L.tif.jpg;illustration;Cystopteris fragilis;Cystopteris fragilis;Cystopteris;fragilis;Flowering plants;Juncaceae;Koprus;https://galerij.kb.nl/kb.html#/nl/florabatava13/page/25/zoom/3/lat/-66.5482634621744/lng/-29.091796875;;;;;;;;;;;;;
14;KW_T_423_14_0126L.tif.jpg;illustration;Agaricus lenticularis;Limacella guttata;Limacella;guttata;Flowering plants;Juncaceae;Biezenknoppen;https://galerij.kb.nl/kb.html#/nl/florabatava13/page/26/zoom/3/lat/-66.5482634621744/lng/-29.091796875;;;;;;;;;;;;;
14;KW_T_423_14_0128L.tif.jpg;illustration;Rosa coronata;Rosa x cantiana;Rosa;x cantiana;Flowering plants;Juncaceae;Greppelrus;https://galerij.kb.nl/kb.html#/nl/florabatava13/page/27/zoom/3/lat/-66.5482634621744/lng/-29.091796875;;;;;;;;;;;;;
14;KW_T_423_14_0130L.tif.jpg;illustration;Vaccinium macrocarpum;Vaccinium macrocarpon;Vaccinium;macrocarpon;Flowering plants;Juncaceae;Zeegroene rus;https://galerij.kb.nl/kb.html#/nl/florabatava13/page/28/zoom/3/lat/-66.5482634621744/lng/-29.091796875;;;;;;;;;;;;;
14;KW_T_423_14_0132L.tif.jpg;illustration;Echinosperum lappula;Lappula squarrosa;Lappula;squarrosa;Flowering plants;Fabaceae;Moerasrolklaver;https://galerij.kb.nl/kb.html#/nl/florabatava13/page/29/zoom/3/lat/-66.5482634621744/lng/-29.091796875;;;;;;;;;;;;;
14;KW_T_423_14_0134L.tif.jpg;illustration;Arum maculatum;Arum maculatum;Arum;maculatum;Flowering plants;Fabaceae;Sikkelklaver;https://galerij.kb.nl/kb.html#/nl/florabatava13/page/30/zoom/3/lat/-69.31832006949072/lng/-54.404296875;;;;;;;;;;;;;
14;KW_T_423_14_0136L.tif.jpg;illustration;Peziza acetabulum;Helvella acetabulum;Helvella;acetabulum;Flowering plants;Poaceae;Glanshaver;https://galerij.kb.nl/kb.html#/nl/florabatava13/page/31/zoom/3/lat/-66.5482634621744/lng/-29.091796875;;;;;;;;;;;;;
14;KW_T_423_14_0136L.tif.jpg;illustration;Peziza alutacea;Otidea alutacea;Otidea;alutacea;Flowering plants;Euphorbiaceae;Tuinbingelkruid;https://galerij.kb.nl/kb.html#/nl/florabatava13/page/32/zoom/3/lat/-69.31832006949072/lng/-54.404296875;;;;;;;;;;;;;
14;KW_T_423_14_0138L.tif.jpg;illustration;Genista tinctoria;Genista tinctoria;Genista;tinctoria;Flowering plants;Poaceae;Tandjesgras;https://galerij.kb.nl/kb.html#/nl/florabatava13/page/33/zoom/3/lat/-69.31832006949072/lng/-54.404296875;;;;;;;;;;;;;
14;KW_T_423_14_0140L.tif.jpg;illustration;Chenopodium ficifolium;Chenopodium ficifolium;Chenopodium;ficifolium;Mosses;Pottiaceae;Knikkersterretje;https://galerij.kb.nl/kb.html#/nl/florabatava13/page/34/zoom/3/lat/-66.5482634621744/lng/-29.091796875;;;;;;;;;;;;;
14;KW_T_423_14_0142L.tif.jpg;illustration;Populus tremula;Populus tremula;Populus;tremula;Mosses;Pottiaceae;Riviersterretje;https://galerij.kb.nl/kb.html#/nl/florabatava13/page/34/zoom/3/lat/-66.5482634621744/lng/-29.091796875;;;;;;;;;;;;;
14;KW_T_423_14_0143L.tif.jpg;illustration;Populus tremula;Populus tremula;Populus;tremula;Flowering plants;Orobanchaceae;Walstrobremraap;https://galerij.kb.nl/kb.html#/nl/florabatava13/page/35/zoom/3/lat/-69.31832006949072/lng/-54.404296875;;;;;;;;;;;;;
14;KW_T_423_14_0145L.tif.jpg;illustration;Polyporus lucidus;Ganoderma lucidum;Ganoderma;lucidum;Flowering plants;Rosaceae;Moerasspirea;https://galerij.kb.nl/kb.html#/nl/florabatava13/page/36/zoom/3/lat/-66.5482634621744/lng/-29.091796875;;;;;;;;;;;;;
14;KW_T_423_14_0145L.tif.jpg;illustration;Polyporus marginatus;Fomitopsis pinicola;Fomitopsis;pinicola;Flowering plants;Caprifoliaceae;Geoorde veldsla;https://galerij.kb.nl/kb.html#/nl/florabatava13/page/37/zoom/3/lat/-66.5482634621744/lng/-29.091796875;;;;;;;;;;;;;
14;KW_T_423_14_0147L.tif.jpg;illustration;Salix viminalis;Salix viminalis;Salix;viminalis;Mosses;Pylaisiaceae;Gewoon puntmos;https://galerij.kb.nl/kb.html#/nl/florabatava13/page/38/zoom/3/lat/-66.5482634621744/lng/-29.091796875;;;;;;;;;;;;;
14;KW_T_423_14_0149L.tif.jpg;illustration;Populus monilifera- Canada'sche Populier;Populus x canadensis;Populus;x canadensis;Flowering plants;Lamiaceae;Dauwnetel;https://galerij.kb.nl/kb.html#/nl/florabatava13/page/39/zoom/3/lat/-66.5482634621744/lng/-29.091796875;;;;;;;;;;;;;
14;KW_T_423_14_0150L.tif.jpg;illustration;Populus monilifera- Canada'sche Populier;Populus x canadensis;Populus;x canadensis;Flowering plants;Ranunculaceae;Middelste waterranonkel;https://galerij.kb.nl/kb.html#/nl/florabatava13/page/40/zoom/3/lat/-66.5482634621744/lng/-29.091796875;;;;;;;;;;;;;
14;KW_T_423_14_0152L.tif.jpg;illustration;Juncus filiformis;Juncus filiformis;Juncus;filiformis;Flowering plants;Asteraceae;Wilde averuit/Duinaveruit;https://galerij.kb.nl/kb.html#/nl/florabatava13/page/41/zoom/3/lat/-66.5482634621744/lng/-29.091796875;;;;;;;;;;;;;
14;KW_T_423_14_0154L.tif.jpg;illustration;Clavaria coralloides;Clavulina coralloides;Clavulina;coralloides;Flowering plants;Poaceae;Zachte haver;https://galerij.kb.nl/kb.html#/nl/florabatava13/page/42/zoom/3/lat/-66.5482634621744/lng/-29.091796875;;;;;;;;;;;;;
14;KW_T_423_14_0156L.tif.jpg;illustration;Iberis amara;Iberis amara;Iberis;amara;Flowering plants;Ranunculaceae;Kleine waterranonkel;https://galerij.kb.nl/kb.html#/nl/florabatava13/page/43/zoom/3/lat/-66.5482634621744/lng/-29.091796875;;;;;;;;;;;;;
14;KW_T_423_14_0158L.tif.jpg;illustration;Populus canescens;Populus x canescens;Populus;x canescens;Flowering plants;Orobanchaceae;Bitterkruidbremraap;https://galerij.kb.nl/kb.html#/nl/florabatava13/page/44/zoom/3/lat/-66.5482634621744/lng/-29.091796875;;;;;;;;;;;;;
14;KW_T_423_14_0159L.tif.jpg;illustration;Populus canescens;Populus x canescens;Populus;x canescens;Flowering plants;Ranunculaceae;Vlottende waterranonkel;https://galerij.kb.nl/kb.html#/nl/florabatava13/page/45/zoom/3/lat/-66.5482634621744/lng/-29.091796875;;;;;;;;;;;;;
14;KW_T_423_14_0161L.tif.jpg;illustration;Encalypta streptocarpa;Encalypta streptocarpa;Encalypta;streptocarpa;Flowering plants;Plantaginaceae;Gewoon Sterrenkroos;https://galerij.kb.nl/kb.html#/nl/florabatava13/page/46/zoom/3/lat/-66.5482634621744/lng/-29.091796875;;;;;;;;;;;;;
14;KW_T_423_14_0163L.tif.jpg;illustration;Agaricus saponaceus;Tricholoma saponaceum;Tricholoma;saponaceum;Flowering plants;Ranunculaceae;Stijve waterranonkel;https://galerij.kb.nl/kb.html#/nl/florabatava13/page/47/zoom/3/lat/-66.5482634621744/lng/-29.091796875;;;;;;;;;;;;;
15;KW_T_423_15_0009L.tif.jpg;illustration;Crepis agrestis;Crepis capillaris;Crepis;capillaris;Mosses;Pottiaceae;#N/A;https://galerij.kb.nl/kb.html#/nl/florabatava13/page/49/zoom/3/lat/-66.96447630005638/lng/-22.5;;;;;;;;;;;;;
15;KW_T_423_15_0011L.tif.jpg;illustration;Mentha rotundifolia;Mentha x rotundifolia nm. alopecuroides;Mentha;x rotundifolia nm alopecuroides;Flowering plants;Araceae;Italiaanse aronskelk;https://galerij.kb.nl/kb.html#/nl/florabatava13/page/50/zoom/3/lat/-66.5482634621744/lng/-29.091796875;;;;;;;;;;;;;
15;KW_T_423_15_0013L.tif.jpg;illustration;Asparagus officinalis var. maritima;Asparagus officinalis subsp. prostratus;Asparagus;officinalis subsp. prostratus;Flowering plants;Ranunculaceae;Witte waterranonkel;https://galerij.kb.nl/kb.html#/nl/florabatava13/page/51/zoom/3/lat/-66.5482634621744/lng/-29.091796875;;;;;;;;;;;;;
15;KW_T_423_15_0015L.tif.jpg;illustration;Epipactis latifolia;Epipactis helleborine subsp. helleborine;Epipactis;helleborine subsp. helleborine;Flowering plants;Boraginaceae;Glad parelzaad;https://galerij.kb.nl/kb.html#/nl/florabatava13/page/52/zoom/3/lat/-66.5482634621744/lng/-29.091796875;;;;;;;;;;;;;
15;KW_T_423_15_0017L.tif.jpg;illustration;Geaster triplex;Geastrum triplex;Geastrum;triplex;Flowering plants;Poaceae;Zwenkdravik;https://galerij.kb.nl/kb.html#/nl/florabatava13/page/54/zoom/3/lat/-66.5482634621744/lng/-29.091796875;;;;;;;;;;;;;
15;KW_T_423_15_0020L.tif.jpg;illustration;Corydalis lutea;Pseudofumaria lutea;Pseudofumaria;lutea;Flowering plants;Rosaceae;Kleine pimpernel;https://galerij.kb.nl/kb.html#/nl/florabatava13/page/55/zoom/3/lat/-66.5482634621744/lng/-29.091796875;;;;;;;;;;;;;
15;KW_T_423_15_0022L.tif.jpg;illustration;Diervilla canadensis;Diervilla lonicera;Diervilla;lonicera;Flowering plants;Juncaceae;Zilte rus;https://galerij.kb.nl/kb.html#/nl/florabatava13/page/56/zoom/3/lat/-66.5482634621744/lng/-29.091796875;;;;;;;;;;;;;
15;KW_T_423_15_0024L.tif.jpg;illustration;Carex trinervis;Carex trinervis;Carex;trinervis;Flowering plants;Cyperaceae;Ruwe bies;https://galerij.kb.nl/kb.html#/nl/florabatava13/page/57/zoom/3/lat/-66.5482634621744/lng/-29.091796875;;;;;;;;;;;;;
15;KW_T_423_15_0026L.tif.jpg;illustration;Polytrichum juniperinum;Polytrichum juniperinum;Polytrichum;juniperinum;Flowering plants;Juncaceae;Knolrus;https://galerij.kb.nl/kb.html#/nl/florabatava13/page/58/zoom/3/lat/-66.5482634621744/lng/-29.091796875;;;;;;;;;;;;;
15;KW_T_423_15_0028L.tif.jpg;illustration;Agaricus vaccinus;Tricholoma vaccinum;Tricholoma;vaccinum;Mosses;Orthotrichaceae;Grijze haarmuts;https://galerij.kb.nl/kb.html#/nl/florabatava13/page/59/zoom/3/lat/-66.5482634621744/lng/-29.091796875;;;;;;;;;;;;;
15;KW_T_423_15_0030L.tif.jpg;illustration;Rosa rubiginosa-spinosissima;Rosa x cantiana;Rosa;x cantiana;Mosses;Orthotrichaceae;#N/A;https://galerij.kb.nl/kb.html#/nl/florabatava13/page/60/zoom/3/lat/-67.16995497083366/lng/-42.01171875;;;;;;;;;;;;;
15;KW_T_423_15_0032L.tif.jpg;illustration;Galinsoga parviflora;Galinsoga parviflora;Galinsoga;parviflora;Flowering plants;Asteraceae;Stengelomvattend havikskruid;https://galerij.kb.nl/kb.html#/nl/florabatava13/page/61/zoom/3/lat/-66.5482634621744/lng/-29.091796875;;;;;;;;;;;;;
15;KW_T_423_15_0034L.tif.jpg;illustration;Lolium multiflorum;Lolium multiflorum;Lolium;multiflorum;Mosses;Ditrichaceae;Purpersteeltje;https://galerij.kb.nl/kb.html#/nl/florabatava13/page/62/zoom/3/lat/-66.5482634621744/lng/-29.091796875;;;;;;;;;;;;;
15;KW_T_423_15_0036L.tif.jpg;illustration;Agaricus equestris;Tricholoma equestre;Tricholoma;equestre;Mosses;Leucodontaceae;#N/A;https://galerij.kb.nl/kb.html#/nl/florabatava13/page/63/zoom/3/lat/-67.16995497083366/lng/-42.01171875;;;;;;;;;;;;;
15;KW_T_423_15_0038L.tif.jpg;illustration;Cyathus striatus;Cyathus striatus;Cyathus;striatus;Flowering plants;Brassicaceae;Stijf barbarakruid;https://galerij.kb.nl/kb.html#/nl/florabatava13/page/64/zoom/3/lat/-66.5482634621744/lng/-29.091796875;;;;;;;;;;;;;
15;KW_T_423_15_0038L.tif.jpg;illustration;Peziza aurantia;Aleuria aurantia;Aleuria;aurantia;Flowering plants;Cyperaceae;Scherpe zegge;https://galerij.kb.nl/kb.html#/nl/florabatava13/page/16/zoom/3/lat/-66.5482634621744/lng/-29.091796875;;;;;;;;;;;;;
15;KW_T_423_15_0040L.tif.jpg;illustration;Gentiana cruciata;Gentiana cruciata;Gentiana;cruciata;Flowering plants;Juncaceae;Veldrus;https://galerij.kb.nl/kb.html#/nl/florabatava13/page/66/zoom/3/lat/-66.5482634621744/lng/-29.091796875;;;;;;;;;;;;;
15;KW_T_423_15_0042L.tif.jpg;illustration;Populus alba;Populus alba;Populus;alba;Flowering plants;Asteraceae;Donzige klit;https://galerij.kb.nl/kb.html#/nl/florabatava13/page/67/zoom/3/lat/-66.5482634621744/lng/-29.091796875;;;;;;;;;;;;;
15;KW_T_423_15_0043L.tif.jpg;illustration;Populus alba;Populus alba;Populus;alba;Flowering plants;Brassicaceae;Akkerkers;https://galerij.kb.nl/kb.html#/nl/florabatava13/page/68/zoom/3/lat/-66.5482634621744/lng/-29.091796875;;;;;;;;;;;;;
15;KW_T_423_15_0045L.tif.jpg;illustration;Orthotrichum pulchellum;Orthotrichum pulchellum;Orthotrichum;pulchellum;Flowering plants;Potamogetonaceae;Tenger fonteinkruid;https://galerij.kb.nl/kb.html#/nl/florabatava13/page/70/zoom/3/lat/-66.5482634621744/lng/-29.091796875;;;;;;;;;;;;;
15;KW_T_423_15_0047L.tif.jpg;illustration;Boletus rufus. Boletus Versipellis;Leccinum albostipitatum;Leccinum;albostipitatum;Flowering plants;Violaceae;Ruig viooltje;https://galerij.kb.nl/kb.html#/nl/florabatava13/page/72/zoom/3/lat/-66.5482634621744/lng/-29.091796875;;;;;;;;;;;;;
15;KW_T_423_15_0049L.tif.jpg;illustration;Chrysosplenium alternifolium;Chrysosplenium alternifolium;Chrysosplenium;alternifolium;Flowering plants;Poaceae;Smal / Duinfakkelgras;https://galerij.kb.nl/kb.html#/nl/florabatava13/page/73/zoom/3/lat/-66.5482634621744/lng/-29.091796875;;;;;;;;;;;;;
15;KW_T_423_15_0051L.tif.jpg;illustration;Populus canescens;Populus canescens-tremula;Populus;canescens-tremula;Flowering plants;Poaceae;Buntgras;https://galerij.kb.nl/kb.html#/nl/florabatava13/page/74/zoom/3/lat/-66.5482634621744/lng/-29.091796875;;;;;;;;;;;;;
15;KW_T_423_15_0052L.tif.jpg;illustration;Populus canescens;Populus canescens-tremula;Populus;canescens-tremula;Mosses;Calliergonaceae;Reuzenpuntmos;https://galerij.kb.nl/kb.html#/nl/florabatava13/page/75/zoom/3/lat/-66.5482634621744/lng/-29.091796875;;;;;;;;;;;;;
15;KW_T_423_15_0054L.tif.jpg;illustration;Geaster striatus;Geastrum elegans (a-c, h);Geastrum;elegans;Flowering plants;Asteraceae;Stijf havikskruid;https://galerij.kb.nl/kb.html#/nl/florabatava13/page/76/zoom/3/lat/-66.5482634621744/lng/-29.091796875;;;;;;;;;;;;;
15;KW_T_423_15_0054L.tif.jpg;illustration;Geaster striatus;Geastrum schmidelii (e, g);Geastrum;schmidelii;Flowering plants;Geraniaceae;Bermooievaarsbek;https://galerij.kb.nl/kb.html#/nl/florabatava13/page/77/zoom/3/lat/-66.5482634621744/lng/-29.091796875;;;;;;;;;;;;;
15;KW_T_423_15_0056L.tif.jpg;illustration;Geaster cesatii;Geastrum minimum;Geastrum;minimum;Flowering plants;Cyperaceae;Borstelbies;https://galerij.kb.nl/kb.html#/nl/florabatava13/page/78/zoom/3/lat/-66.5482634621744/lng/-29.091796875;;;;;;;;;;;;;
15;KW_T_423_15_0058L.tif.jpg;illustration;Iberis umbellata;Iberis umbellata;Iberis;umbellata;Flowering plants;Primulaceae;Teer guichelheil;https://galerij.kb.nl/kb.html#/nl/florabatava13/page/79/zoom/3/lat/-66.5482634621744/lng/-29.091796875;;;;;;;;;;;;;
15;KW_T_423_15_0060L.tif.jpg;illustration;Senecio jacobaea var. discoideus;Jacobaea vulgaris subsp. dunensis;Jacobaea;vulgaris subsp. dunensis;Mosses;Rhabdoweisiaceae;Gewoon sikkelsterretje;https://galerij.kb.nl/kb.html#/nl/florabatava13/page/80/zoom/3/lat/-66.5482634621744/lng/-29.091796875;;;;;;;;;;;;;
15;KW_T_423_15_0062L.tif.jpg;illustration;Galeopsis bifida;Galeopsis bifida;Galeopsis;bifida;Mosses;Brachytheciaceae;Fijn laddermos;https://galerij.kb.nl/kb.html#/nl/florabatava13/page/81/zoom/3/lat/-66.5482634621744/lng/-29.091796875;;;;;;;;;;;;;
15;KW_T_423_15_0064L.tif.jpg;illustration;Dicranum heteromallum;Dicranella heteromalla;Dicranella;heteromalla;Flowering plants;Apocynaceae;Zijdeplant;https://galerij.kb.nl/kb.html#/nl/florabatava13/page/83/zoom/3/lat/-66.5482634621744/lng/-29.091796875;;;;;;;;;;;;;
15;KW_T_423_15_0066L.tif.jpg;illustration;Agaricus mucidus;Oudemansiella mucida;Oudemansiella;mucida;Flowering plants;Apocynaceae;Zijdeplant;https://galerij.kb.nl/kb.html#/nl/florabatava13/page/83/zoom/3/lat/-66.5482634621744/lng/-29.091796875;;;;;;;;;;;;;
15;KW_T_423_15_0068L.tif.jpg;illustration;Saxifraga granulata;Saxifraga granulata 'Plena';Saxifraga;granulata 'Plena';Flowering plants;Poaceae;Duinriet;https://galerij.kb.nl/kb.html#/nl/florabatava13/page/84/zoom/3/lat/-66.5482634621744/lng/-29.091796875;;;;;;;;;;;;;
15;KW_T_423_15_0070L.tif.jpg;illustration;Lysimachia nemorum;Lysimachia nemorum;Lysimachia;nemorum;Flowering plants;Poaceae;Hennegras;https://galerij.kb.nl/kb.html#/nl/florabatava13/page/85/zoom/3/lat/-66.5482634621744/lng/-29.091796875;;;;;;;;;;;;;
15;KW_T_423_15_0072L.tif.jpg;illustration;Carex pallescens;Carex pallescens;Carex;pallescens;Fungi;Geastraceae;Peperbus;https://galerij.kb.nl/kb.html#/nl/florabatava13/page/86/zoom/3/lat/-66.5482634621744/lng/-29.091796875;;;;;;;;;;;;;
15;KW_T_423_15_0074L.tif.jpg;illustration;Barbula unguiculata;Barbula unguiculata;Barbula;unguiculata;Fungi;Suillaceae;Bruine ringboleet;https://galerij.kb.nl/kb.html#/nl/florabatava13/page/87/zoom/3/lat/-66.5482634621744/lng/-29.091796875;;;;;;;;;;;;;
15;KW_T_423_15_0076L.tif.jpg;illustration;Helvella crispa;Helvella crispa;Helvella;crispa;Flowering plants;Onagraceae;Teunisbloem spec.;https://galerij.kb.nl/kb.html#/nl/florabatava10/page/67/zoom/3/lat/-68.8159271333607/lng/-45.615234375;;;;;;;;;;;;;
15;KW_T_423_15_0078L.tif.jpg;illustration;Sanguisorba officinalis;Sanguisorba officinalis;Sanguisorba;officinalis;Mosses;Brachytheciaceae;Geplooid snavelmos;https://galerij.kb.nl/kb.html#/nl/florabatava13/page/90/zoom/3/lat/-66.5482634621744/lng/-29.091796875;;;;;;;;;;;;;
15;KW_T_423_15_0080L.tif.jpg;illustration;Aster parviflorus;Symphyotrichum lanceolatum;Symphyotrichum;lanceolatum;Fungi;Phyllotopsidaceae;Koningsmantel;https://galerij.kb.nl/kb.html#/nl/florabatava13/page/91/zoom/3/lat/-66.5482634621744/lng/-29.091796875;;;;;;;;;;;;;
15;KW_T_423_15_0082L.tif.jpg;illustration;Euphorbia stricta;Euphorbia stricta;Euphorbia;stricta;Fungi;Boletaceae;Roodnetboleet;https://galerij.kb.nl/kb.html#/nl/florabatava13/page/92/zoom/3/lat/-66.5482634621744/lng/-29.091796875;;;;;;;;;;;;;
15;KW_T_423_15_0084L.tif.jpg;illustration;Festuca rubra var. arenaria;Festuca arenaria;Festuca;arenaria;Flowering plants;Ranunculaceae;Blauwe anemoon;https://galerij.kb.nl/kb.html#/nl/florabatava14/page/9/zoom/3/lat/-65.03506043658815/lng/-28.916015625;;;;;;;;;;;;;
15;KW_T_423_15_0086L.tif.jpg;illustration;Agaricus nebula;Clitocybe nebularis;Clitocybe;nebularis;Flowering plants;Montiaceae;Bronkruid spec. ;https://galerij.kb.nl/kb.html#/nl/florabatava14/page/10/zoom/3/lat/-65.03506043658815/lng/-28.916015625;;;;;;;;;;;;;
15;KW_T_423_15_0088L.tif.jpg;illustration;Aster brumalis;Symphyotrichum novi-belgii;Symphyotrichum;novi-belgii;Mosses;Neckeraceae;Spatelmos;https://galerij.kb.nl/kb.html#/nl/florabatava14/page/11/zoom/3/lat/-65.03506043658815/lng/-28.916015625;;;;;;;;;;;;;
15;KW_T_423_15_0090L.tif.jpg;illustration;Campanula rapunculus;Campanula rapunculus;Campanula;rapunculus;Fungi;Clitocybaceae;Roodbruine schijnridderzwam;https://galerij.kb.nl/kb.html#/nl/florabatava14/page/12/zoom/3/lat/-65.03506043658815/lng/-28.916015625;;;;;;;;;;;;;
15;KW_T_423_15_0092L.tif.jpg;illustration;Festuca rubra;Festuca rubra;Festuca;rubra;Fungi;Leotiaceae;Groene glibberzwam;https://galerij.kb.nl/kb.html#/nl/florabatava14/page/13/zoom/3/lat/-65.03506043658815/lng/-28.916015625;;;;;;;;;;;;;
15;KW_T_423_15_0094L.tif.jpg;illustration;Hypnum myurum;Isothecium alopecuroides;Isothecium;alopecuroides;Flowering plants;Asteraceae;Moesdistel;https://galerij.kb.nl/kb.html#/nl/florabatava14/page/14/zoom/3/lat/-65.03506043658815/lng/-28.916015625;;;;;;;;;;;;;
15;KW_T_423_15_0096L.tif.jpg;illustration;Geaster vulgatus;Geastrum rufescens;Geastrum;rufescens;Conifers;Pinaceae;Grove den;https://galerij.kb.nl/kb.html#/nl/florabatava14/page/16/zoom/3/lat/-65.03506043658815/lng/-28.916015625;;;;;;;;;;;;;
15;KW_T_423_15_0098L.tif.jpg;illustration;Acer campestre;Acer campestre;Acer;campestre;Flowering plants;Orchidaceae;Vleeskleurige orchis;https://galerij.kb.nl/kb.html#/nl/florabatava14/page/17/zoom/3/lat/-65.03506043658815/lng/-28.916015625;;;;;;;;;;;;;
15;KW_T_423_15_0100L.tif.jpg;illustration;Ornithopus sativus;Ornithopus sativus;Ornithopus;sativus;Fungi;Suillaceae;Melkboleet;https://galerij.kb.nl/kb.html#/nl/florabatava14/page/18/zoom/3/lat/-65.03506043658815/lng/-28.916015625;;;;;;;;;;;;;
15;KW_T_423_15_0102L.tif.jpg;illustration;Hieracium auricula;Hieracium lactucella;Hieracium;lactucella;Flowering plants;Thymelaeaceae;Rood peperboompje;https://galerij.kb.nl/kb.html#/nl/florabatava14/page/19/zoom/3/lat/-65.03506043658815/lng/-28.916015625;;;;;;;;;;;;;
15;KW_T_423_15_0104L.tif.jpg;illustration;Brachypodium sylvaticum;Brachypodium sylvaticum;Brachypodium;sylvaticum;Flowering plants;Araceae;Gevlekte aronskelk;https://galerij.kb.nl/kb.html#/nl/florabatava14/page/20/zoom/3/lat/-65.03506043658815/lng/-28.916015625;;;;;;;;;;;;;
15;KW_T_423_15_0106L.tif.jpg;illustration;Hydnum auriscalpium;Auriscalpium vulgare;Auriscalpium;vulgare;Flowering plants;Cyperaceae;Dwergzegge;https://galerij.kb.nl/kb.html#/nl/florabatava14/page/21/zoom/3/lat/-65.03506043658815/lng/-28.916015625;;;;;;;;;;;;;
15;KW_T_423_15_0108L.tif.jpg;illustration;Hieracium aurantiacum;Hieracium aurantiacum;Hieracium;aurantiacum;Mosses;Hypnaceae;Gewoon klauwtjesmos;https://galerij.kb.nl/kb.html#/nl/florabatava14/page/22/zoom/3/lat/-65.03506043658815/lng/-28.916015625;;;;;;;;;;;;;
15;KW_T_423_15_0110L.tif.jpg;illustration;Amarantus retroflexus;Amaranthus retroflexus;Amaranthus;retroflexus;Fungi;Agaricaceae;Knolparasolzwam;https://galerij.kb.nl/kb.html#/nl/florabatava14/page/23/zoom/3/lat/-65.03506043658815/lng/-28.916015625;;;;;;;;;;;;;
15;KW_T_423_15_0112L.tif.jpg;illustration;Scirpus sylvaticus;Scirpus sylvaticus;Scirpus;sylvaticus;Flowering plants;Saxifragaceae;Knolsteenbreek;https://galerij.kb.nl/kb.html#/nl/florabatava14/page/24/zoom/3/lat/-65.03506043658815/lng/-28.916015625;;;;;;;;;;;;;
15;KW_T_423_15_0114L.tif.jpg;illustration;Homalothecium sericeum;Homalothecium sericeum;Homalothecium;sericeum;Conifers;Cupressaceae;Jeneverbes;https://galerij.kb.nl/kb.html#/nl/florabatava14/page/25/zoom/3/lat/-65.03506043658815/lng/-28.916015625;;;;;;;;;;;;;
15;KW_T_423_15_0116L.tif.jpg;illustration;Boletus parasiticus;Pseudoboletus parasiticus;Pseudoboletus;parasiticus;Flowering plants;Orchidaceae;Hondskruid;https://galerij.kb.nl/kb.html#/nl/florabatava14/page/26/zoom/3/lat/-65.03506043658815/lng/-28.916015625;;;;;;;;;;;;;
15;KW_T_423_15_0118L.tif.jpg;illustration;Barbarea praecox;Barbarea verna;Barbarea;verna;Mosses;Pottiaceae;Gerand muursterretje;https://galerij.kb.nl/kb.html#/nl/florabatava14/page/27/zoom/3/lat/-65.03506043658815/lng/-28.916015625;;;;;;;;;;;;;
15;KW_T_423_15_0120L.tif.jpg;illustration;Pyrus malus;Malus sylvestris;Malus;sylvestris;Fungi;Mycenaceae;Gewoon elfenschermpje;https://galerij.kb.nl/kb.html#/nl/florabatava14/page/28/zoom/3/lat/-65.03506043658815/lng/-28.916015625;;;;;;;;;;;;;
15;KW_T_423_15_0122L.tif.jpg;illustration;Mentha arvensis;Mentha arvensis;Mentha;arvensis;Flowering plants;Papaveraceae;Gele hoornpapaver;https://galerij.kb.nl/kb.html#/nl/florabatava14/page/29/zoom/3/lat/-65.03506043658815/lng/-28.916015625;;;;;;;;;;;;;
15;KW_T_423_15_0124L.tif.jpg;illustration;Carex canescens;Carex curta;Carex;curta;Flowering plants;Papaveraceae;Rankende duivenkervel;https://galerij.kb.nl/kb.html#/nl/florabatava14/page/30/zoom/3/lat/-65.03506043658815/lng/-28.916015625;;;;;;;;;;;;;
15;KW_T_423_15_0126L.tif.jpg;illustration;Geaster hygrometricus;Astraeus hygrometricus;Astraeus;hygrometricus;Flowering plants;Gentianaceae;Veldgentiaan;https://galerij.kb.nl/kb.html#/nl/florabatava14/page/31/zoom/3/lat/-65.03506043658815/lng/-28.916015625;;;;;;;;;;;;;
15;KW_T_423_15_0128L.tif.jpg;illustration;Aster brumalis;Symphyotrichum cf. novi-belgii;Symphyotrichum;cf. novi-belgii;Flowering plants;Cyperaceae;Bruin cypergras;https://galerij.kb.nl/kb.html#/nl/florabatava14/page/32/zoom/3/lat/-65.03506043658815/lng/-28.916015625;;;;;;;;;;;;;
15;KW_T_423_15_0130L.tif.jpg;illustration;Crepis virens var. diffusa;Crepis capillaris;Crepis;capillaris;Mosses;Brachytheciaceae;Groot laddermos;https://galerij.kb.nl/kb.html#/nl/florabatava14/page/33/zoom/3/lat/-65.03506043658815/lng/-28.916015646;;;;;;;;;;;;;
15;KW_T_423_15_0132L.tif.jpg;illustration;Poa serotina;Poa palustris;Poa;palustris;Flowering plants;Rosaceae;Bottelroos;https://galerij.kb.nl/kb.html#/nl/florabatava14/page/34/zoom/3/lat/-65.03506043658815/lng/-28.916015625;;;;;;;;;;;;;
15;KW_T_423_15_0134L.tif.jpg;illustration;Aulacomnion palustre;Aulacomnium palustre;Aulacomnium;palustre;Flowering plants;Primulaceae;Stengelloze sleutelbloem;https://galerij.kb.nl/kb.html#/nl/florabatava14/page/35/zoom/3/lat/-65.03506043658815/lng/-28.916015625;;;;;;;;;;;;;
15;KW_T_423_15_0136L.tif.jpg;illustration;Geaster mammosus;Geastrum corollinum;Geastrum;corollinum;Flowering plants;Salicaceae;Kruipwilg;https://galerij.kb.nl/kb.html#/nl/florabatava14/page/36/zoom/3/lat/-65.03506043658815/lng/-28.916015625;;;;;;;;;;;;;
15;KW_T_423_15_0138L.tif.jpg;illustration;Silene nutans;Silene nutans;Silene;nutans;Mosses;Brachytheciaceae;Smaragdmos;https://galerij.kb.nl/kb.html#/nl/florabatava14/page/37/zoom/3/lat/-65.03506043658815/lng/-28.916015625;;;;;;;;;;;;;
15;KW_T_423_15_0140L.tif.jpg;illustration;Campanula rapunculoïdes;Campanula rapunculoides;Campanula;rapunculoides;Fungi;Tricholomataceae;Narcisridderzwam;https://galerij.kb.nl/kb.html#/nl/florabatava14/page/38/zoom/3/lat/-65.03506043658815/lng/-28.916015625;;;;;;;;;;;;;
15;KW_T_423_15_0142L.tif.jpg;illustration;Poa nemoralis;Poa cf. nemoralis;Poa;cf. nemoralis;Flowering plants;Salicaceae;Wilg spec.;https://galerij.kb.nl/kb.html#/nl/florabatava14/page/40/zoom/3/lat/-65.03506043658815/lng/-28.916015625;;;;;;;;;;;;;
15;KW_T_423_15_0144L.tif.jpg;illustration;Scirpus pauciflorus;Eleocharis quinqueflora;Eleocharis;quinqueflora;Flowering plants;Salicaceae;Grauwe wilg;https://galerij.kb.nl/kb.html#/nl/florabatava14/page/41/zoom/3/lat/-65.03506043658815/lng/-28.916015625;;;;;;;;;;;;;
15;KW_T_423_15_0146L.tif.jpg;illustration;Peziza nigrella;Pseudoplectania nigrella;Pseudoplectania;nigrella;Fungi;Schizophyllaceae;Vals judasoor;https://galerij.kb.nl/kb.html#/nl/florabatava14/page/42/zoom/3/lat/-65.03506043658815/lng/-28.916015625;;;;;;;;;;;;;
15;KW_T_423_15_0148L.tif.jpg;illustration;Cochlearia danica var. erecta;Cochlearia danica;Cochlearia;danica;Flowering plants;Ericaceae;Rijsbes;https://galerij.kb.nl/kb.html#/nl/florabatava14/page/44/zoom/3/lat/-65.03506043658815/lng/-28.916015625;;;;;;;;;;;;;
15;KW_T_423_15_0150L.tif.jpg;illustration;Rubus fruticosus;Rubus cf. nessensis;Rubus;cf. nessensis;Flowering plants;Montiaceae;Winterpostelein;https://galerij.kb.nl/kb.html#/nl/florabatava14/page/45/zoom/3/lat/-65.03506043658815/lng/-28.916015625;;;;;;;;;;;;;
15;KW_T_423_15_0152L.tif.jpg;illustration;Carex verna;Carex caryophyllea;Carex;caryophyllea;Flowering plants;Polygonaceae;Spinaziezuring;https://galerij.kb.nl/kb.html#/nl/florabatava14/page/46/zoom/3/lat/-65.03506043658815/lng/-28.916015625;;;;;;;;;;;;;
15;KW_T_423_15_0154L.tif.jpg;illustration;Polytrichum piliferum;Polytrichum piliferum;Polytrichum;piliferum;Mosses;Mniaceae;Koepelmos;https://galerij.kb.nl/kb.html#/nl/florabatava14/page/47/zoom/3/lat/-65.03506043658815/lng/-28.916015625;;;;;;;;;;;;;
15;KW_T_423_15_0156L.tif.jpg;illustration;Geaster fimbriatus;Geastrum fimbriatum;Geastrum;fimbriatum;Fungi;Coniferssporangiaceae;#N/A;https://galerij.kb.nl/kb.html#/nl/florabatava14/page/48/zoom/3/lat/-65.03506043658815/lng/-28.916015625;;;;;;;;;;;;;
15;KW_T_423_15_0158L.tif.jpg;illustration;Helichrysum arenarium;Helichrysum arenarium;Helichrysum;arenarium;Fungi;Coniferssporangiaceae;#N/A;https://galerij.kb.nl/kb.html#/nl/florabatava14/page/48/zoom/3/lat/-65.03506043658815/lng/-28.916015625;;;;;;;;;;;;;
15;KW_T_423_15_0160L.tif.jpg;illustration;Orobanche coerulea;Orobanche purpurea;Orobanche;purpurea;Flowering plants;Brassicaceae;Pijlkruidkers;https://galerij.kb.nl/kb.html#/nl/florabatava14/page/49/zoom/3/lat/-65.03506043658815/lng/-28.916015625;;;;;;;;;;;;;
15;KW_T_423_15_0162L.tif.jpg;illustration;Ulmus suberosa;Ulmus x hollandica;Ulmus;x hollandica;Flowering plants;Apiaceae;Heelkruid;https://galerij.kb.nl/kb.html#/nl/florabatava14/page/50/zoom/3/lat/-65.03506043658815/lng/-28.916015625;;;;;;;;;;;;;
15;KW_T_423_15_0165L.tif.jpg;illustration;Bromus arvensis;Bromus arvensis;Bromus;arvensis;Flowering plants;Euphorbiaceae;Zeewolfsmelk;https://galerij.kb.nl/kb.html#/nl/florabatava14/page/51/zoom/3/lat/-65.03506043658815/lng/-28.916015625;;;;;;;;;;;;;
15;KW_T_423_15_0167L.tif.jpg;illustration;Helvella lacunosa;Helvella lacunosa;Helvella;lacunosa;Flowering plants;Poaceae;Slofhak;https://galerij.kb.nl/kb.html#/nl/florabatava14/page/52/zoom/3/lat/-65.03506043658815/lng/-28.916015625;;;;;;;;;;;;;
16;KW_T_423_16_0009L.tif.jpg;illustration;Inula britannica;Inula britannica;Inula;britannica;Fungi;Omphalotaceae;Bundelcollybia;https://galerij.kb.nl/kb.html#/nl/florabatava14/page/53/zoom/3/lat/-65.03506043658815/lng/-28.916015625;;;;;;;;;;;;;
16;KW_T_423_16_0011L.tif.jpg;illustration;Salix aurita;Salix aurita;Salix;aurita;Flowering plants;Hypericaceae;Moerashertshooi;https://galerij.kb.nl/kb.html#/nl/florabatava14/page/54/zoom/3/lat/-65.03506043658815/lng/-28.916015625;;;;;;;;;;;;;
16;KW_T_423_16_0013L.tif.jpg;illustration;Festuca loliacea;Schedolium loliaceum;Schedolium;loliaceum;Flowering plants;Rosaceae;Weichselboom;https://galerij.kb.nl/kb.html#/nl/florabatava14/page/55/zoom/3/lat/-65.03506043658815/lng/-28.916015625;;;;;;;;;;;;;
16;KW_T_423_16_0015L.tif.jpg;illustration;Dicranum undulatum;Dicranum polysetum;Dicranum;polysetum;Mosses;Orthotrichaceae;Echt iepenmos;https://galerij.kb.nl/kb.html#/nl/florabatava14/page/57/zoom/3/lat/-65.03506043658815/lng/-28.916015625;;;;;;;;;;;;;
16;KW_T_423_16_0017L.tif.jpg;illustration;Geaster fornicatus;Geastrum quadrifiduum;Geastrum;quadrifiduum;Fungi;Otideaceae;Hazenoor spec.;https://galerij.kb.nl/kb.html#/nl/florabatava14/page/58/zoom/3/lat/-65.03506043658815/lng/-28.916015625;;;;;;;;;;;;;
16;KW_T_423_16_0019L.tif.jpg;illustration;Cardamine pratensis;Cardamine pratensis 'Flore Pleno';Cardamine;pratensis 'Flore Pleno';Flowering plants;Scrophulariaceae;Voorjaarshelmkruid;https://galerij.kb.nl/kb.html#/nl/florabatava14/page/59/zoom/3/lat/-65.03506043658815/lng/-28.916015625;;;;;;;;;;;;;
16;KW_T_423_16_0021L.tif.jpg;illustration;Abies excelsa;Picea abies;Picea;abies;Flowering plants;Salicaceae;Bittere wilg;https://galerij.kb.nl/kb.html#/nl/florabatava14/page/60/zoom/3/lat/-65.03506043658815/lng/-28.916015625;;;;;;;;;;;;;
16;KW_T_423_16_0023L.tif.jpg;illustration;Eriophorum latifolium;Eriophorum latifolium;Eriophorum;latifolium;Mosses;Splachnaceae;Kruikmos;https://galerij.kb.nl/kb.html#/nl/florabatava14/page/61/zoom/3/lat/-65.03506043658815/lng/-28.916015625;;;;;;;;;;;;;
16;KW_T_423_16_0025L.tif.jpg;illustration;Agrostis stolonifera;Agrostis stolonifera;Agrostis;stolonifera;Fungi;Russulaceae;Populiermelkzwam;https://galerij.kb.nl/kb.html#/nl/florabatava14/page/62/zoom/3/lat/-70.93100353239011/lng/27.685546874999996;;;;;;;;;;;;;
16;KW_T_423_16_0027L.tif.jpg;illustration;Leocarpus vernicosus;Leocarpus fragilis;Leocarpus;fragilis;Fungi;Meruliaceae;Toefige labyrintzwam;https://galerij.kb.nl/kb.html#/nl/florabatava14/page/63/zoom/3/lat/-65.03506043658815/lng/-28.916015625;;;;;;;;;;;;;
16;KW_T_423_16_0029L.tif.jpg;illustration;Fagus sylvatica;Fagus sylvatica;Fagus;sylvatica;Flowering plants;Rosaceae;Amerikaans krentenboompje;https://galerij.kb.nl/kb.html#/nl/florabatava14/page/64/zoom/3/lat/-65.03506043658815/lng/-28.916015625;;;;;;;;;;;;;
16;KW_T_423_16_0031L.tif.jpg;illustration;Heliosciadum nodiflorum;Helosciadium nodiflorum;Helosciadium;nodiflorum;Flowering plants;Salicaceae;Zwarte populier;https://galerij.kb.nl/kb.html#/nl/florabatava14/page/66/zoom/3/lat/-65.03506043658815/lng/-28.916015625;;;;;;;;;;;;;
16;KW_T_423_16_0033L.tif.jpg;illustration;Rumex sanguineus;Rumex sanguineus;Rumex;sanguineus;Flowering plants;Salicaceae;Zwarte populier;https://galerij.kb.nl/kb.html#/nl/florabatava14/page/66/zoom/3/lat/-65.03506043658815/lng/-28.916015625;;;;;;;;;;;;;
16;KW_T_423_16_0035L.tif.jpg;illustration;Agaricus cepaestipes;Leucoagaricus meleagris ;Leucoagaricus;meleagris;Ferns;Cystopteridaceae ;Blaasvaren;https://galerij.kb.nl/kb.html#/nl/florabatava14/page/67/zoom/3/lat/-65.03506043658815/lng/-28.916015625;;;;;;;;;;;;;
16;KW_T_423_16_0037L.tif.jpg;illustration;Roestelia lacerata;Coniferssporangium clavariiforme;Coniferssporangium;clavariiforme;Fungi;Amanitaceae;Grote kleefparasol;https://galerij.kb.nl/kb.html#/nl/florabatava14/page/68/zoom/3/lat/-65.03506043658815/lng/-28.916015625;;;;;;;;;;;;;
16;KW_T_423_16_0039L.tif.jpg;illustration;Stellaria dilleniana;Stellaria graminea;Stellaria;graminea;Flowering plants;Ericaceae;Cranberry;https://galerij.kb.nl/kb.html#/nl/florabatava14/page/70/zoom/3/lat/-65.03506043658815/lng/-28.916015625;;;;;;;;;;;;;
16;KW_T_423_16_0041L.tif.jpg;illustration;Medicago denticulata;Medicago polymorpha;Medicago;polymorpha;Flowering plants;Boraginaceae;Stekelzaad;https://galerij.kb.nl/kb.html#/nl/florabatava14/page/71/zoom/3/lat/-65.03506043658815/lng/-28.916015625;;;;;;;;;;;;;
16;KW_T_423_16_0043L.tif.jpg;illustration;Plantago lanceolata f. capitata;Plantago lanceolata;Plantago;lanceolata;Flowering plants;Araceae;Gevlekte aronskelk;https://galerij.kb.nl/kb.html#/nl/florabatava14/page/20/zoom/3/lat/-65.03506043658815/lng/-28.916015625;;;;;;;;;;;;;
16;KW_T_423_16_0045L.tif.jpg;illustration;Bromus commutatus;Bromus racemosus;Bromus;racemosus;Fungi;Helvellaceae;Bokaalkluifzwam;https://galerij.kb.nl/kb.html#/nl/florabatava14/page/73/zoom/3/lat/-65.03506043658815/lng/-28.916015625;;;;;;;;;;;;;
16;KW_T_423_16_0047L.tif.jpg;illustration;Agaricus odoris;Clitocybe odora;Clitocybe;odora;Fungi;Otideaceae;Zeemkleurig hazenoor;https://galerij.kb.nl/kb.html#/nl/florabatava14/page/73/zoom/3/lat/-65.03506043658815/lng/-28.916015625;;;;;;;;;;;;;
16;KW_T_423_16_0049L.tif.jpg;illustration;Helianthemum guttatum;Tuberaria guttata;Tuberaria;guttata;Flowering plants;Fabaceae;Verfbrem;https://galerij.kb.nl/kb.html#/nl/florabatava14/page/74/zoom/3/lat/-65.03506043658815/lng/-28.916015625;;;;;;;;;;;;;
16;KW_T_423_16_0051L.tif.jpg;illustration;Medicago sativa;Medicago sativa;Medicago;sativa;Flowering plants;Amaranthaceae;Stippelganzenvoet;https://galerij.kb.nl/kb.html#/nl/florabatava14/page/75/zoom/3/lat/-65.03506043658815/lng/-28.916015625;;;;;;;;;;;;;
16;KW_T_423_16_0053L.tif.jpg;illustration;Quercus pedunculata;Quercus robur;Quercus;robur;Flowering plants;Salicaceae;Ratelpopulier;https://galerij.kb.nl/kb.html#/nl/florabatava14/page/77/zoom/3/lat/-65.03506043658815/lng/-28.916015625;;;;;;;;;;;;;
16;KW_T_423_16_0055L.tif.jpg;illustration;Pylaisia polyantha. Hypnum polyanthum;Pylaisia polyantha;Pylaisia;polyantha;Flowering plants;Salicaceae;Ratelpopulier;https://galerij.kb.nl/kb.html#/nl/florabatava14/page/77/zoom/3/lat/-65.03506043658815/lng/-28.916015625;;;;;;;;;;;;;
16;KW_T_423_16_0057L.tif.jpg;illustration;Bolbitius hydrophilus / Agaricus hydrophilus;Psathyrella candolleana;Psathyrella;candolleana;Fungi;Ganodermataceae;Lakzwam;https://galerij.kb.nl/kb.html#/nl/florabatava14/page/78/zoom/3/lat/-65.03506043658815/lng/-28.916015625;;;;;;;;;;;;;
16;KW_T_423_16_0059L.tif.jpg;illustration;Verbascum Lychnitis;Verbascum lychnitis;Verbascum;lychnitis;Fungi;Fomitopsidaceae;Roodgerande houtzwam;https://galerij.kb.nl/kb.html#/nl/florabatava14/page/78/zoom/3/lat/-65.03506043658815/lng/-28.916015625;;;;;;;;;;;;;
16;KW_T_423_16_0061L.tif.jpg;illustration;Lilium bulbiferum;Lilium bulbiferum subsp. croceum;Lilium;bulbiferum subsp. croceum;Flowering plants;Salicaceae;Katwilg;https://galerij.kb.nl/kb.html#/nl/florabatava14/page/79/zoom/3/lat/-65.03506043658815/lng/-28.916015625;;;;;;;;;;;;;
16;KW_T_423_16_0063L.tif.jpg;illustration;Glyceria Borerri. Sclerochloa Borreri;Puccinellia fasciculata;Puccinellia;fasciculata;Flowering plants;Juncaceae;Draadrus;https://galerij.kb.nl/kb.html#/nl/florabatava14/page/82/zoom/3/lat/-65.03506043658815/lng/-28.916015625;;;;;;;;;;;;;
16;KW_T_423_16_0065L.tif.jpg;illustration;Hylocomium loreum. Hypnum loreum;Rhytidiadelphus loreus;Rhytidiadelphus;loreus;Fungi;Hydnaceae;Witte koraalzwam;https://galerij.kb.nl/kb.html#/nl/florabatava14/page/83/zoom/3/lat/-65.03506043658815/lng/-28.916015625;;;;;;;;;;;;;
16;KW_T_423_16_0067L.tif.jpg;illustration;Agaricus robustus;Tricholoma focale;Tricholoma;focale;Flowering plants;Brassicaceae;Bittere scheefbloem;https://galerij.kb.nl/kb.html#/nl/florabatava14/page/84/zoom/3/lat/-65.03506043658815/lng/-28.916015625;;;;;;;;;;;;;
16;KW_T_423_16_0069L.tif.jpg;illustration;Hieracium vulgatum;Hieracium Sect. Vulgata;Hieracium;Sect. Vulgata;Mosses;Encalyptaceae;Groot klokhoedje;https://galerij.kb.nl/kb.html#/nl/florabatava14/page/87/zoom/3/lat/-65.03506043658815/lng/-28.916015625;;;;;;;;;;;;;
16;KW_T_423_16_0071L.tif.jpg;illustration;Salix Seringeana;Salix spec.;Salix;spec.;Fungi;Tricholomataceae;Zeepzwam;https://galerij.kb.nl/kb.html#/nl/florabatava14/page/88/zoom/3/lat/-65.03506043658815/lng/-28.916015625;;;;;;;;;;;;;
16;KW_T_423_16_0073L.tif.jpg;illustration;Lilium martagon;Lilium martagon;Lilium;martagon;Flowering plants;Asteraceae;Klein streepzaad;https://galerij.kb.nl/kb.html#/nl/florabatava15/page/8/zoom/3/lat/-71.49703690095419/lng/-52.119140625;;;;;;;;;;;;;
16;KW_T_423_16_0075L.tif.jpg;illustration;Orthotrichum crispum;Ulota bruchii;Ulota;bruchii;Fungi;Geastraceae;Gekraagde aardster;https://galerij.kb.nl/kb.html#/nl/florabatava15/page/12/zoom/3/lat/-69.80930869552192/lng/-62.49023437499999;;;;;;;;;;;;;
16;KW_T_423_16_0077L.tif.jpg;illustration;Roestelia cancellata;Coniferssporangium sabinae;Coniferssporangium;sabinae;Flowering plants;Papaveraceae;Gele helmbloem;https://galerij.kb.nl/kb.html#/nl/florabatava15/page/14/zoom/3/lat/-65.98227002980873/lng/-25.224609375;;;;;;;;;;;;;
16;KW_T_423_16_0079L.tif.jpg;illustration;Rhus toxicodendron;Rhus radicans;Rhus;radicans;Flowering plants;Caprifoliaceae;;https://galerij.kb.nl/kb.html#/nl/florabatava15/page/15/zoom/3/lat/-65.98227002980873/lng/-25.224609375;;;;;;;;;;;;;
16;KW_T_423_16_0081L.tif.jpg;illustration;Scorzonera hispanica;Scorzonera spec.;Scorzonera;spec.;Flowering plants;Cyperaceae;Drienervige zegge;https://galerij.kb.nl/kb.html#/nl/florabatava15/page/16/zoom/3/lat/-65.98227002980873/lng/-25.224609375;;;;;;;;;;;;;
16;KW_T_423_16_0083L.tif.jpg;illustration;Scrophularia Neesii;Scrophularia umbrosa;Scrophularia;umbrosa;Mosses;Polytrichaceae;Zandhaarmos;https://galerij.kb.nl/kb.html#/nl/florabatava15/page/17/zoom/3/lat/-65.98227002980873/lng/-25.224609375;;;;;;;;;;;;;
16;KW_T_423_16_0085L.tif.jpg;illustration;Hypnum cordifolium;Calliergon cordifolium;Calliergon;cordifolium;Fungi;Tricholomataceae;Ruige ridderzwam;https://galerij.kb.nl/kb.html#/nl/florabatava15/page/18/zoom/3/lat/-65.98227002980873/lng/-25.224609375;;;;;;;;;;;;;
16;KW_T_423_16_0087L.tif.jpg;illustration;Polyporus frondosus;Grifola frondosa;Grifola;frondosa;Flowering plants;Asteraceae;Kaal knopkruid;https://galerij.kb.nl/kb.html#/nl/florabatava15/page/20/zoom/3/lat/-65.98227002980873/lng/-25.224609375;;;;;;;;;;;;;
16;KW_T_423_16_0089L.tif.jpg;illustration;Viburnum lantana;Viburnum lantana;Viburnum;lantana;Flowering plants;Poaceae;Italiaans raaigras;https://galerij.kb.nl/kb.html#/nl/florabatava15/page/21/zoom/3/lat/-65.98227002980873/lng/-25.224609375;;;;;;;;;;;;;
16;KW_T_423_16_0091L.tif.jpg;illustration;Veronica buxbaumii;Veronica persica;Veronica;persica;Fungi;Tricholomataceae;Gele ridderzwam;https://galerij.kb.nl/kb.html#/nl/florabatava15/page/22/zoom/3/lat/-65.98227002980873/lng/-25.224609375;;;;;;;;;;;;;
16;KW_T_423_16_0093L.tif.jpg;illustration;Heleocharis uniglumis;Eleocharis uniglumis;Eleocharis;uniglumis;Fungi;Agaricaceae;Gestreept nestzwammetje;https://galerij.kb.nl/kb.html#/nl/florabatava15/page/23/zoom/3/lat/-65.98227002980873/lng/-25.224609375;;;;;;;;;;;;;
16;KW_T_423_16_0095L.tif.jpg;illustration;Bryum argenteum;Bryum argenteum;Bryum;argenteum;Fungi;Pyronemataceae;Grote oranje bekerzwam;https://galerij.kb.nl/kb.html#/nl/florabatava15/page/23/zoom/3/lat/-65.98227002980873/lng/-25.224609375;;;;;;;;;;;;;
16;KW_T_423_16_0097L.tif.jpg;illustration;Gomphidius glutinosus;Gomphidius glutinosus;Gomphidius;glutinosus;Flowering plants;Gentianaceae;Kruisbladgentiaan;https://galerij.kb.nl/kb.html#/nl/florabatava15/page/24/zoom/3/lat/-65.98227002980873/lng/-25.224609375;;;;;;;;;;;;;
16;KW_T_423_16_0099L.tif.jpg;illustration;Geranium columbinum;Geranium columbinum;Geranium;columbinum;Flowering plants;Salicaceae;Witte abeel;https://galerij.kb.nl/kb.html#/nl/florabatava15/page/26/zoom/3/lat/-65.98227002980873/lng/-25.224609375;;;;;;;;;;;;;
16;KW_T_423_16_0101L.tif.jpg;illustration;Trifolium subterraneum;Trifolium subterraneum;Trifolium;subterraneum;Flowering plants;Salicaceae;Witte abeel;https://galerij.kb.nl/kb.html#/nl/florabatava15/page/26/zoom/3/lat/-65.98227002980873/lng/-25.224609375;;;;;;;;;;;;;
16;KW_T_423_16_0103L.tif.jpg;illustration;Anagallis coerulea;Anagallis arvensis subsp. foemina;Anagallis;arvensis subsp. foemina;Mosses;Orthotrichaceae;Gekroesde haarmuts;https://galerij.kb.nl/kb.html#/nl/florabatava15/page/27/zoom/3/lat/-65.98227002980873/lng/-25.224609377;;;;;;;;;;;;;
16;KW_T_423_16_0105L.tif.jpg;illustration;Setaria glauca;Setaria pumila;Setaria;pumila;Fungi;Agaricaceae;Oranje populierboleet;https://galerij.kb.nl/kb.html#/nl/florabatava15/page/28/zoom/3/lat/-65.98227002980873/lng/-25.224609375;;;;;;;;;;;;;
16;KW_T_423_16_0107L.tif.jpg;illustration;Agaricus inornatus;Clitocybe spec.;Clitocybe;spec.;Flowering plants;Saxifragaceae;Verspreidbladig goudveil;https://galerij.kb.nl/kb.html#/nl/florabatava15/page/29/zoom/3/lat/-65.98227002980873/lng/-25.224609378;;;;;;;;;;;;;
16;KW_T_423_16_0109L.tif.jpg;illustration;Rosa cinnamomea;Rosa majalis;Rosa;majalis;Flowering plants;Salicaceae;Grauwe abeel;https://galerij.kb.nl/kb.html#/nl/florabatava15/page/30/zoom/3/lat/-70.81581215931347/lng/-57.568359375;;;;;;;;;;;;;
16;KW_T_423_16_0111L.tif.jpg;illustration;Malva borealis;Malva pusilla;Malva;pusilla;Flowering plants;Salicaceae;Grauwe abeel;https://galerij.kb.nl/kb.html#/nl/florabatava15/page/31/zoom/3/lat/-70.81581215931347/lng/-57.568359375;;;;;;;;;;;;;
16;KW_T_423_16_0113L.tif.jpg;illustration;Rumex maritimus;Rumex maritimus;Rumex;maritimus;Fungi;Geastraceae;Kleine aardster;https://galerij.kb.nl/kb.html#/nl/florabatava15/page/33/zoom/3/lat/-65.98227002980873/lng/-25.224609375;;;;;;;;;;;;;
16;KW_T_423_16_0115L.tif.jpg;illustration;Orthotrichum sprucei;Orthotrichum sprucei;Orthotrichum;sprucei;Flowering plants;Brassicaceae;Schermscheefbloem;https://galerij.kb.nl/kb.html#/nl/florabatava15/page/34/zoom/3/lat/-65.98227002980873/lng/-25.224609375;;;;;;;;;;;;;
16;KW_T_423_16_0117L.tif.jpg;illustration;Polyporus sulphureus;Laetiporus sulphureus;Laetiporus;sulphureus;Flowering plants;Lamiaceae;Gespleten hennepnetel;https://galerij.kb.nl/kb.html#/nl/florabatava15/page/36/zoom/3/lat/-65.98227002980873/lng/-25.224609375;;;;;;;;;;;;;
16;KW_T_423_16_0119L.tif.jpg;illustration;Scopolia carniolica;Scopolia carniolica;Scopolia;carniolica;Mosses;Dicranellaceae;Gewoon pluisjesmos;https://galerij.kb.nl/kb.html#/nl/florabatava15/page/37/zoom/3/lat/-65.98227002980873/lng/-25.224609375;;;;;;;;;;;;;
16;KW_T_423_16_0121L.tif.jpg;illustration;Veronica polita;Veronica polita;Veronica;polita;Fungi;Physalacriaceae;Porseleinzwam;https://galerij.kb.nl/kb.html#/nl/florabatava15/page/38/zoom/3/lat/-65.98227002980873/lng/-25.224609375;;;;;;;;;;;;;
16;KW_T_423_16_0123L.tif.jpg;illustration;Avena strigosa;Avena strigosa;Avena;strigosa;Flowering plants;Primulaceae;Boswederik;https://galerij.kb.nl/kb.html#/nl/florabatava15/page/40/zoom/3/lat/-65.98227002980873/lng/-25.224609375;;;;;;;;;;;;;
16;KW_T_423_16_0125L.tif.jpg;illustration;Bryum luridum;Bryum archangelicum;Bryum;archangelicum;Flowering plants;Cyperaceae;Bleke zegge;https://galerij.kb.nl/kb.html#/nl/florabatava15/page/41/zoom/3/lat/-65.98227002980873/lng/-25.224609375;;;;;;;;;;;;;
16;KW_T_423_16_0127L.tif.jpg;illustration;Thelephora caryophyllea;Thelephora caryophyllea;Thelephora;caryophyllea;Mosses;Pottiaceae;Kleismaragdsteeltje;https://galerij.kb.nl/kb.html#/nl/florabatava15/page/42/zoom/3/lat/-65.98227002980873/lng/-25.224609375;;;;;;;;;;;;;
16;KW_T_423_16_0129L.tif.jpg;illustration;Cochlearia anglica;Cochlearia anglica;Cochlearia;anglica;Fungi;Helvellaceae;Witte kluifzwam;https://galerij.kb.nl/kb.html#/nl/florabatava15/page/43/zoom/3/lat/-65.98227002980873/lng/-25.224609375;;;;;;;;;;;;;
16;KW_T_423_16_0132L.tif.jpg;illustration;Salvia verbenaca;Salvia verbenaca;Salvia;verbenaca;Flowering plants;Rosaceae;Grote pimpernel;https://galerij.kb.nl/kb.html#/nl/florabatava15/page/44/zoom/3/lat/-65.98227002980873/lng/-25.224609375;;;;;;;;;;;;;
16;KW_T_423_16_0134L.tif.jpg;illustration;Cyperus flavescens;Cyperus flavescens;Cyperus;flavescens;Flowering plants;Asteraceae;Smalle aster;https://galerij.kb.nl/kb.html#/nl/florabatava15/page/45/zoom/3/lat/-65.98227002980873/lng/-25.224609375;;;;;;;;;;;;;
16;KW_T_423_16_0136L.tif.jpg;illustration;Bryum murale;Bryum radiculosum;Bryum;radiculosum;Flowering plants;Euphorbiaceae;Stijve wolfsmelk;https://galerij.kb.nl/kb.html#/nl/florabatava15/page/46/zoom/3/lat/-65.98227002980873/lng/-25.224609375;;;;;;;;;;;;;
16;KW_T_423_16_0138L.tif.jpg;illustration;Fistulina hepatica;Fistulina hepatica;Fistulina;hepatica;Flowering plants;Poaceae;Duinzwenkgras;https://galerij.kb.nl/kb.html#/nl/florabatava15/page/47/zoom/3/lat/-65.98227002980873/lng/-25.224609375;;;;;;;;;;;;;
16;KW_T_423_16_0140L.tif.jpg;illustration;Montia rivularis;Montia fontana subsp. amporitana;Montia;fontana subsp. amporitana;Fungi;Clitocybaceae;Nevelzwam;https://galerij.kb.nl/kb.html#/nl/florabatava15/page/48/zoom/3/lat/-68.56038368664157/lng/-53.0859375;;;;;;;;;;;;;
16;KW_T_423_16_0142L.tif.jpg;illustration;Tragopogon minor;Tragopogon pratensis subsp. minor;Tragopogon;pratensis subsp. minor;Flowering plants;Asteraceae;Nieuw-Nederlandse aster;https://galerij.kb.nl/kb.html#/nl/florabatava15/page/49/zoom/3/lat/-65.98227002980873/lng/-25.224609375;;;;;;;;;;;;;
16;KW_T_423_16_0144L.tif.jpg;illustration;Rumex hydrolapathum;Rumex hydrolapathum;Rumex;hydrolapathum;Flowering plants;Campanulaceae;Rapunzelklokje;https://galerij.kb.nl/kb.html#/nl/florabatava15/page/50/zoom/3/lat/-65.98227002980873/lng/-25.224609375;;;;;;;;;;;;;
16;KW_T_423_16_0146L.tif.jpg;illustration;Bryum fallax;Bryum pallens;Bryum;pallens;Flowering plants;Poaceae;Rood zwenkgras;https://galerij.kb.nl/kb.html#/nl/florabatava15/page/51/zoom/3/lat/-65.98227002980873/lng/-25.224609375;;;;;;;;;;;;;
16;KW_T_423_16_0148L.tif.jpg;illustration;Polyporus frondosus;Grifola frondosa;Grifola;frondosa;Mosses;Lembophyllaceae;Recht palmpjesmos;https://galerij.kb.nl/kb.html#/nl/florabatava15/page/52/zoom/3/lat/-65.98227002980873/lng/-25.224609385;;;;;;;;;;;;;
16;KW_T_423_16_0150L.tif.jpg;illustration;Anemone nemorosa flore pleno;Anemone nemorosa 'Flore Pleno';Anemone;nemorosa 'Flore Pleno';Fungi;Geastraceae;Roze aardster;https://galerij.kb.nl/kb.html#/nl/florabatava15/page/53/zoom/3/lat/-65.98227002980873/lng/-25.224609375;;;;;;;;;;;;;
16;KW_T_423_16_0152L.tif.jpg;illustration;Plantago arenaria;Plantago arenaria;Plantago;arenaria;Flowering plants;Sapindaceae;Spaanse aak;https://galerij.kb.nl/kb.html#/nl/florabatava15/page/54/zoom/3/lat/-65.98227002980873/lng/-25.224609375;;;;;;;;;;;;;
16;KW_T_423_16_0154L.tif.jpg;illustration;Ammi majus;Ammi majus;Ammi;majus;Flowering plants;Fabaceae;Serradelle;https://galerij.kb.nl/kb.html#/nl/florabatava15/page/55/zoom/3/lat/-65.98227002980873/lng/-25.224609375;;;;;;;;;;;;;
16;KW_T_423_16_0156L.tif.jpg;illustration;Bryum marratii;Bryum marratii;Bryum;marratii;Flowering plants;Asteraceae;Spits havikskruid;https://galerij.kb.nl/kb.html#/nl/florabatava15/page/56/zoom/3/lat/-65.98227002980873/lng/-25.224609375;;;;;;;;;;;;;
16;KW_T_423_16_0158L.tif.jpg;illustration;Agaricus clypeatus;Entoloma clypeatum;Entoloma;clypeatum;Flowering plants;Poaceae;Boskortsteel;https://galerij.kb.nl/kb.html#/nl/florabatava15/page/57/zoom/3/lat/-65.98227002980873/lng/-25.224609375;;;;;;;;;;;;;
16;KW_T_423_16_0160L.tif.jpg;illustration;Torilis helvetica;Torilis arvensis;Torilis;arvensis;Fungi;Auriscalpiaceae;Oorlepelzwam;https://galerij.kb.nl/kb.html#/nl/florabatava15/page/58/zoom/3/lat/-65.98227002980873/lng/-25.224609375;;;;;;;;;;;;;
16;KW_T_423_16_0162L.tif.jpg;illustration;Barkhausia foetida;Crepis foetida;Crepis;foetida;Flowering plants;Asteraceae;Oranje havikskruid;https://galerij.kb.nl/kb.html#/nl/florabatava15/page/59/zoom/3/lat/-65.98227002980873/lng/-25.224609375;;;;;;;;;;;;;
16;KW_T_423_16_0164L.tif.jpg;illustration;Luzula albida;Luzula luzuloides;Luzula;luzuloides;Flowering plants;Amaranthaceae;Papegaaienkruid;https://galerij.kb.nl/kb.html#/nl/florabatava15/page/60/zoom/3/lat/-65.98227002980873/lng/-25.224609375;;;;;;;;;;;;;
16;KW_T_423_16_0166L.tif.jpg;illustration;Fucus platycarpus;Fucus spiralis;Fucus;spiralis;Flowering plants;Cyperaceae;Bosbies;https://galerij.kb.nl/kb.html#/nl/florabatava15/page/61/zoom/3/lat/-65.98227002980873/lng/-25.224609375;;;;;;;;;;;;;
16;KW_T_423_16_0168L.tif.jpg;illustration;Polyporus perennis;Coltricia perennis;Coltricia;perennis;Mosses;Brachytheciaceae;Gewoon zijdemos;https://galerij.kb.nl/kb.html#/nl/florabatava15/page/62/zoom/3/lat/-65.98227002980873/lng/-25.224609375;;;;;;;;;;;;;
17;KW_T_423_17_0009L.tif.jpg;illustration;Corydalis cava;Corydalis cava;Corydalis;cava;Fungi;Boletaceae;Kostgangerboleet;https://galerij.kb.nl/kb.html#/nl/florabatava15/page/63/zoom/3/lat/-65.98227002980873/lng/-25.224609375;;;;;;;;;;;;;
17;KW_T_423_17_0011L.tif.jpg;illustration;Farsetia incana;Berteroa incana;Berteroa;incana;Flowering plants;Brassicaceae;Vroeg barbarakruid;https://galerij.kb.nl/kb.html#/nl/florabatava15/page/64/zoom/3/lat/-65.98227002980873/lng/-25.224609375;;;;;;;;;;;;;
17;KW_T_423_17_0013L.tif.jpg;illustration;Viola riviniana;Viola riviniana;Viola;riviniana;Flowering plants;Rosaceae;Appel;https://galerij.kb.nl/kb.html#/nl/florabatava15/page/65/zoom/3/lat/-65.98227002980873/lng/-25.224609375;;;;;;;;;;;;;
17;KW_T_423_17_0015L.tif.jpg;illustration;Bryum warneum;Bryum warneum;Bryum;warneum;Flowering plants;Lamiaceae;Akkermunt;https://galerij.kb.nl/kb.html#/nl/florabatava15/page/66/zoom/3/lat/-65.98227002980873/lng/-25.224609375;;;;;;;;;;;;;
17;KW_T_423_17_0017L.tif.jpg;illustration;Gomphidius viscidus;Chroogomphus rutilus;Chroogomphus;rutilus;Flowering plants;Cyperaceae;Zompzegge;https://galerij.kb.nl/kb.html#/nl/florabatava15/page/67/zoom/3/lat/-65.98227002980873/lng/-25.224609375;;;;;;;;;;;;;
17;KW_T_423_17_0019L.tif.jpg;illustration;Helianthemum vulgare;Helianthemum nummularium;Helianthemum;nummularium;Fungi;Diplocystaceae;Weerhuisje;https://galerij.kb.nl/kb.html#/nl/florabatava15/page/68/zoom/3/lat/-65.98227002980873/lng/-25.224609375;;;;;;;;;;;;;
17;KW_T_423_17_0021L.tif.jpg;illustration;Bupleurum tenuissimum;Bupleurum tenuissimum;Bupleurum;tenuissimum;Flowering plants;Asteraceae;Klein streepzaad;https://galerij.kb.nl/kb.html#/nl/florabatava15/page/70/zoom/3/lat/-71.49703690095419/lng/-48.779296875;;;;;;;;;;;;;
17;KW_T_423_17_0023L.tif.jpg;illustration;Senecio fuchsii;Senecio ovatus;Senecio;ovatus;Flowering plants;Poaceae;Moerasbeemdgras;https://galerij.kb.nl/kb.html#/nl/florabatava15/page/71/zoom/3/lat/-65.98227002980873/lng/-25.224609375;;;;;;;;;;;;;
17;KW_T_423_17_0025L.tif.jpg;illustration;Bryum lacustre;Bryum knowltonii;Bryum;knowltonii;Mosses;Aulacomniaceae;Roodviltmos;https://galerij.kb.nl/kb.html#/nl/florabatava15/page/72/zoom/3/lat/-65.98227002980873/lng/-25.224609375;;;;;;;;;;;;;
17;KW_T_423_17_0027L.tif.jpg;illustration;Anabaina circinalis;Dolichospermum circinale;Dolichospermum;circinale;Fungi;Geastraceae;Tepelaardster;https://galerij.kb.nl/kb.html#/nl/florabatava15/page/73/zoom/3/lat/-65.98227002980873/lng/-25.224609375;;;;;;;;;;;;;
17;KW_T_423_17_0029L.tif.jpg;illustration;Erysimum strictum;Erysimum virgatum;Erysimum;virgatum;Flowering plants;Caryophyllaceae;Nachtsilene;https://galerij.kb.nl/kb.html#/nl/florabatava15/page/74/zoom/3/lat/-65.98227002980873/lng/-25.224609375;;;;;;;;;;;;;
17;KW_T_423_17_0031L.tif.jpg;illustration;Centaurea solstitialis;Centaurea solstitialis;Centaurea;solstitialis;Flowering plants;Campanulaceae;Akkerklokje;https://galerij.kb.nl/kb.html#/nl/florabatava15/page/75/zoom/3/lat/-65.98227002980873/lng/-25.224609375;;;;;;;;;;;;;
17;KW_T_423_17_0033L.tif.jpg;illustration;Scrophularia balbisii;Scrophularia auriculata;Scrophularia;auriculata;Flowering plants;Cyperaceae;Armbloemige waterbies;https://galerij.kb.nl/kb.html#/nl/florabatava15/page/76/zoom/3/lat/-65.98227002980873/lng/-25.224609375;;;;;;;;;;;;;
17;KW_T_423_17_0035L.tif.jpg;illustration;Bryum uliginosum;Bryum uliginosum;Bryum;uliginosum;Fungi;Sarcosomataceae;Zwarte bekerzwam;https://galerij.kb.nl/kb.html#/nl/florabatava15/page/78/zoom/3/lat/-65.98227002980873/lng/-25.224609375;;;;;;;;;;;;;
17;KW_T_423_17_0037L.tif.jpg;illustration;Agaricus (pleurotus) ambiguus;Pleurotus ostreatus;Pleurotus;ostreatus;Flowering plants;Brassicaceae;Deens lepelblad;https://galerij.kb.nl/kb.html#/nl/florabatava15/page/79/zoom/3/lat/-72.10094360009953/lng/-53.525390625;;;;;;;;;;;;;
17;KW_T_423_17_0039L.tif.jpg;illustration;Sinapis alba;Sinapis alba;Sinapis;alba;Flowering plants;Cyperaceae;Voorjaarszegge;https://galerij.kb.nl/kb.html#/nl/florabatava15/page/81/zoom/3/lat/-65.98227002980873/lng/-25.224609375;;;;;;;;;;;;;
17;KW_T_423_17_0041L.tif.jpg;illustration;Potentilla albo-sterilis;Potentilla alba;Potentilla;alba;Mosses;Polytrichaceae;Ruig haarmos;https://galerij.kb.nl/kb.html#/nl/florabatava15/page/82/zoom/3/lat/-65.98227002980873/lng/-25.224609375;;;;;;;;;;;;;
17;KW_T_423_17_0043L.tif.jpg;illustration;Carpinus betulus;Carpinus betulus ;Carpinus;betulus;Fungi;Geastraceae;Gewimperde aardster;https://galerij.kb.nl/kb.html#/nl/florabatava15/page/83/zoom/3/lat/-65.98227002980873/lng/-25.224609375;;;;;;;;;;;;;
17;KW_T_423_17_0045L.tif.jpg;illustration;Bryum pendulum;Bryum algovicum;Bryum;algovicum;Flowering plants;Asteraceae;Strobloem;https://galerij.kb.nl/kb.html#/nl/florabatava15/page/84/zoom/3/lat/-65.98227002980873/lng/-25.224609375;;;;;;;;;;;;;
17;KW_T_423_17_0047L.tif.jpg;illustration;Hydnum zonatum;Hydnellum concrescens;Hydnellum;concrescens;Flowering plants;Orobanchaceae;Blauwe bremraap;https://galerij.kb.nl/kb.html#/nl/florabatava15/page/85/zoom/3/lat/-65.98227002980873/lng/-25.224609375;;;;;;;;;;;;;
17;KW_T_423_17_0049L.tif.jpg;illustration;Scutellaria columnae;Scutellaria columnae;Scutellaria;columnae;Flowering plants;Poaceae;Akkerdravik;https://galerij.kb.nl/kb.html#/nl/florabatava15/page/88/zoom/3/lat/-65.98227002980873/lng/-25.13671875;;;;;;;;;;;;;
17;KW_T_423_17_0051L.tif.jpg;illustration;Veronica prostrata;Veronica prostrata;Veronica;prostrata;Fungi;Helvellaceae;Zwarte kluifzwam;https://galerij.kb.nl/kb.html#/nl/florabatava15/page/89/zoom/3/lat/-65.98227002980873/lng/-25.13671875;;;;;;;;;;;;;
17;KW_T_423_17_0053L.tif.jpg;illustration;Narcissus poeticus;Narcissus poeticus;Narcissus;poeticus;Flowering plants;Asteraceae;Engelse alant;https://galerij.kb.nl/kb.html#/nl/florabatava16/page/8/zoom/3/lat/-66.12496236487968/lng/-29.267578125;;;;;;;;;;;;;
17;KW_T_423_17_0055L.tif.jpg;illustration;Bryum intermedium;Bryum intermedium;Bryum;intermedium;Flowering plants;Salicaceae;Geoorde wilg;https://galerij.kb.nl/kb.html#/nl/florabatava16/page/9/zoom/3/lat/-66.12496236487968/lng/-29.267578125;;;;;;;;;;;;;
17;KW_T_423_17_0057L.tif.jpg;illustration;Clavaria formosa;Ramaria spec.;Ramaria;spec.;Flowering plants;Poaceae;Trosraaigras;https://galerij.kb.nl/kb.html#/nl/florabatava16/page/10/zoom/3/lat/-66.12496236487968/lng/-29.267578125;;;;;;;;;;;;;
17;KW_T_423_17_0059L.tif.jpg;illustration;Dianthus carthusianorum;Dianthus carthusianorum;Dianthus;carthusianorum;Mosses;Dicranaceae;Gerimpeld gaffeltandmos;https://galerij.kb.nl/kb.html#/nl/florabatava16/page/11/zoom/3/lat/-66.12496236487968/lng/-29.267578125;;;;;;;;;;;;;
17;KW_T_423_17_0061L.tif.jpg;illustration;Cerastium glomeratum;Cerastium glomeratum;Cerastium;glomeratum;Fungi;Geastraceae;Kleine vierslippige aardster;https://galerij.kb.nl/kb.html#/nl/florabatava16/page/12/zoom/3/lat/-66.12496236487968/lng/-29.267578125;;;;;;;;;;;;;
17;KW_T_423_17_0063L.tif.jpg;illustration;Lupinus luteus;Lupinus luteus;Lupinus;luteus;Conifers;Pinaceae;Fijnspar;https://galerij.kb.nl/kb.html#/nl/florabatava16/page/14/zoom/3/lat/-66.12496236487968/lng/-29.267578125;;;;;;;;;;;;;
17;KW_T_423_17_0065L.tif.jpg;illustration;Bryum cirrhatum;Bryum cf. creberrimum;Bryum;cf. creberrimum;Flowering plants;Cyperaceae;Breed wollegras;https://galerij.kb.nl/kb.html#/nl/florabatava16/page/15/zoom/3/lat/-66.12496236487968/lng/-29.267578125;;;;;;;;;;;;;
17;KW_T_423_17_0067L.tif.jpg;illustration;Boletus castaneus;Gyroporus castaneus;Gyroporus;castaneus;Flowering plants;Poaceae;Fioringras;https://galerij.kb.nl/kb.html#/nl/florabatava16/page/16/zoom/3/lat/-66.12496236487968/lng/-29.267578125;;;;;;;;;;;;;
17;KW_T_423_17_0069L.tif.jpg;illustration;Fragaria elatior;Fragaria moschata;Fragaria;moschata;Fungi;Physaraceae;Glanzend druivenpitje;https://galerij.kb.nl/kb.html#/nl/florabatava16/page/17/zoom/3/lat/-66.12496236487968/lng/-29.267578125;;;;;;;;;;;;;
17;KW_T_423_17_0071L.tif.jpg;illustration;Genista sagittalis;Genista sagittalis;Genista;sagittalis;Flowering plants;Fagaceae;Beuk;https://galerij.kb.nl/kb.html#/nl/florabatava16/page/20/zoom/3/lat/-66.12496236487968/lng/-29.267578125;;;;;;;;;;;;;
17;KW_T_423_17_0073L.tif.jpg;illustration;Verbascum schraderi;Verbascum thapsus;Verbascum;thapsus;Flowering plants;Apiaceae;Groot moerasscherm;https://galerij.kb.nl/kb.html#/nl/florabatava16/page/19/zoom/2/lat/-72.3424643905499/lng/-38.3203125;;;;;;;;;;;;;
17;KW_T_423_17_0075L.tif.jpg;illustration;Bryum torquescens;Bryum torquescens;Bryum;torquescens;Flowering plants;Polygonaceae;Bloedzuring;https://galerij.kb.nl/kb.html#/nl/florabatava16/page/19/zoom/3/lat/-66.12496236487968/lng/-29.267578125;;;;;;;;;;;;;
17;KW_T_423_17_0077L.tif.jpg;illustration;Cortinarius (Agaricus) cyanites;Cortinarius spec.;Cortinarius;spec.;Fungi;Agaricaceae;Compostchampignonparasol;https://galerij.kb.nl/kb.html#/nl/florabatava16/page/21/zoom/3/lat/-66.12496236487968/lng/-29.267578125;;;;;;;;;;;;;
17;KW_T_423_17_0079L.tif.jpg;illustration;Potentilla fragariastrum;Potentilla sterilis;Potentilla;sterilis;Fungi;Coniferssporangiaceae;Meidoorn-jeneverbestroest;https://galerij.kb.nl/kb.html#/nl/florabatava16/page/22/zoom/3/lat/-70.55417853776078/lng/-61.962890625;;;;;;;;;;;;;
17;KW_T_423_17_0081L.tif.jpg;illustration;Primula officinalis;Primula veris;Primula;veris;Flowering plants;Caryophyllaceae;Grasmuur;https://galerij.kb.nl/kb.html#/nl/florabatava16/page/23/zoom/3/lat/-70.55417853776078/lng/-61.962890625;;;;;;;;;;;;;
17;KW_T_423_17_0083L.tif.jpg;illustration;Carex ericetorum;Carex ericetorum;Carex;ericetorum;Flowering plants;Fabaceae;Ruige rupsklaver;https://galerij.kb.nl/kb.html#/nl/florabatava16/page/24/zoom/3/lat/-66.12496236487968/lng/-29.267578125;;;;;;;;;;;;;
17;KW_T_423_17_0085L.tif.jpg;illustration;Bryum pallens;Bryum pallens;Bryum;pallens;Flowering plants;Plantaginaceae;Smalle weegbree;https://galerij.kb.nl/kb.html#/nl/florabatava16/page/25/zoom/3/lat/-70.55417853776078/lng/-61.962890625;;;;;;;;;;;;;
17;KW_T_423_17_0087L.tif.jpg;illustration;Hygrophorus limacinus;Hygrophorus hypothejus;Hygrophorus;hypothejus;Flowering plants;Poaceae;Trosdravik;https://galerij.kb.nl/kb.html#/nl/florabatava16/page/26/zoom/3/lat/-70.55417853776078/lng/-61.962890625;;;;;;;;;;;;;
17;KW_T_423_17_0089L.tif.jpg;illustration;Actaea spicata;Actaea spicata;Actaea;spicata;Fungi;Clitocybaceae;Groene anijstrechterzwam;https://galerij.kb.nl/kb.html#/nl/florabatava16/page/27/zoom/3/lat/-66.12496236487968/lng/-29.267578125;;;;;;;;;;;;;
17;KW_T_423_17_0091L.tif.jpg;illustration;Orchis militaris;Orchis militaris;Orchis;militaris;Flowering plants;Cistaceae;Gevlekt zonneroosje;https://galerij.kb.nl/kb.html#/nl/florabatava16/page/28/zoom/3/lat/-66.12496236487968/lng/-29.267578125;;;;;;;;;;;;;
17;KW_T_423_17_0093L.tif.jpg;illustration;Ophyris muscifera;Ophrys insectifera;Ophrys;insectifera;Flowering plants;Fabaceae;Luzerne;https://galerij.kb.nl/kb.html#/nl/florabatava16/page/29/zoom/3/lat/-66.12496236487968/lng/-29.267578125;;;;;;;;;;;;;
17;KW_T_423_17_0095L.tif.jpg;illustration;Bryum inclinatum;Bryum archangelicum;Bryum;archangelicum;Flowering plants;Fagaceae;Zomereik;https://galerij.kb.nl/kb.html#/nl/florabatava16/page/30/zoom/3/lat/-66.12496236487968/lng/-29.267578125;;;;;;;;;;;;;
17;KW_T_423_17_0097L.tif.jpg;illustration;Agaricus dryophilus;Coniferspus dryophilus s.l.;Coniferspus;dryophilus s.l.;Mosses;Pylaisiaceae;Boommos;https://galerij.kb.nl/kb.html#/nl/florabatava16/page/31/zoom/3/lat/-66.12496236487968/lng/-29.267578125;;;;;;;;;;;;;
17;KW_T_423_17_0099L.tif.jpg;illustration;Peucedanum chabraei;Dichoropetalum carvifolia;Dichoropetalum;carvifolia;Fungi;Psathyrellaceae;Bleke franjehoed;https://galerij.kb.nl/kb.html#/nl/florabatava16/page/32/zoom/3/lat/-66.12496236487968/lng/-29.267578125;;;;;;;;;;;;;
17;KW_T_423_17_0101L.tif.jpg;illustration;Goodyera repens;Goodyera repens;Goodyera;repens;Flowering plants;Scrophulariaceae;Melige toorts;https://galerij.kb.nl/kb.html#/nl/florabatava16/page/33/zoom/3/lat/-66.12496236487968/lng/-29.267578125;;;;;;;;;;;;;
17;KW_T_423_17_0103L.tif.jpg;illustration;Phalangium liliago;Anthericum liliago;Anthericum;liliago;Flowering plants;Poaceae;Blauw kweldergras;https://galerij.kb.nl/kb.html#/nl/florabatava16/page/35/zoom/3/lat/-66.12496236487968/lng/-29.267578125;;;;;;;;;;;;;
17;KW_T_423_17_0105L.tif.jpg;illustration;Bryum erythrocarpum;Bryum rubens;Bryum;rubens;Mosses;Hylocomiaceae;Riempjesmos;https://galerij.kb.nl/kb.html#/nl/florabatava16/page/36/zoom/3/lat/-66.12496236487968/lng/-29.267578125;;;;;;;;;;;;;
17;KW_T_423_17_0107L.tif.jpg;illustration;Agaricus maximus;Melanoleuca spec.;Melanoleuca;spec.;Fungi;Tricholomataceae;Halsdoekridderzwam;https://galerij.kb.nl/kb.html#/nl/florabatava16/page/37/zoom/3/lat/-66.12496236487968/lng/-29.267578125;;;;;;;;;;;;;
17;KW_T_423_17_0109L.tif.jpg;illustration;Cardamine amara;Cardamine amara;Cardamine;amara;Flowering plants;Salicaceae;Wilg spec.;https://galerij.kb.nl/kb.html#/nl/florabatava16/page/39/zoom/3/lat/-70.55417853776078/lng/-61.962890625;;;;;;;;;;;;;
17;KW_T_423_17_0111L.tif.jpg;illustration;Falcaria rivini;Falcaria vulgaris;Falcaria;vulgaris;Flowering plants;Liliaceae;Turkse lelie;https://galerij.kb.nl/kb.html#/nl/florabatava16/page/40/zoom/3/lat/-66.12496236487968/lng/-29.267578125;;;;;;;;;;;;;
17;KW_T_423_17_0113L.tif.jpg;illustration;Orchis mascula;Orchis mascula;Orchis;mascula;Mosses;Orthotrichaceae;Knotskroesmos;https://galerij.kb.nl/kb.html#/nl/florabatava16/page/41/zoom/3/lat/-66.12496236487968/lng/-29.267578125;;;;;;;;;;;;;
17;KW_T_423_17_0115L.tif.jpg;illustration;Bryum bimum;Bryum pseudotriquetrum;Bryum;pseudotriquetrum;Fungi;Coniferssporangiaceae;Peer-jeneverbesroest;https://galerij.kb.nl/kb.html#/nl/florabatava16/page/42/zoom/3/lat/-70.55417853776078/lng/-61.962890625;;;;;;;;;;;;;
17;KW_T_423_17_0117L.tif.jpg;illustration;Agaricus mollis;Crepidotus applanatus;Crepidotus;applanatus;Flowering plants;Anacardiaceae;Gifsumak;https://galerij.kb.nl/kb.html#/nl/florabatava16/page/43/zoom/3/lat/-66.12496236487968/lng/-29.267578125;;;;;;;;;;;;;
17;KW_T_423_17_0119L.tif.jpg;illustration;Cornus mas;Cornus mas;Cornus;mas;Flowering plants;Asteraceae;Schorseneer spec.;https://galerij.kb.nl/kb.html#/nl/florabatava16/page/44/zoom/3/lat/-66.12496236487968/lng/-29.267578125;;;;;;;;;;;;;
17;KW_T_423_17_0121L.tif.jpg;illustration;Salix rubra;Salix x rubra;Salix;x rubra;Flowering plants;Scrophulariaceae;Gevleugeld helmkruid;https://galerij.kb.nl/kb.html#/nl/florabatava16/page/45/zoom/3/lat/-70.55417853776078/lng/-61.962890625;;;;;;;;;;;;;
17;KW_T_423_17_0123L.tif.jpg;illustration;Neottia nidus avis;Neottia nidus-avis;Neottia;nidus-avis;Mosses;Calliergonaceae;Hartbladig puntmos;https://galerij.kb.nl/kb.html#/nl/florabatava16/page/46/zoom/3/lat/-66.12496236487968/lng/-29.267578125;;;;;;;;;;;;;
17;KW_T_423_17_0125L.tif.jpg;illustration;Bryum bimum;Bryum pseudotriquetrum;Bryum;pseudotriquetrum;Fungi;Grifolaceae;Eikhaas;https://galerij.kb.nl/kb.html#/nl/florabatava16/page/47/zoom/3/lat/-66.12496236487968/lng/-29.267578125;;;;;;;;;;;;;
17;KW_T_423_17_0127L.tif.jpg;illustration;Paxillus panuoides;Tapinella panuoides;Tapinella;panuoides;Flowering plants;Viburnaceae;Wollige sneeuwbal;https://galerij.kb.nl/kb.html#/nl/florabatava16/page/48/zoom/3/lat/-66.12496236487968/lng/-29.267578125;;;;;;;;;;;;;
17;KW_T_423_17_0129L.tif.jpg;illustration;Halimus portulacoides;Atriplex portulacoides;Atriplex;portulacoides;Flowering plants;Plantaginaceae;Grote ereprijs;https://galerij.kb.nl/kb.html#/nl/florabatava16/page/49/zoom/3/lat/-66.12496236487968/lng/-29.267578125;;;;;;;;;;;;;
17;KW_T_423_17_0131L.tif.jpg;illustration;Carex limosa;Carex limosa;Carex;limosa;Flowering plants;Cyperaceae;Slanke waterbies;https://galerij.kb.nl/kb.html#/nl/florabatava16/page/50/zoom/3/lat/-66.12496236487968/lng/-29.267578125;;;;;;;;;;;;;
17;KW_T_423_17_0133L.tif.jpg;illustration;Psamma batica;Calamagrostis baltica;Calamagrostis;baltica;Mosses;Bryaceae;Zilvermos;https://galerij.kb.nl/kb.html#/nl/florabatava16/page/51/zoom/3/lat/-66.12496236487968/lng/-29.267578125;;;;;;;;;;;;;
17;KW_T_423_17_0135L.tif.jpg;illustration;Bryum neodamense;Bryum neodamense;Bryum;neodamense;Fungi;Gomphidiaceae;Slijmige spijkerzwam;https://galerij.kb.nl/kb.html#/nl/florabatava16/page/52/zoom/3/lat/-66.12496236487968/lng/-29.267578125;;;;;;;;;;;;;
17;KW_T_423_17_0137L.tif.jpg;illustration;Agaricus ustalis;Rhodocollybia butyracea var. butyracea;Rhodocollybia;butyracea var. butyracea;Flowering plants;Geraniaceae;Fijne ooievaarsbek;https://galerij.kb.nl/kb.html#/nl/florabatava16/page/53/zoom/3/lat/-66.12496236487968/lng/-29.267578125;;;;;;;;;;;;;
17;KW_T_423_17_0139L.tif.jpg;illustration;Agrimonia odorata;Agrimonia procera;Agrimonia;procera;Flowering plants;Fabaceae;Onderaardse klaver;https://galerij.kb.nl/kb.html#/nl/florabatava16/page/54/zoom/3/lat/-66.12496236487968/lng/-29.267578125;;;;;;;;;;;;;
17;KW_T_423_17_0141L.tif.jpg;illustration;Veronica opaca;Veronica opaca;Veronica;opaca;Flowering plants;Poaceae;Geelrode naaldaar;https://galerij.kb.nl/kb.html#/nl/florabatava16/page/56/zoom/3/lat/-66.12496236487968/lng/-29.267578125;;;;;;;;;;;;;
17;KW_T_423_17_0143L.tif.jpg;illustration;Carex kochiana;Carex acutiformis;Carex;acutiformis;Fungi;Clitocybaceae;Trechterzwam spec.;https://galerij.kb.nl/kb.html#/nl/florabatava16/page/57/zoom/3/lat/-66.12496236487968/lng/-29.267578125;;;;;;;;;;;;;
17;KW_T_423_17_0145L.tif.jpg;illustration;Bryum atropurpureum;Bryum dichotomum;Bryum;dichotomum;Flowering plants;Rosaceae;Kaneelroos;https://galerij.kb.nl/kb.html#/nl/florabatava16/page/58/zoom/3/lat/-66.12496236487968/lng/-29.267578125;;;;;;;;;;;;;
17;KW_T_423_17_0147L.tif.jpg;illustration;Russula nigricans;Russula nigricans;Russula;nigricans;Flowering plants;Malvaceae;Rond kaasjeskruid;https://galerij.kb.nl/kb.html#/nl/florabatava16/page/59/zoom/3/lat/-66.12496236487968/lng/-29.267578125;;;;;;;;;;;;;
17;KW_T_423_17_0149L.tif.jpg;illustration;Elatine hexandra;Elatine hexandra;Elatine;hexandra;Flowering plants;Polygonaceae;Goudzuring;https://galerij.kb.nl/kb.html#/nl/florabatava16/page/60/zoom/3/lat/-66.12496236487968/lng/-29.267578125;;;;;;;;;;;;;
17;KW_T_423_17_0151L.tif.jpg;illustration;Sherardia arvensis var. walravenii;Sherardia arvensis;Sherardia;arvensis;Mosses;Orthotrichaceae;Maashaarmuts;https://galerij.kb.nl/kb.html#/nl/florabatava16/page/61/zoom/3/lat/-66.12496236487968/lng/-29.267578125;;;;;;;;;;;;;
17;KW_T_423_17_0153L.tif.jpg;illustration;Juncus alpinus;Juncus anceps;Juncus;anceps;Fungi;Laetiporaceae;Zwavelzwam;https://galerij.kb.nl/kb.html#/nl/florabatava16/page/62/zoom/3/lat/-66.12496236487968/lng/-29.267578125;;;;;;;;;;;;;
17;KW_T_423_17_0155L.tif.jpg;illustration;Bryum alpinum;Bryum alpinum;Bryum;alpinum;Flowering plants;Solanaceae;Klokbilzekruid;https://galerij.kb.nl/kb.html#/nl/florabatava16/page/63/zoom/3/lat/-66.12496236487968/lng/-29.267578125;;;;;;;;;;;;;
17;KW_T_423_17_0157L.tif.jpg;illustration;Boletus variegatus;Suillus variegatus;Suillus;variegatus;Flowering plants;Plantaginaceae;Gladde ereprijs;https://galerij.kb.nl/kb.html#/nl/florabatava16/page/64/zoom/3/lat/-66.12496236487968/lng/-29.267578125;;;;;;;;;;;;;
17;KW_T_423_17_0159L.tif.jpg;illustration;Sisymbrium pannonicum;Sisymbrium altissimum;Sisymbrium;altissimum;Flowering plants;Poaceae;Evene;https://galerij.kb.nl/kb.html#/nl/florabatava16/page/65/zoom/3/lat/-66.12496236487968/lng/-29.267578125;;;;;;;;;;;;;
17;KW_T_423_17_0161L.tif.jpg;illustration;Oenanthe lachenalii;Oenanthe lachenalii;Oenanthe;lachenalii;Mosses;Bryaceae;Ongewimperd knikmos;https://galerij.kb.nl/kb.html#/nl/florabatava16/page/66/zoom/3/lat/-66.12496236487968/lng/-29.267578125;;;;;;;;;;;;;
17;KW_T_423_17_0163L.tif.jpg;illustration;Xanthium spinosum;Xanthium spinosum;Xanthium;spinosum;Fungi;Thelephoraceae;Prachtfranjezwam;https://galerij.kb.nl/kb.html#/nl/florabatava16/page/67/zoom/3/lat/-66.12496236487968/lng/-29.267578125;;;;;;;;;;;;;
17;KW_T_423_17_0165L.tif.jpg;illustration;Bryum badium;Bryum caespiticium;Bryum;caespiticium;Flowering plants;Brassicaceae;Engels lepelblad;https://galerij.kb.nl/kb.html#/nl/florabatava16/page/68/zoom/3/lat/-66.12496236487968/lng/-29.267578125;;;;;;;;;;;;;
17;KW_T_423_17_0167L.tif.jpg;illustration;Russula foetens;Russula foetens;Russula;foetens;Flowering plants;Lamiaceae;Kleinbloemige salie;https://galerij.kb.nl/kb.html#/nl/florabatava16/page/69/zoom/3/lat/-66.12496236487968/lng/-29.267578125;;;;;;;;;;;;;
18;KW_T_423_18_0009L.tif.jpg;illustration;Anemone nemorosa flore rubro;Anemone nemorosa;Anemone;nemorosa;Flowering plants;Cyperaceae;Geel cypergras;https://galerij.kb.nl/kb.html#/nl/florabatava16/page/70/zoom/3/lat/-66.12496236487968/lng/-29.267578125;;;;;;;;;;;;;
18;KW_T_423_18_0011L.tif.jpg;illustration;Orchis fusca;Orchis purpurea;Orchis;purpurea;Mosses;Bryaceae;Muurknikmos;https://galerij.kb.nl/kb.html#/nl/florabatava16/page/71/zoom/3/lat/-66.12496236487968/lng/-29.267578125;;;;;;;;;;;;;
18;KW_T_423_18_0013L.tif.jpg;illustration;Carex Hornschuchiana;Carex hostiana;Carex;hostiana;Fungi;Fistulinaceae;Biefstukzwam;https://galerij.kb.nl/kb.html#/nl/florabatava16/page/72/zoom/3/lat/-66.12496236487968/lng/-29.267578125;;;;;;;;;;;;;
18;KW_T_423_18_0015L.tif.jpg;illustration;Bryum turbinatum;Bryum turbinatum;Bryum;turbinatum;Flowering plants;Polygonaceae;Waterzuring;https://galerij.kb.nl/kb.html#/nl/florabatava16/page/75/zoom/3/lat/-66.12496236487968/lng/-29.267578125;;;;;;;;;;;;;
18;KW_T_423_18_0017L.tif.jpg;illustration;Agaricus fragrans;Clitocybe fragrans;Clitocybe;fragrans;Mosses;Bryaceae;Rood knikmos;https://galerij.kb.nl/kb.html#/nl/florabatava16/page/76/zoom/3/lat/-66.12496236487968/lng/-29.267578125;;;;;;;;;;;;;
18;KW_T_423_18_0019L.tif.jpg;illustration;Bunias orientalis;Bunias orientalis;Bunias;orientalis;Fungi;Grifolaceae;Eikhaas;https://galerij.kb.nl/kb.html#/nl/florabatava16/page/47/zoom/3/lat/-66.12496236487968/lng/-29.267578125;;;;;;;;;;;;;
18;KW_T_423_18_0021L.tif.jpg;illustration;Salix rugosa;Salix aurita x cf. cinerea;Salix;aurita x cf cinerea;Flowering plants;Plantaginaceae;Zandweegbree;https://galerij.kb.nl/kb.html#/nl/florabatava16/page/80/zoom/3/lat/-70.84467263425277/lng/-49.5703125;;;;;;;;;;;;;
18;KW_T_423_18_0023L.tif.jpg;illustration;Scheuchzeria palustris;Scheuchzeria palustris;Scheuchzeria;palustris;Flowering plants;Apiaceae;Groot akkerscherm;https://galerij.kb.nl/kb.html#/nl/florabatava16/page/79/zoom/3/lat/-70.84467263425277/lng/-49.5703125;;;;;;;;;;;;;
18;KW_T_423_18_0025L.tif.jpg;illustration;Bryum pallescens;Bryum pallescens;Bryum;pallescens;Mosses;Bryaceae;Zilt knikmos;https://galerij.kb.nl/kb.html#/nl/florabatava16/page/81/zoom/3/lat/-66.12496236487968/lng/-29.267578125;;;;;;;;;;;;;
18;KW_T_423_18_0027L.tif.jpg;illustration;Agaricus gracilentus;Macrolepiota excoriata;Macrolepiota;excoriata;Fungi;Entolomataceae;Harde voorjaarssatijnzwam;https://galerij.kb.nl/kb.html#/nl/florabatava16/page/82/zoom/3/lat/-66.12496236487968/lng/-29.267578125;;;;;;;;;;;;;
18;KW_T_423_18_0029L.tif.jpg;illustration;Calepina Corvini;Calepina irregularis;Calepina;irregularis;Flowering plants;Apiaceae;Akkerdoornzaad;https://galerij.kb.nl/kb.html#/nl/florabatava16/page/83/zoom/3/lat/-66.12496236487968/lng/-29.267578125;;;;;;;;;;;;;
18;KW_T_423_18_0031L.tif.jpg;illustration;Saponaria Vaccaria;Vaccaria hispanica;Vaccaria;hispanica;Flowering plants;Asteraceae;Stinkend streepzaad;https://galerij.kb.nl/kb.html#/nl/florabatava16/page/84/zoom/3/lat/-66.12496236487968/lng/-29.267578125;;;;;;;;;;;;;
18;KW_T_423_18_0033L.tif.jpg;illustration;Chenopodium Bonus Henricus;Chenopodium bonus-henricus;Chenopodium;bonus-henricus;Flowering plants;Juncaceae;Witte veldbies;https://galerij.kb.nl/kb.html#/nl/florabatava16/page/85/zoom/3/lat/-66.12496236487968/lng/-29.267578125;;;;;;;;;;;;;
18;KW_T_423_18_0035L.tif.jpg;illustration;Leptobryum pyriforme;Leptobryum pyriforme;Leptobryum;pyriforme;Algae;Fucaceae;Kleine zee-eik;https://galerij.kb.nl/kb.html#/nl/florabatava16/page/86/zoom/3/lat/-68.72044056989829/lng/-48.779296875;;;;;;;;;;;;;
18;KW_T_423_18_0037L.tif.jpg;illustration;Agaricus rhodopolius;Lepista spec.;Lepista;spec.;Fungi;Hymenochaetaceae;Echte tolzwam;https://galerij.kb.nl/kb.html#/nl/florabatava16/page/87/zoom/3/lat/-66.12496236487968/lng/-29.267578125;;;;;;;;;;;;;
18;KW_T_423_18_0039L.tif.jpg;illustration;Camelina sativa;Camelina sativa subsp. sativa;Camelina;sativa subsp. sativa;Flowering plants;Papaveraceae;Holwortel;https://galerij.kb.nl/kb.html#/nl/florabatava17/page/8/zoom/3/lat/-68.56038368664157/lng/-27.333984375;;;;;;;;;;;;;
18;KW_T_423_18_0041L.tif.jpg;illustration;Oxalis corniculata;Oxalis corniculata;Oxalis;corniculata;Flowering plants;Brassicaceae;Grijskruid;https://galerij.kb.nl/kb.html#/nl/florabatava17/page/9/zoom/3/lat/-68.56038368664157/lng/-27.333984375;;;;;;;;;;;;;
18;KW_T_423_18_0043L.tif.jpg;illustration;Atriplex hastata;Atriplex prostrata;Atriplex;prostrata;Flowering plants;Violaceae;Bleeksporig bosviooltje;https://galerij.kb.nl/kb.html#/nl/florabatava17/page/10/zoom/3/lat/-69.96043926902489/lng/-52.998046875;;;;;;;;;;;;;
18;KW_T_423_18_0045L.tif.jpg;illustration;Webera elongata;Pohlia elongata;Pohlia;elongata;Mosses;Bryaceae;Kwelderknikmos;https://galerij.kb.nl/kb.html#/nl/florabatava17/page/11/zoom/3/lat/-68.56038368664157/lng/-27.333984375;;;;;;;;;;;;;
18;KW_T_423_18_0047L.tif.jpg;illustration;Agaricus pantherinus;Amanita pantherina;Amanita;pantherina;Fungi;Gomphidiaceae;Koperrode spijkerzwam;https://galerij.kb.nl/kb.html#/nl/florabatava17/page/12/zoom/3/lat/-68.56038368664157/lng/-27.333984375;;;;;;;;;;;;;
18;KW_T_423_18_0049L.tif.jpg;illustration;Silene dichotoma;Silene dichotoma;Silene;dichotoma;Flowering plants;Cistaceae;Geel zonneroosje;https://galerij.kb.nl/kb.html#/nl/florabatava17/page/13/zoom/3/lat/-68.56038368664157/lng/-27.333984375;;;;;;;;;;;;;
18;KW_T_423_18_0051L.tif.jpg;illustration;Atriplex hastata var. salina;Atriplex prostrata;Atriplex;prostrata;Flowering plants;Apiaceae;Fijn goudscherm;https://galerij.kb.nl/kb.html#/nl/florabatava17/page/14/zoom/3/lat/-68.56038368664157/lng/-27.333984375;;;;;;;;;;;;;
18;KW_T_423_18_0053L.tif.jpg;illustration;Lolium remotum;Lolium remotum;Lolium;remotum;Flowering plants;Asteraceae;Schaduwkruiskruid;https://galerij.kb.nl/kb.html#/nl/florabatava17/page/15/zoom/3/lat/-68.56038368664157/lng/-27.333984375;;;;;;;;;;;;;
18;KW_T_423_18_0055L.tif.jpg;illustration;Webera cruda;Pohlia cruda;Pohlia;cruda;Mosses;Bryaceae;Roodmondknikmos;https://galerij.kb.nl/kb.html#/nl/florabatava17/page/16/zoom/3/lat/-68.56038368664157/lng/-27.333984375;;;;;;;;;;;;;
18;KW_T_423_18_0057L.tif.jpg;illustration;Agaricus destruens;Hemipholiota populnea;Hemipholiota;populnea;Algae;Aphanizomenonaceae;(Cyanobacterie);https://galerij.kb.nl/kb.html#/nl/florabatava17/page/17/zoom/3/lat/-68.56038368664157/lng/-27.333984375;;;;;;;;;;;;;
18;KW_T_423_18_0059L.tif.jpg;illustration;Senecio saracenicus;Senecio sarracenicus;Senecio;sarracenicus;Flowering plants;Brassicaceae;Stijve steenraket;https://galerij.kb.nl/kb.html#/nl/florabatava17/page/18/zoom/3/lat/-68.56038368664157/lng/-27.333984375;;;;;;;;;;;;;
18;KW_T_423_18_0061L.tif.jpg;illustration;Stachys annua;Stachys annua;Stachys;annua;Flowering plants;Asteraceae;Zomercentaurie;https://galerij.kb.nl/kb.html#/nl/florabatava17/page/19/zoom/3/lat/-68.56038368664157/lng/-27.333984375;;;;;;;;;;;;;
18;KW_T_423_18_0063L.tif.jpg;illustration;Pilularia globulifera;Pilularia globulifera;Pilularia;globulifera;Flowering plants;Scrophulariaceae;Geoord helmkruid;https://galerij.kb.nl/kb.html#/nl/florabatava17/page/20/zoom/3/lat/-68.56038368664157/lng/-27.333984375;;;;;;;;;;;;;
18;KW_T_423_18_0065L.tif.jpg;illustration;Webera annotina;Pohlia annotina;Pohlia;annotina;Mosses;Bryaceae;Rozetknikmos;https://galerij.kb.nl/kb.html#/nl/florabatava17/page/21/zoom/3/lat/-68.56038368664157/lng/-27.333984375;;;;;;;;;;;;;
18;KW_T_423_18_0067L.tif.jpg;illustration;Aecidium Primulae;Puccinia primulae;Puccinia;primulae;Fungi;Pleurotaceae;Oesterzwam;https://galerij.kb.nl/kb.html#/nl/florabatava17/page/22/zoom/3/lat/-69.96043926902489/lng/-52.998046875;;;;;;;;;;;;;
18;KW_T_423_18_0069L.tif.jpg;illustration;Arabis alpina;Arabis alpina subsp. caucasica;Arabis;alpina subsp. caucasica;Flowering plants;Brassicaceae;Witte mosterd;https://galerij.kb.nl/kb.html#/nl/florabatava17/page/23/zoom/3/lat/-68.56038368664157/lng/-27.333984375;;;;;;;;;;;;;
18;KW_T_423_18_0071L.tif.jpg;illustration;Centaurea amara;Centaurea jacea;Centaurea;jacea;Flowering plants;Rosaceae;;https://galerij.kb.nl/kb.html#/nl/florabatava17/page/24/zoom/3/lat/-68.56038368664157/lng/-27.333984375;;;;;;;;;;;;;
18;KW_T_423_18_0073L.tif.jpg;illustration;Campanula latifolia;Campanula latifolia;Campanula;latifolia;Flowering plants;Betulaceae;Haagbeuk;https://galerij.kb.nl/kb.html#/nl/florabatava17/page/25/zoom/3/lat/-68.56038368664157/lng/-27.333984375;;;;;;;;;;;;;
18;KW_T_423_18_0075L.tif.jpg;illustration;Mnium stellare;Mnium stellare;Mnium;stellare;Mosses;Bryaceae;Netknikmos;https://galerij.kb.nl/kb.html#/nl/florabatava17/page/26/zoom/3/lat/-68.56038368664157/lng/-27.333984375;;;;;;;;;;;;;
18;KW_T_423_18_0077L.tif.jpg;illustration;Gomphidius roseus;Gomphidius roseus;Gomphidius;roseus;Fungi;Bankeraceae;Gezoneerde stekelzwam;https://galerij.kb.nl/kb.html#/nl/florabatava17/page/27/zoom/3/lat/-68.56038368664157/lng/-27.333984375;;;;;;;;;;;;;
18;KW_T_423_18_0077L.tif.jpg;illustration;Cordyceps militaris;Cordyceps militaris;Cordyceps;militaris;Flowering plants;Lamiaceae;Trosglidkruid;https://galerij.kb.nl/kb.html#/nl/florabatava17/page/28/zoom/3/lat/-68.56038368664157/lng/-27.333984375;;;;;;;;;;;;;
18;KW_T_423_18_0079L.tif.jpg;illustration;Sambucus Ebulus;Sambucus ebulus;Sambucus;ebulus;Flowering plants;Plantaginaceae;Liggende ereprijs;https://galerij.kb.nl/kb.html#/nl/florabatava17/page/29/zoom/3/lat/-68.56038368664157/lng/-27.333984375;;;;;;;;;;;;;
18;KW_T_423_18_0081L.tif.jpg;illustration;Juncus lamprocarpus forma procumbens;Juncus articulatus;Juncus;articulatus;Flowering plants;Amaryllidaceae;Witte narcis;https://galerij.kb.nl/kb.html#/nl/florabatava17/page/30/zoom/3/lat/-68.56038368664157/lng/-27.333984375;;;;;;;;;;;;;
18;KW_T_423_18_0083L.tif.jpg;illustration;Panicum sanguinale;Digitaria sanguinalis;Digitaria;sanguinalis;Mosses;Bryaceae;Middelst knikmos;https://galerij.kb.nl/kb.html#/nl/florabatava17/page/31/zoom/3/lat/-68.56038368664157/lng/-27.333984375;;;;;;;;;;;;;
18;KW_T_423_18_0085L.tif.jpg;illustration;Mnium subglobosum;Rhizomnium pseudopunctatum;Rhizomnium;pseudopunctatum;Fungi;Clavariaceae;Koraalzwam spec.;https://galerij.kb.nl/kb.html#/nl/florabatava17/page/32/zoom/3/lat/-68.56038368664157/lng/-27.333984375;;;;;;;;;;;;;
18;KW_T_423_18_0087L.tif.jpg;illustration;Agaricus nitidus;Amanita spec.;Amanita;spec.;Flowering plants;Caryophyllaceae;Kartuizer anjer;https://galerij.kb.nl/kb.html#/nl/florabatava17/page/33/zoom/3/lat/-68.56038368664157/lng/-27.333984375;;;;;;;;;;;;;
18;KW_T_423_18_0089L.tif.jpg;illustration;Trifolium hybridum;Trifolium hybridum subsp. hybridum;Trifolium;hybridum subsp. hybridum;Flowering plants;Caryophyllaceae;Kluwenhoornbloem;https://galerij.kb.nl/kb.html#/nl/florabatava17/page/34/zoom/3/lat/-68.56038368664157/lng/-27.333984375;;;;;;;;;;;;;
18;KW_T_423_18_0091L.tif.jpg;illustration;Ajuga chamaepitys;Ajuga chamaepitys;Ajuga;chamaepitys;Flowering plants;Fabaceae;Gele lupine;https://galerij.kb.nl/kb.html#/nl/florabatava17/page/35/zoom/3/lat/-68.56038368664157/lng/-27.333984375;;;;;;;;;;;;;
18;KW_T_423_18_0093L.tif.jpg;illustration;Poa pratensis;Poa pratensis s.l.;Poa;pratensis s.l.;Fungi;Gyroporaceae;Kaneelboleet;https://galerij.kb.nl/kb.html#/nl/florabatava17/page/37/zoom/3/lat/-68.56038368664157/lng/-27.333984375;;;;;;;;;;;;;
18;KW_T_423_18_0095L.tif.jpg;illustration;Mnium rostratum;Plagiomnium rostratum;Plagiomnium;rostratum;Flowering plants;Rosaceae;Grote bosaardbei;https://galerij.kb.nl/kb.html#/nl/florabatava17/page/38/zoom/3/lat/-68.56038368664157/lng/-27.333984375;;;;;;;;;;;;;
18;KW_T_423_18_0097L.tif.jpg;illustration;Agaricus cervinus;Pluteus cervinus;Pluteus;cervinus;Flowering plants;Fabaceae;Pijlbrem;https://galerij.kb.nl/kb.html#/nl/florabatava17/page/39/zoom/3/lat/-68.56038368664157/lng/-27.333984375;;;;;;;;;;;;;
18;KW_T_423_18_0099L.tif.jpg;illustration;Diplotaxis muralis;Diplotaxis muralis;Diplotaxis;muralis;Flowering plants;Scrophulariaceae;Koningskaars;https://galerij.kb.nl/kb.html#/nl/florabatava17/page/40/zoom/3/lat/-69.96043926902489/lng/-52.998046875;;;;;;;;;;;;;
18;KW_T_423_18_0101L.tif.jpg;illustration;Mulgedium macrophyllum;Lactuca macrophylla;Lactuca;macrophylla;Mosses;Bryaceae;Zonneknikmos;https://galerij.kb.nl/kb.html#/nl/florabatava17/page/41/zoom/3/lat/-68.56038368664157/lng/-27.333984375;;;;;;;;;;;;;
18;KW_T_423_18_0101R.tif.jpg;illustration;Mulgedium macrophyllum;Lactuca macrophylla;Lactuca;macrophylla;Fungi;Cortinariaceae;Gordijnzwam spec.;https://galerij.kb.nl/kb.html#/nl/florabatava17/page/42/zoom/3/lat/-68.56038368664157/lng/-27.333984375;;;;;;;;;;;;;
18;KW_T_423_18_0103L.tif.jpg;illustration;Mulgedium macrophyllum;Lactuca macrophylla;Lactuca;macrophylla;Flowering plants;Rosaceae;Aardbeiganzerik;https://galerij.kb.nl/kb.html#/nl/florabatava17/page/43/zoom/3/lat/-68.56038368664157/lng/-27.333984375;;;;;;;;;;;;;
18;KW_T_423_18_0105L.tif.jpg;illustration;Chenopodium botrys;Dysphania botrys;Dysphania;botrys;Flowering plants;Primulaceae;Gulden sleutelbloem;https://galerij.kb.nl/kb.html#/nl/florabatava17/page/44/zoom/3/lat/-68.56038368664157/lng/-27.333984375;;;;;;;;;;;;;
18;KW_T_423_18_0107L.tif.jpg;illustration;Agaricus albus;Tricholoma album s.l.;Tricholoma;album s.l.;Flowering plants;Cyperaceae;Heidezegge;https://galerij.kb.nl/kb.html#/nl/florabatava17/page/45/zoom/3/lat/-68.56038368664157/lng/-27.333984375;;;;;;;;;;;;;
18;KW_T_423_18_0109L.tif.jpg;illustration;Lobularia maritima;Lobularia maritima;Lobularia;maritima;Mosses;Bryaceae;Rood knikmos;https://galerij.kb.nl/kb.html#/nl/florabatava17/page/46/zoom/3/lat/-72.4487915573067/lng/-59.32617187499999;;;;;;;;;;;;;
18;KW_T_423_18_0111L.tif.jpg;illustration;Orobanche rhenana;Orobanche purpurea;Orobanche;purpurea;Fungi;Hygrophoraceae;Dennenslijmkop;https://galerij.kb.nl/kb.html#/nl/florabatava17/page/47/zoom/3/lat/-68.56038368664157/lng/-27.333984375;;;;;;;;;;;;;
18;KW_T_423_18_0113L.tif.jpg;illustration;Carex sylvatica;Carex sylvatica;Carex;sylvatica;Flowering plants;Ranunculaceae;Christoffelkruid;https://galerij.kb.nl/kb.html#/nl/florabatava17/page/48/zoom/3/lat/-68.56038368664157/lng/-27.333984375;;;;;;;;;;;;;
18;KW_T_423_18_0115L.tif.jpg;illustration;Mnium serratum;Mnium marginatum;Mnium;marginatum;Flowering plants;Orchidaceae;Soldaatje;https://galerij.kb.nl/kb.html#/nl/florabatava17/page/49/zoom/3/lat/-68.56038368664157/lng/-27.333984375;;;;;;;;;;;;;
18;KW_T_423_18_0117L.tif.jpg;illustration;Russula fragilis;Russula emetica s.l.;Russula;emetica s.l.;Flowering plants;Orchidaceae;Vliegenorchis;https://galerij.kb.nl/kb.html#/nl/florabatava17/page/50/zoom/3/lat/-68.56038368664157/lng/-27.333984375;;;;;;;;;;;;;
18;KW_T_423_18_0119L.tif.jpg;illustration;Erysimum orientale;Conringia orientalis;Conringia;orientalis;Mosses;Bryaceae;Ongewimperd knikmos;https://galerij.kb.nl/kb.html#/nl/florabatava17/page/51/zoom/3/lat/-72.4487915573067/lng/-59.32617187499999;;;;;;;;;;;;;
18;KW_T_423_18_0121L.tif.jpg;illustration;Lepidium perfoliatum;Lepidium perfoliatum;Lepidium;perfoliatum;Flowering plants;Apiaceae;Karwijvarkenskervel;https://galerij.kb.nl/kb.html#/nl/florabatava17/page/53/zoom/3/lat/-72.4487915573067/lng/-59.32617187499999;;;;;;;;;;;;;
18;KW_T_423_18_0123L.tif.jpg;illustration;Epilobium tetragonum;Epilobium tetragonum;Epilobium;tetragonum;Flowering plants;Orchidaceae;Dennenorchis;https://galerij.kb.nl/kb.html#/nl/florabatava17/page/54/zoom/3/lat/-68.56038368664157/lng/-27.333984375;;;;;;;;;;;;;
18;KW_T_423_18_0125L.tif.jpg;illustration;Carex digitata;Carex digitata;Carex;digitata;Flowering plants;Asparagaceae;Grote graslelie;https://galerij.kb.nl/kb.html#/nl/florabatava17/page/55/zoom/3/lat/-68.56038368664157/lng/-27.333984375;;;;;;;;;;;;;
18;KW_T_423_18_0127L.tif.jpg;illustration;Puccinia primulae;Aecidium Primulae;Aecidium;Primulae;Mosses;Bryaceae;Braamknikmos;https://galerij.kb.nl/kb.html#/nl/florabatava17/page/56/zoom/3/lat/-68.56038368664157/lng/-27.333984375;;;;;;;;;;;;;
18;KW_T_423_18_0129L.tif.jpg;illustration;Hypericum quadrangulum;Hypericum maculatum subsp. obtusiusculum;Hypericum;maculatum subsp. obtusiusculum;Fungi;Melanoleucaceae;Veldridderzwam spec.;https://galerij.kb.nl/kb.html#/nl/florabatava17/page/57/zoom/3/lat/-68.56038368664157/lng/-27.333984375;;;;;;;;;;;;;
18;KW_T_423_18_0131L.tif.jpg;illustration;Melilotus parviflora;Melilotus indicus;Melilotus;indicus;Flowering plants;Brassicaceae;Bittere veldkers;https://galerij.kb.nl/kb.html#/nl/florabatava17/page/58/zoom/3/lat/-68.56038368664157/lng/-27.333984375;;;;;;;;;;;;;
18;KW_T_423_18_0133L.tif.jpg;illustration;Teucrium chamaedrys;Teucrium chamaedrys;Teucrium;chamaedrys;Flowering plants;Apiaceae;Sikkelkruid;https://galerij.kb.nl/kb.html#/nl/florabatava17/page/59/zoom/3/lat/-68.56038368664157/lng/-27.333984375;;;;;;;;;;;;;
18;KW_T_423_18_0135L.tif.jpg;illustration;Carex divulsa;Carex leersii;Carex;leersii;Flowering plants;Orchidaceae;Mannetjesorchis;https://galerij.kb.nl/kb.html#/nl/florabatava17/page/60/zoom/3/lat/-68.56038368664157/lng/-27.333984375;;;;;;;;;;;;;
18;KW_T_423_18_0137L.tif.jpg;illustration;Mitrula paludosa;Mitrula paludosa;Mitrula;paludosa;Mosses;Bryaceae;Veenknikmos;https://galerij.kb.nl/kb.html#/nl/florabatava17/page/61/zoom/3/lat/-68.56038368664157/lng/-27.333984375;;;;;;;;;;;;;
18;KW_T_423_18_0139L.tif.jpg;illustration;Trifolium scabrum;Trifolium scabrum;Trifolium;scabrum;Fungi;Crepidotaceae;Gestreept oorzwammetje;https://galerij.kb.nl/kb.html#/nl/florabatava17/page/62/zoom/3/lat/-68.56038368664157/lng/-27.333984375;;;;;;;;;;;;;
18;KW_T_423_18_0141L.tif.jpg;illustration;Linaria striata;Linaria repens;Linaria;repens;Flowering plants;Cornaceae;Gele kornoelje;https://galerij.kb.nl/kb.html#/nl/florabatava17/page/63/zoom/3/lat/-68.56038368664157/lng/-27.333984375;;;;;;;;;;;;;
18;KW_T_423_18_0143L.tif.jpg;illustration;Xanthium strumarium;Xanthium spec.;Xanthium;spec.;Flowering plants;Orchidaceae;Vogelnestje;https://galerij.kb.nl/kb.html#/nl/florabatava17/page/65/zoom/3/lat/-68.56038368664157/lng/-27.333984375;;;;;;;;;;;;;
18;KW_T_423_18_0145L.tif.jpg;illustration;Russula emetica;Russula sardonia;Russula;sardonia;Mosses;Bryaceae;Veenknikmos;https://galerij.kb.nl/kb.html#/nl/florabatava17/page/61/zoom/3/lat/-68.56038368664157/lng/-27.333984375;;;;;;;;;;;;;
18;KW_T_423_18_0147L.tif.jpg;illustration;Hydnum repandum;Hydnum repandum;Hydnum;repandum;Fungi;Tapinellaceae;Ongesteelde krulzoom;https://galerij.kb.nl/kb.html#/nl/florabatava17/page/67/zoom/3/lat/-68.56038368664157/lng/-27.333984375;;;;;;;;;;;;;
18;KW_T_423_18_0149L.tif.jpg;illustration;Sisymbrium Columnae;Sisymbrium orientale;Sisymbrium;orientale;Flowering plants;Amaranthaceae;Gewone zoutmelde;https://galerij.kb.nl/kb.html#/nl/florabatava17/page/68/zoom/3/lat/-68.56038368664157/lng/-27.333984375;;;;;;;;;;;;;
18;KW_T_423_18_0151L.tif.jpg;illustration;Salix daphnoides;Salix spec.;Salix;spec.;Flowering plants;Cyperaceae;Slijkzegge;https://galerij.kb.nl/kb.html#/nl/florabatava17/page/69/zoom/3/lat/-68.56038368664157/lng/-27.333984375;;;;;;;;;;;;;
18;KW_T_423_18_0153L.tif.jpg;illustration;Carex fulva;Carex x fulva;Carex;x fulva;Flowering plants;Poaceae;#N/A;https://galerij.kb.nl/kb.html#/nl/florabatava17/page/70/zoom/3/lat/-72.6857649417295/lng/-45.3515625;;;;;;;;;;;;;
18;KW_T_423_18_0155L.tif.jpg;illustration;Solorina saccata;Solorina saccata;Solorina;saccata;Mosses;Bryaceae;Zoddeknikmos;https://galerij.kb.nl/kb.html#/nl/florabatava17/page/71/zoom/3/lat/-68.56038368664157/lng/-27.333984375;;;;;;;;;;;;;
18;KW_T_423_18_0157L.tif.jpg;illustration;Morchella conica;Mitrophora semilibera;Mitrophora;semilibera;Flowering plants;Rosaceae;Welriekende agrimonie;https://galerij.kb.nl/kb.html#/nl/florabatava17/page/73/zoom/3/lat/-68.56038368664157/lng/-27.333984375;;;;;;;;;;;;;
18;KW_T_423_18_0157L.tif.jpg;illustration;Marasmius Rotula;Marasmius rotula;Marasmius;rotula;Flowering plants;Plantaginaceae;Doffe ereprijs;https://galerij.kb.nl/kb.html#/nl/florabatava17/page/74/zoom/3/lat/-68.56038368664157/lng/-27.333984375;;;;;;;;;;;;;
18;KW_T_423_18_0159L.tif.jpg;illustration;Tilia parvifolia;Tilia cordata;Tilia;cordata;Flowering plants;Cyperaceae;Moeraszegge;https://galerij.kb.nl/kb.html#/nl/florabatava17/page/75/zoom/3/lat/-72.4487915573067/lng/-59.32617187499999;;;;;;;;;;;;;
18;KW_T_423_18_0161L.tif.jpg;illustration;Mercurialis perennis;Mercurialis perennis;Mercurialis;perennis;Mosses;Bryaceae;Grofkorrelknikmos;https://galerij.kb.nl/kb.html#/nl/florabatava17/page/76/zoom/3/lat/-68.56038368664157/lng/-27.333984375;;;;;;;;;;;;;
18;KW_T_423_18_0163L.tif.jpg;illustration;Salix phylicifolia;Salix spec.;Salix;spec.;Fungi;Russulaceae;Grofplaatrussula;https://galerij.kb.nl/kb.html#/nl/florabatava17/page/77/zoom/3/lat/-68.56038368664157/lng/-27.333984375;;;;;;;;;;;;;
18;KW_T_423_18_0165L.tif.jpg;illustration;Agaricus roseo-pallens;Leucopaxillus rhodoleucus;Leucopaxillus;rhodoleucus;Flowering plants;Elatinaceae;Gesteeld glaskroos;https://galerij.kb.nl/kb.html#/nl/florabatava17/page/78/zoom/3/lat/-68.56038368664157/lng/-27.333984375;;;;;;;;;;;;;
18;KW_T_423_18_0167L.tif.jpg;illustration;Aecidium rubellum;Puccinia phragmitis;Puccinia;phragmitis;Flowering plants;Rubiaceae;Blauw walstro;https://galerij.kb.nl/kb.html#/nl/florabatava17/page/79/zoom/3/lat/-72.4487915573067/lng/-59.32617187499999;;;;;;;;;;;;;
19;KW_T_423_19_0009L.tif.jpg;illustration;Senebiera didyma;Lepidium didymum;Lepidium;didymum;Flowering plants;Juncaceae;Duinrus;https://galerij.kb.nl/kb.html#/nl/florabatava17/page/80/zoom/3/lat/-68.56038368664157/lng/-27.333984375;;;;;;;;;;;;;
19;KW_T_423_19_0011L.tif.jpg;illustration;Galium tricorne;Galium tricornutum;Galium;tricornutum;Mosses;Bryaceae;Prachtknikmos;https://galerij.kb.nl/kb.html#/nl/florabatava17/page/81/zoom/3/lat/-68.56038368664157/lng/-27.333984375;;;;;;;;;;;;;
19;KW_T_423_19_0013L.tif.jpg;illustration;Euphorbia esula lanceolata;Euphorbia esula;Euphorbia;esula;Fungi;Suillaceae;Fijnschubbige boleet;https://galerij.kb.nl/kb.html#/nl/florabatava17/page/82/zoom/3/lat/-68.56038368664157/lng/-27.333984375;;;;;;;;;;;;;
19;KW_T_423_19_0015L.tif.jpg;illustration;Poa bulbosa;Poa bulbosa;Poa;bulbosa;Flowering plants;Brassicaceae;Hongaarse raket;https://galerij.kb.nl/kb.html#/nl/florabatava17/page/83/zoom/3/lat/-68.56038368664157/lng/-27.333984375;;;;;;;;;;;;;
19;KW_T_423_19_0017L.tif.jpg;illustration;Agaricus bombycinus;Volvariella bombycina;Volvariella;bombycina;Flowering plants;Apiaceae;Zilt torkruid;https://galerij.kb.nl/kb.html#/nl/florabatava17/page/84/zoom/3/lat/-68.56038368664157/lng/-27.333984375;;;;;;;;;;;;;
19;KW_T_423_19_0019L.tif.jpg;illustration;Epipactis atrorubens;Epipactis atrorubens;Epipactis;atrorubens;Flowering plants;Asteraceae;Stekende stekelnoot;https://galerij.kb.nl/kb.html#/nl/florabatava17/page/85/zoom/3/lat/-68.56038368664157/lng/-27.333984375;;;;;;;;;;;;;
19;KW_T_423_19_0021L.tif.jpg;illustration;Panicum capillare;Panicum capillare;Panicum;capillare;Mosses;Bryaceae;Zodeknikmos;https://galerij.kb.nl/kb.html#/nl/florabatava17/page/86/zoom/3/lat/-68.56038368664157/lng/-27.333984375;;;;;;;;;;;;;
19;KW_T_423_19_0023L.tif.jpg;illustration;Triticum x acutum;Elymus x obtusiusculus;Elymus;x obtusiusculus;Fungi;Russulaceae;Stinkende russula;https://galerij.kb.nl/kb.html#/nl/florabatava17/page/87/zoom/3/lat/-68.56038368664157/lng/-27.333984375;;;;;;;;;;;;;
19;KW_T_423_19_0025L.tif.jpg;illustration;Agaricus (Cortinarius) pholideus;Cortinarius pholideus;Cortinarius;pholideus;Flowering plants;Ranunculaceae;Bosanemoon;https://galerij.kb.nl/kb.html#/nl/florabatava18/page/8/zoom/3/lat/-68.84766505841036/lng/-45.26367187499999;;;;;;;;;;;;;
19;KW_T_423_19_0027L.tif.jpg;illustration;Agaricus nudus;Lepista nuda;Lepista;nuda;Flowering plants;Orchidaceae;Purperorchis;https://galerij.kb.nl/kb.html#/nl/florabatava18/page/9/zoom/3/lat/-68.56038368664157/lng/-27.333984375;;;;;;;;;;;;;
19;KW_T_423_19_0029L.tif.jpg;illustration;Amelanchier vulgaris;Amelanchier ovalis;Amelanchier;ovalis;Flowering plants;Cyperaceae;Blonde zegge;https://galerij.kb.nl/kb.html#/nl/florabatava18/page/10/zoom/3/lat/-68.56038368664157/lng/-27.333984375;;;;;;;;;;;;;
19;KW_T_423_19_0031L.tif.jpg;illustration;Bromus secalinus;Bromus secalinus;Bromus;secalinus;Mosses;Bryaceae;Urnknikmos;https://galerij.kb.nl/kb.html#/nl/florabatava18/page/11/zoom/3/lat/-68.56038368664157/lng/-27.333984375;;;;;;;;;;;;;
19;KW_T_423_19_0033L.tif.jpg;illustration;Mnium affine;Plagiomnium elatum;Plagiomnium;elatum;Fungi;Clitocybaceae;Slanke anijstrechterzwam;https://galerij.kb.nl/kb.html#/nl/florabatava18/page/12/zoom/3/lat/-68.56038368664157/lng/-27.333984375;;;;;;;;;;;;;
19;KW_T_423_19_0035L.tif.jpg;illustration;Agaricus maculatus;Rhodocollybia maculata;Rhodocollybia;maculata;Flowering plants;Brassicaceae;Grote hardvrucht;https://galerij.kb.nl/kb.html#/nl/florabatava18/page/13/zoom/3/lat/-68.56038368664157/lng/-27.333984375;;;;;;;;;;;;;
19;KW_T_423_19_0037L.tif.jpg;illustration;Agaricus conopileus;Psathyrella conopilus;Psathyrella;conopilus;Flowering plants;Scheuchzeriaceae;Veenbloembies;https://galerij.kb.nl/kb.html#/nl/florabatava18/page/15/zoom/3/lat/-68.56038368664157/lng/-27.333984375;;;;;;;;;;;;;
19;KW_T_423_19_0039L.tif.jpg;illustration;Neslia paniculata;Neslia paniculata;Neslia;paniculata;Mosses;Bryaceae;Steenknikmos;https://galerij.kb.nl/kb.html#/nl/florabatava18/page/16/zoom/3/lat/-68.56038368664157/lng/-27.333984375;;;;;;;;;;;;;
19;KW_T_423_19_0041L.tif.jpg;illustration;Centaurea jacea;Centaurea jacea;Centaurea;jacea;Fungi;Agaricaceae;Rafelige parasolzwam;https://galerij.kb.nl/kb.html#/nl/florabatava18/page/17/zoom/3/lat/-68.56038368664157/lng/-27.333984375;;;;;;;;;;;;;
19;KW_T_423_19_0043L.tif.jpg;illustration;Carex ligerica;Carex ligerica;Carex;ligerica;Flowering plants;Brassicaceae;Kalkraket;https://galerij.kb.nl/kb.html#/nl/florabatava18/page/18/zoom/3/lat/-68.56038368664157/lng/-27.333984375;;;;;;;;;;;;;
19;KW_T_423_19_0045L.tif.jpg;illustration;Russula rubra;Russula persicina;Russula;persicina;Flowering plants;Caryophyllaceae;Koekruid;https://galerij.kb.nl/kb.html#/nl/florabatava18/page/19/zoom/3/lat/-68.56038368664157/lng/-27.333984375;;;;;;;;;;;;;
19;KW_T_423_19_0047L.tif.jpg;illustration;Agaricus (Cortinarius) cinnamomeus;Cortinarius sect. Dermocybe;Cortinarius;sect. Dermocybe;Flowering plants;Amaranthaceae;Brave hendrik;https://galerij.kb.nl/kb.html#/nl/florabatava18/page/20/zoom/3/lat/-68.56038368664157/lng/-27.333984375;;;;;;;;;;;;;
19;KW_T_423_19_0049L.tif.jpg;illustration;Erucastrum pollichii;Erucastrum gallicum;Erucastrum;gallicum;Mosses;Bryaceae;Slankmos;https://galerij.kb.nl/kb.html#/nl/florabatava18/page/21/zoom/3/lat/-68.56038368664157/lng/-27.333984375;;;;;;;;;;;;;
19;KW_T_423_19_0051L.tif.jpg;illustration;Drosera longifolia;Drosera anglica;Drosera;anglica;Fungi;Clitocybaceae;Schijnridderzwam spec.;https://galerij.kb.nl/kb.html#/nl/florabatava18/page/22/zoom/3/lat/-68.56038368664157/lng/-27.333984375;;;;;;;;;;;;;
19;KW_T_423_19_0053L.tif.jpg;illustration;Polygala depressa;Polygala serpyllifolia;Polygala;serpyllifolia;Flowering plants;Oxalidaceae;Gehoornde klaverzuring;https://galerij.kb.nl/kb.html#/nl/florabatava18/page/24/zoom/3/lat/-68.56038368664157/lng/-27.333984375;;;;;;;;;;;;;
19;KW_T_423_19_0055L.tif.jpg;illustration;Hydnum subsquamosum;Sarcodon squamosus;Sarcodon;squamosus;Flowering plants;Amaranthaceae;Spiesmelde;https://galerij.kb.nl/kb.html#/nl/florabatava18/page/25/zoom/3/lat/-68.84766505841036/lng/-45.26367187499999;;;;;;;;;;;;;
19;KW_T_423_19_0057L.tif.jpg;illustration;Auricularia sambucina;Auricularia auricula-judae;Auricularia;auricula-judae;Mosses;Bryaceae;Lang peermos;https://galerij.kb.nl/kb.html#/nl/florabatava18/page/26/zoom/3/lat/-68.56038368664157/lng/-27.333984375;;;;;;;;;;;;;
19;KW_T_423_19_0057L.tif.jpg;illustration;Agaricus lucifugus;Inocybe spec.;Inocybe;spec.;Fungi;Amanitaceae;Panteramaniet;https://galerij.kb.nl/kb.html#/nl/florabatava18/page/27/zoom/3/lat/-68.56038368664157/lng/-27.333984375;;;;;;;;;;;;;
19;KW_T_423_19_0059L.tif.jpg;illustration;Oenothera spectabilis;Oenothera glazioviana;Oenothera;glazioviana;Flowering plants;Caryophyllaceae;Gaffelsilene;https://galerij.kb.nl/kb.html#/nl/florabatava18/page/28/zoom/3/lat/-68.56038368664157/lng/-27.333984375;;;;;;;;;;;;;
19;KW_T_423_19_0062L.tif.jpg;illustration;Carex paradoxa;Carex appropinquata;Carex;appropinquata;Flowering plants;Amaranthaceae;Spiesmelde;https://galerij.kb.nl/kb.html#/nl/florabatava18/page/29/zoom/3/lat/-68.84766505841036/lng/-45.26367187499999;;;;;;;;;;;;;
19;KW_T_423_19_0064L.tif.jpg;illustration;Brachypodium pinnatum;Brachypodium pinnatum;Brachypodium;pinnatum;Flowering plants;Poaceae;Vlasdolik;https://galerij.kb.nl/kb.html#/nl/florabatava18/page/30/zoom/3/lat/-68.56038368664157/lng/-27.333984375;;;;;;;;;;;;;
19;KW_T_423_19_0066L.tif.jpg;illustration;Agaricus splendens;Hygrophoropsis aurantiaca;Hygrophoropsis;aurantiaca;Mosses;Bryaceae;Glanzend peermos;https://galerij.kb.nl/kb.html#/nl/florabatava18/page/31/zoom/3/lat/-68.56038368664157/lng/-27.333984375;;;;;;;;;;;;;
19;KW_T_423_19_0068L.tif.jpg;illustration;Hydnum fragile;Sarcodon scabrosus;Sarcodon;scabrosus;Fungi;Strophariaceae;Wollige bundelzwam;https://galerij.kb.nl/kb.html#/nl/florabatava18/page/32/zoom/3/lat/-68.56038368664157/lng/-27.333984375;;;;;;;;;;;;;
19;KW_T_423_19_0070L.tif.jpg;illustration;Eriophorum angustifolium var. vaillantii;Eriophorum angustifolium;Eriophorum;angustifolium;Flowering plants;Asteraceae;Rivierkruiskruid;https://galerij.kb.nl/kb.html#/nl/florabatava18/page/33/zoom/3/lat/-68.56038368664157/lng/-27.333984375;;;;;;;;;;;;;
19;KW_T_423_19_0072L.tif.jpg;illustration;Bromus inermis;Bromus inermis;Bromus;inermis;Flowering plants;Lamiaceae;Zomerandoorn;https://galerij.kb.nl/kb.html#/nl/florabatava18/page/34/zoom/3/lat/-68.56038368664157/lng/-27.333984375;;;;;;;;;;;;;
19;KW_T_423_19_0074L.tif.jpg;illustration;Polypodium robertianum;Coniferscarpium robertianum;Coniferscarpium;robertianum;Ferns;Marsileaceae;Pilvaren;https://galerij.kb.nl/kb.html#/nl/florabatava18/page/35/zoom/3/lat/-68.56038368664157/lng/-27.333984375;;;;;;;;;;;;;
19;KW_T_423_19_0076L.tif.jpg;illustration;Russula furcata;Russula grisea s.l.;Russula;grisea s.l.;Mosses;Bryaceae;Gewoon broedpeermos;https://galerij.kb.nl/kb.html#/nl/florabatava18/page/36/zoom/3/lat/-68.56038368664157/lng/-27.333984375;;;;;;;;;;;;;
19;KW_T_423_19_0078L.tif.jpg;illustration;Hydnum scabrosum;Sarcodon scabrosus;Sarcodon;scabrosus;Fungi;Pucciniaceae;Sleutelbloemroest;https://galerij.kb.nl/kb.html#/nl/florabatava18/page/37/zoom/3/lat/-68.56038368664157/lng/-27.333984375;;;;;;;;;;;;;
19;KW_T_423_19_0080L.tif.jpg;illustration;Thalictrum morisonii;Thalictrum flavum;Thalictrum;flavum;Flowering plants;Asteraceae;Knoopkruid;https://galerij.kb.nl/kb.html#/nl/florabatava18/page/39/zoom/3/lat/-68.84766505841036/lng/-45.26367187499999;;;;;;;;;;;;;
19;KW_T_423_19_0082L.tif.jpg;illustration;Juncus supinus v. fluitans;Juncus bulbosus;Juncus;bulbosus;Flowering plants;Campanulaceae;Breed klokje;https://galerij.kb.nl/kb.html#/nl/florabatava18/page/40/zoom/3/lat/-68.56038368664157/lng/-27.333984375;;;;;;;;;;;;;
19;KW_T_423_19_0084L.tif.jpg;illustration;Lepturus filiformis;Parapholis strigosa;Parapholis;strigosa;Mosses;Mniaceae;Blauw sterrenmos;https://galerij.kb.nl/kb.html#/nl/florabatava18/page/41/zoom/3/lat/-68.56038368664157/lng/-27.333984375;;;;;;;;;;;;;
19;KW_T_423_19_0086L.tif.jpg;illustration;Russula integra;Russula graveolens s.l.;Russula;graveolens s.l.;Fungi;Gomphidiaceae;Roze spijkerzwam;https://galerij.kb.nl/kb.html#/nl/florabatava18/page/42/zoom/3/lat/-68.56038368664157/lng/-27.333984375;;;;;;;;;;;;;
19;KW_T_423_19_0088L.tif.jpg;illustration;Hydnum melaleucum;Phellodon melaleucus;Phellodon;melaleucus;Fungi;Cordycipitaceae;Rupsendoder;https://galerij.kb.nl/kb.html#/nl/florabatava18/page/42/zoom/3/lat/-68.56038368664157/lng/-27.333984375;;;;;;;;;;;;;
19;KW_T_423_19_0090L.tif.jpg;illustration;Senecio erraticus;Jacobaea aquatica var. erratica;Jacobaea;aquatica var. erratica;Flowering plants;Viburnaceae;Kruidvlier;https://galerij.kb.nl/kb.html#/nl/florabatava18/page/43/zoom/3/lat/-68.56038368664157/lng/-27.333984375;;;;;;;;;;;;;
19;KW_T_423_19_0091L.tif.jpg;illustration;Senecio erraticus;Jacobaea aquatica var. erratica;Jacobaea;aquatica var. erratica;Flowering plants;Juncaceae;Zomprus;https://galerij.kb.nl/kb.html#/nl/florabatava18/page/44/zoom/3/lat/-68.84766505841036/lng/-45.26367187499999;;;;;;;;;;;;;
19;KW_T_423_19_0093L.tif.jpg;illustration;Ceratophyllum submersum;Ceratophyllum demersum;Ceratophyllum;demersum;Flowering plants;Poaceae;Harig vingergras;https://galerij.kb.nl/kb.html#/nl/florabatava18/page/45/zoom/3/lat/-68.56038368664157/lng/-27.333984375;;;;;;;;;;;;;
19;KW_T_423_19_0095L.tif.jpg;illustration;Dipsacus pilosus;Dipsacus pilosus;Dipsacus;pilosus;Mosses;Mniaceae;Kwelviltsterrenmos;https://galerij.kb.nl/kb.html#/nl/florabatava18/page/46/zoom/3/lat/-68.56038368664157/lng/-27.333984375;;;;;;;;;;;;;
19;KW_T_423_19_0097L.tif.jpg;illustration;Peziza aurantia Var. (in Deel XXI gecorrigeerd tot Humaria rutilans);Neottiella rutilans s.l.;Neottiella;rutilans s.l.;Fungi;Amanitaceae;Amaniet spec.;https://galerij.kb.nl/kb.html#/nl/florabatava18/page/47/zoom/3/lat/-68.56038368664157/lng/-27.333984375;;;;;;;;;;;;;
19;KW_T_423_19_0099L.tif.jpg;illustration;Salvia verticillata -  Kransbloemige Salie;Salvia verticillata;Salvia;verticillata;Flowering plants;Lamiaceae;Akkerzenegroen;https://galerij.kb.nl/kb.html#/nl/florabatava18/page/49/zoom/3/lat/-68.56038368664157/lng/-27.333984375;;;;;;;;;;;;;
19;KW_T_423_19_0101L.tif.jpg;illustration;Avena orientalis;Avena spec.;Avena;spec.;Mosses;Mniaceae;Gesnaveld boogsterrenmos;https://galerij.kb.nl/kb.html#/nl/florabatava18/page/51/zoom/3/lat/-68.56038368664157/lng/-27.333984375;;;;;;;;;;;;;
19;KW_T_423_19_0103L.tif.jpg;illustration;Polystichum oreopteris;Oreopteris limbosperma;Oreopteris;limbosperma;Fungi;Pluteaceae;Gewone hertenzwam;https://galerij.kb.nl/kb.html#/nl/florabatava18/page/52/zoom/3/lat/-68.56038368664157/lng/-27.333984375;;;;;;;;;;;;;
19;KW_T_423_19_0105L.tif.jpg;illustration;Agaricus spadiceogriseus ;Psathyrella bipellis;Psathyrella;bipellis;Flowering plants;Brassicaceae;Kleine zandkool;https://galerij.kb.nl/kb.html#/nl/florabatava18/page/53/zoom/3/lat/-68.56038368664157/lng/-27.333984375;;;;;;;;;;;;;
19;KW_T_423_19_0107L.tif.jpg;illustration;Lactarius deliciosus;Lactarius deliciosus s.l.;Lactarius;deliciosus s.l.;Flowering plants;Asteraceae;Grote bergsla;https://galerij.kb.nl/kb.html#/nl/florabatava18/page/54/zoom/3/lat/-68.56038368664157/lng/-27.333984375;;;;;;;;;;;;;
19;KW_T_423_19_0109L.tif.jpg;illustration;Bupleurum rotundifolium;Bupleurum rotundifolium;Bupleurum;rotundifolium;Flowering plants;Asteraceae;Grote bergsla;https://galerij.kb.nl/kb.html#/nl/florabatava18/page/54/zoom/3/lat/-68.56038368664157/lng/-27.333984375;;;;;;;;;;;;;
19;KW_T_423_19_0111L.tif.jpg;illustration;Aira discolor;Deschampsia setacea;Deschampsia;setacea;Flowering plants;Asteraceae;Grote bergsla;https://galerij.kb.nl/kb.html#/nl/florabatava18/page/54/zoom/3/lat/-68.56038368664157/lng/-27.333984375;;;;;;;;;;;;;
19;KW_T_423_19_0113L.tif.jpg;illustration;Aspidium aculeatum;Polystichum aculeatum;Polystichum;aculeatum;Flowering plants;Amaranthaceae;Druifkruid;https://galerij.kb.nl/kb.html#/nl/florabatava18/page/56/zoom/3/lat/-68.56038368664157/lng/-27.333984375;;;;;;;;;;;;;
19;KW_T_423_19_0115L.tif.jpg;illustration;Agaricus gambosus;Calocybe gambosa;Calocybe;gambosa;Flowering plants;Brassicaceae;Zilverschildzaad;https://galerij.kb.nl/kb.html#/nl/florabatava18/page/58/zoom/3/lat/-68.56038368664157/lng/-27.333984375;;;;;;;;;;;;;
19;KW_T_423_19_0117L.tif.jpg;illustration;Boletus impolitus;Boletaceae spec.;Boletaceae;spec.;Flowering plants;Orobanchaceae;Blauwe bremraap;https://galerij.kb.nl/kb.html#/nl/florabatava18/page/59/zoom/3/lat/-68.84766505841036/lng/-45.26367187499999;;;;;;;;;;;;;
19;KW_T_423_19_0119L.tif.jpg;illustration;Epilobium angustifolium;Chamaenerion angustifolium;Chamaenerion;angustifolium;Flowering plants;Cyperaceae;Boszegge;https://galerij.kb.nl/kb.html#/nl/florabatava18/page/60/zoom/3/lat/-68.56038368664157/lng/-27.333984375;;;;;;;;;;;;;
19;KW_T_423_19_0121L.tif.jpg;illustration;Veronica scutellata var pubescens;Veronica scutellata;Veronica;scutellata;Mosses;Mniaceae;Rood sterrenmos;https://galerij.kb.nl/kb.html#/nl/florabatava18/page/61/zoom/3/lat/-68.56038368664157/lng/-27.333984375;;;;;;;;;;;;;
19;KW_T_423_19_0123L.tif.jpg;illustration;Calamagrostis stricta;Calamagrostis stricta;Calamagrostis;stricta;Flowering plants;Brassicaceae;Witte steenraket;https://galerij.kb.nl/kb.html#/nl/florabatava18/page/63/zoom/3/lat/-68.56038368664157/lng/-27.333984375;;;;;;;;;;;;;
19;KW_T_423_19_0125L.tif.jpg;illustration;Paxillus atrotomentosus;Tapinella atrotomentosa;Tapinella;atrotomentosa;Flowering plants;Brassicaceae;Doorgroeide kruidkers;https://galerij.kb.nl/kb.html#/nl/florabatava18/page/64/zoom/3/lat/-68.56038368664157/lng/-27.333984375;;;;;;;;;;;;;
19;KW_T_423_19_0127L.tif.jpg;illustration;Stereum purpureum;Chondrostereum purpureum;Chondrostereum;purpureum;Flowering plants;Onagraceae;Kantige basterdwederik;https://galerij.kb.nl/kb.html#/nl/florabatava18/page/65/zoom/3/lat/-68.56038368664157/lng/-27.333984375;;;;;;;;;;;;;
19;KW_T_423_19_0127L.tif.jpg;illustration;Agaricus muscigenus;Hemimycena spec.;Hemimycena;spec.;Flowering plants;Cyperaceae;Vingerzegge;https://galerij.kb.nl/kb.html#/nl/florabatava18/page/66/zoom/3/lat/-68.56038368664157/lng/-27.333984375;;;;;;;;;;;;;
19;KW_T_423_19_0129L.tif.jpg;illustration;Artemisia vulgaris;Artemisia vulgaris;Artemisia;vulgaris;Fungi;Pucciniaceae;Sleutelbloemroest;https://galerij.kb.nl/kb.html#/nl/florabatava18/page/67/zoom/3/lat/-71.27259471233448/lng/-60.90820312499999;;;;;;;;;;;;;
19;KW_T_423_19_0131L.tif.jpg;illustration;Allium scorodoprasum;Allium scorodoprasum;Allium;scorodoprasum;Flowering plants;Fabaceae;Kleine honingklaver;https://galerij.kb.nl/kb.html#/nl/florabatava18/page/69/zoom/3/lat/-68.56038368664157/lng/-27.333984375;;;;;;;;;;;;;
19;KW_T_423_19_0133L.tif.jpg;illustration;Avena hybrida;Avena fatua;Avena;fatua;Flowering plants;Lamiaceae;Echte gamander;https://galerij.kb.nl/kb.html#/nl/florabatava18/page/70/zoom/3/lat/-68.56038368664157/lng/-27.333984375;;;;;;;;;;;;;
19;KW_T_423_19_0135L.tif.jpg;illustration;Agaricus catinus;Clitocybe costata;Clitocybe;costata;Flowering plants;Cyperaceae;Bleke bermzegge;https://galerij.kb.nl/kb.html#/nl/florabatava18/page/71/zoom/3/lat/-68.56038368664157/lng/-27.333984375;;;;;;;;;;;;;
19;KW_T_423_19_0137L.tif.jpg;illustration;Polyporus zonatus;Trametes versicolor;Trametes;versicolor;Fungi;Pucciniaceae;Beekmijtertje;https://galerij.kb.nl/kb.html#/nl/florabatava18/page/72/zoom/3/lat/-68.56038368664157/lng/-27.333984375;;;;;;;;;;;;;
19;KW_T_423_19_0139L.tif.jpg;illustration;Fraxinus excelsior;Fraxinus excelsior;Fraxinus;excelsior;Flowering plants;Fabaceae;Ruwe klaver;https://galerij.kb.nl/kb.html#/nl/florabatava18/page/73/zoom/3/lat/-68.56038368664157/lng/-27.333984375;;;;;;;;;;;;;
19;KW_T_423_19_0140L.tif.jpg;illustration;Fraxinus excelsior;Fraxinus excelsior;Fraxinus;excelsior;Flowering plants;Plantaginaceae;Gestreepte leeuwenbek;https://galerij.kb.nl/kb.html#/nl/florabatava18/page/74/zoom/3/lat/-68.56038368664157/lng/-27.333984375;;;;;;;;;;;;;
19;KW_T_423_19_0142L.tif.jpg;illustration;Triticum pycnanthum;Elymus spec.;Elymus;spec.;Flowering plants;Asteraceae;Stekelnoot spec.;https://galerij.kb.nl/kb.html#/nl/florabatava18/page/75/zoom/3/lat/-71.27259471233448/lng/-60.90820312499999;;;;;;;;;;;;;
19;KW_T_423_19_0144L.tif.jpg;illustration;Agaricus aurivellus;Pholiota adiposa;Pholiota;adiposa;Fungi;Russulaceae;Duivelsbroodrussula;https://galerij.kb.nl/kb.html#/nl/florabatava18/page/76/zoom/3/lat/-68.56038368664157/lng/-27.333984375;;;;;;;;;;;;;
19;KW_T_423_19_0146L.tif.jpg;illustration;Cortinarius (Agaricus) armillatus;Cortinarius armillatus;Cortinarius;armillatus;Fungi;Hydnaceae;Gele stekelzwam;https://galerij.kb.nl/kb.html#/nl/florabatava18/page/77/zoom/3/lat/-68.56038368664157/lng/-27.333984375;;;;;;;;;;;;;
19;KW_T_423_19_0148L.tif.jpg;illustration;Rubus discolor;Rubus ulmifolius;Rubus;ulmifolius;Flowering plants;Brassicaceae;Oosterse raket;https://galerij.kb.nl/kb.html#/nl/florabatava18/page/78/zoom/3/lat/-68.56038368664157/lng/-27.333984375;;;;;;;;;;;;;
19;KW_T_423_19_0150L.tif.jpg;illustration;Trientalis europaea;Trientalis europaea;Trientalis;europaea;Flowering plants;Salicaceae;Wilg spec.;https://galerij.kb.nl/kb.html#/nl/florabatava18/page/79/zoom/3/lat/-68.59248658252949/lng/-27.333984375;;;;;;;;;;;;;
19;KW_T_423_19_0152L.tif.jpg;illustration;Convolvulus sepium var. sylvestris;Convolvulus silvaticus;Convolvulus;silvaticus;Fungi;Peltigeraceae;Knikkerpotje;https://galerij.kb.nl/kb.html#/nl/florabatava18/page/81/zoom/3/lat/-68.56038368664157/lng/-27.333984375;;;;;;;;;;;;;
19;KW_T_423_19_0154L.tif.jpg;illustration;Agaricus anserinus;Lepista saeva;Lepista;saeva;Fungi;Morchellaceae;Kapjesmorielje;https://galerij.kb.nl/kb.html#/nl/florabatava18/page/82/zoom/3/lat/-68.56038368664157/lng/-27.333984375;;;;;;;;;;;;;
19;KW_T_423_19_0156L.tif.jpg;illustration;Tremella foliacea;Tremella foliacea s.l.;Tremella;foliacea s.l.;Fungi;Marasmiaceae;Wieltje;https://galerij.kb.nl/kb.html#/nl/florabatava18/page/82/zoom/3/lat/-68.56038368664157/lng/-27.333984375;;;;;;;;;;;;;
19;KW_T_423_19_0158L.tif.jpg;illustration;Erysimum canescens;Erysimum canescens;Erysimum;canescens;Flowering plants;Malvaceae;Winterlinde;https://galerij.kb.nl/kb.html#/nl/florabatava18/page/83/zoom/3/lat/-68.56038368664157/lng/-27.333984375;;;;;;;;;;;;;
19;KW_T_423_19_0160L.tif.jpg;illustration;Halimus pedunculatus;Atriplex pedunculata;Atriplex;pedunculata;Flowering plants;Euphorbiaceae;Bosbingelkruid;https://galerij.kb.nl/kb.html#/nl/florabatava18/page/84/zoom/3/lat/-68.56038368664157/lng/-27.333984375;;;;;;;;;;;;;
19;KW_T_423_19_0162L.tif.jpg;illustration;Alnus incana;Alnus incana;Alnus;incana;Flowering plants;Salicaceae;Wilg spec.;https://galerij.kb.nl/kb.html#/nl/florabatava18/page/85/zoom/3/lat/-68.59248658252949/lng/-27.333984375;;;;;;;;;;;;;
19;KW_T_423_19_0164L.tif.jpg;illustration;Cortinarius (Agaricus) semi-sanguineus;Cortinarius purpureus;Cortinarius;purpureus;Fungi;Tricholomataceae;;https://galerij.kb.nl/kb.html#/nl/florabatava18/page/86/zoom/3/lat/-68.56038368664157/lng/-27.333984375;;;;;;;;;;;;;
19;KW_T_423_19_0166L.tif.jpg;illustration;Cortinarius mucosus (Agaricus mucosus);Cortinarius mucosus ;Cortinarius;mucosus;Fungi;Pucciniaceae;Zuring-rietroest;https://galerij.kb.nl/kb.html#/nl/florabatava18/page/87/zoom/3/lat/-68.56038368664157/lng/-27.333984375;;;;;;;;;;;;;
19;KW_T_423_19_0168L.tif.jpg;illustration;Dianthus armeria;Dianthus armeria;Dianthus;armeria;Flowering plants;Brassicaceae;Kleine varkenskers;https://galerij.kb.nl/kb.html#/nl/florabatava19/page/8/zoom/3/lat/-68.6885206018014/lng/-21.357421875;;;;;;;;;;;;;
19;KW_T_423_19_0170L.tif.jpg;illustration;Sedum cepaea;Sedum cepaea;Sedum;cepaea;Flowering plants;Rubiaceae;Driehoornig walstro;https://galerij.kb.nl/kb.html#/nl/florabatava19/page/9/zoom/3/lat/-68.6885206018014/lng/-21.357421875;;;;;;;;;;;;;
19;KW_T_423_19_0172L.tif.jpg;illustration;Cirsium acaule;Cirsium acaule;Cirsium;acaule;Flowering plants;Euphorbiaceae;Heksenmelk;https://galerij.kb.nl/kb.html#/nl/florabatava19/page/10/zoom/3/lat/-69.7789517764676/lng/-52.294921875;;;;;;;;;;;;;
19;KW_T_423_19_0174L.tif.jpg;illustration;Agaricus amianthinus;Cystoderma amianthinum s.l.;Cystoderma;amianthinum s.l.;Flowering plants;Poaceae;Knolbeemdgras;https://galerij.kb.nl/kb.html#/nl/florabatava19/page/11/zoom/3/lat/-68.6885206018014/lng/-21.357421875;;;;;;;;;;;;;
19;KW_T_423_19_0176L.tif.jpg;illustration;Cantharellus infundibuliformis;Cantharellus tubaeformis;Cantharellus;tubaeformis;Fungi;Pluteaceae;Zijdeachtige beurszwam;https://galerij.kb.nl/kb.html#/nl/florabatava19/page/12/zoom/3/lat/-68.6885206018014/lng/-21.357421875;;;;;;;;;;;;;
20;KW_T_423_20_0009L.tif.jpg;illustration;Calamintha officinalis;Clinopodium calamintha;Clinopodium;calamintha;Flowering plants;Orchidaceae;Bruinrode wespenorchis;https://galerij.kb.nl/kb.html#/nl/florabatava19/page/13/zoom/3/lat/-68.6885206018014/lng/-21.357421875;;;;;;;;;;;;;
20;KW_T_423_20_0011L.tif.jpg;illustration;Chenopodium vulvaria;Chenopodium vulvaria;Chenopodium;vulvaria;Flowering plants;Poaceae;Draadgierst;https://galerij.kb.nl/kb.html#/nl/florabatava19/page/14/zoom/3/lat/-68.6885206018014/lng/-21.357421875;;;;;;;;;;;;;
20;KW_T_423_20_0013L.tif.jpg;illustration;Carex maxima;Carex pendula;Carex;pendula;Fungi;Cortinariaceae;Bruinschubbige gordijnzwam;https://galerij.kb.nl/kb.html#/nl/florabatava19/page/16/zoom/3/lat/-68.6885206018014/lng/-21.357421875;;;;;;;;;;;;;
20;KW_T_423_20_0015L.tif.jpg;illustration;Agaricus portentosus;Tricholoma portentosum;Tricholoma;portentosum;Fungi;Clitocybaceae;Paarse schijnridderzwam;https://galerij.kb.nl/kb.html#/nl/florabatava19/page/17/zoom/3/lat/-68.6885206018014/lng/-21.357421875;;;;;;;;;;;;;
20;KW_T_423_20_0017L.tif.jpg;illustration;Hydnum ferrugineum;Hydnellum ferrugineum;Hydnellum;ferrugineum;Flowering plants;Rosaceae;Europees krentenboompje;https://galerij.kb.nl/kb.html#/nl/florabatava19/page/18/zoom/3/lat/-68.6885206018014/lng/-21.357421875;;;;;;;;;;;;;
20;KW_T_423_20_0019L.tif.jpg;illustration;Polygonum mite;Persicaria mitis;Persicaria;mitis;Flowering plants;Poaceae;Dreps;https://galerij.kb.nl/kb.html#/nl/florabatava19/page/19/zoom/3/lat/-69.7789517764676/lng/-52.294921875;;;;;;;;;;;;;
20;KW_T_423_20_0021L.tif.jpg;illustration;Amsinckia lycopsoides;Amsinckia lycopsoides;Amsinckia;lycopsoides;Mosses;Mniaceae;Geel boogsterrenmos;https://galerij.kb.nl/kb.html#/nl/florabatava19/page/20/zoom/3/lat/-68.6885206018014/lng/-21.357421875;;;;;;;;;;;;;
20;KW_T_423_20_0023L.tif.jpg;illustration;Aegilops cylindrica;Aegilops cylindrica;Aegilops;cylindrica;Fungi;Omphalotaceae;Roestvlekkenzwam;https://galerij.kb.nl/kb.html#/nl/florabatava19/page/21/zoom/3/lat/-68.6885206018014/lng/-21.357421875;;;;;;;;;;;;;
20;KW_T_423_20_0025L.tif.jpg;illustration;Agaricus geophyllus;Inocybe lilacina;Inocybe;lilacina;Fungi;Psathyrellaceae;Langsteelfranjehoed;https://galerij.kb.nl/kb.html#/nl/florabatava19/page/22/zoom/3/lat/-68.6885206018014/lng/-21.357421875;;;;;;;;;;;;;
20;KW_T_423_20_0027L.tif.jpg;illustration;Polyporus versicolor;Trametes versicolor;Trametes;versicolor;Flowering plants;Brassicaceae;Vinkenzaad;https://galerij.kb.nl/kb.html#/nl/florabatava19/page/23/zoom/3/lat/-68.6885206018014/lng/-21.357421875;;;;;;;;;;;;;
20;KW_T_423_20_0029L.tif.jpg;illustration;Platanthera chlorantha;Platanthera chlorantha;Platanthera;chlorantha;Flowering plants;Asteraceae;Knoopkruid;https://galerij.kb.nl/kb.html#/nl/florabatava19/page/24/zoom/3/lat/-69.34933863977649/lng/-54.58007812499999;;;;;;;;;;;;;
20;KW_T_423_20_0031L.tif.jpg;illustration;Juncus pygmaeus;Juncus pygmaeus;Juncus;pygmaeus;Flowering plants;Cyperaceae;Rivierduinzegge;https://galerij.kb.nl/kb.html#/nl/florabatava19/page/25/zoom/3/lat/-68.6885206018014/lng/-21.357421875;;;;;;;;;;;;;
20;KW_T_423_20_0033L.tif.jpg;illustration;Chamagrostis minima;Mibora minima;Mibora;minima;Fungi;Russulaceae;Kruipwilgrussula;https://galerij.kb.nl/kb.html#/nl/florabatava19/page/26/zoom/3/lat/-68.6885206018014/lng/-21.357421875;;;;;;;;;;;;;
20;KW_T_423_20_0035L.tif.jpg;illustration;Hygrophorus niveus;Hygrocybe virginea;Hygrocybe;virginea;Flowering plants;Brassicaceae;Schijnraket;https://galerij.kb.nl/kb.html#/nl/florabatava19/page/28/zoom/3/lat/-68.6885206018014/lng/-21.357421875;;;;;;;;;;;;;
20;KW_T_423_20_0037L.tif.jpg;illustration;Hydnum cinereum;Bankera fuligineoatra;Bankera;fuligineoatra;Flowering plants;Droseraceae;Lange zonnedauw;https://galerij.kb.nl/kb.html#/nl/florabatava19/page/29/zoom/3/lat/-68.6885206018014/lng/-21.357421875;;;;;;;;;;;;;
20;KW_T_423_20_0039L.tif.jpg;illustration;Omphalodes verna;Omphalodes verna;Omphalodes;verna;Flowering plants;Polygalaceae;Liggende vleugeltjesbloem;https://galerij.kb.nl/kb.html#/nl/florabatava19/page/30/zoom/3/lat/-68.6885206018014/lng/-21.357421875;;;;;;;;;;;;;
20;KW_T_423_20_0041L.tif.jpg;illustration;Chorispora tenella;Chorispora tenella;Chorispora;tenella;Fungi;Bankeraceae;Geschubde stekelzwam;https://galerij.kb.nl/kb.html#/nl/florabatava19/page/31/zoom/3/lat/-68.6885206018014/lng/-21.357421875;;;;;;;;;;;;;
20;KW_T_423_20_0043L.tif.jpg;illustration;Cynosurus echinatus;Cynosurus echinatus;Cynosurus;echinatus;Fungi;Auriculariaceae;Judasoor;https://galerij.kb.nl/kb.html#/nl/florabatava19/page/32/zoom/3/lat/-68.6885206018014/lng/-21.357421875;;;;;;;;;;;;;
20;KW_T_423_20_0045L.tif.jpg;illustration;Agaricus terreus;Tricholoma argyraceum s.l. (boven);Tricholoma;argyraceum s.l.;Fungi;Inocybaceae;Vezelkop spec.;https://galerij.kb.nl/kb.html#/nl/florabatava19/page/32/zoom/3/lat/-68.6885206018014/lng/-21.357421875;;;;;;;;;;;;;
20;KW_T_423_20_0045L.tif.jpg;illustration;Agaricus terreus;Tricholoma terreum (onder);Tricholoma;terreum;Flowering plants;Onagraceae;Grote teunisbloem;https://galerij.kb.nl/kb.html#/nl/florabatava19/page/34/zoom/3/lat/-68.6885206018014/lng/-21.357421875;;;;;;;;;;;;;
20;KW_T_423_20_0047L.tif.jpg;illustration;Trametes gibbosa;Lenzites betulina;Lenzites;betulina;Flowering plants;Cyperaceae;Paardenhaarzegge;https://galerij.kb.nl/kb.html#/nl/florabatava19/page/35/zoom/3/lat/-68.6885206018014/lng/-21.357421875;;;;;;;;;;;;;
20;KW_T_423_20_0049L.tif.jpg;illustration;Thalictrum flexuosum;Thalictrum minus;Thalictrum;minus;Flowering plants;Poaceae;Gevinde kortsteel;https://galerij.kb.nl/kb.html#/nl/florabatava19/page/36/zoom/3/lat/-68.6885206018014/lng/-21.357421875;;;;;;;;;;;;;
20;KW_T_423_20_0051L.tif.jpg;illustration;Rapistrum perenne;Rapistrum perenne;Rapistrum;perenne;Fungi;Hygrophoropsidaceae;Valse hanenkam;https://galerij.kb.nl/kb.html#/nl/florabatava19/page/37/zoom/3/lat/-69.7789517764676/lng/-52.294921875;;;;;;;;;;;;;
20;KW_T_423_20_0053L.tif.jpg;illustration;Bromus erectus;Bromopsis erecta;Bromopsis;erecta;Fungi;Bankeraceae;Blauwvoetstekelzwam;https://galerij.kb.nl/kb.html#/nl/florabatava19/page/38/zoom/3/lat/-68.6885206018014/lng/-21.357421875;;;;;;;;;;;;;
20;KW_T_423_20_0055L.tif.jpg;illustration;Agaricus fastibilis;Cortinarius spec.;Cortinarius;spec.;Flowering plants;Cyperaceae;Veenpluis;https://galerij.kb.nl/kb.html#/nl/florabatava19/page/39/zoom/3/lat/-69.7789517764676/lng/-52.294921875;;;;;;;;;;;;;
20;KW_T_423_20_0057L.tif.jpg;illustration;Lactarius blennius;Lactarius blennius;Lactarius;blennius;Flowering plants;Poaceae;Kweekdravik;https://galerij.kb.nl/kb.html#/nl/florabatava19/page/40/zoom/3/lat/-68.6885206018014/lng/-21.357421875;;;;;;;;;;;;;
20;KW_T_423_20_0059L.tif.jpg;illustration;Onobrychis sativa;Onobrychis viciifolia;Onobrychis;viciifolia;Ferns;Cystopteridaceae;Rechte driehoeksvaren;https://galerij.kb.nl/kb.html#/nl/florabatava19/page/41/zoom/3/lat/-68.6885206018014/lng/-21.357421875;;;;;;;;;;;;;
20;KW_T_423_20_0061L.tif.jpg;illustration;Ambrosia artemisifolia;Ambrosia artemisiifolia;Ambrosia;artemisiifolia;Fungi;Bankeraceae;Blauwvoetstekelzwam;https://galerij.kb.nl/kb.html#/nl/florabatava19/page/43/zoom/3/lat/-69.7789517764676/lng/-51.064453125;;;;;;;;;;;;;
20;KW_T_423_20_0063L.tif.jpg;illustration;Poa sudetica;Poa chaixii;Poa;chaixii;Flowering plants;Ranunculaceae;Poelruit;https://galerij.kb.nl/kb.html#/nl/florabatava19/page/44/zoom/3/lat/-69.7789517764676/lng/-51.064453125;;;;;;;;;;;;;
20;KW_T_423_20_0065L.tif.jpg;illustration;Paxillus giganteus;Leucopaxillus giganteus;Leucopaxillus;giganteus;Flowering plants;Juncaceae;Knolrus;https://galerij.kb.nl/kb.html#/nl/florabatava19/page/45/zoom/3/lat/-69.7789517764676/lng/-51.064453125;;;;;;;;;;;;;
20;KW_T_423_20_0065R.tif.jpg;illustration;Paxillus giganteus;Leucopaxillus giganteus;Leucopaxillus;giganteus;Flowering plants;Poaceae;Dunstaart;https://galerij.kb.nl/kb.html#/nl/florabatava19/page/46/zoom/3/lat/-69.7789517764676/lng/-51.064453125;;;;;;;;;;;;;
20;KW_T_423_20_0069L.tif.jpg;illustration;Geaster schmidelii;Geastrum schmidelii;Geastrum;schmidelii;Fungi;Bankeraceae;Tengere stekelzwam;https://galerij.kb.nl/kb.html#/nl/florabatava19/page/48/zoom/3/lat/-68.6885206018014/lng/-21.357421875;;;;;;;;;;;;;
20;KW_T_423_20_0071L.tif.jpg;illustration;Cynanchum vincetoxicum;Vincetoxicum hirundinaria;Vincetoxicum;hirundinaria;Flowering plants;Ceratophyllaceae;Grof hoornblad;https://galerij.kb.nl/kb.html#/nl/florabatava19/page/51/zoom/3/lat/-68.6885206018014/lng/-21.357421875;;;;;;;;;;;;;
20;KW_T_423_20_0073L.tif.jpg;illustration;Salsola kali var tenuifolia;Salsola tragus;Salsola;tragus;Flowering plants;Caprifoliaceae;Kleine kaardebol;https://galerij.kb.nl/kb.html#/nl/florabatava19/page/52/zoom/3/lat/-68.6885206018014/lng/-21.357421875;;;;;;;;;;;;;
20;KW_T_423_20_0075L.tif.jpg;illustration;Lemna minor;Lemna minor;Lemna;minor;Flowering plants;Lamiaceae;Kranssalie;https://galerij.kb.nl/kb.html#/nl/florabatava19/page/54/zoom/3/lat/-68.6885206018014/lng/-21.357421875;;;;;;;;;;;;;
20;KW_T_423_20_0075L.tif.jpg;illustration;Lemna trisulca;Lemna trisulca;Lemna;trisulca;Flowering plants;Poaceae;Haver spec.;https://galerij.kb.nl/kb.html#/nl/florabatava19/page/55/zoom/3/lat/-68.6885206018014/lng/-21.357421875;;;;;;;;;;;;;
20;KW_T_423_20_0077L.tif.jpg;illustration;Agaricus laschii;Lepista flaccida;Lepista;flaccida;Ferns;Thelypteridaceae;Stippelvaren;https://galerij.kb.nl/kb.html#/nl/florabatava19/page/56/zoom/3/lat/-68.6885206018014/lng/-21.357421875;;;;;;;;;;;;;
20;KW_T_423_20_0079L.tif.jpg;illustration;Lactarius rufus;Lactarius rufus;Lactarius;rufus;Fungi;Psathyrellaceae;Purperrode franjehoed;https://galerij.kb.nl/kb.html#/nl/florabatava19/page/57/zoom/3/lat/-68.6885206018014/lng/-21.357421875;;;;;;;;;;;;;
20;KW_T_423_20_0081L.tif.jpg;illustration;Anthemis ruthenica;Anthemis ruthenica;Anthemis;ruthenica;Flowering plants;Apiaceae;Doorwas;https://galerij.kb.nl/kb.html#/nl/florabatava19/page/59/zoom/3/lat/-68.6885206018014/lng/-21.357421875;;;;;;;;;;;;;
20;KW_T_423_20_0083L.tif.jpg;illustration;Orobanche pallidiflora;Orobanche reticulata;Orobanche;reticulata;Flowering plants;Poaceae;Moerassmele;https://galerij.kb.nl/kb.html#/nl/florabatava19/page/60/zoom/3/lat/-68.6885206018014/lng/-21.357421875;;;;;;;;;;;;;
20;KW_T_423_20_0085L.tif.jpg;illustration;Bromus unioloides;Bromus catharticus;Bromus;catharticus;Ferns;Dryopteridaceae;Stijve naaldvaren;https://galerij.kb.nl/kb.html#/nl/florabatava19/page/61/zoom/3/lat/-68.6885206018014/lng/-21.357421875;;;;;;;;;;;;;
20;KW_T_423_20_0087L.tif.jpg;illustration;Lentinus tigrinus;Lentinus tigrinus;Lentinus;tigrinus;Fungi;Lyophyllaceae;Voorjaarspronkridder;https://galerij.kb.nl/kb.html#/nl/florabatava19/page/62/zoom/3/lat/-68.6885206018014/lng/-21.357421875;;;;;;;;;;;;;
20;KW_T_423_20_0089L.tif.jpg;illustration;Lentinus lepideus;Neolentinus lepideus;Neolentinus;lepideus;Fungi;Boletaceae;Boleet spec.;https://galerij.kb.nl/kb.html#/nl/florabatava19/page/63/zoom/3/lat/-68.6885206018014/lng/-21.357421875;;;;;;;;;;;;;
20;KW_T_423_20_0091L.tif.jpg;illustration;Vicia angustifolia Roth. (Vicia segetalis;Vicia sativa subsp. nigra;Vicia;sativa subsp. nigra;Flowering plants;Onagraceae;Wilgenroosje;https://galerij.kb.nl/kb.html#/nl/florabatava19/page/64/zoom/3/lat/-72.9196354658148/lng/-56.162109375;;;;;;;;;;;;;
20;KW_T_423_20_0093L.tif.jpg;illustration;Potentilla recta;Potentilla recta;Potentilla;recta;Flowering plants;Plantaginaceae;Schildereprijs;https://galerij.kb.nl/kb.html#/nl/florabatava19/page/65/zoom/3/lat/-72.9196354658148/lng/-56.162109375;;;;;;;;;;;;;
20;KW_T_423_20_0095L.tif.jpg;illustration;Verbascum phlomoides;Verbascum phlomoides;Verbascum;phlomoides;Flowering plants;Poaceae;Stijf struisriet;https://galerij.kb.nl/kb.html#/nl/florabatava19/page/66/zoom/3/lat/-68.6885206018014/lng/-21.357421875;;;;;;;;;;;;;
20;KW_T_423_20_0097L.tif.jpg;illustration;Agaricus acutesquamosus;Lepiota aspera;Lepiota;aspera;Fungi;Tapinellaceae;Zwartvoetkrulzoom;https://galerij.kb.nl/kb.html#/nl/florabatava19/page/67/zoom/3/lat/-68.6885206018014/lng/-21.357421875;;;;;;;;;;;;;
20;KW_T_423_20_0099L.tif.jpg;illustration;Agaricus polycephalus;Psathyrella candolleana;Psathyrella;candolleana;Fungi;Stereaceae ;Paarse korstzwam;https://galerij.kb.nl/kb.html#/nl/florabatava19/page/68/zoom/3/lat/-68.6885206018014/lng/-21.357421875;;;;;;;;;;;;;
20;KW_T_423_20_0099L.tif.jpg;illustration;Hygrophorus chlorophanus;Hygrocybe insipida;Hygrocybe;insipida;Fungi;Tricholomataceae;Schijnmycena spec.;https://galerij.kb.nl/kb.html#/nl/florabatava19/page/68/zoom/3/lat/-68.6885206018014/lng/-21.357421875;;;;;;;;;;;;;
20;KW_T_423_20_0102L.tif.jpg;illustration;Glaucium corniculatum;Glaucium corniculatum;Glaucium;corniculatum;Flowering plants;Asteraceae;Bijvoet;https://galerij.kb.nl/kb.html#/nl/florabatava19/page/69/zoom/3/lat/-72.86793049861394/lng/-51.416015625;;;;;;;;;;;;;
20;KW_T_423_20_0104L.tif.jpg;illustration;Salvia sylvestris;Salvia x sylvestris;Salvia;x sylvestris;Flowering plants;Amaryllidaceae;Slangenlook;https://galerij.kb.nl/kb.html#/nl/florabatava19/page/70/zoom/3/lat/-68.6885206018014/lng/-21.357421875;;;;;;;;;;;;;
20;KW_T_423_20_0106L.tif.jpg;illustration;Blitum rubrum var crassifolium;Oxybasis rubra;Oxybasis;rubra;Flowering plants;Poaceae;Oot;https://galerij.kb.nl/kb.html#/nl/florabatava19/page/71/zoom/3/lat/-71.80141030136785/lng/-61.61132812500001;;;;;;;;;;;;;
20;KW_T_423_20_0108L.tif.jpg;illustration;Agaricus rugosus;Mycena spec.;Mycena;spec.;Fungi;Schizophyllaceae;Geribbelde trechterzwam;https://galerij.kb.nl/kb.html#/nl/florabatava19/page/72/zoom/3/lat/-68.6885206018014/lng/-21.357421875;;;;;;;;;;;;;
20;KW_T_423_20_0110L.tif.jpg;illustration;Peziza vesiculosa;Peziza vesiculosa;Peziza;vesiculosa;Fungi;Polyporaceae;Gewoon elfenbankje;https://galerij.kb.nl/kb.html#/nl/florabatava19/page/73/zoom/3/lat/-68.6885206018014/lng/-21.357421875;;;;;;;;;;;;;
20;KW_T_423_20_0112L.tif.jpg;illustration;Aquilegia vulgaris;Aquilegia vulgaris;Aquilegia;vulgaris;Flowering plants;Oleaceae;Es;https://galerij.kb.nl/kb.html#/nl/florabatava19/page/75/zoom/3/lat/-68.6885206018014/lng/-21.357421875;;;;;;;;;;;;;
20;KW_T_423_20_0114L.tif.jpg;illustration;Trifolium incarnatum;Trifolium incarnatum;Trifolium;incarnatum;Flowering plants;Oleaceae;Es;https://galerij.kb.nl/kb.html#/nl/florabatava19/page/75/zoom/3/lat/-68.6885206018014/lng/-21.357421875;;;;;;;;;;;;;
20;KW_T_423_20_0116L.tif.jpg;illustration;Bidens cernua b Radiata;Bidens cernua;Bidens;cernua;Flowering plants;Poaceae;Kweekgras spec.;https://galerij.kb.nl/kb.html#/nl/florabatava19/page/76/zoom/3/lat/-68.6885206018014/lng/-21.357421875;;;;;;;;;;;;;
20;KW_T_423_20_0118L.tif.jpg;illustration;Agaricus cerussatus;Clitocybe phyllophila;Clitocybe;phyllophila;Fungi;Strophariaceae;Goudvliesbundelzwam;https://galerij.kb.nl/kb.html#/nl/florabatava19/page/77/zoom/3/lat/-68.6885206018014/lng/-21.357421875;;;;;;;;;;;;;
20;KW_T_423_20_0120L.tif.jpg;illustration;Lachnea hirta (Peziza h.);Scutellinia spec.;Scutellinia;spec.;Fungi;Cortinariaceae;Armbandgordijnzwam;https://galerij.kb.nl/kb.html#/nl/florabatava19/page/78/zoom/3/lat/-68.6885206018014/lng/-21.357421875;;;;;;;;;;;;;
20;KW_T_423_20_0122L.tif.jpg;illustration;Sisyrium irio;Sisymbrium irio;Sisymbrium;irio;Flowering plants;Rosaceae;Koebraam;https://galerij.kb.nl/kb.html#/nl/florabatava19/page/79/zoom/3/lat/-68.6885206018014/lng/-21.357421875;;;;;;;;;;;;;
20;KW_T_423_20_0124L.tif.jpg;illustration;Lotus tenuifolius;Lotus glaber;Lotus;glaber;Flowering plants;Primulaceae;Zevenster;https://galerij.kb.nl/kb.html#/nl/florabatava19/page/80/zoom/3/lat/-68.6885206018014/lng/-21.357421875;;;;;;;;;;;;;
20;KW_T_423_20_0126L.tif.jpg;illustration;Verbascum nigro-phoeniceum;Verbascum cf. nigrum x phoeniceum;Verbascum;cf. nigrum x phoeniceum;Flowering plants;Convolvulaceae;Gestreepte winde;https://galerij.kb.nl/kb.html#/nl/florabatava19/page/81/zoom/3/lat/-68.6885206018014/lng/-21.357421875;;;;;;;;;;;;;
20;KW_T_423_20_0128L.tif.jpg;illustration;Agaricus mappa;Amanita citrina;Amanita;citrina;Fungi;Clitocybaceae;Paarssteelschijnridderzwam;https://galerij.kb.nl/kb.html#/nl/florabatava19/page/82/zoom/3/lat/-68.6885206018014/lng/-21.357421875;;;;;;;;;;;;;
20;KW_T_423_20_0130L.tif.jpg;illustration;Polyporus betulinus;Piptoporus betulinus;Piptoporus;betulinus;Flowering plants;Brassicaceae;;https://galerij.kb.nl/kb.html#/nl/florabatava19/page/84/zoom/3/lat/-68.6885206018014/lng/-21.357421875;;;;;;;;;;;;;
20;KW_T_423_20_0132L.tif.jpg;illustration;Gypsophila paniculata;Gypsophila paniculata;Gypsophila;paniculata;Flowering plants;Amaranthaceae;Gesteelde zoutmelde;https://galerij.kb.nl/kb.html#/nl/florabatava19/page/85/zoom/3/lat/-68.6885206018014/lng/-21.357421875;;;;;;;;;;;;;
20;KW_T_423_20_0134L.tif.jpg;illustration;Lappa minor;Arctium minus;Arctium;minus;Flowering plants;Betulaceae;Witte els;https://galerij.kb.nl/kb.html#/nl/florabatava19/page/86/zoom/3/lat/-68.6885206018014/lng/-21.357421875;;;;;;;;;;;;;
20;KW_T_423_20_0136L.tif.jpg;illustration;Lappa intermedia;Arctium nemorosum;Arctium;nemorosum;Fungi;Cortinariaceae;Bloedplaatgordijnzwam;https://galerij.kb.nl/kb.html#/nl/florabatava19/page/87/zoom/3/lat/-68.6885206018014/lng/-21.357421875\;;;;;;;;;;;;;
20;KW_T_423_20_0138L.tif.jpg;illustration;Cortinarius albo-violaceus;Cortinarius spec.;Cortinarius;spec.;Fungi;Cortinariaceae;Slijmige gordijnzwam;https://galerij.kb.nl/kb.html#/nl/florabatava19/page/88/zoom/3/lat/-68.6885206018014/lng/-21.357421875;;;;;;;;;;;;;
20;KW_T_423_20_0140L.tif.jpg;illustration;Clavaria cristata;Clavulina coralloides;Clavulina;coralloides;Flowering plants;Caryophyllaceae;Ruige anjer;https://galerij.kb.nl/kb.html#/nl/florabatava19/page/89/zoom/3/lat/-68.6885206018014/lng/-21.357421875;;;;;;;;;;;;;
20;KW_T_423_20_0142L.tif.jpg;illustration;Ajuga reptans fl. roseo;Ajuga reptans;Ajuga;reptans;Flowering plants;Crassulaceae;Omgebogen vetkruid;https://galerij.kb.nl/kb.html#/nl/florabatava19/page/90/zoom/3/lat/-68.6885206018014/lng/-21.357421875;;;;;;;;;;;;;
20;KW_T_423_20_0144L.tif.jpg;illustration;Gastridium lendigerum var muticum;Gastridium ventricosum;Gastridium;ventricosum;Flowering plants;Asteraceae;Aarddistel;https://galerij.kb.nl/kb.html#/nl/florabatava19/page/91/zoom/3/lat/-68.6885206018014/lng/-21.357421875;;;;;;;;;;;;;
20;KW_T_423_20_0146L.tif.jpg;illustration;Koeleria phleoides;Rostraria cristata;Rostraria;cristata;Fungi;Hydnaceae;Trechtercantharel;https://galerij.kb.nl/kb.html#/nl/florabatava19/page/93/zoom/3/lat/-68.6885206018014/lng/-21.357421875;;;;;;;;;;;;;
20;KW_T_423_20_0148L.tif.jpg;illustration;Tremella mesenterica;Tremella mesenterica;Tremella;mesenterica;Flowering plants;Lamiaceae;Kleine bergsteentijm;https://galerij.kb.nl/kb.html#/nl/florabatava20/page/8/zoom/3/lat/-68.49604022839505/lng/-29.443359375;;;;;;;;;;;;;
20;KW_T_423_20_0148L.tif.jpg;illustration;Peziza sepulcralis;Geopora arenicola;Geopora;arenicola;Flowering plants;Amaranthaceae;Stinkende ganzenvoet;https://galerij.kb.nl/kb.html#/nl/florabatava20/page/9/zoom/3/lat/-68.49604022839505/lng/-29.443359375;;;;;;;;;;;;;
20;KW_T_423_20_0151L.tif.jpg;illustration;Peziza tectoria;Peziza cerea;Peziza;cerea;Flowering plants;Cyperaceae;Hangende zegge;https://galerij.kb.nl/kb.html#/nl/florabatava20/page/10/zoom/3/lat/-68.49604022839505/lng/-29.443359375;;;;;;;;;;;;;
20;KW_T_423_20_0153L.tif.jpg;illustration;Sinapis cheiranthos;Coincya monensis;Coincya;monensis;Fungi;Tricholomataceae;Glanzende ridderzwam;https://galerij.kb.nl/kb.html#/nl/florabatava20/page/11/zoom/3/lat/-68.49604022839505/lng/-29.443359375;;;;;;;;;;;;;
20;KW_T_423_20_0155L.tif.jpg;illustration;Matricaria discoidea;Matricaria discoidea;Matricaria;discoidea;Fungi;Bankeraceae;Rodbruine stekelzwam;https://galerij.kb.nl/kb.html#/nl/florabatava20/page/12/zoom/3/lat/-68.49604022839505/lng/-29.443359375;;;;;;;;;;;;;
20;KW_T_423_20_0157L.tif.jpg;illustration;Allium carinatum;Allium carinatum;Allium;carinatum;Flowering plants;Polygonaceae;Zachte duizendknoop;https://galerij.kb.nl/kb.html#/nl/florabatava20/page/13/zoom/3/lat/-68.49604022839505/lng/-29.443359375;;;;;;;;;;;;;
20;KW_T_423_20_0159L.tif.jpg;illustration;Agaricus humilis;Melanoleuca polioleuca;Melanoleuca;polioleuca;Flowering plants;Boraginaceae;Kromhals-amsinckia;https://galerij.kb.nl/kb.html#/nl/florabatava20/page/14/zoom/3/lat/-68.49604022839505/lng/-29.443359375;;;;;;;;;;;;;
20;KW_T_423_20_0161L.tif.jpg;illustration;Hygrophorus eburneus;Hygrophorus pustulatus;Hygrophorus;pustulatus;Flowering plants;Poaceae;Eennaaldgeitenoog;https://galerij.kb.nl/kb.html#/nl/florabatava20/page/15/zoom/3/lat/-68.49604022839505/lng/-29.443359375;;;;;;;;;;;;;
21;KW_T_423_21_0009L.tif.jpg;illustration;Rubus saxatilis;Rubus saxatilis ;Rubus;saxatilis;Fungi;Inocybaceae;Lila satijnvezelkop;https://galerij.kb.nl/kb.html#/nl/florabatava20/page/16/zoom/3/lat/-68.49604022839505/lng/-29.443359375;;;;;;;;;;;;;
21;KW_T_423_21_0011L.tif.jpg;illustration;Echinospermum deflexum;Lappula redowskii;Lappula;redowskii;Fungi;Polyporaceae;Gewoon elfenbankje;https://galerij.kb.nl/kb.html#/nl/florabatava20/page/17/zoom/3/lat/-69.53451763078357/lng/-50.361328125;;;;;;;;;;;;;
21;KW_T_423_21_0013L.tif.jpg;illustration;Elsholzia patrini -;Elsholtzia ciliata;Elsholtzia;ciliata;Flowering plants;Orchidaceae;Bergnachtorchis;https://galerij.kb.nl/kb.html#/nl/florabatava20/page/18/zoom/3/lat/-68.49604022839505/lng/-29.443359375;;;;;;;;;;;;;
21;KW_T_423_21_0015L.tif.jpg;illustration;Agaricus albobrunneus;Tricholoma spec.;Tricholoma;spec.;Flowering plants;Juncaceae;Dwergrus;https://galerij.kb.nl/kb.html#/nl/florabatava20/page/19/zoom/3/lat/-68.49604022839505/lng/-29.443359375;;;;;;;;;;;;;
21;KW_T_423_21_0017L.tif.jpg;illustration;Clavaria flava;Ramaria spec.;Ramaria;spec.;Flowering plants;Poaceae;Dwerggras;https://galerij.kb.nl/kb.html#/nl/florabatava20/page/20/zoom/3/lat/-68.49604022839505/lng/-29.443359375;;;;;;;;;;;;;
21;KW_T_423_21_0019L.tif.jpg;illustration;Erysimum repandum;Erysimum repandum;Erysimum;repandum;Fungi;Hygrocybaceae;Sneeuwzwammetje;https://galerij.kb.nl/kb.html#/nl/florabatava20/page/21/zoom/3/lat/-68.49604022839505/lng/-29.443359375;;;;;;;;;;;;;
21;KW_T_423_21_0021L.tif.jpg;illustration;Geranium rotundifolium;Geranium rotundifolium;Geranium;rotundifolium;Fungi;Bankeraceae;Blozende stekelzwam;https://galerij.kb.nl/kb.html#/nl/florabatava20/page/22/zoom/3/lat/-68.49604022839505/lng/-29.443359375;;;;;;;;;;;;;
21;KW_T_423_21_0023L.tif.jpg;illustration;Valerianella coronata;Valerianella coronata;Valerianella;coronata;Flowering plants;Boraginaceae;Amerikaans vergeet-mij-nietje;https://galerij.kb.nl/kb.html#/nl/florabatava20/page/23/zoom/3/lat/-68.49604022839505/lng/-29.443359375;;;;;;;;;;;;;
21;KW_T_423_21_0025L.tif.jpg;illustration;Hygrophorus hypothejus;Hygrophorus hypothejus;Hygrophorus;hypothejus;Flowering plants;Brassicaceae;Chorispora;https://galerij.kb.nl/kb.html#/nl/florabatava20/page/24/zoom/3/lat/-68.49604022839505/lng/-29.443359375;;;;;;;;;;;;;
21;KW_T_423_21_0027L.tif.jpg;illustration;Peziza aurantia var. gigantea;Aleuria aurantia;Aleuria;aurantia;Flowering plants;Poaceae;Stekelkamgras;https://galerij.kb.nl/kb.html#/nl/florabatava20/page/25/zoom/3/lat/-68.49604022839505/lng/-29.443359375;;;;;;;;;;;;;
21;KW_T_423_21_0029L.tif.jpg;illustration;Lepidium sativum;Lepidium sativum;Lepidium;sativum;Fungi;Polyporaceae;Witte bultzwam;https://galerij.kb.nl/kb.html#/nl/florabatava20/page/27/zoom/3/lat/-70.17020068549206/lng/-36.474609375;;;;;;;;;;;;;
21;KW_T_423_21_0031L.tif.jpg;illustration;Vicia pannonica;Vicia pannonica;Vicia;pannonica;Flowering plants;Ranunculaceae;Kleine ruit;https://galerij.kb.nl/kb.html#/nl/florabatava20/page/28/zoom/3/lat/-69.53451763078357/lng/-50.361328125;;;;;;;;;;;;;
21;KW_T_423_21_0033L.tif.jpg;illustration;Potentilla inclinata var virescens;Potentilla intermedia;Potentilla;intermedia;Flowering plants;Brassicaceae;Overblijvende bolletjesraket;https://galerij.kb.nl/kb.html#/nl/florabatava20/page/29/zoom/3/lat/-68.49604022839505/lng/-29.443359375;;;;;;;;;;;;;
21;KW_T_423_21_0035L.tif.jpg;illustration;Agaricus ulmarius;Hypsizygus ulmarius;Hypsizygus;ulmarius;Flowering plants;Poaceae;Bergdravik;https://galerij.kb.nl/kb.html#/nl/florabatava20/page/30/zoom/3/lat/-68.49604022839505/lng/-29.443359375;;;;;;;;;;;;;
21;KW_T_423_21_0037L.tif.jpg;illustration;Cortinarius torvus;Cortinarius torvus;Cortinarius;torvus;Fungi;Cortinariaceae;Gordijnzwam spec.;https://galerij.kb.nl/kb.html#/nl/florabatava20/page/31/zoom/3/lat/-70.0205873017406/lng/-52.470703125;;;;;;;;;;;;;
21;KW_T_423_21_0039L.tif.jpg;illustration;Medicago x media;Medicago x varia;Medicago;x varia;Fungi;Russulaceae;Grijsgroene melkzwam;https://galerij.kb.nl/kb.html#/nl/florabatava20/page/32/zoom/3/lat/-68.49604022839505/lng/-29.443359375;;;;;;;;;;;;;
21;KW_T_423_21_0041L.tif.jpg;illustration;Tragopogon orientalis;Tragopogon pratensis subsp. orientalis;Tragopogon;pratensis subsp. orientalis;Flowering plants;Fabaceae;Esparcette;https://galerij.kb.nl/kb.html#/nl/florabatava20/page/33/zoom/3/lat/-68.52823492039876/lng/-29.443359375;;;;;;;;;;;;;
21;KW_T_423_21_0043L.tif.jpg;illustration;Verbascum phoeniceum;Verbascum phoeniceum;Verbascum;phoeniceum;Flowering plants;Asteraceae;Alsemambrosia;https://galerij.kb.nl/kb.html#/nl/florabatava20/page/34/zoom/3/lat/-68.49604022839505/lng/-29.443359375;;;;;;;;;;;;;
21;KW_T_423_21_0045L.tif.jpg;illustration;Eriophorum gracile;Eriophorum gracile;Eriophorum;gracile;Flowering plants;Poaceae;Bergbeemdgras;https://galerij.kb.nl/kb.html#/nl/florabatava20/page/35/zoom/3/lat/-68.49604022839505/lng/-29.443359375;;;;;;;;;;;;;
21;KW_T_423_21_0047L.tif.jpg;illustration;Boletus torosus;Imleria badia;Imleria;badia;Fungi;Tricholomataceae;Reuzendikhoed;https://galerij.kb.nl/kb.html#/nl/florabatava20/page/36/zoom/3/lat/-68.49604022839505/lng/-29.443359375;;;;;;;;;;;;;
21;KW_T_423_21_0049L.tif.jpg;illustration;Impatiens parviflora;Impatiens parviflora;Impatiens;parviflora;Fungi;Tricholomataceae;Reuzendikhoed;https://galerij.kb.nl/kb.html#/nl/florabatava20/page/36/zoom/3/lat/-68.49604022839505/lng/-29.443359375;;;;;;;;;;;;;
21;KW_T_423_21_0051L.tif.jpg;illustration;Rosa arvensis;Rosa arvensis;Rosa;arvensis;Fungi;Geastraceae;Heideaardster;https://galerij.kb.nl/kb.html#/nl/florabatava20/page/38/zoom/3/lat/-66.5482634621744/lng/-7.91015625;;;;;;;;;;;;;
21;KW_T_423_21_0053L.tif.jpg;illustration;Myrrhis odorata;Myrrhis odorata?;Myrrhis;odorata?;Flowering plants;Apocynaceae;Witte engbloem;https://galerij.kb.nl/kb.html#/nl/florabatava20/page/39/zoom/4/lat/-54.44449176335762/lng/0.703125;;;;;;;;;;;;;
21;KW_T_423_21_0055L.tif.jpg;illustration;Ramischia secunda;Orthilia secunda;Orthilia;secunda;Flowering plants;Amaranthaceae;Zacht loogkruid;https://galerij.kb.nl/kb.html#/nl/florabatava20/page/40/zoom/4/lat/-54.44449176335762/lng/0.703125;;;;;;;;;;;;;
21;KW_T_423_21_0057L.tif.jpg;illustration;Carex buxbaumii;Carex buxbaumii;Carex;buxbaumii;Flowering plants;Araceae;Klein kroos;https://galerij.kb.nl/kb.html#/nl/florabatava20/page/41/zoom/3/lat/-68.49604022839505/lng/-29.443359375;;;;;;;;;;;;;
21;KW_T_423_21_0059L.tif.jpg;illustration;Adonis aestivalis;Adonis aestivalis;Adonis;aestivalis;Flowering plants;Araceae;Puntkroos;https://galerij.kb.nl/kb.html#/nl/florabatava20/page/41/zoom/3/lat/-68.49604022839505/lng/-29.443359375;;;;;;;;;;;;;
21;KW_T_423_21_0061L.tif.jpg;illustration;Hesperis bicuspidata;Hesperis bicuspidata;Hesperis;bicuspidata;Fungi;Clitocybaceae;Roodbruine schijnridderzwam;https://galerij.kb.nl/kb.html#/nl/florabatava20/page/42/zoom/3/lat/-68.91100484562018/lng/-45.791015625;;;;;;;;;;;;;
21;KW_T_423_21_0063L.tif.jpg;illustration;Draba muralis;Draba muralis;Draba;muralis;Fungi;Russulaceae;Rossige melkzwam;https://galerij.kb.nl/kb.html#/nl/florabatava20/page/43/zoom/3/lat/-68.49604022839505/lng/-29.443359375;;;;;;;;;;;;;
21;KW_T_423_21_0065L.tif.jpg;illustration;Trifolium minus;Trifolium dubium;Trifolium;dubium;Flowering plants;Asteraceae;;https://galerij.kb.nl/kb.html#/nl/florabatava20/page/44/zoom/3/lat/-68.49604022839505/lng/-29.443359375;;;;;;;;;;;;;
21;KW_T_423_21_0067L.tif.jpg;illustration;Agaricus inversus;Clitocybe gibba;Clitocybe;gibba;Flowering plants;Orobanchaceae;Distelbremraap;https://galerij.kb.nl/kb.html#/nl/florabatava20/page/45/zoom/3/lat/-68.52823492039876/lng/-29.355468750000004;;;;;;;;;;;;;
21;KW_T_423_21_0069L.tif.jpg;illustration;Vicia narbonensis;Vicia narbonensis;Vicia;narbonensis;Flowering plants;Poaceae;Paardengras;https://galerij.kb.nl/kb.html#/nl/florabatava20/page/46/zoom/3/lat/-68.49604022839505/lng/-29.443359375;;;;;;;;;;;;;
21;KW_T_423_21_0071L.tif.jpg;illustration;Prunus petraea;Prunus padus subsp. borealis;Prunus;padus subsp. borealis;Fungi;Polyporaceae;Tijgertaaiplaat;https://galerij.kb.nl/kb.html#/nl/florabatava20/page/47/zoom/3/lat/-68.49604022839505/lng/-29.443359375;;;;;;;;;;;;;
21;KW_T_423_21_0073L.tif.jpg;illustration;Isnardia palustris;Ludwigia palustris;Ludwigia;palustris;Fungi;Gloeophyllaceae;Schubbige taaiplaat;https://galerij.kb.nl/kb.html#/nl/florabatava20/page/48/zoom/3/lat/-68.49604022839505/lng/-29.443359375;;;;;;;;;;;;;
21;KW_T_423_21_0075L.tif.jpg;illustration;Silaus pratensis;Silaum silaus;Silaum;silaus;Flowering plants;Rosaceae;Rechte ganzerik;https://galerij.kb.nl/kb.html#/nl/florabatava20/page/50/zoom/3/lat/-68.49604022839505/lng/-29.443359375;;;;;;;;;;;;;
21;KW_T_423_21_0077L.tif.jpg;illustration;Polyporus giganteus;Meripilus giganteus;Meripilus;giganteus;Flowering plants;Scrophulariaceae;Keizerskaars;https://galerij.kb.nl/kb.html#/nl/florabatava20/page/51/zoom/3/lat/-68.49604022839505/lng/-29.443359375;;;;;;;;;;;;;
21;KW_T_423_21_0079L.tif.jpg;illustration;Turgenia latifolia;Turgenia latifolia;Turgenia;latifolia;Fungi;Agaricaceae;Spitsschubbige parasolzwam;https://galerij.kb.nl/kb.html#/nl/florabatava20/page/52/zoom/3/lat/-68.49604022839505/lng/-29.443359375;;;;;;;;;;;;;
21;KW_T_423_21_0081L.tif.jpg;illustration;Valeriana sambucifolia;Valeriana officinalis;Valeriana;officinalis;Fungi;Psathyrellaceae;Bleke franjehoed;https://galerij.kb.nl/kb.html#/nl/florabatava20/page/53/zoom/3/lat/-68.49604022839505/lng/-29.443359375;;;;;;;;;;;;;
21;KW_T_423_21_0083L.tif.jpg;illustration;Hieracium strictum;Hieracium sect. Sabauda;Hieracium;sect. Sabauda;Fungi;Hygrocybaceae;Kabouterwasplaat;https://galerij.kb.nl/kb.html#/nl/florabatava20/page/53/zoom/3/lat/-68.49604022839505/lng/-29.443359375;;;;;;;;;;;;;
21;KW_T_423_21_0085L.tif.jpg;illustration;Solanum rostratum;Solanum rostratum;Solanum;rostratum;Flowering plants;Papaveraceae;Rode hoornpapaver;https://galerij.kb.nl/kb.html#/nl/florabatava20/page/55/zoom/3/lat/-68.49604022839505/lng/-29.443359375;;;;;;;;;;;;;
21;KW_T_423_21_0087L.tif.jpg;illustration;Agaricus silvicola;Agaricus silvicola;Agaricus;silvicola;Flowering plants;Amaranthaceae;Rode ganzenvoet;https://galerij.kb.nl/kb.html#/nl/florabatava20/page/57/zoom/3/lat/-68.49604022839505/lng/-29.443359375;;;;;;;;;;;;;
21;KW_T_423_21_0089L.tif.jpg;illustration;Verbascum thapsiformi-nigrum;Verbascum cf. densiflorum x nigrum;Verbascum;cf densiflorum x nigrum;Fungi;Mycenaceae;Mycena spec.;https://galerij.kb.nl/kb.html#/nl/florabatava20/page/58/zoom/3/lat/-68.49604022839505/lng/-29.443359375;;;;;;;;;;;;;
21;KW_T_423_21_0091L.tif.jpg;illustration;Sideritis montana;Sideritis montana;Sideritis;montana;Fungi;Pezizaceae;Vroege bekerzwam;https://galerij.kb.nl/kb.html#/nl/florabatava20/page/59/zoom/3/lat/-68.49604022839505/lng/-29.443359375;;;;;;;;;;;;;
21;KW_T_423_21_0093L.tif.jpg;illustration;Potamogeton obtusifolius;Potamogeton obtusifolius;Potamogeton;obtusifolius;Flowering plants;Ranunculaceae;Wilde akelei ;https://galerij.kb.nl/kb.html#/nl/florabatava20/page/60/zoom/3/lat/-68.49604022839505/lng/-29.443359375;;;;;;;;;;;;;
21;KW_T_423_21_0095L.tif.jpg;illustration;Agaricus albus-cyaneus;Stropharia caerulea;Stropharia;caerulea;Flowering plants;Fabaceae;Inkarnaatklaver;https://galerij.kb.nl/kb.html#/nl/florabatava20/page/61/zoom/3/lat/-68.49604022839505/lng/-29.443359375;;;;;;;;;;;;;
21;KW_T_423_21_0097L.tif.jpg;illustration;Agaricus luridus;Tricholoma albobrunneum;Tricholoma;albobrunneum;Flowering plants;Asteraceae;Knikkend tandzaad;https://galerij.kb.nl/kb.html#/nl/florabatava20/page/62/zoom/3/lat/-68.91100484562018/lng/-45.791015625;;;;;;;;;;;;;
21;KW_T_423_21_0099L.tif.jpg;illustration;Trifolium resupinatum;Trifolium resupinatum;Trifolium;resupinatum;Fungi;Clitocybaceae;Grote bostrechterzwam;https://galerij.kb.nl/kb.html#/nl/florabatava20/page/63/zoom/3/lat/-68.49604022839505/lng/-29.443359375;;;;;;;;;;;;;
21;KW_T_423_21_0101L.tif.jpg;illustration;Coriandrum sativum;Coriandrum sativum;Coriandrum;sativum;Fungi;Pyronemataceae;Wimperzwam spec.;https://galerij.kb.nl/kb.html#/nl/florabatava20/page/64/zoom/3/lat/-68.49604022839505/lng/-29.443359375;;;;;;;;;;;;;
21;KW_T_423_21_0103L.tif.jpg;illustration;Petasites albus;Petasites albus;Petasites;albus;Flowering plants;Brassicaceae;Brede raket;https://galerij.kb.nl/kb.html#/nl/florabatava20/page/65/zoom/3/lat/-68.49604022839505/lng/-29.443359375;;;;;;;;;;;;;
21;KW_T_423_21_0104L.tif.jpg;illustration;Petasites albus;Petasites albus;Petasites;albus;Flowering plants;Fabaceae;Smalle rolklaver;https://galerij.kb.nl/kb.html#/nl/florabatava20/page/66/zoom/3/lat/-68.49604022839505/lng/-29.443359375;;;;;;;;;;;;;
21;KW_T_423_21_0106L.tif.jpg;illustration;Boletus fusipes;Suillus placidus;Suillus;placidus;Fungi;Amanitaceae;Gele knolamaniet;https://galerij.kb.nl/kb.html#/nl/florabatava20/page/68/zoom/3/lat/-68.91100484562018/lng/-45.791015625;;;;;;;;;;;;;
21;KW_T_423_21_0108L.tif.jpg;illustration;Crupina vulgaris;Crupina vulgaris;Crupina;vulgaris;Fungi;Fomitopsidaceae;Berkenzwam;https://galerij.kb.nl/kb.html#/nl/florabatava20/page/69/zoom/3/lat/-68.49604022839505/lng/-29.443359375;;;;;;;;;;;;;
21;KW_T_423_21_0110L.tif.jpg;illustration;Digitalis lutea;Digitalis lutea;Digitalis;lutea;Flowering plants;Caryophyllaceae;Pluimgipskruid;https://galerij.kb.nl/kb.html#/nl/florabatava20/page/70/zoom/3/lat/-68.49604022839505/lng/-29.443359375;;;;;;;;;;;;;
21;KW_T_423_21_0112L.tif.jpg;illustration;Potamogeton rufescens;Potamogeton alpinus;Potamogeton;alpinus;Flowering plants;Asteraceae;Gewone klit;https://galerij.kb.nl/kb.html#/nl/florabatava20/page/71/zoom/3/lat/-68.49604022839505/lng/-29.443359375;;;;;;;;;;;;;
21;KW_T_423_21_0114L.tif.jpg;illustration;Carex extensa;Carex extensa;Carex;extensa;Flowering plants;Asteraceae;Gewone klit;https://galerij.kb.nl/kb.html#/nl/florabatava20/page/72/zoom/3/lat/-68.52823492039876/lng/-29.443359375;;;;;;;;;;;;;
21;KW_T_423_21_0116L.tif.jpg;illustration;Agaricus chrysophorus;Flammulina velutipes s.l.;Flammulina;velutipes s.l.;Fungi;Cortinariaceae;Gordijnzwam spec.;https://galerij.kb.nl/kb.html#/nl/florabatava20/page/73/zoom/3/lat/-68.52823492039876/lng/-29.443359375;;;;;;;;;;;;;
21;KW_T_423_21_0118L.tif.jpg;illustration;Crithmum maritimum;Crithmum maritimum;Crithmum;maritimum;Fungi;Hydnaceae;Witte koraalzwam;https://galerij.kb.nl/kb.html#/nl/florabatava20/page/74/zoom/3/lat/-70.55417853776078/lng/-48.427734375;;;;;;;;;;;;;
21;KW_T_423_21_0120L.tif.jpg;illustration;Bifora radians;Bifora radians;Bifora;radians;Flowering plants;Lamiaceae;Kruipend zenegroen;https://galerij.kb.nl/kb.html#/nl/florabatava20/page/75/zoom/3/lat/-70.0205873017406/lng/-55.810546875;;;;;;;;;;;;;
21;KW_T_423_21_0122L.tif.jpg;illustration;Rudbeckia hirta;Rudbeckia hirta;Rudbeckia;hirta;Flowering plants;Poaceae;;https://galerij.kb.nl/kb.html#/nl/florabatava20/page/76/zoom/3/lat/-68.49604022839505/lng/-29.443359375;;;;;;;;;;;;;
21;KW_T_423_21_0124L.tif.jpg;illustration;Lactarius subdulcis;Lactarius subdulcis;Lactarius;subdulcis;Flowering plants;Poaceae;Klein Fakkelgras;https://galerij.kb.nl/kb.html#/nl/florabatava20/page/77/zoom/3/lat/-68.49604022839505/lng/-29.443359375;;;;;;;;;;;;;
21;KW_T_423_21_0126L.tif.jpg;illustration;Russula alutacea;Russula graveolens s.l.;Russula;graveolens s.l.;Fungi;Tremellaceae ;Gele trilzwam;https://galerij.kb.nl/kb.html#/nl/florabatava20/page/78/zoom/3/lat/-68.49604022839505/lng/-29.443359375;;;;;;;;;;;;;
21;KW_T_423_21_0128L.tif.jpg;illustration;Myrica cerifera;Morella caroliniensis;Morella;caroliniensis;Fungi;Pyronemataceae;Zandputje;https://galerij.kb.nl/kb.html#/nl/florabatava20/page/79/zoom/3/lat/-68.49604022839505/lng/-29.443359375;;;;;;;;;;;;;
21;KW_T_423_21_0129L.tif.jpg;illustration;Myrica cerifera;Morella caroliniensis;Morella;caroliniensis;Fungi;Pezizaceae;Wasgele bekerzwam;https://galerij.kb.nl/kb.html#/nl/florabatava20/page/80/zoom/3/lat/-68.49604022839505/lng/-29.443359375;;;;;;;;;;;;;
21;KW_T_423_21_0131L.tif.jpg;illustration;Coeloglossum viride;Dactylorhiza viridis;Dactylorhiza;viridis;Flowering plants;Brassicaceae;Muurbloemmosterd;https://galerij.kb.nl/kb.html#/nl/florabatava20/page/81/zoom/3/lat/-68.49604022839505/lng/-29.443359375;;;;;;;;;;;;;
21;KW_T_423_21_0133L.tif.jpg;illustration;Carex tricostata;Carex spec.;Carex;spec.;Flowering plants;Asteraceae;Schijfkamille;https://galerij.kb.nl/kb.html#/nl/florabatava20/page/82/zoom/3/lat/-68.49604022839505/lng/-29.443359375;;;;;;;;;;;;;
21;KW_T_423_21_0135L.tif.jpg;illustration;Hygrophorus unguinosus;Agaricales spec.;Agaricales;spec.;Flowering plants;Amaryllidaceae;Berglook;https://galerij.kb.nl/kb.html#/nl/florabatava20/page/83/zoom/3/lat/-68.49604022839505/lng/-29.443359375;;;;;;;;;;;;;
21;KW_T_423_21_0137L.tif.jpg;illustration;Carum verticillatum;Trocdaris verticillatum;Trocdaris;verticillatum;Fungi;Melanoleucaceae;Zwartwitte veldridderzwam;https://galerij.kb.nl/kb.html#/nl/florabatava20/page/84/zoom/3/lat/-68.49604022839505/lng/-29.443359375;;;;;;;;;;;;;
21;KW_T_423_21_0139L.tif.jpg;illustration;Sedum oppositifolium;Sedum spurium;Sedum;spurium;Fungi;Hygrophoraceae;Stippelsteelslijmkop;https://galerij.kb.nl/kb.html#/nl/florabatava20/page/85/zoom/3/lat/-68.49604022839505/lng/-29.443359375;;;;;;;;;;;;;
21;KW_T_423_21_0141L.tif.jpg;illustration;Stellaria nemorum;Stellaria nemorum;Stellaria;nemorum;Flowering plants;Rosaceae;Steenbraam;https://galerij.kb.nl/kb.html#/nl/florabatava21/page/8/zoom/3/lat/-66.26685631430843/lng/-18.720703125;;;;;;;;;;;;;
21;KW_T_423_21_0143L.tif.jpg;illustration;Caucalis daucoides;Caucalis platycarpos;Caucalis;platycarpos;Flowering plants;Boraginaceae;;https://galerij.kb.nl/kb.html#/nl/florabatava21/page/9/zoom/3/lat/-66.26685631430843/lng/-18.720703125;;;;;;;;;;;;;
21;KW_T_423_21_0145L.tif.jpg;illustration;Polyporus brumalis;Polyporus tuberaster;Polyporus;tuberaster;Flowering plants;Lamiaceae;Vietnamese munt;https://galerij.kb.nl/kb.html#/nl/florabatava21/page/10/zoom/3/lat/-66.26685631430843/lng/-18.720703125;;;;;;;;;;;;;
21;KW_T_423_21_0147L.tif.jpg;illustration;Spiranthes aestivalis;Spiranthes aestivalis;Spiranthes;aestivalis;Flowering plants;Phrymaceae;Ridderzwam spec.;https://galerij.kb.nl/kb.html#/nl/florabatava21/page/11/zoom/3/lat/-66.26685631430843/lng/-18.720703125;;;;;;;;;;;;;
21;KW_T_423_21_0149L.tif.jpg;illustration;Cephalanthera grandiflora;Cephalanthera damasonium;Cephalanthera;damasonium;Fungi;Clavariaceae;Koraalzwam spec.;https://galerij.kb.nl/kb.html#/nl/florabatava21/page/12/zoom/3/lat/-68.366801093914/lng/-43.33007812499999;;;;;;;;;;;;;
21;KW_T_423_21_0151L.tif.jpg;illustration;Myagrum perfoliatum;Myagrum perfoliatum;Myagrum;perfoliatum;Flowering plants;Brassicaceae;Uitgespreide steenraket;https://galerij.kb.nl/kb.html#/nl/florabatava21/page/13/zoom/3/lat/-66.26685631430843/lng/-18.720703125;;;;;;;;;;;;;
21;KW_T_423_21_0153L.tif.jpg;illustration;Moenchia erecta;Moenchia erecta;Moenchia;erecta;Flowering plants;Geraniaceae;Ronde ooievaarsbek;https://galerij.kb.nl/kb.html#/nl/florabatava21/page/14/zoom/3/lat/-66.26685631430843/lng/-18.720703125;;;;;;;;;;;;;
21;KW_T_423_21_0155L.tif.jpg;illustration;Agaricus cretaceus;Agrocybe dura ;Agrocybe;dura;Flowering plants;Caprifoliaceae;Kroontjesveldsla;https://galerij.kb.nl/kb.html#/nl/florabatava21/page/15/zoom/3/lat/-66.26685631430843/lng/-18.720703125;;;;;;;;;;;;;
21;KW_T_423_21_0157L.tif.jpg;illustration;Gentiana germanica;Gentianella germanica;Gentianella;germanica;Fungi;Hygrophoraceae;Dennenslijmkop;https://galerij.kb.nl/kb.html#/nl/florabatava21/page/16/zoom/3/lat/-67.37369797436554/lng/-39.287109375;;;;;;;;;;;;;
21;KW_T_423_21_0159L.tif.jpg;illustration;Medicago denticulata;Medicago polymorpha;Medicago;polymorpha;Fungi;Pyronemataceae;Grote oranje bekerzwam;https://galerij.kb.nl/kb.html#/nl/florabatava21/page/17/zoom/3/lat/-67.37369797436554/lng/-39.287109375;;;;;;;;;;;;;
21;KW_T_423_21_0161L.tif.jpg;illustration;Coronilla scorpioides;Coronilla scorpioides;Coronilla;scorpioides;Flowering plants;Brassicaceae;Tuinkers;https://galerij.kb.nl/kb.html#/nl/florabatava21/page/18/zoom/3/lat/-66.26685631430843/lng/-18.720703125;;;;;;;;;;;;;
21;KW_T_423_21_0163L.tif.jpg;illustration;Alopecurus utriculatus;Alopecurus rendlei;Alopecurus;rendlei;Flowering plants;Fabaceae;Hongaarse wikke;https://galerij.kb.nl/kb.html#/nl/florabatava21/page/19/zoom/3/lat/-66.26685631430843/lng/-18.720703125;;;;;;;;;;;;;
21;KW_T_423_21_0165L.tif.jpg;illustration;Cortinarius elatior;Cortinarius spec.;Cortinarius;spec.;Flowering plants;Rosaceae;Middelste ganzerik;https://galerij.kb.nl/kb.html#/nl/florabatava21/page/20/zoom/3/lat/-66.26685631430843/lng/-18.720703125;;;;;;;;;;;;;
22;KW_T_423_22_0009L.tif.jpg;illustration;Lepidium virginicum;Lepidium virginicum;Lepidium;virginicum;Fungi;Lyophyllaceae;Iepenzwam;https://galerij.kb.nl/kb.html#/nl/florabatava21/page/21/zoom/3/lat/-66.26685631430843/lng/-18.720703125;;;;;;;;;;;;;
22;KW_T_423_22_0011L.tif.jpg;illustration;Carex brizoides;Carex brizoides;Carex;brizoides;Fungi;Cortinariaceae;Gelaarse gordijnzwam;https://galerij.kb.nl/kb.html#/nl/florabatava21/page/22/zoom/3/lat/-66.26685631430843/lng/-18.720703125;;;;;;;;;;;;;
22;KW_T_423_22_0013L.tif.jpg;illustration;Crepis tectorum;Crepis tectorum;Crepis;tectorum;Flowering plants;Scrophulariaceae;Paarse toorts;https://galerij.kb.nl/kb.html#/nl/florabatava21/page/25/zoom/3/lat/-66.26685631430843/lng/-18.720703125;;;;;;;;;;;;;
22;KW_T_423_22_0015L.tif.jpg;illustration;Aconitum lycoctonum;Aconitum lycoctonum;Aconitum;lycoctonum;Flowering plants;Cyperaceae;Slank wollegras;https://galerij.kb.nl/kb.html#/nl/florabatava21/page/26/zoom/3/lat/-66.26685631430843/lng/-18.720703125;;;;;;;;;;;;;
22;KW_T_423_22_0017L.tif.jpg;illustration;Hemerocallis fulva;Hemerocallis fulva;Hemerocallis;fulva;Fungi;Boletaceae;Kastanjeboleet;https://galerij.kb.nl/kb.html#/nl/florabatava21/page/27/zoom/3/lat/-67.37369797436554/lng/-39.287109375;;;;;;;;;;;;;
22;KW_T_423_22_0019L.tif.jpg;illustration;Ranunculus nemorosus;Ranunculus polyanthemos subsp. nemorosus;Ranunculus;polyanthemos subsp. nemorosus;Flowering plants;Balsaminaceae;Klein springzaad;https://galerij.kb.nl/kb.html#/nl/florabatava21/page/28/zoom/3/lat/-66.26685631430843/lng/-18.720703125;;;;;;;;;;;;;
22;KW_T_423_22_0021L.tif.jpg;illustration;Avena pratensis;Helictochloa pratense;Helictochloa;pratense;Flowering plants;Rosaceae;Bosroos;https://galerij.kb.nl/kb.html#/nl/florabatava21/page/29/zoom/3/lat/-66.26685631430843/lng/-18.720703125;;;;;;;;;;;;;
22;KW_T_423_22_0023L.tif.jpg;illustration;Sisybrium wolgense;Sisymbrium volgense;Sisymbrium;volgense;Flowering plants;Apiaceae;Roomse kervel?;https://galerij.kb.nl/kb.html#/nl/florabatava21/page/30/zoom/3/lat/-66.26685631430843/lng/-18.720703125;;;;;;;;;;;;;
22;KW_T_423_22_0024L.tif.jpg;illustration;Sisybrium wolgense;Sisymbrium volgense;Sisymbrium;volgense;Flowering plants;Ericaceae;Eenzijdig wintergroen;https://galerij.kb.nl/kb.html#/nl/florabatava21/page/31/zoom/3/lat/-66.26685631430843/lng/-18.720703125;;;;;;;;;;;;;
22;KW_T_423_22_0026L.tif.jpg;illustration;Sparassis crispa;Sparassis crispa;Sparassis;crispa;Flowering plants;Cyperaceae;Knotszegge;https://galerij.kb.nl/kb.html#/nl/florabatava21/page/32/zoom/3/lat/-66.26685631430843/lng/-18.720703125;;;;;;;;;;;;;
22;KW_T_423_22_0028L.tif.jpg;illustration;Viola lutea b multicaulis (V. calaminaria);Viola lutea subsp. calaminaria;Viola;lutea subsp. calaminaria;Flowering plants;Ranunculaceae;Zomeradonis;https://galerij.kb.nl/kb.html#/nl/florabatava21/page/33/zoom/3/lat/-67.37369797436554/lng/-39.287109375;;;;;;;;;;;;;
22;KW_T_423_22_0030L.tif.jpg;illustration;Aster coryosus;Eurybia divaricata;Eurybia;divaricata;Flowering plants;Brassicaceae;;https://galerij.kb.nl/kb.html#/nl/florabatava21/page/34/zoom/3/lat/-66.26685631430843/lng/-18.720703125;;;;;;;;;;;;;
22;KW_T_423_22_0032L.tif.jpg;illustration;Herniaria hirsuta;Herniaria hirsuta;Herniaria;hirsuta;Flowering plants;Brassicaceae;Wit hongerbloempje;https://galerij.kb.nl/kb.html#/nl/florabatava21/page/35/zoom/3/lat/-66.26685631430843/lng/-18.720703125;;;;;;;;;;;;;
22;KW_T_423_22_0034L.tif.jpg;illustration;Eragrostis poaeoides var. maior;Eragrostis cilianensis;Eragrostis;cilianensis;Flowering plants;Fabaceae;Kleine klaver;https://galerij.kb.nl/kb.html#/nl/florabatava21/page/36/zoom/3/lat/-57.279042764977774/lng/-34.365234375;;;;;;;;;;;;;
22;KW_T_423_22_0036L.tif.jpg;illustration;Agaricus inamoenus;Agaricales spec.;Agaricales;spec.;Fungi;Clitocybaceae;Slanke trechterzwam;https://galerij.kb.nl/kb.html#/nl/florabatava21/page/37/zoom/3/lat/-66.26685631430843/lng/-18.720703125;;;;;;;;;;;;;
22;KW_T_423_22_0038L.tif.jpg;illustration;Mimulus luteus;Mimulus guttatus;Mimulus;guttatus;Flowering plants;Fabaceae;Franse wikke;https://galerij.kb.nl/kb.html#/nl/florabatava21/page/38/zoom/3/lat/-66.26685631430843/lng/-18.720703125;;;;;;;;;;;;;
22;KW_T_423_22_0040L.tif.jpg;illustration;Artemisia annua;Artemisia annua;Artemisia;annua;Flowering plants;Onagraceae;Waterlepeltje;https://galerij.kb.nl/kb.html#/nl/florabatava21/page/40/zoom/3/lat/-66.26685631430843/lng/-18.720703125;;;;;;;;;;;;;
22;KW_T_423_22_0042L.tif.jpg;illustration;Cerinthe minor;Cerinthe minor;Cerinthe;minor;Flowering plants;Apiaceae;Weidekervel;https://galerij.kb.nl/kb.html#/nl/florabatava21/page/41/zoom/3/lat/-66.26685631430843/lng/-18.720703125;;;;;;;;;;;;;
22;KW_T_423_22_0044L.tif.jpg;illustration;Thlaspi alpestre b Calaminare (Thlaspi calaminare);Noccaea caerulescens;Noccaea;caerulescens;Fungi;Meripilaceae ;Reuzenzwam;https://galerij.kb.nl/kb.html#/nl/florabatava21/page/42/zoom/3/lat/-66.26685631430843/lng/-18.720703125;;;;;;;;;;;;;
22;KW_T_423_22_0046L.tif.jpg;illustration;Geopyxis ammophila;Peziza ammophila;Peziza;ammophila;Flowering plants;Apiaceae;Borstelscherm;https://galerij.kb.nl/kb.html#/nl/florabatava21/page/43/zoom/3/lat/-66.26685631430843/lng/-18.720703125;;;;;;;;;;;;;
22;KW_T_423_22_0048L.tif.jpg;illustration;Utricularia neglecta;Utricularia australis;Utricularia;australis;Flowering plants;Caprifoliaceae;Echte valeriaan;https://galerij.kb.nl/kb.html#/nl/florabatava21/page/44/zoom/3/lat/-65.47650756256365/lng/-57.39257812499999;;;;;;;;;;;;;
22;KW_T_423_22_0050L.tif.jpg;illustration;Artemisia tournefortiana;Artemisia biennis;Artemisia;biennis;Flowering plants;Solanaceae;Stekelnachtschade;https://galerij.kb.nl/kb.html#/nl/florabatava21/page/46/zoom/3/lat/-66.26685631430843/lng/-18.720703125;;;;;;;;;;;;;
22;KW_T_423_22_0052L.tif.jpg;illustration;Plantago aristata;Plantago aristata;Plantago;aristata;Fungi;Agaricaceae;Slanke anijschampignon;https://galerij.kb.nl/kb.html#/nl/florabatava21/page/47/zoom/3/lat/-66.26685631430843/lng/-18.720703125;;;;;;;;;;;;;
22;KW_T_423_22_0054L.tif.jpg;illustration;Centunculus minimus;Centunculus minimus;Centunculus;minimus;Flowering plants;Lamiaceae;IJzerkruid;https://galerij.kb.nl/kb.html#/nl/florabatava21/page/49/zoom/3/lat/-66.26685631430843/lng/-18.720703125;;;;;;;;;;;;;
22;KW_T_423_22_0056L.tif.jpg;illustration;Agaricus fusipes;Lyophyllum deliberatum;Lyophyllum;deliberatum;Flowering plants;Potamogetonaceae;Stomp fonteinkruid;https://galerij.kb.nl/kb.html#/nl/florabatava21/page/50/zoom/3/lat/-66.26685631430843/lng/-18.720703125;;;;;;;;;;;;;
22;KW_T_423_22_0058L.tif.jpg;illustration;Ambrosia trifida;Ambrosia trifida;Ambrosia;trifida;Fungi;Strophariaceae;Valse kopegroenzwam;https://galerij.kb.nl/kb.html#/nl/florabatava21/page/51/zoom/3/lat/-67.1016555307692/lng/-17.841796875;;;;;;;;;;;;;
22;KW_T_423_22_0059L.tif.jpg;illustration;Ambrosia trifida;Ambrosia trifida;Ambrosia;trifida;Fungi;Tricholomataceae;Witbruine ridderzwam;https://galerij.kb.nl/kb.html#/nl/florabatava21/page/52/zoom/3/lat/-66.26685631430843/lng/-18.720703125;;;;;;;;;;;;;
22;KW_T_423_22_0061L.tif.jpg;illustration;Orchis militaris floribus albis;Orchis militaris;Orchis;militaris;Flowering plants;Fabaceae;Perzische klaver;https://galerij.kb.nl/kb.html#/nl/florabatava21/page/53/zoom/3/lat/-66.26685631430843/lng/-18.720703125;;;;;;;;;;;;;
22;KW_T_423_22_0063L.tif.jpg;illustration;Ruppia maritima;Ruppia maritima;Ruppia;maritima;Flowering plants;Apiaceae;Koriander;https://galerij.kb.nl/kb.html#/nl/florabatava21/page/54/zoom/3/lat/-66.26685631430843/lng/-18.720703125;;;;;;;;;;;;;
22;KW_T_423_22_0065L.tif.jpg;illustration;Pholiota unicolor;Agrocybe erebia ;Agrocybe;erebia;Flowering plants;Asteraceae;Wit hoefblad;https://galerij.kb.nl/kb.html#/nl/florabatava21/page/56/zoom/3/lat/-66.26685631430843/lng/-18.720703125;;;;;;;;;;;;;
22;KW_T_423_22_0067L.tif.jpg;illustration;Verbascum collinum (Verbascum nigrum x thapsus;Verbascum nigrum x thapsus;Verbascum;nigrum x thapsus;Flowering plants;Asteraceae;Wit hoefblad;https://galerij.kb.nl/kb.html#/nl/florabatava21/page/56/zoom/3/lat/-66.26685631430843/lng/-18.720703125;;;;;;;;;;;;;
22;KW_T_423_22_0069L.tif.jpg;illustration;Eragrostis poaeoides var. minor;Eragrostis minor;Eragrostis;minor;Fungi;Suillaceae;Ivoorboleet;https://galerij.kb.nl/kb.html#/nl/florabatava21/page/57/zoom/3/lat/-67.1016555307692/lng/-17.841796875;;;;;;;;;;;;;
22;KW_T_423_22_0071L.tif.jpg;illustration;Galeopsis pubescens;Galeopsis pubescens;Galeopsis;pubescens;Flowering plants;Asteraceae;;https://galerij.kb.nl/kb.html#/nl/florabatava21/page/58/zoom/3/lat/-66.26685631430843/lng/-18.720703125;;;;;;;;;;;;;
22;KW_T_423_22_0073L.tif.jpg;illustration;Salpichroa rhomboidea;Salpichroa origanifolia;Salpichroa;origanifolia;Flowering plants;Plantaginaceae;Geel vingerhoedskruid;https://galerij.kb.nl/kb.html#/nl/florabatava21/page/59/zoom/3/lat/-66.26685631430843/lng/-18.720703125;;;;;;;;;;;;;
22;KW_T_423_22_0075L.tif.jpg;illustration;Didymium muscicolum;Myxomycetes spec.;Myxomycetes;spec.;Flowering plants;Potamogetonaceae;Rossig fonteinkruid;https://galerij.kb.nl/kb.html#/nl/florabatava21/page/60/zoom/3/lat/-66.26685631430843/lng/-18.720703125;;;;;;;;;;;;;
22;KW_T_423_22_0077L.tif.jpg;illustration;Trifolium elegans;Trifolium hybridum subsp. elegans;Trifolium;hybridum subsp. elegans;Flowering plants;Cyperaceae;Kwelderzegge;https://galerij.kb.nl/kb.html#/nl/florabatava21/page/61/zoom/3/lat/-66.26685631430843/lng/-18.720703125;;;;;;;;;;;;;
22;KW_T_423_22_0079L.tif.jpg;illustration;Trigonella orthoceras;Medicago orthoceras;Medicago;orthoceras;Flowering plants;Apiaceae;Zeevenkel;https://galerij.kb.nl/kb.html#/nl/florabatava21/page/63/zoom/3/lat/-66.26685631430843/lng/-18.720703125;;;;;;;;;;;;;
22;KW_T_423_22_0081L.tif.jpg;illustration;Thesium humifusum;Thesium humifusum;Thesium;humifusum;Flowering plants;Apiaceae;Holzaad;https://galerij.kb.nl/kb.html#/nl/florabatava21/page/64/zoom/3/lat/-66.26685631430843/lng/-18.720703125;;;;;;;;;;;;;
22;KW_T_423_22_0083L.tif.jpg;illustration;Thesium humifusum;Thesium humifusum;Thesium;humifusum;Flowering plants;Asteraceae;Ruige rudbeckia;https://galerij.kb.nl/kb.html#/nl/florabatava21/page/65/zoom/3/lat/-66.26685631430843/lng/-18.720703125;;;;;;;;;;;;;
22;KW_T_423_22_0085L.tif.jpg;illustration;Lactarius subdulcis;Lactarius spec.;Lactarius;spec.;Fungi;Russulaceae;Bitterzoete melkzwam;https://galerij.kb.nl/kb.html#/nl/florabatava21/page/66/zoom/3/lat/-66.26685631430843/lng/-18.720703125;;;;;;;;;;;;;
22;KW_T_423_22_0087L.tif.jpg;illustration;Cichorium endivia;Cichorium endivia;Cichorium;endivia;Flowering plants;Myricaceae;Wasgagel;https://galerij.kb.nl/kb.html#/nl/florabatava21/page/68/zoom/3/lat/-66.26685631430843/lng/-18.720703125;;;;;;;;;;;;;
22;KW_T_423_22_0089L.tif.jpg;illustration;Lagurus ovatus;Lagurus ovatus;Lagurus;ovatus;Flowering plants;Myricaceae;Wasgagel;https://galerij.kb.nl/kb.html#/nl/florabatava21/page/69/zoom/3/lat/-66.26685631430843/lng/-18.720703125;;;;;;;;;;;;;
22;KW_T_423_22_0091L.tif.jpg;illustration;Brassica elongata var armoracioides;Brassica elongata subsp. integrifolia;Brassica;elongata subsp. integrifolia;Flowering plants;Orchidaceae;Groene nachtorchis;https://galerij.kb.nl/kb.html#/nl/florabatava21/page/70/zoom/3/lat/-66.26685631430843/lng/-18.720703125;;;;;;;;;;;;;
22;KW_T_423_22_0093L.tif.jpg;illustration;Sisyrium loeselii;Sisymbrium loeselii;Sisymbrium;loeselii;Flowering plants;Cyperaceae;Zegge spec.;https://galerij.kb.nl/kb.html#/nl/florabatava21/page/71/zoom/3/lat/-66.26685631430843/lng/-18.720703125;;;;;;;;;;;;;
22;KW_T_423_22_0095L.tif.jpg;illustration;Peziza repanda;Discina ancilis;Discina;ancilis;Fungi;Indetermined;Plaatjeszwam spec.;https://galerij.kb.nl/kb.html#/nl/florabatava21/page/72/zoom/3/lat/-66.26685631430843/lng/-18.720703125;;;;;;;;;;;;;
22;KW_T_423_22_0097L.tif.jpg;illustration;Juglans regia;Juglans regia;Juglans;regia;Flowering plants;Apiaceae;Kranskarwij;https://galerij.kb.nl/kb.html#/nl/florabatava21/page/73/zoom/3/lat/-66.26685631430843/lng/-18.720703125;;;;;;;;;;;;;
22;KW_T_423_22_0098L.tif.jpg;illustration;Juglans regia;Juglans regia;Juglans;regia;Flowering plants;Crassulaceae;Roze vetkruid;https://galerij.kb.nl/kb.html#/nl/florabatava21/page/74/zoom/3/lat/-66.26685631430843/lng/-18.720703125;;;;;;;;;;;;;
22;KW_T_423_22_0100L.tif.jpg;illustration;Chlora perfoliata;Blackstonia perfoliata subsp. perfoliata;Blackstonia;perfoliata subsp. perfoliata;Flowering plants;Caryophyllaceae;Bosmuur;https://galerij.kb.nl/kb.html#/nl/florabatava21/page/75/zoom/3/lat/-66.26685631430843/lng/-18.720703125;;;;;;;;;;;;;
22;KW_T_423_22_0102L.tif.jpg;illustration;Spiraea salicifolia;Spiraea salicifolia;Spiraea;salicifolia;Flowering plants;Apiaceae;Caucalis;https://galerij.kb.nl/kb.html#/nl/florabatava21/page/76/zoom/3/lat/-66.26685631430843/lng/-18.720703125;;;;;;;;;;;;;
22;KW_T_423_22_0104L.tif.jpg;illustration;Nyctalis asterophora;Asterophora lycoperdoides;Asterophora;lycoperdoides;Fungi;Polyporaceae;Franjeporiezwam;https://galerij.kb.nl/kb.html#/nl/florabatava21/page/77/zoom/3/lat/-66.26685631430843/lng/-18.720703125;;;;;;;;;;;;;
22;KW_T_423_22_0106L.tif.jpg;illustration;Scilla sibirica;Scilla siberica;Scilla;siberica;Flowering plants;Orchidaceae;Zomerschroeforchis;https://galerij.kb.nl/kb.html#/nl/florabatava21/page/78/zoom/3/lat/-66.26685631430843/lng/-18.720703125;;;;;;;;;;;;;
22;KW_T_423_22_0108L.tif.jpg;illustration;Corispermum hyssopifolium;Corispermum pallasii;Corispermum;pallasii;Flowering plants;Orchidaceae;Bleek bosvogeltje;https://galerij.kb.nl/kb.html#/nl/florabatava21/page/79/zoom/3/lat/-66.26685631430843/lng/-18.720703125;;;;;;;;;;;;;
22;KW_T_423_22_0110L.tif.jpg;illustration;Corallorrhiza innata;Corallorhiza trifida;Corallorhiza;trifida;Flowering plants;Brassicaceae;;https://galerij.kb.nl/kb.html#/nl/florabatava21/page/80/zoom/3/lat/-66.26685631430843/lng/-18.720703125;;;;;;;;;;;;;
22;KW_T_423_22_0112L.tif.jpg;illustration;Muscari comosum;Muscari comosum;Muscari;comosum;Flowering plants;Caryophyllaceae;Kruismuur;https://galerij.kb.nl/kb.html#/nl/florabatava21/page/81/zoom/3/lat/-66.26685631430843/lng/-18.720703125;;;;;;;;;;;;;
22;KW_T_423_22_0114L.tif.jpg;illustration;Lactarius glyciosmus;Lactarius glyciosmus;Lactarius;glyciosmus;Fungi;Strophariaceae;Barstende leemhoed;https://galerij.kb.nl/kb.html#/nl/florabatava21/page/82/zoom/3/lat/-66.26685631430843/lng/-18.720703125;;;;;;;;;;;;;
22;KW_T_423_22_0116L.tif.jpg;illustration;Euphorbia amygdaloides;Euphorbia amygdaloides;Euphorbia;amygdaloides;Flowering plants;Gentianaceae;Duitse gentiaan;https://galerij.kb.nl/kb.html#/nl/florabatava21/page/83/zoom/3/lat/-66.26685631430843/lng/-18.720703125;;;;;;;;;;;;;
22;KW_T_423_22_0118L.tif.jpg;illustration;Vaccinium polyanthum;Vaccinium x intermedium;Vaccinium;x intermedium;Flowering plants;Fabaceae;Ruige rupsklaver;https://galerij.kb.nl/kb.html#/nl/florabatava21/page/84/zoom/3/lat/-67.90861918215302/lng/-50.88867187499999;;;;;;;;;;;;;
22;KW_T_423_22_0120L.tif.jpg;illustration;Vaccinium intermedium;Vaccinium x intermedium;Vaccinium;x intermedium;Flowering plants;Fabaceae;Schorpioenkroonkruid;https://galerij.kb.nl/kb.html#/nl/florabatava21/page/85/zoom/3/lat/-66.26685631430843/lng/-18.720703125;;;;;;;;;;;;;
22;KW_T_423_22_0122L.tif.jpg;illustration;Whitlavia grandiflora;Phacelia minor;Phacelia;minor;Flowering plants;Poaceae;Blaasvossenstaart;https://galerij.kb.nl/kb.html#/nl/florabatava21/page/86/zoom/3/lat/-66.26685631430843/lng/-18.720703125;;;;;;;;;;;;;
22;KW_T_423_22_0124L.tif.jpg;illustration;Lactarius theiogalus;Lactarius chrysorrheus ;Lactarius;chrysorrheus;Fungi;Cortinariaceae;Gordijnzwam spec.;https://galerij.kb.nl/kb.html#/nl/florabatava21/page/87/zoom/3/lat/-66.30220547599842/lng/-18.720703125;;;;;;;;;;;;;
22;KW_T_423_22_0126L.tif.jpg;illustration;Phacelia tanacetifolia;Phacelia tanacetifolia;Phacelia;tanacetifolia;Flowering plants;Brassicaceae;Amerikaanse kruidkers;https://galerij.kb.nl/kb.html#/nl/florabatava22/page/8/zoom/3/lat/-69.13127122963648/lng/-27.333984375;;;;;;;;;;;;;
22;KW_T_423_22_0128L.tif.jpg;illustration;Cephalanthera ensifolia;Cephalanthera longifolia;Cephalanthera;longifolia;Flowering plants;Cyperaceae;Trilgraszegge;https://galerij.kb.nl/kb.html#/nl/florabatava22/page/9/zoom/3/lat/-69.13127122963648/lng/-27.333984375;;;;;;;;;;;;;
22;KW_T_423_22_0130L.tif.jpg;illustration;Amsinckia intermedia;Amsinckia micrantha;Amsinckia;micrantha;Flowering plants;Asteraceae;Smal streepzaad;https://galerij.kb.nl/kb.html#/nl/florabatava22/page/10/zoom/3/lat/-69.13127122963648/lng/-27.333984375;;;;;;;;;;;;;
22;KW_T_423_22_0132L.tif.jpg;illustration;Trichia chrysosperma;Trichia spec.;Trichia;spec.;Flowering plants;Ranunculaceae;Gele monnikskap;https://galerij.kb.nl/kb.html#/nl/florabatava22/page/11/zoom/3/lat/-69.13127122963648/lng/-27.333984375;;;;;;;;;;;;;
22;KW_T_423_22_0134L.tif.jpg;illustration;Peziza macropus;Helvella macropus;Helvella;macropus;Flowering plants;Asphodelaceae;Bruine daglelie;https://galerij.kb.nl/kb.html#/nl/florabatava22/page/12/zoom/3/lat/-69.13127122963648/lng/-27.333984375;;;;;;;;;;;;;
22;KW_T_423_22_0136L.tif.jpg;illustration;Galium elongatum;Galium palustre;Galium;palustre;Flowering plants;Poaceae;Beemdhaver;https://galerij.kb.nl/kb.html#/nl/florabatava22/page/14/zoom/3/lat/-69.13127122963648/lng/-27.333984375;;;;;;;;;;;;;
22;KW_T_423_22_0138L.tif.jpg;illustration;Isoetes lacustre forma curvifolium;Isoetes lacustris;Isoetes;lacustris;Flowering plants;Brassicaceae;;https://galerij.kb.nl/kb.html#/nl/florabatava22/page/16/zoom/3/lat/-69.13127122963648/lng/-27.333984375;;;;;;;;;;;;;
22;KW_T_423_22_0141L.tif.jpg;illustration;Erigeron linifolium;Erigeron bonariensis;Erigeron;bonariensis;Flowering plants;Brassicaceae;;https://galerij.kb.nl/kb.html#/nl/florabatava22/page/16/zoom/3/lat/-69.13127122963648/lng/-27.333984375;;;;;;;;;;;;;
22;KW_T_423_22_0143L.tif.jpg;illustration;Agaricus placenta;Entoloma spec.;Entoloma;spec.;Fungi;Sparassidaceae ;Grote sponszwam;https://galerij.kb.nl/kb.html#/nl/florabatava22/page/17/zoom/3/lat/-69.13127122963648/lng/-27.333984375;;;;;;;;;;;;;
22;KW_T_423_22_0145L.tif.jpg;illustration;Agaricus pessumdatus;Tricholoma pessundatum;Tricholoma;pessundatum;Flowering plants;Asteraceae;Sneeuwaster;https://galerij.kb.nl/kb.html#/nl/florabatava22/page/19/zoom/3/lat/-69.13127122963648/lng/-27.333984375;;;;;;;;;;;;;
22;KW_T_423_22_0147L.tif.jpg;illustration;Rubus arrhenii;Rubus arrhenii;Rubus;arrhenii;Flowering plants;Caryophyllaceae;Behaard breukkruid;https://galerij.kb.nl/kb.html#/nl/florabatava22/page/20/zoom/3/lat/-69.13127122963648/lng/-27.333984375;;;;;;;;;;;;;
22;KW_T_423_22_0149L.tif.jpg;illustration;Festuca myuros;Vulpia bromoides;Vulpia;bromoides;Flowering plants;Poaceae;Stinkend liefdegras;https://galerij.kb.nl/kb.html#/nl/florabatava22/page/21/zoom/3/lat/-69.13127122963648/lng/-27.333984375;;;;;;;;;;;;;
22;KW_T_423_22_0151L.tif.jpg;illustration;Camelina microcarpa;Camelina spec. ;Camelina;spec.;Fungi;Indet.;Plaatjeszwam spec.;https://galerij.kb.nl/kb.html#/nl/florabatava22/page/22/zoom/3/lat/-69.13127122963648/lng/-27.333984375;;;;;;;;;;;;;
22;KW_T_423_22_0153L.tif.jpg;illustration;Sparganium diversifolium;Sparganium emersum x natans;Sparganium;emersum x natans;Flowering plants;Phrymaceae;Gele maskerbloem;https://galerij.kb.nl/kb.html#/nl/florabatava22/page/23/zoom/3/lat/-69.13127122963648/lng/-27.333984375;;;;;;;;;;;;;
22;KW_T_423_22_0155L.tif.jpg;illustration;Pluteus leoninus;Pluteus aurantiorugosus;Pluteus;aurantiorugosus;Flowering plants;Asteraceae;Zomeralsem;https://galerij.kb.nl/kb.html#/nl/florabatava22/page/24/zoom/3/lat/-69.13127122963648/lng/-27.333984375;;;;;;;;;;;;;
22;KW_T_423_22_0157L.tif.jpg;illustration;Levisticum officinale;Levisticum officinale;Levisticum;officinale;Flowering plants;Boraginaceae;Geel wasbloempje;https://galerij.kb.nl/kb.html#/nl/florabatava22/page/25/zoom/3/lat/-69.13127122963648/lng/-27.333984375;;;;;;;;;;;;;
22;KW_T_423_22_0159L.tif.jpg;illustration;Anthemis triumfetti;Cota triumfetti;Cota;triumfetti;Flowering plants;Brassicaceae;Zinkboerenkers;https://galerij.kb.nl/kb.html#/nl/florabatava22/page/26/zoom/3/lat/-69.13127122963648/lng/-27.333984375;;;;;;;;;;;;;
22;KW_T_423_22_0161L.tif.jpg;illustration;Lycopodium annotinum;Spinulum annotinum;Spinulum;annotinum;Fungi;Pezizaceae;Zandtulpje;https://galerij.kb.nl/kb.html#/nl/florabatava22/page/27/zoom/3/lat/-69.13127122963648/lng/-27.333984375;;;;;;;;;;;;;
22;KW_T_423_22_0163L.tif.jpg;illustration;Psilocybe ammophila;Psathyrella ammophila;Psathyrella;ammophila;Flowering plants;Lentibulariaceae;Loos blaasjeskruid;https://galerij.kb.nl/kb.html#/nl/florabatava22/page/28/zoom/3/lat/-69.13127122963648/lng/-27.333984375;;;;;;;;;;;;;
22;KW_T_423_22_0165L.tif.jpg;illustration;Agaricus sub-alutaceus;Agaricales spec.;Agaricales;spec.;Flowering plants;Asteraceae;Rechte alsem;https://galerij.kb.nl/kb.html#/nl/florabatava22/page/29/zoom/3/lat/-69.13127122963648/lng/-27.333984375;;;;;;;;;;;;;
22;KW_T_423_22_0167L.tif.jpg;illustration;Anthemis austriaca;Anthemis austriaca;Anthemis;austriaca;Flowering plants;Plantaginaceae;;https://galerij.kb.nl/kb.html#/nl/florabatava22/page/30/zoom/3/lat/-69.13127122963648/lng/-27.333984375;;;;;;;;;;;;;
22;KW_T_423_22_0169L.tif.jpg;illustration;Orlaya grandiflora;Orlaya grandiflora;Orlaya;grandiflora;Flowering plants;Primulaceae;Dwergbloem;https://galerij.kb.nl/kb.html#/nl/florabatava22/page/31/zoom/3/lat/-69.13127122963648/lng/-27.333984375;;;;;;;;;;;;;
22;KW_T_423_22_0171L.tif.jpg;illustration;Isoëtes echinosporum f. curvifolium -;Isoetes echinospora;Isoetes;echinospora;Fungi;Lyophyllaceae;Taaire rouwridderzwam;https://galerij.kb.nl/kb.html#/nl/florabatava22/page/32/zoom/3/lat/-69.13127122963648/lng/-27.333984375;;;;;;;;;;;;;
22;KW_T_423_22_0174L.tif.jpg;illustration;Isoëtes echinosporum f. curvifolium -;Isoetes spec.;Isoetes;spec.;Flowering plants;Asteraceae;Driedelige ambrosia;https://galerij.kb.nl/kb.html#/nl/florabatava22/page/34/zoom/3/lat/-69.13127122963648/lng/-27.333984375;;;;;;;;;;;;;
23;KW_T_423_23_0009L.tif.jpg;illustration;Orchis ustulata;Neotinea ustulata;Neotinea;ustulata;Flowering plants;Asteraceae;Driedelige ambrosia;https://galerij.kb.nl/kb.html#/nl/florabatava22/page/34/zoom/3/lat/-69.13127122963648/lng/-27.333984375;;;;;;;;;;;;;
23;KW_T_423_23_0011L.tif.jpg;illustration;Bromus squarrosus;Bromus squarrosus;Bromus;squarrosus;Flowering plants;Orchidaceae;Soldaatje;https://galerij.kb.nl/kb.html#/nl/florabatava22/page/35/zoom/3/lat/-69.19379976461904/lng/-31.025390625;;;;;;;;;;;;;
23;KW_T_423_23_0013L.tif.jpg;illustration;Tellima grandiflora;Tellima grandiflora;Tellima;grandiflora;Flowering plants;Ruppiaceae;Snavelruppia;https://galerij.kb.nl/kb.html#/nl/florabatava22/page/36/zoom/3/lat/-69.19379976461904/lng/-31.025390625;;;;;;;;;;;;;
23;KW_T_423_23_0016L.tif.jpg;illustration;Asperula glauca;Galium glaucum;Galium;glaucum;Fungi;Strophariaceae;Leverkleurige leemhoed;https://galerij.kb.nl/kb.html#/nl/florabatava22/page/37/zoom/3/lat/-69.13127122963648/lng/-27.333984375;;;;;;;;;;;;;
23;KW_T_423_23_0018L.tif.jpg;illustration;Xylaria polymorpha;Xylaria polymorpha;Xylaria;polymorpha;Flowering plants;Poaceae;Klein liefdegras;https://galerij.kb.nl/kb.html#/nl/florabatava22/page/39/zoom/3/lat/-69.13127122963648/lng/-27.333984375;;;;;;;;;;;;;
23;KW_T_423_23_0020L.tif.jpg;illustration;Rubus bellardii;Rubus nigricans;Rubus;nigricans;Flowering plants;Lamiaceae;Zachte hennepnetel;https://galerij.kb.nl/kb.html#/nl/florabatava22/page/40/zoom/3/lat/-69.13127122963648/lng/-27.333984375;;;;;;;;;;;;;
23;KW_T_423_23_0022L.tif.jpg;illustration;Orchis simia;Orchis simia;Orchis;simia;Flowering plants;Solanaceae;;https://galerij.kb.nl/kb.html#/nl/florabatava22/page/41/zoom/3/lat/-69.13127122963648/lng/-27.333984375;;;;;;;;;;;;;
23;KW_T_423_23_0024L.tif.jpg;illustration;Pyrola uniflora;Moneses uniflora;Moneses;uniflora;Fungi;Indet.;Slijmzwam spec.;https://galerij.kb.nl/kb.html#/nl/florabatava22/page/42/zoom/3/lat/-69.13127122963648/lng/-27.333984375;;;;;;;;;;;;;
23;KW_T_423_23_0026L.tif.jpg;illustration;Carex axillaris (C. muricata x remota)-;Carex otrubae x remota;Carex;otrubae x remota;Flowering plants;Fabaceae;;https://galerij.kb.nl/kb.html#/nl/florabatava22/page/44/zoom/3/lat/-69.13127122963648/lng/-27.333984375;;;;;;;;;;;;;
23;KW_T_423_23_0028L.tif.jpg;illustration;Agaricus acervatus;Rhodocollybia butyracea var. asema;Rhodocollybia;butyracea var. asema;Flowering plants;Santalaceae;Liggend bergvlas;https://galerij.kb.nl/kb.html#/nl/florabatava22/page/45/zoom/3/lat/-69.13127122963648/lng/-27.333984375;;;;;;;;;;;;;
23;KW_T_423_23_0030L.tif.jpg;illustration;Viscum album;Viscum album;Viscum;album;Flowering plants;Santalaceae;Liggend bergvlas;https://galerij.kb.nl/kb.html#/nl/florabatava22/page/45/zoom/3/lat/-69.13127122963648/lng/-27.333984375;;;;;;;;;;;;;
23;KW_T_423_23_0032L.tif.jpg;illustration;Phalaris minor;Phalaris minor;Phalaris;minor;Fungi;Russulaceae;Melkzwam spec.;https://galerij.kb.nl/kb.html#/nl/florabatava22/page/47/zoom/3/lat/-69.13127122963648/lng/-27.333984375;;;;;;;;;;;;;
23;KW_T_423_23_0034L.tif.jpg;illustration;Cladophora aegagropila;Aegagropila linnaei;Aegagropila;linnaei;Flowering plants;Asteraceae;Andijvie;https://galerij.kb.nl/kb.html#/nl/florabatava22/page/48/zoom/3/lat/-69.13127122963648/lng/-27.333984375;;;;;;;;;;;;;
23;KW_T_423_23_0035R.tif.jpg;illustration;Cladophora aegagropila;Aegagropila linnaei;Aegagropila;linnaei;Flowering plants;Poaceae;Hazenstaart;https://galerij.kb.nl/kb.html#/nl/florabatava22/page/49/zoom/3/lat/-69.13127122963648/lng/-27.333984375;;;;;;;;;;;;;
23;KW_T_423_23_0037L.tif.jpg;illustration;Cortinarius subpurpurascens;Cortinarius spec.;Cortinarius;spec.;Flowering plants;Brassicaceae;Spiesraket;https://galerij.kb.nl/kb.html#/nl/florabatava22/page/51/zoom/3/lat/-69.13127122963648/lng/-27.333984375;;;;;;;;;;;;;
23;KW_T_423_23_0039L.tif.jpg;illustration;Amaranthus deflexus (Amaranthus gracilis);Amaranthus viridis;Amaranthus;viridis;Fungi;Discinaceae;Grote voorjaarsaderbekerzwam;https://galerij.kb.nl/kb.html#/nl/florabatava22/page/52/zoom/3/lat/-69.13127122963648/lng/-27.333984375;;;;;;;;;;;;;
23;KW_T_423_23_0041L.tif.jpg;illustration;Amaranthus albus;Amaranthus albus;Amaranthus;albus;Flowering plants;Juglandaceae;Okkernoot;https://galerij.kb.nl/kb.html#/nl/florabatava22/page/54/zoom/3/lat/-69.13127122963648/lng/-27.333984375;;;;;;;;;;;;;
23;KW_T_423_23_0043L.tif.jpg;illustration;Festuca angusta(ta);Festuca angustata;Festuca;angustata;Flowering plants;Juglandaceae;Okkernoot;https://galerij.kb.nl/kb.html#/nl/florabatava22/page/54/zoom/3/lat/-69.13127122963648/lng/-27.333984375;;;;;;;;;;;;;
23;KW_T_423_23_0045L.tif.jpg;illustration;Chenopodium anthelminticum;Dysphania ambrosioides;Dysphania;ambrosioides;Flowering plants;Rosaceae;Theeboompje;https://galerij.kb.nl/kb.html#/nl/florabatava22/page/56/zoom/3/lat/-69.13127122963648/lng/-27.333984375;;;;;;;;;;;;;
23;KW_T_423_23_0047L.tif.jpg;illustration;Thalictrum minus;Thalictrum minus;Thalictrum;minus;Fungi;Lyophyllaceae;Poederzwamgast;https://galerij.kb.nl/kb.html#/nl/florabatava22/page/57/zoom/3/lat/-69.13127122963648/lng/-27.333984375;;;;;;;;;;;;;
23;KW_T_423_23_0049L.tif.jpg;illustration;Rubus plicatus;Rubus plicatus;Rubus;plicatus;Flowering plants;Asparagaceae;Oosterse Sterhyacint;https://galerij.kb.nl/kb.html#/nl/florabatava22/page/58/zoom/3/lat/-69.13127122963648/lng/-27.333984375;;;;;;;;;;;;;
23;KW_T_423_23_0051L.tif.jpg;illustration;Rubus sprengelii;Rubus sprengelii;Rubus;sprengelii;Flowering plants;Amaranthaceae;Smal vlieszaad;https://galerij.kb.nl/kb.html#/nl/florabatava22/page/59/zoom/3/lat/-69.13127122963648/lng/-27.333984375;;;;;;;;;;;;;
23;KW_T_423_23_0053L.tif.jpg;illustration;Rubus suberectus;Rubus nessensis;Rubus;nessensis;Flowering plants;Orchidaceae;Koraalwortel;https://galerij.kb.nl/kb.html#/nl/florabatava22/page/60/zoom/3/lat/-69.13127122963648/lng/-27.333984375;;;;;;;;;;;;;
23;KW_T_423_23_0055L.tif.jpg;illustration;Rubus vestitus;Rubus cf. vestitus;Rubus;cf. vestitus;Flowering plants;Asparagaceae;Kuifhyacint ;https://galerij.kb.nl/kb.html#/nl/florabatava22/page/61/zoom/3/lat/-69.13127122963648/lng/-27.333984375;;;;;;;;;;;;;
23;KW_T_423_23_0058L.tif.jpg;illustration;Rubus saltuum;Rubus saltuum;Rubus;saltuum;Fungi;Russulaceae;Kokosmelkzwam;https://galerij.kb.nl/kb.html#/nl/florabatava22/page/62/zoom/3/lat/-69.13127122963648/lng/-27.333984375;;;;;;;;;;;;;
23;KW_T_423_23_0060L.tif.jpg;illustration;Rubus villicaulis;Rubus gratus;Rubus;gratus;Flowering plants;Euphorbiaceae;Amandelwolfsmelk;https://galerij.kb.nl/kb.html#/nl/florabatava22/page/63/zoom/3/lat/-69.13127122963648/lng/-27.333984375;;;;;;;;;;;;;
23;KW_T_423_23_0062L.tif.jpg;illustration;Rubus nemorosus;Rubus cf. schipperi;Rubus;cf. schipperi;Flowering plants;Boraginaceae;;https://galerij.kb.nl/kb.html#/nl/florabatava22/page/66/zoom/3/lat/-69.13127122963648/lng/-27.333984375;;;;;;;;;;;;;
23;KW_T_423_23_0064L.tif.jpg;illustration;Barkhausia setosa;Crepis setosa;Crepis;setosa;Fungi;Russulaceae;Zwavelmelkzwam;https://galerij.kb.nl/kb.html#/nl/florabatava22/page/67/zoom/3/lat/-69.13127122963648/lng/-27.333984375;;;;;;;;;;;;;
23;KW_T_423_23_0066L.tif.jpg;illustration;Gypsophila muralis;Gypsophila muralis;Gypsophila;muralis;Flowering plants;Boraginaceae;Phacelia;https://galerij.kb.nl/kb.html#/nl/florabatava22/page/68/zoom/3/lat/-69.13127122963648/lng/-27.333984375;;;;;;;;;;;;;
23;KW_T_423_23_0068L.tif.jpg;illustration;Morchella rimosipes;Mitrophora semilibera;Mitrophora;semilibera;Flowering plants;Orchidaceae;Wit bosvogeltje;https://galerij.kb.nl/kb.html#/nl/florabatava22/page/69/zoom/3/lat/-69.13127122963648/lng/-27.333984375;;;;;;;;;;;;;
23;KW_T_423_23_0070L.tif.jpg;illustration;Pulmonaria longifolia;Pulmonaria longifolia;Pulmonaria;longifolia;Flowering plants;Boraginaceae;Kleinbloemige amsinckia;https://galerij.kb.nl/kb.html#/nl/florabatava22/page/70/zoom/3/lat/-69.13127122963648/lng/-27.333984375;;;;;;;;;;;;;
23;KW_T_423_23_0072L.tif.jpg;illustration;Salix daphnoïdes;Salix daphnoides;Salix;daphnoides;Fungi;Trichiaceae;Draadwatje  spec.;https://galerij.kb.nl/kb.html#/nl/florabatava22/page/71/zoom/3/lat/-67.03316279015063/lng/-33.662109375;;;;;;;;;;;;;
23;KW_T_423_23_0075L.tif.jpg;illustration;Salix acutifolia;Salix acutifolia;Salix;acutifolia;Fungi;Helvellaceae;Schotelkluifzwam;https://galerij.kb.nl/kb.html#/nl/florabatava22/page/72/zoom/3/lat/-69.13127122963648/lng/-27.333984375;;;;;;;;;;;;;
23;KW_T_423_23_0078L.tif.jpg;illustration;Trifolium agrarium;Trifolium aureum;Trifolium;aureum;Flowering plants;Rubiaceae;Moeraswaltro;https://galerij.kb.nl/kb.html#/nl/florabatava22/page/73/zoom/3/lat/-67.03316279015063/lng/-33.662109375;;;;;;;;;;;;;
23;KW_T_423_23_0080L.tif.jpg;illustration;Paxillus griseo-tomentosus;Gomphidius glutinosus;Gomphidius;glutinosus;Ferns;Isoetaceae;Grote biesvaren;https://galerij.kb.nl/kb.html#/nl/florabatava22/page/75/zoom/3/lat/-72.4222680395226/lng/-3.6035156249999996;;;;;;;;;;;;;
23;KW_T_423_23_0082L.tif.jpg;illustration;Taphrina rhizophora;Taphrina rhizophora;Taphrina;rhizophora;Flowering plants;Asteraceae;Gevlamde fijnstraal;https://galerij.kb.nl/kb.html#/nl/florabatava22/page/76/zoom/3/lat/-69.13127122963648/lng/-27.333984375;;;;;;;;;;;;;
23;KW_T_423_23_0084L.tif.jpg;illustration;Specularia hybrida;Legousia hybrida;Legousia;hybrida;Fungi;Entolomataceae;Satijnzwam spec.;https://galerij.kb.nl/kb.html#/nl/florabatava22/page/77/zoom/3/lat/-69.13127122963648/lng/-27.333984375;;;;;;;;;;;;;
23;KW_T_423_23_0086L.tif.jpg;illustration;Cornus suecica;Cornus suecica;Cornus;suecica;Fungi;Tricholomataceae;Druppelvlekridderzwam;https://galerij.kb.nl/kb.html#/nl/florabatava22/page/78/zoom/3/lat/-69.13127122963648/lng/-27.333984375;;;;;;;;;;;;;
23;KW_T_423_23_0088L.tif.jpg;illustration;Amanita junquillea;Amanita gemmata;Amanita;gemmata;Flowering plants;Rosaceae;Arrhenius Braam;https://galerij.kb.nl/kb.html#/nl/florabatava22/page/79/zoom/3/lat/-69.13127122963648/lng/-27.333984375;;;;;;;;;;;;;
23;KW_T_423_23_0090L.tif.jpg;illustration;Craterellus cornucopioides -;Craterellus cornucopioides;Craterellus;cornucopioides;Flowering plants;Poaceae;Eekhoorngras;https://galerij.kb.nl/kb.html#/nl/florabatava22/page/80/zoom/3/lat/-67.03316279015063/lng/-33.662109375;;;;;;;;;;;;;
23;KW_T_423_23_0092L.tif.jpg;illustration;Taphrina johansonii;Taphrina johansonii;Taphrina;johansonii;Flowering plants;Brassicaceae;Huttentut;https://galerij.kb.nl/kb.html#/nl/florabatava22/page/81/zoom/3/lat/-69.13127122963648/lng/-27.333984375;;;;;;;;;;;;;
23;KW_T_423_23_0094L.tif.jpg;illustration;Plantago cynops;Plantago arenaria;Plantago;arenaria;Fungi;Pluteaceae;Oranjerode hertenzwam;https://galerij.kb.nl/kb.html#/nl/florabatava22/page/83/zoom/3/lat/-69.13127122963648/lng/-27.333984375;;;;;;;;;;;;;
23;KW_T_423_23_0096L.tif.jpg;illustration;Scirpus duvalii;Schoenoplectus tabernaemontani x triqueter;Schoenoplectus;tabernaemontani x triqueter;Flowering plants;Apiaceae;Lavas;https://galerij.kb.nl/kb.html#/nl/florabatava22/page/84/zoom/3/lat/-69.13127122963648/lng/-27.333984375;;;;;;;;;;;;;
23;KW_T_423_23_0098L.tif.jpg;illustration;Cortinarius pholideus;Cortinarius pholideus;Cortinarius;pholideus;Flowering plants;Asteraceae;;https://galerij.kb.nl/kb.html#/nl/florabatava22/page/85/zoom/3/lat/-69.13127122963648/lng/-27.333984375;;;;;;;;;;;;;
23;KW_T_423_23_0100L.tif.jpg;illustration;Clitocybe connata;Clitocybe connata;Clitocybe;connata;Ferns;Lycopodiaceae;Stekende wolfsklauw;https://galerij.kb.nl/kb.html#/nl/florabatava22/page/86/zoom/3/lat/-69.13127122963648/lng/-27.333984375;;;;;;;;;;;;;
23;KW_T_423_23_0102L.tif.jpg;illustration;Cirsium arvense var. setosum;Cirsium arvense (afwijkende vorm);Cirsium;arvense (afwijkende vorm);Fungi;Psathyrellaceae;Duinfranjehoed;https://galerij.kb.nl/kb.html#/nl/florabatava22/page/87/zoom/3/lat/-69.13127122963648/lng/-27.333984375;;;;;;;;;;;;;
23;KW_T_423_23_0104L.tif.jpg;illustration;Rumex salicifolius;Rumex triangulivalvis;Rumex;triangulivalvis;Fungi;Indetermined;Plaatjeszwam spec.;https://galerij.kb.nl/kb.html#/nl/florabatava22/page/88/zoom/3/lat/-67.23806155909902/lng/-58.97460937499999;;;;;;;;;;;;;
23;KW_T_423_23_0106L.tif.jpg;illustration;Medicago falcata var. tenuifoliolata ;Medicago falcata;Medicago;falcata;Flowering plants;Asteraceae;;https://galerij.kb.nl/kb.html#/nl/florabatava22/page/89/zoom/3/lat/-69.13127122963648/lng/-27.333984375;;;;;;;;;;;;;
23;KW_T_423_23_0108L.tif.jpg;illustration;Clitocybe metachroa;Cantharellula umbonata;Cantharellula;umbonata;Flowering plants;Apiaceae;Straalscherm;https://galerij.kb.nl/kb.html#/nl/florabatava22/page/90/zoom/3/lat/-69.13127122963648/lng/-27.333984375;;;;;;;;;;;;;
23;KW_T_423_23_0110L.tif.jpg;illustration;Boletopsis cavipes;Suillus cavipes;Suillus;cavipes;Ferns;Isoetaceae;Kleine biesvaren;https://galerij.kb.nl/kb.html#/nl/florabatava22/page/91/zoom/3/lat/-69.13127122963648/lng/-27.333984375;;;;;;;;;;;;;
23;KW_T_423_23_0112L.tif.jpg;illustration;Salix purpurea x repens (x Salix doniana)-;Salix purpurea x repens;Salix;purpurea x repens;Ferns;Isoetaceae;Biesvaren spec.;https://galerij.kb.nl/kb.html#/nl/florabatava22/page/92/zoom/3/lat/-69.13127122963648/lng/-27.333984375;;;;;;;;;;;;;
23;KW_T_423_23_0114L.tif.jpg;illustration;Salix purpurea x repens (x Salix doniana)-;Salix purpurea x repens;Salix;purpurea x repens;Flowering plants;Orchidaceae;Aangebrande orchis ;https://galerij.kb.nl/kb.html#/nl/florabatava23/page/8/zoom/3/lat/-67.16995497083366/lng/-27.509765625;;;;;;;;;;;;;
23;KW_T_423_23_0116L.tif.jpg;illustration;Alopecurus fulvus;Alopecurus aequalis;Alopecurus;aequalis;Flowering plants;Poaceae;Rappige Dravik;https://galerij.kb.nl/kb.html#/nl/florabatava23/page/9/zoom/3/lat/-67.16995497083366/lng/-27.509765625;;;;;;;;;;;;;
23;KW_T_423_23_0118L.tif.jpg;illustration;Polystictus radiatus;Mensularia radiata;Mensularia;radiata;Flowering plants;Saxifragaceae;Franjekelk;https://galerij.kb.nl/kb.html#/nl/florabatava23/page/10/zoom/3/lat/-67.16995497083366/lng/-27.509765625;;;;;;;;;;;;;
23;KW_T_423_23_0120L.tif.jpg;illustration;Tricholoma personatum;Lepista nuda;Lepista;nuda;Flowering plants;Rubiaceae;Zeegroen walstro;https://galerij.kb.nl/kb.html#/nl/florabatava23/page/12/zoom/3/lat/-67.16995497083366/lng/-27.509765625;;;;;;;;;;;;;
23;KW_T_423_23_0122L.tif.jpg;illustration;Vicia lutea;Vicia lutea;Vicia;lutea;Fungi;Xylariaceae;Houtknotszwam;https://galerij.kb.nl/kb.html#/nl/florabatava23/page/13/zoom/3/lat/-63.97596090918336/lng/-32.255859375;;;;;;;;;;;;;
23;KW_T_423_23_0124L.tif.jpg;illustration;Vicia varia;Vicia villosa;Vicia;villosa;Flowering plants;Rosaceae;Sierlijke woudbraam;https://galerij.kb.nl/kb.html#/nl/florabatava23/page/14/zoom/3/lat/-67.16995497083366/lng/-27.509765625;;;;;;;;;;;;;
23;KW_T_423_23_0126L.tif.jpg;illustration;Lathyrus hirsutus;Lathyrus hirsutus;Lathyrus;hirsutus;Flowering plants;Orchidaceae;Aapjesorchis;https://galerij.kb.nl/kb.html#/nl/florabatava23/page/15/zoom/3/lat/-67.16995497083366/lng/-27.509765625;;;;;;;;;;;;;
23;KW_T_423_23_0128L.tif.jpg;illustration;Cantharellus tubaeformis;Cantharellus tubaeformis;Cantharellus;tubaeformis;Flowering plants;Ericaceae;Eenbloemig wintergroen;https://galerij.kb.nl/kb.html#/nl/florabatava23/page/16/zoom/3/lat/-67.16995497083366/lng/-27.509765625;;;;;;;;;;;;;
23;KW_T_423_23_0130L.tif.jpg;illustration;Hydnum imbricatum;Sarcodon squamosus;Sarcodon;squamosus;Flowering plants;Viscaceae;Maretak;https://galerij.kb.nl/kb.html#/nl/florabatava23/page/19/zoom/2/lat/-73.2773532019247/lng/-39.7265625;;;;;;;;;;;;;
23;KW_T_423_23_0132L.tif.jpg;illustration;Chenopodium glaucum;Oxybasis glauca;Oxybasis;glauca;Flowering plants;Poaceae;;https://galerij.kb.nl/kb.html#/nl/florabatava23/page/20/zoom/3/lat/-67.16995497083366/lng/-27.509765625;;;;;;;;;;;;;
23;KW_T_423_23_0134L.tif.jpg;illustration;Rubus silvaticus var. aphyllostachys;Rubus umbrosus;Rubus;umbrosus;Algae;Ulvophyceae;(Groenwier);https://galerij.kb.nl/kb.html#/nl/florabatava23/page/21/zoom/3/lat/-67.16995497083366/lng/-27.509765625;;;;;;;;;;;;;
23;KW_T_423_23_0136R.tif.jpg;illustration;Rubus geniculatus;Rubus geniculatus;Rubus;geniculatus;Algae;Ulvophyceae;(Groenwier);https://galerij.kb.nl/kb.html#/nl/florabatava23/page/21/zoom/3/lat/-67.16995497083366/lng/-27.509765625;;;;;;;;;;;;;
23;KW_T_423_23_0139L.tif.jpg;illustration;Boletus chrysenteron;Xerocomellus chrysenteron s.l. ;Xerocomellus;chrysenteron s.l.;Fungi;Cortinariaceae;Gordijnzwam spec.;https://galerij.kb.nl/kb.html#/nl/florabatava23/page/23/zoom/3/lat/-67.2040323434008/lng/-27.509765625;;;;;;;;;;;;;
23;KW_T_423_23_0141L.tif.jpg;illustration;Myxacium collinitum;Cortinarius collinitus;Cortinarius;collinitus;Flowering plants;Amaranthaceae;;https://galerij.kb.nl/kb.html#/nl/florabatava23/page/24/zoom/3/lat/-67.16995497083366/lng/-27.509765625;;;;;;;;;;;;;
23;KW_T_423_23_0143L.tif.jpg;illustration;Polypogon monspeliensis;Polypogon monspeliensis;Polypogon;monspeliensis;Flowering plants;Amaranthaceae;Witte amarant;https://galerij.kb.nl/kb.html#/nl/florabatava23/page/25/zoom/3/lat/-67.16995497083366/lng/-27.509765625;;;;;;;;;;;;;
23;KW_T_423_23_0145L.tif.jpg;illustration;Rubus macrophyllus;Rubus macrophyllus;Rubus;macrophyllus;Flowering plants;Poaceae;;https://galerij.kb.nl/kb.html#/nl/florabatava23/page/26/zoom/3/lat/-67.16995497083366/lng/-27.509765625;;;;;;;;;;;;;
23;KW_T_423_23_0147R.tif.jpg;illustration;Rubus candicans (R. thyrsoideus)- Witviltige Braam;Rubus goniophorus;Rubus;goniophorus;Flowering plants;Amaranthaceae;Welriekende ganzenvoet;https://galerij.kb.nl/kb.html#/nl/florabatava23/page/27/zoom/3/lat/-67.16995497083366/lng/-27.509765625;;;;;;;;;;;;;
23;KW_T_423_23_0151L.tif.jpg;illustration;Rubus ulmifolius x R. caesius;Rubus x umbelliformis;Rubus;x umbelliformis;Flowering plants;Ranunculaceae;Kleine ruit;https://galerij.kb.nl/kb.html#/nl/florabatava23/page/28/zoom/3/lat/-67.33986082559095/lng/-55.458984375;;;;;;;;;;;;;
23;KW_T_423_23_0153L.tif.jpg;illustration;Hydnum compactum;Hydnellum caeruleum;Hydnellum;caeruleum;Flowering plants;Rosaceae;Geplooide stokbraam (Gewone braam);https://galerij.kb.nl/kb.html#/nl/florabatava23/page/29/zoom/3/lat/-67.16995497083366/lng/-27.509765625;;;;;;;;;;;;;
23;KW_T_423_23_0155R.tif.jpg;illustration;Melilotus ruthenicus;Melilotus wolgicus;Melilotus;wolgicus;Flowering plants;Rosaceae;Rode grondbraam;https://galerij.kb.nl/kb.html#/nl/florabatava23/page/30/zoom/3/lat/-67.16995497083366/lng/-27.509765625;;;;;;;;;;;;;
23;KW_T_423_23_0157L.tif.jpg;illustration;Rubus affinis;Rubus affinis;Rubus;affinis;Flowering plants;Rosaceae;Vroege roggebraam;https://galerij.kb.nl/kb.html#/nl/florabatava23/page/31/zoom/3/lat/-67.16995497083366/lng/-27.509765625;;;;;;;;;;;;;
23;KW_T_423_23_0160L.tif.jpg;illustration;Rubus gratus;Rubus gratus;Rubus;gratus;Flowering plants;Rosaceae;Slanghumusbraam;https://galerij.kb.nl/kb.html#/nl/florabatava23/page/34/zoom/3/lat/-67.16995497083366/lng/-27.509765625;;;;;;;;;;;;;
23;KW_T_423_23_0162L.tif.jpg;illustration;Peziza badia;Peziza spec.;Peziza;spec.;Flowering plants;Rosaceae;Zoete haarbraam;https://galerij.kb.nl/kb.html#/nl/florabatava23/page/35/zoom/3/lat/-67.16995497083366/lng/-27.509765625;;;;;;;;;;;;;
23;KW_T_423_23_0164R.tif.jpg;illustration;Inocybe caesariata;Inocybe spec.;Inocybe;spec.;Flowering plants;Asteraceae;Borstelstreepzaad;https://galerij.kb.nl/kb.html#/nl/florabatava23/page/37/zoom/3/lat/-67.16995497083366/lng/-27.509765625;;;;;;;;;;;;;
24;KW_T_423_24_0009L.tif.jpg;illustration;Silene cretica;Silene spec.;Silene;spec.;Flowering plants;Caryophyllaceae;Gipskruid;https://galerij.kb.nl/kb.html#/nl/florabatava23/page/38/zoom/3/lat/-67.16995497083366/lng/-27.509765625;;;;;;;;;;;;;
24;KW_T_423_24_0011L.tif.jpg;illustration;Phalaris angusta;Phalaris angusta;Phalaris;angusta;Fungi;Morchellaceae;Kapjesmorielje;https://galerij.kb.nl/kb.html#/nl/florabatava23/page/39/zoom/3/lat/-63.97596090918336/lng/-32.255859375;;;;;;;;;;;;;
24;KW_T_423_24_0014L.tif.jpg;illustration;Alopecurus geniculatus glomeratus;Alopecurus geniculatus (afwijkende vorm);Alopecurus;geniculatus (afwijkende vorm);Flowering plants;Boraginaceae;Langbladig longkruid;https://galerij.kb.nl/kb.html#/nl/florabatava23/page/40/zoom/3/lat/-67.16995497083366/lng/-27.509765625;;;;;;;;;;;;;
24;KW_T_423_24_0016L.tif.jpg;illustration;Beckmannia erucaeformis;Moorochloa eruciformis;Moorochloa;eruciformis;Flowering plants;Salicaceae;Berijpte wilg;https://galerij.kb.nl/kb.html#/nl/florabatava23/page/41/zoom/3/lat/-67.16995497083366/lng/-27.509765625;;;;;;;;;;;;;
24;KW_T_423_24_0018L.tif.jpg;illustration;Inocybe frumentacea;Inocybe adequata;Inocybe;adequata;Flowering plants;Salicaceae;Kaspische zandwilg;https://galerij.kb.nl/kb.html#/nl/florabatava23/page/43/zoom/3/lat/-67.16995497083366/lng/-27.509765625;;;;;;;;;;;;;
24;KW_T_423_24_0020L.tif.jpg;illustration;Rubus hystrix;Rubus rubrumcadaver;Rubus;rubrumcadaver;Flowering plants;Fabaceae;Akkerklaver;https://galerij.kb.nl/kb.html#/nl/florabatava23/page/44/zoom/3/lat/-67.16995497083366/lng/-27.509765625;;;;;;;;;;;;;
24;KW_T_423_24_0022L.tif.jpg;illustration;Potentilla norvegica;Potentilla norvegica;Potentilla;norvegica;Fungi;Gomphidiaceae;Slijmige spijkerzwam;https://galerij.kb.nl/kb.html#/nl/florabatava23/page/45/zoom/3/lat/-50.12057809796008/lng/-5.888671875;;;;;;;;;;;;;
24;KW_T_423_24_0024L.tif.jpg;illustration;Centaurea melitensis;Centaurea melitensis;Centaurea;melitensis;Fungi;Taphrinaceae;[nog geen NL naam];https://galerij.kb.nl/kb.html#/nl/florabatava23/page/46/zoom/3/lat/-67.16995497083366/lng/-27.509765625;;;;;;;;;;;;;
24;KW_T_423_24_0026L.tif.jpg;illustration;Hypholoma sublateritium;Hypholoma lateritium;Hypholoma;lateritium;Flowering plants;Campanulaceae;Klein spiegelklokje;https://galerij.kb.nl/kb.html#/nl/florabatava23/page/47/zoom/3/lat/-67.16995497083366/lng/-27.509765625;;;;;;;;;;;;;
24;KW_T_423_24_0028L.tif.jpg;illustration;Hypholoma sublateritium f. decurrens;Hypholoma spec.;Hypholoma;spec.;Flowering plants;Cornaceae;Zweedse kornoelje;https://galerij.kb.nl/kb.html#/nl/florabatava23/page/48/zoom/3/lat/-67.16995497083366/lng/-27.509765625;;;;;;;;;;;;;
24;KW_T_423_24_0030L.tif.jpg;illustration;Orobanche hederae;Orobanche hederae;Orobanche;hederae;Fungi;Amanitaceae;Narcisamaniet;https://galerij.kb.nl/kb.html#/nl/florabatava23/page/49/zoom/3/lat/-67.16995497083366/lng/-27.509765625;;;;;;;;;;;;;
24;KW_T_423_24_0032L.tif.jpg;illustration;Malcolmia maritima;Malcolmia flexuosa;Malcolmia;flexuosa;Fungi;Hydnaceae;Hoorn-van-overvloed;https://galerij.kb.nl/kb.html#/nl/florabatava23/page/50/zoom/3/lat/-67.16995497083366/lng/-27.509765625;;;;;;;;;;;;;
24;KW_T_423_24_0034L.tif.jpg;illustration;Potentilla supina;Potentilla supina;Potentilla;supina;Fungi;Taphrinaceae;Peppelvlag;https://galerij.kb.nl/kb.html#/nl/florabatava23/page/51/zoom/3/lat/-67.16995497083366/lng/-27.509765625;;;;;;;;;;;;;
24;KW_T_423_24_0036L.tif.jpg;illustration;Lactarius helvus;Lactarius helvus;Lactarius;helvus;Flowering plants;Plantaginaceae;Zandweegbree;https://galerij.kb.nl/kb.html#/nl/florabatava23/page/52/zoom/3/lat/-66.96447630005638/lng/-28.212890625;;;;;;;;;;;;;
24;KW_T_423_24_0038L.tif.jpg;illustration;Rhizina inflata;Rhizina undulata;Rhizina;undulata;Fungi;Cortinariaceae;Bruinschubbige gordijnzwam;https://galerij.kb.nl/kb.html#/nl/florabatava23/page/54/zoom/3/lat/-61.22795717667785/lng/-41.923828125;;;;;;;;;;;;;
24;KW_T_423_24_0040L.tif.jpg;illustration;Salix pentandra;Salix pentandra;Salix;pentandra;Fungi;Clitocybaceae;Witte bundelridderzwam;https://galerij.kb.nl/kb.html#/nl/florabatava23/page/55/zoom/3/lat/-67.16995497083366/lng/-27.509765625;;;;;;;;;;;;;
24;KW_T_423_24_0041R.tif.jpg;illustration;Salix pentandra;Salix pentandra;Salix;pentandra;Flowering plants;Polygonaceae;Wilgzuring;https://galerij.kb.nl/kb.html#/nl/florabatava23/page/57/zoom/3/lat/-67.16995497083366/lng/-27.509765625;;;;;;;;;;;;;
24;KW_T_423_24_0043L.tif.jpg;illustration;Ophrys apifera;Ophrys apifera;Ophrys;apifera;Flowering plants;Fabaceae;Sikkelklaver;https://galerij.kb.nl/kb.html#/nl/florabatava23/page/58/zoom/3/lat/-67.16995497083366/lng/-27.509765625;;;;;;;;;;;;;
24;KW_T_423_24_0045L.tif.jpg;illustration;Erodium ciconium;Erodium ciconium;Erodium;ciconium;Fungi;Cantharellulaceae;Grijze vorkplaat;https://galerij.kb.nl/kb.html#/nl/florabatava23/page/59/zoom/3/lat/-67.16995497083366/lng/-27.509765625;;;;;;;;;;;;;
24;KW_T_423_24_0047L.tif.jpg;illustration;Nyctalis parasitica;Asterophora parasitica;Asterophora;parasitica;Fungi;Suillaceae;Holsteelboleet;https://galerij.kb.nl/kb.html#/nl/florabatava23/page/60/zoom/3/lat/-67.16995497083366/lng/-27.509765625;;;;;;;;;;;;;
24;KW_T_423_24_0048R.tif.jpg;illustration;Nasturtium officinale f. microphyllum;Nasturtium microphyllum;Nasturtium;microphyllum;Flowering plants;Poaceae;Rosse vossenstaart;https://galerij.kb.nl/kb.html#/nl/florabatava23/page/63/zoom/3/lat/-67.16995497083366/lng/-27.509765625;;;;;;;;;;;;;
24;KW_T_423_24_0051L.tif.jpg;illustration;Nasturtium officinale f. microphyllum;Nasturtium microphyllum;Nasturtium;microphyllum;Fungi;Hymenochaetaceae;Elzenweerschijnzwam;https://galerij.kb.nl/kb.html#/nl/florabatava23/page/64/zoom/3/lat/-67.16995497083366/lng/-27.509765625;;;;;;;;;;;;;
24;KW_T_423_24_0053L.tif.jpg;illustration;Mycena arcangeliana;Mycena arcangeliana;Mycena;arcangeliana;Fungi;Clitocybaceae;Paarse schijnridderzwam;https://galerij.kb.nl/kb.html#/nl/florabatava23/page/65/zoom/3/lat/-61.22795717667785/lng/-41.923828125;;;;;;;;;;;;;
24;KW_T_423_24_0055L.tif.jpg;illustration;Polyporus hispidus;Inonotus hispidus;Inonotus;hispidus;Flowering plants;Fabaceae;Gele wikke;https://galerij.kb.nl/kb.html#/nl/florabatava23/page/66/zoom/3/lat/-67.16995497083366/lng/-27.509765625;;;;;;;;;;;;;
24;KW_T_423_24_0055R.tif.jpg;illustration;Polyporus hispidus;Inonotus hispidus;Inonotus;hispidus;Flowering plants;Fabaceae;Bonte wikke;https://galerij.kb.nl/kb.html#/nl/florabatava23/page/67/zoom/3/lat/-61.22795717667785/lng/-41.923828125;;;;;;;;;;;;;
24;KW_T_423_24_0058L.tif.jpg;illustration;Rubus koehleri;Rubus neanias;Rubus;neanias;Flowering plants;Fabaceae;Ruige lathyrus;https://galerij.kb.nl/kb.html#/nl/florabatava23/page/68/zoom/3/lat/-67.16995497083366/lng/-27.509765625;;;;;;;;;;;;;
24;KW_T_423_24_0060L.tif.jpg;illustration;Rubus koehleri;Rubus speculans;Rubus;speculans;Fungi;Hydnaceae;Trechtercantharel;https://galerij.kb.nl/kb.html#/nl/florabatava23/page/69/zoom/3/lat/-61.22795717667785/lng/-41.923828125;;;;;;;;;;;;;
24;KW_T_423_24_0062L.tif.jpg;illustration;Avena pratensis var. glaucescens;Helictochloa pratensis;Helictochloa;pratensis;Fungi;Bankeraceae;Geschubde stekelzwam;https://galerij.kb.nl/kb.html#/nl/florabatava23/page/70/zoom/3/lat/-61.22795717667785/lng/-41.923828125;;;;;;;;;;;;;
24;KW_T_423_24_0064L.tif.jpg;illustration;Trametes rubescens;Daedaleopsis confragosa;Daedaleopsis;confragosa;Flowering plants;Amaranthaceae;Zeegroene ganzenvoet;https://galerij.kb.nl/kb.html#/nl/florabatava23/page/71/zoom/3/lat/-67.16995497083366/lng/-27.509765625;;;;;;;;;;;;;
24;KW_T_423_24_0066L.tif.jpg;illustration;Clitocybe rivulosa;Clitocybe houghtonii;Clitocybe;houghtonii;Flowering plants;Rosaceae;Pluimkambraam;https://galerij.kb.nl/kb.html#/nl/florabatava23/page/72/zoom/3/lat/-67.16995497083366/lng/-27.509765625;;;;;;;;;;;;;
24;KW_T_423_24_0068L.tif.jpg;illustration;Rubus rosaceus;Rubus glandithyrsos;Rubus;glandithyrsos;Flowering plants;Rosaceae;Knieviltbraam;https://galerij.kb.nl/kb.html#/nl/florabatava23/page/74/zoom/3/lat/-67.16995497083366/lng/-27.509765625;;;;;;;;;;;;;
24;KW_T_423_24_0071L.tif.jpg;illustration;Bromus squarrosus c. villosus;Bromus squarrosus;Bromus;squarrosus;Fungi;Cortinariaceae;Blauwgegordelde gordijnzwam;https://galerij.kb.nl/kb.html#/nl/florabatava23/page/76/zoom/3/lat/-67.16995497083366/lng/-27.509765625;;;;;;;;;;;;;
24;KW_T_423_24_0073L.tif.jpg;illustration;Medicago ciliaris;Medicago cf. murex;Medicago;cf. murex;Flowering plants;Poaceae;Baardgras;https://galerij.kb.nl/kb.html#/nl/florabatava23/page/77/zoom/3/lat/-67.16995497083366/lng/-27.509765625;;;;;;;;;;;;;
24;KW_T_423_24_0075L.tif.jpg;illustration;Sclerotinia tuberosa;Dumontinia tuberosa;Dumontinia;tuberosa;Flowering plants;Rosaceae;Bolle haarbraam ;https://galerij.kb.nl/kb.html#/nl/florabatava23/page/78/zoom/3/lat/-67.16995497083366/lng/-27.509765625;;;;;;;;;;;;;
24;KW_T_423_24_0077L.tif.jpg;illustration;Collybia platyphylla;Megacollybia platyphylla;Megacollybia;platyphylla;Flowering plants;Rosaceae;Smalle viltbraam;https://galerij.kb.nl/kb.html#/nl/florabatava23/page/80/zoom/3/lat/-67.16995497083366/lng/-27.509765625;;;;;;;;;;;;;
24;KW_T_423_24_0079L.tif.jpg;illustration;Rubus fissus;Rubus scissus;Rubus;scissus;Fungi;Bankeraceae;Blauwgestreepte stekelzwam;https://galerij.kb.nl/kb.html#/nl/florabatava23/page/82/zoom/3/lat/-67.16995497083366/lng/-27.509765625;;;;;;;;;;;;;
24;KW_T_423_24_0081L.tif.jpg;illustration;Rubus rudis;Rubus rudis;Rubus;rudis;Flowering plants;Fabaceae;;https://galerij.kb.nl/kb.html#/nl/florabatava23/page/83/zoom/3/lat/-67.16995497083366/lng/-27.509765625;;;;;;;;;;;;;
24;KW_T_423_24_0084L.tif.jpg;illustration;Phlebia aurantiaca;Phlebia radiata;Phlebia;radiata;Flowering plants;Rosaceae;Gedraaide koepelbraam;https://galerij.kb.nl/kb.html#/nl/florabatava23/page/85/zoom/3/lat/-67.16995497083366/lng/-27.509765625;;;;;;;;;;;;;
24;KW_T_423_24_0086L.tif.jpg;illustration;Hymenochaete rubiginosa;Hymenochaete rubiginosa;Hymenochaete;rubiginosa;Flowering plants;Rosaceae;Zoete haarbraam;https://galerij.kb.nl/kb.html#/nl/florabatava23/page/87/zoom/3/lat/-75.86664560539865/lng/-97.822265625;;;;;;;;;;;;;
24;KW_T_423_24_0088L.tif.jpg;illustration;Lentinus cochleatus;Lentinellus cochleatus;Lentinellus;cochleatus;Fungi;Pezizaceae;Bekerzwam spec.;https://galerij.kb.nl/kb.html#/nl/florabatava23/page/88/zoom/3/lat/-69.56522590149099/lng/-10.107421874999998;;;;;;;;;;;;;
24;KW_T_423_24_0091L.tif.jpg;illustration;Thlaspi praecox;Noccaea praecox;Noccaea;praecox;Fungi;Inocybaceae;Vezelkop spec.;https://galerij.kb.nl/kb.html#/nl/florabatava23/page/89/zoom/3/lat/-70.81581215931347/lng/-73.212890625;;;;;;;;;;;;;
24;KW_T_423_24_0093L.tif.jpg;illustration;Crucianella angustifolia;Crucianella angustifolia;Crucianella;angustifolia;Flowering plants;Caryophyllaceae;;https://galerij.kb.nl/kb.html#/nl/florabatava24/page/7/zoom/3/lat/-65.6220226151064/lng/-26.103515625;;;;;;;;;;;;;
24;KW_T_423_24_0095L.tif.jpg;illustration;Hypholoma lacrymabundum;Lacrymaria pyrotricha;Lacrymaria;pyrotricha;Flowering plants;Poaceae;;https://galerij.kb.nl/kb.html#/nl/florabatava24/page/8/zoom/3/lat/-65.6220226151064/lng/-26.103515625;;;;;;;;;;;;;
24;KW_T_423_24_0097L.tif.jpg;illustration;Tremellodon gelatinosum;Pseudohydnum gelatinosum;Pseudohydnum;gelatinosum;Flowering plants;Poaceae;;https://galerij.kb.nl/kb.html#/nl/florabatava24/page/11/zoom/3/lat/-65.6220226151064/lng/-26.103515625;;;;;;;;;;;;;
24;KW_T_423_24_0099L.tif.jpg;illustration;Polyporus amorphus;Skeletocutis amorpha;Skeletocutis;amorpha;Fungi;Inocybaceae;Wijnrode vezelkop;https://galerij.kb.nl/kb.html#/nl/florabatava24/page/12/zoom/3/lat/-65.6220226151064/lng/-26.103515625;;;;;;;;;;;;;
24;KW_T_423_24_0101L.tif.jpg;illustration;Rubus caesius var. dunensis;Rubus caesius;Rubus;caesius;Flowering plants;Rosaceae;Vuurkambraam;https://galerij.kb.nl/kb.html#/nl/florabatava24/page/13/zoom/3/lat/-65.6220226151064/lng/-26.103515625;;;;;;;;;;;;;
24;KW_T_423_24_0103L.tif.jpg;illustration;Phleum subulatum;Phleum subulatum;Phleum;subulatum;Flowering plants;Rosaceae;Noorse ganzerik;https://galerij.kb.nl/kb.html#/nl/florabatava24/page/14/zoom/3/lat/-65.6220226151064/lng/-26.103515625;;;;;;;;;;;;;
24;KW_T_423_24_0105L.tif.jpg;illustration;Melilotus infestus;Melilotus infestus;Melilotus;infestus;Flowering plants;Asteraceae;;https://galerij.kb.nl/kb.html#/nl/florabatava24/page/15/zoom/3/lat/-65.6220226151064/lng/-26.103515625;;;;;;;;;;;;;
24;KW_T_423_24_0107L.tif.jpg;illustration;Merulius tremellosus;Phlebia tremellosa;Phlebia;tremellosa;Fungi;Strophariaceae;Rode zwavelkop;https://galerij.kb.nl/kb.html#/nl/florabatava24/page/16/zoom/3/lat/-65.6220226151064/lng/-26.103515625;;;;;;;;;;;;;
24;KW_T_423_24_0109L.tif.jpg;illustration;Hydnum velutinum;Hydnellum spec.;Hydnellum;spec.;Fungi;Strophariaceae;Zwavelkop spec.;https://galerij.kb.nl/kb.html#/nl/florabatava24/page/17/zoom/3/lat/-65.6220226151064/lng/-26.103515625;;;;;;;;;;;;;
24;KW_T_423_24_0111L.tif.jpg;illustration;Rubus divergens;Rubus schipperi;Rubus;schipperi;Flowering plants;Orobanchaceae;Klimopbremraap;https://galerij.kb.nl/kb.html#/nl/florabatava24/page/18/zoom/3/lat/-65.6220226151064/lng/-26.103515625;;;;;;;;;;;;;
24;KW_T_423_24_0113L.tif.jpg;illustration;Bupleurum gerardi;Bupleurum gerardii;Bupleurum;gerardii;Flowering plants;Brassicaceae;Zeeviolier;https://galerij.kb.nl/kb.html#/nl/florabatava24/page/19/zoom/3/lat/-65.6220226151064/lng/-26.103515625;;;;;;;;;;;;;
24;KW_T_423_24_0115L.tif.jpg;illustration;Russula pectinata;Russula amoenolens;Russula;amoenolens;Flowering plants;Rosaceae;Liggende ganzerik;https://galerij.kb.nl/kb.html#/nl/florabatava24/page/20/zoom/3/lat/-65.6220226151064/lng/-26.103515625;;;;;;;;;;;;;
24;KW_T_423_24_0117L.tif.jpg;illustration;Daedalea unicolor;Cerrena unicolor;Cerrena;unicolor;Fungi;Russulaceae;Viltige maggizwam;https://galerij.kb.nl/kb.html#/nl/florabatava24/page/21/zoom/3/lat/-65.6220226151064/lng/-26.103515625;;;;;;;;;;;;;
24;KW_T_423_24_0119L.tif.jpg;illustration;Polyporus rufescens;Abortiporus biennis;Abortiporus;biennis;Fungi;Rhizinaceae;Oliebolzwam;https://galerij.kb.nl/kb.html#/nl/florabatava24/page/22/zoom/3/lat/-65.6220226151064/lng/-26.103515625;;;;;;;;;;;;;
24;KW_T_423_24_0121L.tif.jpg;illustration;Rubus argentatus;Rubus ser. Clivicola;Rubus;ser. Clivicola;Flowering plants;Salicaceae;Laurierwilg;https://galerij.kb.nl/kb.html#/nl/florabatava24/page/23/zoom/3/lat/-65.6220226151064/lng/-26.103515625;;;;;;;;;;;;;
24;KW_T_423_24_0124L.tif.jpg;illustration;Cuscuta gronovii;Cuscuta gronovii;Cuscuta;gronovii;Flowering plants;Salicaceae;Laurierwilg;https://galerij.kb.nl/kb.html#/nl/florabatava24/page/23/zoom/3/lat/-65.6220226151064/lng/-26.103515625;;;;;;;;;;;;;
24;KW_T_423_24_0126L.tif.jpg;illustration;Mutinus caninus;Mutinus caninus s.l.;Mutinus;caninus s.l.;Flowering plants;Orchidaceae;Bijenorchis;https://galerij.kb.nl/kb.html#/nl/florabatava24/page/25/zoom/3/lat/-65.6220226151064/lng/-26.103515625;;;;;;;;;;;;;
24;KW_T_423_24_0128L.tif.jpg;illustration;Flammula penetrans;Coniferspilus penetrans;Coniferspilus;penetrans;Flowering plants;Geraniaceae;;https://galerij.kb.nl/kb.html#/nl/florabatava24/page/26/zoom/3/lat/-65.6220226151064/lng/-26.103515625;;;;;;;;;;;;;
24;KW_T_423_24_0130L.tif.jpg;illustration;Ceratiomyxa mucida;Ceratiomyxa fruticulosa;Ceratiomyxa;fruticulosa;Fungi;Lyophyllaceae;Plaatjeszwamgast;https://galerij.kb.nl/kb.html#/nl/florabatava24/page/27/zoom/3/lat/-65.6220226151064/lng/-26.103515625;;;;;;;;;;;;;
24;KW_T_423_24_0133L.tif.jpg;illustration;Rubus diversifolius;Rubus x umbelliformis;Rubus;x umbelliformis;Flowering plants;Brassicaceae;Slanke waterkers;https://galerij.kb.nl/kb.html#/nl/florabatava24/page/28/zoom/3/lat/-62.79493487887006/lng/-23.818359375;;;;;;;;;;;;;
24;KW_T_423_24_0135L.tif.jpg;illustration;Carex vulpina x remota (Carex axillaris);Carex x pseudoaxillaris;Carex;x pseudoaxillaris;Flowering plants;Brassicaceae;Slanke waterkers;https://galerij.kb.nl/kb.html#/nl/florabatava24/page/29/zoom/3/lat/-62.79493487887006/lng/-23.818359375;;;;;;;;;;;;;
24;KW_T_423_24_0138L.tif.jpg;illustration;Vicia calcarata;Vicia monantha;Vicia;monantha;Fungi;Mycenaceae;Bundelmycena;https://galerij.kb.nl/kb.html#/nl/florabatava24/page/30/zoom/3/lat/-65.6220226151064/lng/-26.103515625;;;;;;;;;;;;;
24;KW_T_423_24_0140L.tif.jpg;illustration;Melilotus macrocarpus;Melilotus macrocarpus;Melilotus;macrocarpus;Fungi;Hymenochaetaceae;Ruige weerschijnzwam;https://galerij.kb.nl/kb.html#/nl/florabatava24/page/31/zoom/3/lat/-65.6220226151064/lng/-26.103515625;;;;;;;;;;;;;
24;KW_T_423_24_0142L.tif.jpg;illustration;Coprinus lagopus;Coprinopsis lagopus;Coprinopsis;lagopus;Fungi;Hymenochaetaceae;Ruige weerschijnzwam;https://galerij.kb.nl/kb.html#/nl/florabatava24/page/31/zoom/3/lat/-65.6220226151064/lng/-26.103515625;;;;;;;;;;;;;
24;KW_T_423_24_0144L.tif.jpg;illustration;Rumex maximus;Rumex hydrolapathum x aquaticus;Rumex;hydrolapathum x aquaticus;Flowering plants;Rosaceae;Bleke fluweelbraam;https://galerij.kb.nl/kb.html#/nl/florabatava24/page/32/zoom/3/lat/-65.6220226151064/lng/-26.103515625;;;;;;;;;;;;;
24;KW_T_423_24_0146L.tif.jpg;illustration;Briza minor;Briza minor;Briza;minor;Flowering plants;Rosaceae;Reestruweelbraam;https://galerij.kb.nl/kb.html#/nl/florabatava24/page/33/zoom/3/lat/-65.6220226151064/lng/-26.103515626;;;;;;;;;;;;;
24;KW_T_423_24_0148L.tif.jpg;illustration;Azolla filiculoides;Azolla filiculoides;Azolla;filiculoides;Flowering plants;Poaceae;Beemdhaver;https://galerij.kb.nl/kb.html#/nl/florabatava24/page/34/zoom/3/lat/-65.6220226151064/lng/-26.103515625;;;;;;;;;;;;;
24;KW_T_423_24_0152L.tif.jpg;illustration;Cordyceps ophioglossoides;Elaphocordyceps ophioglossoides;Elaphocordyceps;ophioglossoides;Fungi;Polyporaceae;Roodporiehoutzwam;https://galerij.kb.nl/kb.html#/nl/florabatava24/page/35/zoom/3/lat/-65.6220226151064/lng/-26.103515625;;;;;;;;;;;;;
24;KW_T_423_24_0154L.tif.jpg;illustration;Stereum hirsutum;Stereum hirsutum;Stereum;hirsutum;Fungi;Clitocybaceae;Adonistrechterzwam;https://galerij.kb.nl/kb.html#/nl/florabatava24/page/36/zoom/3/lat/-65.6220226151064/lng/-26.103515625;;;;;;;;;;;;;
24;KW_T_423_24_0156L.tif.jpg;illustration;Reseda alba;Reseda alba;Reseda;alba;Flowering plants;Rosaceae;Rode contrastbraam;https://galerij.kb.nl/kb.html#/nl/florabatava24/page/37/zoom/3/lat/-65.6220226151064/lng/-26.103515625;;;;;;;;;;;;;
24;KW_T_423_24_0158L.tif.jpg;illustration;Bromus arvensis var. velutinus;Bromus arvensis;Bromus;arvensis;Flowering plants;Poaceae;Rappige Dravik;https://galerij.kb.nl/kb.html#/nl/florabatava24/page/38/zoom/3/lat/-62.79493487887006/lng/-23.818359375;;;;;;;;;;;;;
24;KW_T_423_24_0160L.tif.jpg;illustration;Rumex aquaticus;Rumex aquaticus;Rumex;aquaticus;Fungi;Sclerotiniaceae;Anemonenbekerzwam;https://galerij.kb.nl/kb.html#/nl/florabatava24/page/40/zoom/3/lat/-65.6220226151064/lng/-26.103515625;;;;;;;;;;;;;
24;KW_T_423_24_0162L.tif.jpg;illustration;Collybia tuberosa;Collybia tuberosa;Collybia;tuberosa;Fungi;Marasmiaceae;Breedplaatstreephoed;https://galerij.kb.nl/kb.html#/nl/florabatava24/page/41/zoom/3/lat/-65.6220226151064/lng/-26.103515625;;;;;;;;;;;;;
24;KW_T_423_24_0164L.tif.jpg;illustration;Tricholoma putidum;Lyophyllum spec. ;Lyophyllum;spec.;Flowering plants;Rosaceae;Naaldroggebraam;https://galerij.kb.nl/kb.html#/nl/florabatava24/page/42/zoom/3/lat/-65.6220226151064/lng/-26.103515625;;;;;;;;;;;;;
24;KW_T_423_24_0166L.tif.jpg;illustration;Reticularia lycoperdon;Reticularia lycoperdon;Reticularia;lycoperdon;Flowering plants;Rosaceae;Ruwe raspbraam;https://galerij.kb.nl/kb.html#/nl/florabatava24/page/43/zoom/3/lat/-65.6220226151064/lng/-26.103515625;;;;;;;;;;;;;
24;KW_T_423_24_0169L.tif.jpg;illustration;Iva xanthiifolia;Iva xanthifolia;Iva;xanthifolia;Fungi;Meruliaceae;Orane aderzwam;https://galerij.kb.nl/kb.html#/nl/florabatava24/page/44/zoom/3/lat/-65.6220226151064/lng/-26.103515625;;;;;;;;;;;;;
24;KW_T_423_24_0171L.tif.jpg;illustration;Crepis pulchra;Crepis pulchra;Crepis;pulchra;Fungi;Hymenochaetaceae;Roestkleurige borstelzwam;https://galerij.kb.nl/kb.html#/nl/florabatava24/page/45/zoom/3/lat/-65.6220226151064/lng/-26.103515625;;;;;;;;;;;;;
24;KW_T_423_24_0174L.tif.jpg;illustration;Geaster bryantii;Geastrum striatum;Geastrum;striatum;Fungi;Auriscalpiaceae;Bruine anijszwam;https://galerij.kb.nl/kb.html#/nl/florabatava24/page/46/zoom/3/lat/-65.6220226151064/lng/-26.103515625;;;;;;;;;;;;;
24;KW_T_423_24_0176L.tif.jpg;illustration;Ceriomyces alba;Postia ptychogaster anamorf;Postia;ptychogaster anamorf;Flowering plants;Brassicaceae;;https://galerij.kb.nl/kb.html#/nl/florabatava24/page/47/zoom/3/lat/-65.6220226151064/lng/-26.103515625;;;;;;;;;;;;;
25;KW_T_423_25_0008L.tif.jpg;illustration;Orobanche rubens;Orobanche lutea;Orobanche;lutea;Flowering plants;Rubiaceae;;https://galerij.kb.nl/kb.html#/nl/florabatava24/page/48/zoom/3/lat/-65.6220226151064/lng/-26.103515625;;;;;;;;;;;;;
25;KW_T_423_25_0010L.tif.jpg;illustration;Calamagrostis pseudophragmites;Calamagrostis pseudophragmites ;Calamagrostis;pseudophragmites;Fungi;Psathyrellaceae;Vurige franjehoed;https://galerij.kb.nl/kb.html#/nl/florabatava24/page/49/zoom/3/lat/-65.6220226151064/lng/-26.103515625;;;;;;;;;;;;;
25;KW_T_423_25_0012L.tif.jpg;illustration;Badhamia utricularis;Badhamia utricularis;Badhamia;utricularis;Fungi;Exidiaceae;Stekeltrilzwam;https://galerij.kb.nl/kb.html#/nl/florabatava24/page/50/zoom/3/lat/-65.6220226151064/lng/-26.103515625;;;;;;;;;;;;;
25;KW_T_423_25_0015L.tif.jpg;illustration;Clavaria krombholzii (Clavaria grossa en Clavaria rugosa);Clavulina coralloides s.l.;Clavulina;coralloides s.l.;Fungi;Incrustoporiaceae;Witwollige dennenzwam;https://galerij.kb.nl/kb.html#/nl/florabatava24/page/51/zoom/3/lat/-65.6220226151064/lng/-26.103515625;;;;;;;;;;;;;
25;KW_T_423_25_0018L.tif.jpg;illustration;Nolanea icterina;Entoloma pleopodium;Entoloma;pleopodium;Flowering plants;Rosaceae;Dauwbraam;https://galerij.kb.nl/kb.html#/nl/florabatava24/page/52/zoom/3/lat/-62.79493487887006/lng/-23.818359375;;;;;;;;;;;;;
25;KW_T_423_25_0020L.tif.jpg;illustration;Rumex domesticus;Rumex longifolius;Rumex;longifolius;Flowering plants;Poaceae;;https://galerij.kb.nl/kb.html#/nl/florabatava24/page/53/zoom/3/lat/-65.6220226151064/lng/-26.103515625;;;;;;;;;;;;;
25;KW_T_423_25_0022L.tif.jpg;illustration;Artemisia campestris var. maritima (A. crithmifolia);Artemisia campestris subsp. maritima;Artemisia;campestris subsp. maritima;Flowering plants;Fabaceae;;https://galerij.kb.nl/kb.html#/nl/florabatava24/page/54/zoom/3/lat/-65.6220226151064/lng/-26.103515625;;;;;;;;;;;;;
25;KW_T_423_25_0024L.tif.jpg;illustration;Rubus serrulatus;Rubus spec?;Rubus;spec?;Fungi;Meruliaceae;Spekzwoerdzwam;https://galerij.kb.nl/kb.html#/nl/florabatava24/page/55/zoom/3/lat/-65.6220226151064/lng/-26.103515625;;;;;;;;;;;;;
25;KW_T_423_25_0026L.tif.jpg;illustration;Cortinarius bolarus;Cortinarius bolaris ;Cortinarius;bolaris;Fungi;Bankeraceae;Stekelzwam spec.;https://galerij.kb.nl/kb.html#/nl/florabatava24/page/56/zoom/3/lat/-65.6220226151064/lng/-26.103515625;;;;;;;;;;;;;
25;KW_T_423_25_0028L.tif.jpg;illustration;Bovista plumbea;Bovista plumbea;Bovista;plumbea;Flowering plants;Rosaceae;Roze purperbraam;https://galerij.kb.nl/kb.html#/nl/florabatava24/page/57/zoom/3/lat/-65.6220226151064/lng/-26.103515625;;;;;;;;;;;;;
25;KW_T_423_25_0028L.tif.jpg;illustration;Bovista nigrescens;Bovista nigrescens;Bovista;nigrescens;Flowering plants;Apiaceae;;https://galerij.kb.nl/kb.html#/nl/florabatava24/page/58/zoom/3/lat/-65.6220226151064/lng/-26.103515625;;;;;;;;;;;;;
25;KW_T_423_25_0031L.tif.jpg;illustration;Rubus gothicus;Rubus calvus;Rubus;calvus;Fungi;Russulaceae;Scherpe kamrussula ;https://galerij.kb.nl/kb.html#/nl/florabatava24/page/59/zoom/3/lat/-65.6220226151064/lng/-26.103515625;;;;;;;;;;;;;
25;KW_T_423_25_0033L.tif.jpg;illustration;Schkuhria pinnata;Schkuhria pinnata;Schkuhria;pinnata;Fungi;Cerrenaceae;Doolhofelfenbankje;https://galerij.kb.nl/kb.html#/nl/florabatava24/page/60/zoom/3/lat/-65.6220226151064/lng/-26.103515625;;;;;;;;;;;;;
25;KW_T_423_25_0037L.tif.jpg;illustration;Rumex pulcher;Rumex pulcher;Rumex;pulcher;Fungi;Meruliaceae;Toefige labyrintzwam;https://galerij.kb.nl/kb.html#/nl/florabatava24/page/61/zoom/3/lat/-62.79493487887006/lng/-23.818359375;;;;;;;;;;;;;
25;KW_T_423_25_0039L.tif.jpg;illustration;Hygrophorus lucorum;Hygrophorus lucorum;Hygrophorus;lucorum;Flowering plants;Convolvulaceae;Oeverwarkruid;https://galerij.kb.nl/kb.html#/nl/florabatava24/page/64/zoom/3/lat/-65.6220226151064/lng/-26.103515625;;;;;;;;;;;;;
25;KW_T_423_25_0039L.tif.jpg;illustration;Hygrophorus aureus;Hygrophorus spec.;Hygrophorus;spec.;Fungi;Strophariaceae;Dennenvlamhoed;https://galerij.kb.nl/kb.html#/nl/florabatava24/page/66/zoom/3/lat/-65.6220226151064/lng/-26.103515625;;;;;;;;;;;;;
25;KW_T_423_25_0042L.tif.jpg;illustration;Pleurotus eryngii;Pleurotus eryngii;Pleurotus;eryngii;Fungi;Ceratiomyxaceae;Gewoon ijsvingertje;https://galerij.kb.nl/kb.html#/nl/florabatava24/page/67/zoom/3/lat/-65.6220226151064/lng/-26.103515625;;;;;;;;;;;;;
25;KW_T_423_25_0044L.tif.jpg;illustration;Chaerophyllum bulbosum;Chaerophyllum bulbosum;Chaerophyllum;bulbosum;Flowering plants;Fabaceae;;https://galerij.kb.nl/kb.html#/nl/florabatava24/page/71/zoom/3/lat/-65.6220226151064/lng/-26.103515625;;;;;;;;;;;;;
25;KW_T_423_25_0046L.tif.jpg;illustration;Chenopodium quinoa;Chenopodium quinoa;Chenopodium;quinoa;Flowering plants;Fabaceae;;https://galerij.kb.nl/kb.html#/nl/florabatava24/page/72/zoom/3/lat/-65.6220226151064/lng/-26.103515625;;;;;;;;;;;;;
25;KW_T_423_25_0049L.tif.jpg;illustration;Telephora clavularis;Thelephora anthocephala;Thelephora;anthocephala;Fungi;Psathyrellaceae;Hazenpootje;https://galerij.kb.nl/kb.html#/nl/florabatava24/page/73/zoom/3/lat/-65.6220226151064/lng/-26.103515625;;;;;;;;;;;;;
25;KW_T_423_25_0049L.tif.jpg;illustration;Craterellus sinuosus;Pseudocraterellus undulatus;Pseudocraterellus;undulatus;Flowering plants;Poaceae;Klein trilgras;https://galerij.kb.nl/kb.html#/nl/florabatava24/page/75/zoom/3/lat/-65.6220226151064/lng/-26.103515625;;;;;;;;;;;;;
25;KW_T_423_25_0052L.tif.jpg;illustration;Lactarius scrobiculatus;Lactarius resimus;Lactarius;resimus;Ferns;Salviniaceae;Grote kroosvaren;https://galerij.kb.nl/kb.html#/nl/florabatava24/page/76/zoom/3/lat/-65.6220226151064/lng/-26.103515625;;;;;;;;;;;;;
25;KW_T_423_25_0054L.tif.jpg;illustration;Polyporus schweinitzii;Phaeolus schweinitzii;Phaeolus;schweinitzii;Fungi;Ophiocordycipitaceae;Zwarte truffelknotszwam;https://galerij.kb.nl/kb.html#/nl/florabatava24/page/78/zoom/3/lat/-65.6220226151064/lng/-26.103515625;;;;;;;;;;;;;
25;KW_T_423_25_0056L.tif.jpg;illustration;Pinus larix;Larix decidua;Larix;decidua;Fungi;Stereaceae;Gele korstzwam;https://galerij.kb.nl/kb.html#/nl/florabatava24/page/79/zoom/3/lat/-65.6220226151064/lng/-26.103515625;;;;;;;;;;;;;
25;KW_T_423_25_0058L.tif.jpg;illustration;Rubus chlorothyrsos;Rubus chlorothyrsos;Rubus;chlorothyrsos;Flowering plants;Resedaceae;Witte reseda;https://galerij.kb.nl/kb.html#/nl/florabatava24/page/80/zoom/3/lat/-65.6220226151064/lng/-26.103515625;;;;;;;;;;;;;
25;KW_T_423_25_0061L.tif.jpg;illustration;Dasyscypha calycina (= Peziza willkommii);Lachnellula willkommii;Lachnellula;willkommii;Flowering plants;Poaceae;Akkerdravik;https://galerij.kb.nl/kb.html#/nl/florabatava24/page/81/zoom/3/lat/-63.19401843808783/lng/-25.927734374999996;;;;;;;;;;;;;
25;KW_T_423_25_0063L.tif.jpg;illustration;Mycena galopoda;Mycena galopus;Mycena;galopus;Flowering plants;Polygonaceae;Paardenzuring;https://galerij.kb.nl/kb.html#/nl/florabatava24/page/82/zoom/3/lat/-65.6220226151064/lng/-26.103515625;;;;;;;;;;;;;
25;KW_T_423_25_0065L.tif.jpg;illustration;Arcyria punicea;Arcyria denudata;Arcyria;denudata;Fungi;Clitocybaceae;Purperknolcollybia;https://galerij.kb.nl/kb.html#/nl/florabatava24/page/83/zoom/3/lat/-65.6220226151064/lng/-26.103515625;;;;;;;;;;;;;
25;KW_T_423_25_0067L.tif.jpg;illustration;Rumex orientalis;Rumex patientia subsp. orientalis;Rumex;patientia subsp. orientalis;Fungi;Lyophyllaceae;Grauwkop spec.;https://galerij.kb.nl/kb.html#/nl/florabatava24/page/84/zoom/3/lat/-65.6220226151064/lng/-26.103515625;;;;;;;;;;;;;
25;KW_T_423_25_0069L.tif.jpg;illustration;Cenchrus tribuloides;Cenchrus pauciflorus;Cenchrus;pauciflorus;Fungi;Reticulariaceae;Zilveren boomkussen;https://galerij.kb.nl/kb.html#/nl/florabatava24/page/85/zoom/3/lat/-65.6220226151064/lng/-26.103515625;;;;;;;;;;;;;
25;KW_T_423_25_0071L.tif.jpg;illustration;Galera vestita;Pholiotina velata s.l.;Pholiotina;velata s.l.;Flowering plants;Asteraceae;Iva;https://galerij.kb.nl/kb.html#/nl/florabatava24/page/87/zoom/3/lat/-65.6220226151064/lng/-26.103515625;;;;;;;;;;;;;
25;KW_T_423_25_0071L.tif.jpg;illustration;Pholiota blattaria;Pholiotina blattaria;Pholiotina;blattaria;Flowering plants;Asteraceae;Fraai streepzaad;https://galerij.kb.nl/kb.html#/nl/florabatava24/page/88/zoom/3/lat/-65.6220226151064/lng/-26.103515625;;;;;;;;;;;;;
25;KW_T_423_25_0074L.tif.jpg;illustration;Flammula gummosa;Pholiota conissans;Pholiota;conissans;Fungi;Geastraceae;Baretaardster;https://galerij.kb.nl/kb.html#/nl/florabatava24/page/89/zoom/3/lat/-65.6220226151064/lng/-26.103515625;;;;;;;;;;;;;
25;KW_T_423_25_0076L.tif.jpg;illustration;Exidia glandulosa;Exidia plana ;Exidia;plana;Flowering plants;Orobanchaceae;Rode bremraap;https://galerij.kb.nl/kb.html#/nl/florabatava25/page/7/zoom/3/lat/-69.53451763078357/lng/-18.45703125;;;;;;;;;;;;;
25;KW_T_423_25_0078L.tif.jpg;illustration;Solanum sisymbriifolium;Solanum sisymbriifolium;Solanum;sisymbriifolium;Flowering plants;Poaceae;Rivierstruisriet;https://galerij.kb.nl/kb.html#/nl/florabatava25/page/8/zoom/3/lat/-69.53451763078357/lng/-18.45703125;;;;;;;;;;;;;
25;KW_T_423_25_0080L.tif.jpg;illustration;Asphodelus tenuifolius;Asphodelus tenuifolius;Asphodelus;tenuifolius;Fungi;Physaraceae;Troskalknetje;https://galerij.kb.nl/kb.html#/nl/florabatava25/page/10/zoom/3/lat/-69.53451763078357/lng/-18.544921875;;;;;;;;;;;;;
25;KW_T_423_25_0083L.tif.jpg;illustration;Irpex lacteus;Gloeoporus dichrous;Gloeoporus;dichrous;Fungi;Entolomataceae;Citroengele satijnzwam;https://galerij.kb.nl/kb.html#/nl/florabatava25/page/13/zoom/3/lat/-69.53451763078357/lng/-18.45703125;;;;;;;;;;;;;
25;KW_T_423_25_0085L.tif.jpg;illustration;Gautieria graveolens;Gautieria graveolens;Gautieria;graveolens;Flowering plants;Polygonaceae;Noordse zuring;https://galerij.kb.nl/kb.html#/nl/florabatava25/page/14/zoom/3/lat/-69.53451763078357/lng/-18.45703125;;;;;;;;;;;;;
25;KW_T_423_25_0087L.tif.jpg;illustration;Hydnum aurantiacum;Hydnellum aurantiacum;Hydnellum;aurantiacum;Flowering plants;Rosaceae;Braam spec.;https://galerij.kb.nl/kb.html#/nl/florabatava25/page/16/zoom/3/lat/-69.53451763078357/lng/-18.45703125;;;;;;;;;;;;;
25;KW_T_423_25_0089L.tif.jpg;illustration;Rubus macrostemon;Rubus winteri;Rubus;winteri;Fungi;Cortinariaceae;Roodschubbige gordijnzwam;https://galerij.kb.nl/kb.html#/nl/florabatava25/page/17/zoom/3/lat/-69.53451763078357/lng/-18.45703125;;;;;;;;;;;;;
25;KW_T_423_25_0092L.tif.jpg;illustration;Bidens connata;Bidens connata;Bidens;connata;Fungi;Lycoperdaceae;Loodgrijze bovist;https://galerij.kb.nl/kb.html#/nl/florabatava25/page/18/zoom/3/lat/-69.53451763078357/lng/-18.45703125;;;;;;;;;;;;;
25;KW_T_423_25_0094L.tif.jpg;illustration;Clavaria contorta;Macrotyphula fistulosa var. contorta;Macrotyphula;fistulosa var. contorta;Fungi;Lycoperdaceae;Zwartwordende bovist;https://galerij.kb.nl/kb.html#/nl/florabatava25/page/19/zoom/3/lat/-69.53451763078357/lng/-18.544921875;;;;;;;;;;;;;
25;KW_T_423_25_0094L.tif.jpg;illustration;Clavaria fistulosa;Macrotyphula fistulosa var. fistulosa;Macrotyphula;fistulosa var. fistulosa;Flowering plants;Rosaceae;Kale randbraam;https://galerij.kb.nl/kb.html#/nl/florabatava25/page/20/zoom/3/lat/-69.53451763078357/lng/-18.45703125;;;;;;;;;;;;;
25;KW_T_423_25_0097L.tif.jpg;illustration;Gyromytra infula;Gyromitra infula;Gyromitra;infula;Flowering plants;Asteraceae;;https://galerij.kb.nl/kb.html#/nl/florabatava25/page/22/zoom/3/lat/-69.53451763078357/lng/-18.544921875;;;;;;;;;;;;;
25;KW_T_423_25_0097L.tif.jpg;illustration;Gyromitra esculenta;Gyromitra esculenta;Gyromitra;esculenta;Flowering plants;Polygonaceae;Fraaie zuring;https://galerij.kb.nl/kb.html#/nl/florabatava25/page/23/zoom/3/lat/-69.53451763078357/lng/-18.45703125;;;;;;;;;;;;;
25;KW_T_423_25_0100L.tif.jpg;illustration;Russula adusta;Russula densifolia;Russula;densifolia;Fungi;Hygrophoraceae;Lorkenslijmkop;https://galerij.kb.nl/kb.html#/nl/florabatava25/page/24/zoom/3/lat/-69.53451763078357/lng/-18.45703125;;;;;;;;;;;;;
25;KW_T_423_25_0102L.tif.jpg;illustration;Rubus apricus;Rubus spec.;Rubus;spec.;Fungi;Hygrophoraceae;Slijmkop spec.;https://galerij.kb.nl/kb.html#/nl/florabatava25/page/24/zoom/3/lat/-69.53451763078357/lng/-18.45703125;;;;;;;;;;;;;
25;KW_T_423_25_0104L.tif.jpg;illustration;Thlaspi perfoliatum;Noccaea perfoliata;Noccaea;perfoliata;Fungi;Pleurotaceae;Kruisdisteloesterzwam;https://galerij.kb.nl/kb.html#/nl/florabatava25/page/26/zoom/3/lat/-69.53451763078357/lng/-18.45703125;;;;;;;;;;;;;
25;KW_T_423_25_0106L.tif.jpg;illustration;Boletus flavus;Suillus grevillei;Suillus;grevillei;Flowering plants;Apiaceae;Knolribzaad;https://galerij.kb.nl/kb.html#/nl/florabatava25/page/27/zoom/3/lat/-69.53451763078357/lng/-18.45703125;;;;;;;;;;;;;
25;KW_T_423_25_0108L.tif.jpg;illustration;Cordiceps capitata;Elaphocordyceps capitata s.l.;Elaphocordyceps;capitata s.l.;Flowering plants;Amaranthaceae;Quinoa;https://galerij.kb.nl/kb.html#/nl/florabatava25/page/29/zoom/3/lat/-69.53451763078357/lng/-18.544921875;;;;;;;;;;;;;
25;KW_T_423_25_0108L.tif.jpg;illustration;Typhula phacorrhiza;Typhula phacorrhiza;Typhula;phacorrhiza;Fungi;Thelephoraceae;Gespleten franjezwam;https://galerij.kb.nl/kb.html#/nl/florabatava25/page/31/zoom/3/lat/-69.53451763078357/lng/-18.544921875;;;;;;;;;;;;;
25;KW_T_423_25_0111L.tif.jpg;illustration;Silene stricta;Silene stricta;Silene;stricta;Fungi;Cantharellaceae;Kleine trompetzwam;https://galerij.kb.nl/kb.html#/nl/florabatava25/page/30/zoom/3/lat/-69.53451763078357/lng/-18.45703125;;;;;;;;;;;;;
25;KW_T_423_25_0113L.tif.jpg;illustration;Flammula flavida;Flammula alnicola;Flammula;alnicola;Fungi;Russulaceae;Gwimperde melkzwam;https://galerij.kb.nl/kb.html#/nl/florabatava25/page/32/zoom/3/lat/-69.53451763078357/lng/-18.45703125;;;;;;;;;;;;;
25;KW_T_423_25_0115L.tif.jpg;illustration;Oenanthe pimpinelloides;Oenanthe pimpinelloides;Oenanthe;pimpinelloides;Fungi;Phaeolaceae;Dennenvoetzwam;https://galerij.kb.nl/kb.html#/nl/florabatava25/page/33/zoom/3/lat/-69.53451763078357/lng/-18.45703125;;;;;;;;;;;;;
25;KW_T_423_25_0117L.tif.jpg;illustration;Pholiota radicosa;Hebeloma radicosum;Hebeloma;radicosum;Conifers;Pinaceae;Europese lork;https://galerij.kb.nl/kb.html#/nl/florabatava25/page/34/zoom/3/lat/-69.53451763078357/lng/-18.45703125;;;;;;;;;;;;;
25;KW_T_423_25_0119L.tif.jpg;illustration;Claudopus variabilis;Crepidotus variabilis s.l.;Crepidotus;variabilis s.l.;Flowering plants;Rosaceae;Kale pluimbraam;https://galerij.kb.nl/kb.html#/nl/florabatava25/page/35/zoom/3/lat/-69.53451763078357/lng/-18.45703125;;;;;;;;;;;;;
25;KW_T_423_25_0121L.tif.jpg;illustration;Rubus caesius forma glandulosus;Rubus caesius;Rubus;caesius;Fungi;Lachnaceae;Larixkankerviltkelkje;https://galerij.kb.nl/kb.html#/nl/florabatava25/page/36/zoom/3/lat/-69.53451763078357/lng/-18.45703125;;;;;;;;;;;;;
25;KW_T_423_25_0123L.tif.jpg;illustration;Tricholoma carneum;Calocybe carnea;Calocybe;carnea;Fungi;Mycenaceae;Melksteelmycena;https://galerij.kb.nl/kb.html#/nl/florabatava25/page/37/zoom/3/lat/-69.53451763078357/lng/-18.45703125;;;;;;;;;;;;;
25;KW_T_423_25_0125L.tif.jpg;illustration;Hysterangium clathroides;Hysterangium clathroides var. crassum;Hysterangium;clathroides var. crassum;Fungi;Arcyriaceae;Karmijnrood netwatje;https://galerij.kb.nl/kb.html#/nl/florabatava25/page/38/zoom/3/lat/-69.53451763078357/lng/-18.45703125;;;;;;;;;;;;;
25;KW_T_423_25_0125L.tif.jpg;illustration;Rhizopogon luteolus;Rhizopogon luteolus;Rhizopogon;luteolus;Flowering plants;Poaceae;;https://galerij.kb.nl/kb.html#/nl/florabatava25/page/40/zoom/3/lat/-69.53451763078357/lng/-18.45703125;;;;;;;;;;;;;
25;KW_T_423_25_0130L.tif.jpg;illustration;Polyporus velutinus;Postia floriformis;Postia;floriformis;Fungi;Bolbitiaceae;Franjebreeksteeltje s.l.;https://galerij.kb.nl/kb.html#/nl/florabatava25/page/42/zoom/3/lat/-69.53451763078357/lng/-18.544921875;;;;;;;;;;;;;
25;KW_T_423_25_0133L.tif.jpg;illustration;Polygonum patulum;Polygonum patulum;Polygonum;patulum;Fungi;Strophariaceae;Stoffige bundelzwam;https://galerij.kb.nl/kb.html#/nl/florabatava25/page/43/zoom/3/lat/-69.53451763078357/lng/-18.45703125;;;;;;;;;;;;;
25;KW_T_423_25_0135L.tif.jpg;illustration;Fuligo septica;Fuligo septica ;Fuligo;septica;Fungi;Exidiaceae;Zwarte trilzwam;https://galerij.kb.nl/kb.html#/nl/florabatava25/page/44/zoom/3/lat/-69.53451763078357/lng/-18.45703125;;;;;;;;;;;;;
25;KW_T_423_25_0138L.tif.jpg;illustration;Lactarius pubescens;Lactarius spec.;Lactarius;spec.;Flowering plants;Solanaceae;Raketnachtschade;https://galerij.kb.nl/kb.html#/nl/florabatava25/page/45/zoom/3/lat/-69.53451763078357/lng/-18.45703125;;;;;;;;;;;;;
25;KW_T_423_25_0141L.tif.jpg;illustration;Carex kneuckeriana (Carex vulpina x vulpina nemorosa);Carex x pseudoaxillaris;Carex;x pseudoaxillaris;Flowering plants;Asphodelaceae;Affodil;https://galerij.kb.nl/kb.html#/nl/florabatava25/page/46/zoom/3/lat/-69.53451763078357/lng/-18.45703125;;;;;;;;;;;;;
25;KW_T_423_25_0143L.tif.jpg;illustration;Cyperus vegetus;Cyperus eragrostis;Cyperus;eragrostis;Fungi;Irpicaceae;Tweekleurig elfenbankje;https://galerij.kb.nl/kb.html#/nl/florabatava25/page/47/zoom/3/lat/-69.53451763078357/lng/-18.45703125;;;;;;;;;;;;;
25;KW_T_423_25_0145L.tif.jpg;illustration;Glyceria plicata;Glyceria notata;Glyceria;notata;Fungi;Gomphaceae;[Heeft nog geen Nederlandse naam];https://galerij.kb.nl/kb.html#/nl/florabatava25/page/48/zoom/3/lat/-69.53451763078357/lng/-18.45703125;;;;;;;;;;;;;
25;KW_T_423_25_0147L.tif.jpg;illustration;Hydnum violaceum;Hydnellum suaveolens;Hydnellum;suaveolens;Fungi;Bankeraceae;Oranje stekelzwam;https://galerij.kb.nl/kb.html#/nl/florabatava25/page/49/zoom/3/lat/-69.53451763078357/lng/-18.45703125;;;;;;;;;;;;;
25;KW_T_423_25_0147L.tif.jpg;illustration;Hydnum nigrum;Phellodon niger;Phellodon;niger;Flowering plants;Rosaceae;Grote viltbraam;https://galerij.kb.nl/kb.html#/nl/florabatava25/page/50/zoom/3/lat/-69.53451763078357/lng/-18.45703125;;;;;;;;;;;;;
25;KW_T_423_25_0150L.tif.jpg;illustration;Veronica praecox;Veronica praecox;Veronica;praecox;Flowering plants;Asteraceae;Smal tandzaad;https://galerij.kb.nl/kb.html#/nl/florabatava25/page/51/zoom/3/lat/-69.53451763078357/lng/-18.45703125;;;;;;;;;;;;;
25;KW_T_423_25_0152L.tif.jpg;illustration;Solanum nitidibaccatum;Solanum sarrachoides;Solanum;sarrachoides;Fungi;Discinaceae;Bisschopsmuts;https://galerij.kb.nl/kb.html#/nl/florabatava25/page/54/zoom/3/lat/-69.53451763078357/lng/-18.45703125;;;;;;;;;;;;;
25;KW_T_423_25_0154L.tif.jpg;illustration;Peziza hemisphaerica;Humaria hemispherica;Humaria;hemispherica;Fungi;Discinaceae;Voorjaarskluifzwam;https://galerij.kb.nl/kb.html#/nl/florabatava25/page/55/zoom/3/lat/-69.53451763078357/lng/-18.544921875;;;;;;;;;;;;;
25;KW_T_423_25_0154L.tif.jpg;illustration;Psathyrella disseminata;Coprinellus disseminatus;Coprinellus;disseminatus;Fungi;Russulaceae;Fijnplaatrussula;https://galerij.kb.nl/kb.html#/nl/florabatava25/page/56/zoom/3/lat/-69.53451763078357/lng/-18.45703125;;;;;;;;;;;;;
25;KW_T_423_25_0157L.tif.jpg;illustration;Rubus humifusus;Rubus spec.;Rubus;spec.;Flowering plants;Rosaceae;Braam spec.;https://galerij.kb.nl/kb.html#/nl/florabatava25/page/57/zoom/3/lat/-69.53451763078357/lng/-18.45703125;;;;;;;;;;;;;
25;KW_T_423_25_0160L.tif.jpg;illustration;Clavaria aurea;Ramaria aurea;Ramaria;aurea;Flowering plants;Brassicaceae;Doorgroeide boerenkers;https://galerij.kb.nl/kb.html#/nl/florabatava25/page/58/zoom/3/lat/-69.53451763078357/lng/-18.45703125;;;;;;;;;;;;;
25;KW_T_423_25_0162L.tif.jpg;illustration;Rumex odontocarpus;Rumex stenophyllus;Rumex;stenophyllus;Fungi;Suillaceae;Gele ringboleet;https://galerij.kb.nl/kb.html#/nl/florabatava25/page/59/zoom/3/lat/-69.53451763078357/lng/-18.45703125;;;;;;;;;;;;;
25;KW_T_423_25_0164L.tif.jpg;illustration;Rubus pyramidalis;Rubus umbrosus;Rubus;umbrosus;Fungi;Typhulaceae;Linzenknotsje;https://galerij.kb.nl/kb.html#/nl/florabatava25/page/60/zoom/3/lat/-69.53451763078357/lng/-18.45703125;;;;;;;;;;;;;
25;KW_T_423_25_0166L.tif.jpg;illustration;Mycena epipterygia;Mycena epipterygia s.l.;Mycena;epipterygia s.l.;Flowering plants;Caryophyllaceae;;https://galerij.kb.nl/kb.html#/nl/florabatava25/page/62/zoom/3/lat/-69.53451763078357/lng/-18.45703125;;;;;;;;;;;;;
25;KW_T_423_25_0168L.tif.jpg;illustration;Amanita porphyria;Amanita porphyria;Amanita;porphyria;Fungi;Strophariaceae;Elzenbundelzwam;https://galerij.kb.nl/kb.html#/nl/florabatava25/page/63/zoom/3/lat/-69.53451763078357/lng/-18.45703125;;;;;;;;;;;;;
25;KW_T_423_25_0170L.tif.jpg;illustration;Hygrophorus pratensis;Hygrocybe pratebsis ;Hygrocybe;pratebsis;Flowering plants;Apiaceae;Beverneltorkruid;https://galerij.kb.nl/kb.html#/nl/florabatava25/page/64/zoom/3/lat/-69.53451763078357/lng/-18.45703125;;;;;;;;;;;;;
25;KW_T_423_25_0172L.tif.jpg;illustration;Rubus caesius var. aquaticus;Rubus caesius;Rubus;caesius;Fungi;Strophariaceae;Geringde vaalhoed;https://galerij.kb.nl/kb.html#/nl/florabatava25/page/65/zoom/3/lat/-69.53451763078357/lng/-18.45703125;;;;;;;;;;;;;
25;KW_T_423_25_0174L.tif.jpg;illustration;Lathyrus cicera;Lathyrus cicera;Lathyrus;cicera;Flowering plants;Rosaceae;Dauwbraam;https://galerij.kb.nl/kb.html#/nl/florabatava25/page/67/zoom/3/lat/-59.130863097255904/lng/-18.896484375;;;;;;;;;;;;;
25;KW_T_423_25_0177L.tif.jpg;illustration;Inocybe fastigiata;Inocybe maculata;Inocybe;maculata;Fungi;Lyophyllaceae;Roze pronkridder;https://galerij.kb.nl/kb.html#/nl/florabatava25/page/68/zoom/3/lat/-69.53451763078357/lng/-18.45703125;;;;;;;;;;;;;
25;KW_T_423_25_0179L.tif.jpg;illustration;Tricholoma cerinum;Clitopilus nitelinus;Clitopilus;nitelinus;Fungi;Rhizopogonaceae;Okerkleurige vezeltruffel;https://galerij.kb.nl/kb.html#/nl/florabatava25/page/69/zoom/3/lat/-69.53451763078357/lng/-18.45703125;;;;;;;;;;;;;
25;KW_T_423_25_0179L.tif.jpg;illustration;Lepiota cinnabarina;Cystoderma cinnabarinum;Cystoderma;cinnabarinum;Fungi;Postiaceae;Rozetkaaszwam;https://galerij.kb.nl/kb.html#/nl/florabatava25/page/72/zoom/3/lat/-69.53451763078357/lng/-18.45703125;;;;;;;;;;;;;
25;KW_T_423_25_0182L.tif.jpg;illustration;Peniophora quercina;Peniophora quercina;Peniophora;quercina;Flowering plants;Polygonaceae;;https://galerij.kb.nl/kb.html#/nl/florabatava25/page/73/zoom/3/lat/-69.53451763078357/lng/-18.45703125;;;;;;;;;;;;;
25;KW_T_423_25_0184L.tif.jpg;illustration;Solanum triflorum;Solanum triflorum;Solanum;triflorum;Fungi;Physaraceae;Heksenboter;https://galerij.kb.nl/kb.html#/nl/florabatava25/page/74/zoom/3/lat/-69.53451763078357/lng/-18.45703125;;;;;;;;;;;;;
25;KW_T_423_25_0186L.tif.jpg;illustration;Stipa neesiana;Nassella neesiana;Nassella;neesiana;Fungi;Russulaceae;Melkzwam spec.;https://galerij.kb.nl/kb.html#/nl/florabatava25/page/75/zoom/3/lat/-62.062733258846514/lng/-25.400390625;;;;;;;;;;;;;
25;KW_T_423_25_0188L.tif.jpg;illustration;Cortinarius (Myxacium) vibratilis;Cortinarius barbatus s.l.;Cortinarius;barbatus s.l.;Flowering plants;Cyperaceae;Bleek cypergras;https://galerij.kb.nl/kb.html#/nl/florabatava25/page/77/zoom/3/lat/-69.53451763078357/lng/-18.45703125;;;;;;;;;;;;;
25;KW_T_423_25_0190L.tif.jpg;illustration;Marasmius prasiosmus;Mycetinis querceus;Mycetinis;querceus;Flowering plants;Poaceae;Stomp vlotgras;https://galerij.kb.nl/kb.html#/nl/florabatava25/page/78/zoom/3/lat/-69.53451763078357/lng/-18.45703125;;;;;;;;;;;;;
25;KW_T_423_25_0192L.tif.jpg;illustration;Clitocybe clavipes;Clitocybe clavipes;Clitocybe;clavipes;Fungi;Bankeraceae;Anijsstekelzwam;https://galerij.kb.nl/kb.html#/nl/florabatava25/page/79/zoom/3/lat/-69.53451763078357/lng/-18.45703125;;;;;;;;;;;;;
26;KW_T_423a_26_0122R.tif.jpg;illustration;Rubus procerus;Rubus procerus;Rubus;procerus;Fungi;Bankeraceae;Blauwzwarte stekelzwam;https://galerij.kb.nl/kb.html#/nl/florabatava25/page/80/zoom/3/lat/-65.21989393613208/lng/-45.615234375;;;;;;;;;;;;;
26;KW_T_423a_26_0123R.tif.jpg;illustration;Agrostis scabra;Agrostis scabra;Agrostis;scabra;Flowering plants;Plantaginaceae;Vroege ereprijs;https://galerij.kb.nl/kb.html#/nl/florabatava25/page/81/zoom/3/lat/-69.53451763078357/lng/-18.45703125;;;;;;;;;;;;;
26;KW_T_423a_26_0124R.tif.jpg;illustration;Phalaris praemorsa;Phalaris paradoxa;Phalaris;paradoxa;Flowering plants;Solanaceae;Kleverige nachtschade;https://galerij.kb.nl/kb.html#/nl/florabatava25/page/82/zoom/3/lat/-69.53451763078357/lng/-18.45703125;;;;;;;;;;;;;
26;KW_T_423a_26_0125R.tif.jpg;illustration;Sistotrema confluens;Sistotrema confluens;Sistotrema;confluens;Fungi;Pyronemataceae;Kleine bruine bekerzwam;https://galerij.kb.nl/kb.html#/nl/florabatava25/page/84/zoom/3/lat/-65.21989393613208/lng/-45.615234375;;;;;;;;;;;;;
26;KW_T_423a_26_0126R.tif.jpg;illustration;Xylaria filiformis;Xylaria filiformis;Xylaria;filiformis;Fungi;Psathyrellaceae;Zwerminktzwam;https://galerij.kb.nl/kb.html#/nl/florabatava25/page/83/zoom/3/lat/-69.53451763078357/lng/-18.45703125;;;;;;;;;;;;;
26;KW_T_423a_26_0126R.tif.jpg;illustration;Xylaria guepini;Xylaria guepini;Xylaria;guepini;Flowering plants;Rosaceae;Braam spec.;https://galerij.kb.nl/kb.html#/nl/florabatava25/page/85/zoom/3/lat/-69.53451763078357/lng/-18.45703125;;;;;;;;;;;;;
26;KW_T_423a_26_0127R.tif.jpg;illustration;Rubus wahlbergii;Rubus deweveri;Rubus;deweveri;Fungi;Gomphaceae;Goudgele koraalzwam;https://galerij.kb.nl/kb.html#/nl/florabatava25/page/87/zoom/3/lat/-70.61261423801925/lng/-18.80859375;;;;;;;;;;;;;
26;KW_T_423a_26_0128R.tif.jpg;illustration;Rumex fennicus;Rumex pseudonatronatus;Rumex;pseudonatronatus;Flowering plants;Polygonaceae;;https://galerij.kb.nl/kb.html#/nl/florabatava25/page/88/zoom/3/lat/-70.61261423801925/lng/-18.80859375;;;;;;;;;;;;;
26;KW_T_423a_26_0129R.tif.jpg;illustration;Hygrophorus agathosmus;Hygrophorus agathosmus;Hygrophorus;agathosmus;Flowering plants;Rosaceae;Pluimkambraam;https://galerij.kb.nl/kb.html#/nl/florabatava25/page/89/zoom/3/lat/-62.062733258846514/lng/-25.400390625;;;;;;;;;;;;;
26;KW_T_423a_26_0130R.tif.jpg;illustration;Tricholoma russula;Hygrophorus russula;Hygrophorus;russula;Fungi;Amanitaceae;Porfieramaniet;https://galerij.kb.nl/kb.html#/nl/florabatava25/page/91/zoom/3/lat/-70.61261423801925/lng/-18.80859375;;;;;;;;;;;;;
26;KW_T_423a_26_0131R.tif.jpg;illustration;Cyphella capula;Calyptella capula;Calyptella;capula;Fungi;Hygrocybaceae;Weidewasplaat;https://galerij.kb.nl/kb.html#/nl/florabatava25/page/92/zoom/3/lat/-70.61261423801925/lng/-18.80859375;;;;;;;;;;;;;
26;KW_T_423a_26_0131R.tif.jpg;illustration;Pleurotus mitis;Panellus mitis;Panellus;mitis;Flowering plants;Rosaceae;Dauwbraam;https://galerij.kb.nl/kb.html#/nl/florabatava25/page/93/zoom/3/lat/-57.08851532788649/lng/-23.642578125;;;;;;;;;;;;;
26;KW_T_423a_26_0132R.tif.jpg;illustration;Dipsacus laciniatus;Dipsacus laciniatus;Dipsacus;laciniatus;Flowering plants;Fabaceae;;https://galerij.kb.nl/kb.html#/nl/florabatava25/page/94/zoom/3/lat/-70.61261423801925/lng/-18.80859375;;;;;;;;;;;;;
26;KW_T_423a_26_0133R.tif.jpg;illustration;Lepidum bonariense;Lepidium bonariense;Lepidium;bonariense;Fungi;Inocybaceae;Gevlekte vezelkop;https://galerij.kb.nl/kb.html#/nl/florabatava25/page/95/zoom/3/lat/-70.61261423801925/lng/-18.80859375;;;;;;;;;;;;;
26;KW_T_423a_26_0134R.tif.jpg;illustration;Polyporus leucomelas;Boletopsis leucomelaena;Boletopsis;leucomelaena;Fungi;Entolomataceae;Oranje zalmplaat;https://galerij.kb.nl/kb.html#/nl/florabatava25/page/96/zoom/3/lat/-70.61261423801925/lng/-18.80859375;;;;;;;;;;;;;
26;KW_T_423a_26_0135R.tif.jpg;illustration;Boletus felleus;Tylopilus felleus;Tylopilus;felleus;Fungi;Squamanitaceae;Rode korrelhoed;https://galerij.kb.nl/kb.html#/nl/florabatava25/page/97/zoom/3/lat/-65.21989393613208/lng/-45.615234375;;;;;;;;;;;;;
26;KW_T_423a_26_0136R.tif.jpg;illustration;Russula fellea;Russula solaris;Russula;solaris;Fungi;Peniophoraceae;Paarse eikenschorszwam;https://galerij.kb.nl/kb.html#/nl/florabatava25/page/98/zoom/3/lat/-70.61261423801925/lng/-18.80859375;;;;;;;;;;;;;
26;KW_T_423a_26_0137R.tif.jpg;illustration;Rubus rubicundus;Rubus rosaceus;Rubus;rosaceus;Flowering plants;Solanaceae;Driebloemige nachtschade;https://galerij.kb.nl/kb.html#/nl/florabatava25/page/99/zoom/3/lat/-70.61261423801925/lng/-18.80859375;;;;;;;;;;;;;
26;KW_T_423a_26_0138R.tif.jpg;illustration;Spilanthes decumbens var. macropoda;Acmella decumbens;Acmella;decumbens;Flowering plants;Poaceae;;https://galerij.kb.nl/kb.html#/nl/florabatava25/page/100/zoom/3/lat/-70.61261423801925/lng/-18.80859375;;;;;;;;;;;;;
26;KW_T_423a_26_0139R.tif.jpg;illustration;Artemisia ludovicianum;Artemisia ludoviciana;Artemisia;ludoviciana;Fungi;Omphalotaceae;Bleke knoflooktaailing;https://galerij.kb.nl/kb.html#/nl/florabatava25/page/102/zoom/3/lat/-70.61261423801925/lng/-18.80859375;;;;;;;;;;;;;
26;KW_T_423a_26_0140R.tif.jpg;illustration;Naucoria (Pholiota) erinacea;Phaeomarasmius erinaceus;Phaeomarasmius;erinaceus;Fungi;Clitocybaceae;Knotsvoettrechterzwam;https://galerij.kb.nl/kb.html#/nl/florabatava25/page/103/zoom/3/lat/-70.61261423801925/lng/-18.80859375;;;;;;;;;;;;;
26;KW_T_423a_26_0140R.tif.jpg;illustration;Naucoria cucumis;Macrocystidia cucumis;Macrocystidia;cucumis;Flowering plants;Rosaceae;Zilveren viltbraam;https://galerij.kb.nl/kb.html#/nl/florabatava26/page/16/zoom/3/lat/-65.36683689226321/lng/-35.15625;;;;;;;;;;;;;
26;KW_T_423a_26_0141R.tif.jpg;illustration;Lactarius uvidus;Lactarius uvidus?;Lactarius;uvidus?;Flowering plants;Poaceae;Ruw struisgras;https://galerij.kb.nl/kb.html#/nl/florabatava26/page/17/zoom/3/lat/-65.36683689226321/lng/-35.15625;;;;;;;;;;;;;
26;KW_T_423a_26_0142R.tif.jpg;illustration;Rubus kaltenbachii;Rubus projectus;Rubus;projectus;Flowering plants;Poaceae;;https://galerij.kb.nl/kb.html#/nl/florabatava26/page/18/zoom/3/lat/-65.36683689226321/lng/-35.15625;;;;;;;;;;;;;
26;KW_T_423a_26_0143R.tif.jpg;illustration;Axyris amaranthoides;Axyris amaranthoides;Axyris;amaranthoides;Fungi;Hydnaceae;Stinktolletje;https://galerij.kb.nl/kb.html#/nl/florabatava26/page/19/zoom/3/lat/-65.36683689226321/lng/-35.15625;;;;;;;;;;;;;
26;KW_T_423a_26_0144R.tif.jpg;illustration;Nidularia confluens;Mycocalia denudata;Mycocalia;denudata;Fungi;Xylariaceae;Draadvormige geweizwam;https://galerij.kb.nl/kb.html#/nl/florabatava26/page/21/zoom/3/lat/-63.704722429433225/lng/-14.501953124999998;;;;;;;;;;;;;
26;KW_T_423a_26_0144R.tif.jpg;illustration;Stropharia stercoraria;Stropharia semiglobata;Stropharia;semiglobata;Fungi;Xylariaceae;Mestgeweizwam;https://galerij.kb.nl/kb.html#/nl/florabatava26/page/20/zoom/3/lat/-65.36683689226321/lng/-35.15625;;;;;;;;;;;;;
26;KW_T_423a_26_0145R.tif.jpg;illustration;Pholiota (Rozites) caperata;Cortinarius caperatus;Cortinarius;caperatus;Flowering plants;Rosaceae;Bleke kantbraam;https://galerij.kb.nl/kb.html#/nl/florabatava26/page/22/zoom/3/lat/-67.06743335108297/lng/-33.92578125;;;;;;;;;;;;;
26;KW_T_423a_26_0145R.tif.jpg;illustration;Clavaria muscoides;Clavulinopsis corniculata;Clavulinopsis;corniculata;Flowering plants;Polygonaceae;;https://galerij.kb.nl/kb.html#/nl/florabatava26/page/23/zoom/3/lat/-67.06743335108297/lng/-33.92578125;;;;;;;;;;;;;
26;KW_T_423a_26_0146R.tif.jpg;illustration;Centaurea iberica;Centaurea iberica;Centaurea;iberica;Fungi;Hygrophoraceae;Amandelslijmkop;https://galerij.kb.nl/kb.html#/nl/florabatava26/page/25/zoom/3/lat/-67.06743335108297/lng/-33.92578125;;;;;;;;;;;;;
26;KW_T_423a_26_0147R.tif.jpg;illustration;Artemisia longifolia;Artemisia longifolia;Artemisia;longifolia;Fungi;Hygrophoraceae;Roze slijmkop;https://galerij.kb.nl/kb.html#/nl/florabatava26/page/26/zoom/3/lat/-67.06743335108297/lng/-33.92578125;;;;;;;;;;;;;
26;KW_T_423a_26_0148R.tif.jpg;illustration;Flammula sapinea;Coniferspilus spec.;Coniferspilus;spec.;Fungi;Marasmiaceae;Brandnetelklokje;https://galerij.kb.nl/kb.html#/nl/florabatava26/page/28/zoom/3/lat/-66.86108230224609/lng/-18.193359375;;;;;;;;;;;;;
26;KW_T_423a_26_0149R.tif.jpg;illustration;Hydnum infundibulum;Bankera fuligineoalba;Bankera;fuligineoalba;Fungi;Mycenaceae;Dennenschelpzwam;https://galerij.kb.nl/kb.html#/nl/florabatava26/page/27/zoom/3/lat/-66.79190947341796/lng/-33.92578125;;;;;;;;;;;;;
26;KW_T_423a_26_0150R.tif.jpg;illustration;Rumex bucephalophorus;Rumex bucephalophorus;Rumex;bucephalophorus;Flowering plants;Caprifoliaceae;Slipbladkaardenbol;https://galerij.kb.nl/kb.html#/nl/florabatava26/page/29/zoom/3/lat/-66.79190947341796/lng/-33.92578125;;;;;;;;;;;;;
26;KW_T_423a_26_0151R.tif.jpg;illustration;Rumex x areschougii (= R palustris x crispus )- Basterd tusschen Rumex palustris en R crispus;Rumex palustris x crispus;Rumex;palustris x crispus;Flowering plants;Brassicaceae;;https://galerij.kb.nl/kb.html#/nl/florabatava26/page/30/zoom/3/lat/-66.79190947341796/lng/-33.92578125;;;;;;;;;;;;;
26;KW_T_423a_26_0152R.tif.jpg;illustration;Coprinus boudieri;Coprinellus angulatus;Coprinellus;angulatus;Fungi;Bankeraceae;Grijze schijnboleet;https://galerij.kb.nl/kb.html#/nl/florabatava26/page/31/zoom/3/lat/-66.79190947341796/lng/-33.92578125;;;;;;;;;;;;;
26;KW_T_423a_26_0152R.tif.jpg;illustration;Merulus corium;Byssomerulius corium;Byssomerulius;corium;Fungi;Boletaceae;Bittere boleet;https://galerij.kb.nl/kb.html#/nl/florabatava26/page/32/zoom/3/lat/-53.90433815627469/lng/-95.185546875;;;;;;;;;;;;;
26;KW_T_423a_26_0153R.tif.jpg;illustration;Russula cyanoxantha;Russula cyanoxantha;Russula;cyanoxantha;Fungi;Russulaceae;Zonnerussula;https://galerij.kb.nl/kb.html#/nl/florabatava26/page/33/zoom/3/lat/-66.79190947341796/lng/-33.92578125;;;;;;;;;;;;;
26;KW_T_423a_26_0154R.tif.jpg;illustration;Rubus hirtifolius;Rubus cf. polyanthemus;Rubus;cf. polyanthemus;Flowering plants;Rosaceae;Rode borstelbraam;https://galerij.kb.nl/kb.html#/nl/florabatava26/page/34/zoom/3/lat/-66.79190947341796/lng/-33.92578125;;;;;;;;;;;;;
26;KW_T_423a_26_0155R.tif.jpg;illustration;Boltonia asteroides;Boltonia asteroides;Boltonia;asteroides;Flowering plants;Asteraceae;;https://galerij.kb.nl/kb.html#/nl/florabatava26/page/35/zoom/3/lat/-66.79190947341796/lng/-33.92578125;;;;;;;;;;;;;
26;KW_T_423a_26_0156R.tif.jpg;illustration;Malva parviflora;Malva parviflora;Malva;parviflora;Flowering plants;Asteraceae;;https://galerij.kb.nl/kb.html#/nl/florabatava26/page/36/zoom/3/lat/-66.79190947341796/lng/-33.92578125;;;;;;;;;;;;;
26;KW_T_423a_26_0157R.tif.jpg;illustration;Cortinarius (Dermocybe) cinnabarinus;Cortinarius sanguineus;Cortinarius;sanguineus;Fungi;Tubariaceae;Egelzwammetje;https://galerij.kb.nl/kb.html#/nl/florabatava26/page/38/zoom/3/lat/-67.40748724648755/lng/-11.865234375;;;;;;;;;;;;;
26;KW_T_423a_26_0157R.tif.jpg;illustration;Russula linnaei;Russula xerampelina;Russula;xerampelina;Fungi;Macrocystidiaceae;Levertraanzwam;https://galerij.kb.nl/kb.html#/nl/florabatava26/page/37/zoom/3/lat/-66.79190947341796/lng/-33.92578125;;;;;;;;;;;;;
26;KW_T_423a_26_0158R.tif.jpg;illustration;Cortinarius (Phlegmacium) croceo-caeruleus;Cortinarius croceocaeruleus;Cortinarius;croceocaeruleus;Fungi;Russulaceae;Violetvlekkende melkzwam?;https://galerij.kb.nl/kb.html#/nl/florabatava26/page/39/zoom/3/lat/-66.79190947341796/lng/-33.92578125;;;;;;;;;;;;;
26;KW_T_423a_26_0158R.tif.jpg;illustration;Tricholoma ionides;Calocybe ionides;Calocybe;ionides;Flowering plants;Rosaceae;;https://galerij.kb.nl/kb.html#/nl/florabatava26/page/40/zoom/3/lat/-66.79190947341796/lng/-33.92578125;;;;;;;;;;;;;
26;KW_T_423a_26_0159R.tif.jpg;illustration;Hygrophorus miniatus;Hygrocybe miniata;Hygrocybe;miniata;Flowering plants;Amaranthaceae;Hoornmelde;https://galerij.kb.nl/kb.html#/nl/florabatava26/page/41/zoom/3/lat/-66.79190947341796/lng/-33.92578125;;;;;;;;;;;;;
26;KW_T_423a_26_0159R.tif.jpg;illustration;Hygrophorus puniceus;Hygrocybe punicea;Hygrocybe;punicea;Fungi;Agaricaceae;Bleke dwergnestzwam;https://galerij.kb.nl/kb.html#/nl/florabatava26/page/42/zoom/3/lat/-66.79190947341796/lng/-33.92578125;;;;;;;;;;;;;
26;KW_T_423a_26_0160R.tif.jpg;illustration;Lepiota odorata;Squamanita odorata;Squamanita;odorata;Fungi;Strophariaceae;Kleefsteelstropharia;https://galerij.kb.nl/kb.html#/nl/florabatava26/page/43/zoom/3/lat/-65.21989393613208/lng/-8.701171874999998;;;;;;;;;;;;;
26;KW_T_423a_26_0160R.tif.jpg;illustration;Mycena pelianthina;Mycena pelianthina;Mycena;pelianthina;Fungi;Cortinariaceae;Meelkop;https://galerij.kb.nl/kb.html#/nl/florabatava26/page/44/zoom/3/lat/-66.79190947341796/lng/-33.92578125;;;;;;;;;;;;;
26;KW_T_423a_26_0161R.tif.jpg;illustration;Polyporus adustus;Bjerkandera adusta;Bjerkandera;adusta;Fungi;Clavariaceae;Sikkelkoraalzwam;https://galerij.kb.nl/kb.html#/nl/florabatava26/page/44/zoom/3/lat/-76.49631101453926/lng/-30.146484374999996;;;;;;;;;;;;;
26;KW_T_423a_26_0162R.tif.jpg;illustration;Rubus sulcatus;Rubus sulcatus?;Rubus;sulcatus?;Flowering plants;Asteraceae;;https://galerij.kb.nl/kb.html#/nl/florabatava26/page/46/zoom/3/lat/-66.79190947341796/lng/-33.92578125;;;;;;;;;;;;;
26;KW_T_423a_26_0163R.tif.jpg;illustration;Nicotiana affinis;Nicotiana alata;Nicotiana;alata;Flowering plants;Asteraceae;;https://galerij.kb.nl/kb.html#/nl/florabatava26/page/47/zoom/3/lat/-67.87554134672945/lng/-34.98046875;;;;;;;;;;;;;
26;KW_T_423a_26_0164R.tif.jpg;illustration;Rubus lindleyanus;Rubus adspersus;Rubus;adspersus;Fungi;Strophariaceae;Vlamhoed spec.;https://galerij.kb.nl/kb.html#/nl/florabatava26/page/48/zoom/3/lat/-67.87554134672945/lng/-34.98046875;;;;;;;;;;;;;
26;KW_T_423a_26_0165R.tif.jpg;illustration;Calendula arvensis;Calendula arvensis;Calendula;arvensis;Fungi;Bankeraceae;Blozende stekelzwam;https://galerij.kb.nl/kb.html#/nl/florabatava26/page/49/zoom/3/lat/-67.87554134672945/lng/-34.98046875;;;;;;;;;;;;;
26;KW_T_423a_26_0166R.tif.jpg;illustration;Flammula lenta;Pholiota lenta;Pholiota;lenta;Flowering plants;Polygonaceae;;https://galerij.kb.nl/kb.html#/nl/florabatava26/page/50/zoom/3/lat/-66.86108230224609/lng/-34.98046875;;;;;;;;;;;;;
26;KW_T_423a_26_0167R.tif.jpg;illustration;Stereum sanguinolentum;Stereum sanguinolentum;Stereum;sanguinolentum;Fungi;Psathyrellaceae;Brandplekinktzwam;https://galerij.kb.nl/kb.html#/nl/florabatava26/page/52/zoom/3/lat/-66.86108230224609/lng/-34.98046875;;;;;;;;;;;;;
26;KW_T_423a_26_0167R.tif.jpg;illustration;Stereum frustulosum;Xylobolus frustulatus;Xylobolus;frustulatus;Fungi;Irpicaceae;Papierzwammetje;https://galerij.kb.nl/kb.html#/nl/florabatava26/page/53/zoom/2/lat/-68.91100484562018/lng/-39.90234375;;;;;;;;;;;;;
26;KW_T_423a_26_0168R.tif.jpg;illustration;Hydnum acre;Hydnellum compactum;Hydnellum;compactum;Fungi;Russulaceae;Regenboogrussula;https://galerij.kb.nl/kb.html#/nl/florabatava26/page/54/zoom/3/lat/-66.86108230224609/lng/-34.98046875;;;;;;;;;;;;;
26;KW_T_423a_26_0169R.tif.jpg;illustration;Trametes pini;Porodaedalea pini;Porodaedalea;pini;Flowering plants;Asteraceae;;https://galerij.kb.nl/kb.html#/nl/florabatava26/page/56/zoom/3/lat/-66.86108230224609/lng/-34.98046875;;;;;;;;;;;;;
26;KW_T_423a_26_0170R.tif.jpg;illustration;Rubus pallidus;Rubus spec.;Rubus;spec.;Flowering plants;Malvaceae;Kleinbloemig kaasjeskruid;https://galerij.kb.nl/kb.html#/nl/florabatava26/page/57/zoom/3/lat/-66.86108230224609/lng/-34.98046875;;;;;;;;;;;;;
26;KW_T_423a_26_0171R.tif.jpg;illustration;Abutilon avicennae;Abutilon theophrasti;Abutilon;theophrasti;Fungi;Cortinariaceae;Bloedrode gordijnzwam;https://galerij.kb.nl/kb.html#/nl/florabatava26/page/58/zoom/3/lat/-66.86108230224609/lng/-34.98046875;;;;;;;;;;;;;
26;KW_T_423a_26_0172R.tif.jpg;illustration;Lamprospora miniata;Lamprospora spec.;Lamprospora;spec.;Fungi;Russulaceae;Visige russula;https://galerij.kb.nl/kb.html#/nl/florabatava26/page/58/zoom/3/lat/-66.86108230224609/lng/-34.98046875;;;;;;;;;;;;;
26;KW_T_423a_26_0173R.tif.jpg;illustration;Eccilia cancrina;Entoloma undatum;Entoloma;undatum;Fungi;Cortinariaceae;Paarse galgordijnzwam;https://galerij.kb.nl/kb.html#/nl/florabatava26/page/61/zoom/3/lat/-64.62387720204688/lng/-29.267578125;;;;;;;;;;;;;
26;KW_T_423a_26_0173R.tif.jpg;illustration;Eccilia rusticoides;Entoloma rusticoides;Entoloma;rusticoides;Fungi;Lyophyllaceae;Paarse pronkridder;https://galerij.kb.nl/kb.html#/nl/florabatava26/page/60/zoom/3/lat/-66.86108230224609/lng/-34.98046875;;;;;;;;;;;;;
26;KW_T_423a_26_0174R.tif.jpg;illustration;Viscaria vulgaris;Silene viscaria;Silene;viscaria;Fungi;Hygrocybaceae;Gewoon vuurzwammetje;https://galerij.kb.nl/kb.html#/nl/florabatava26/page/63/zoom/3/lat/-62.91523303947613/lng/-1.494140625;;;;;;;;;;;;;
26;KW_T_423a_26_0175R.tif.jpg;illustration;Sporobolus indicus;Sporobolus indicus;Sporobolus;indicus;Fungi;Hygrocybaceae;Granaatbloemwasplaat;https://galerij.kb.nl/kb.html#/nl/florabatava26/page/62/zoom/3/lat/-66.86108230224609/lng/-34.98046875;;;;;;;;;;;;;
26;KW_T_423a_26_0176R.tif.jpg;illustration;Ustulina vulgaris (Hypoxylon ustulatum;Kretzschmaria deusta;Kretzschmaria;deusta;Fungi;Squamanitaceae;Odeurzwammetje;https://galerij.kb.nl/kb.html#/nl/florabatava26/page/64/zoom/3/lat/-66.86108230224609/lng/-34.98046875;;;;;;;;;;;;;
26;KW_T_423a_26_0177R.tif.jpg;illustration;Boletus appendiculatus;Butyriboletus appendiculatus;Butyriboletus;appendiculatus;Fungi;Mycenaceae;Purpersnedemycena;https://galerij.kb.nl/kb.html#/nl/florabatava26/page/65/zoom/3/lat/-68.52823492039876/lng/-23.115234374999996;;;;;;;;;;;;;
26;KW_T_423a_26_0178R.tif.jpg;illustration;Rubus argeteus;Rubus elegantispinosus;Rubus;elegantispinosus;Fungi;Phanerochaetaceae;Grijze buisjeszwam;https://galerij.kb.nl/kb.html#/nl/florabatava26/page/66/zoom/3/lat/-66.86108230224609/lng/-34.98046875;;;;;;;;;;;;;
26;KW_T_423a_26_0179R.tif.jpg;illustration;Amaranthus crispus;Amaranthus crispus;Amaranthus;crispus;Flowering plants;Rosaceae;Groefstokbraam?;https://galerij.kb.nl/kb.html#/nl/florabatava26/page/67/zoom/3/lat/-66.86108230224609/lng/-34.98046875;;;;;;;;;;;;;
26;KW_T_423a_26_0180R.tif.jpg;illustration;Clavaria fuscata;Clavaria fuscata;Clavaria;fuscata;Flowering plants;Solanaceae;Siertabak;https://galerij.kb.nl/kb.html#/nl/florabatava26/page/69/zoom/3/lat/-66.86108230224609/lng/-34.98046875;;;;;;;;;;;;;
26;KW_T_423a_26_0180R.tif.jpg;illustration;Clavaria ligula;Clavariadelphus ligula;Clavariadelphus;ligula;Flowering plants;Rosaceae;Spikkelhaagbraam;https://galerij.kb.nl/kb.html#/nl/florabatava26/page/71/zoom/3/lat/-66.86108230224609/lng/-34.98046875;;;;;;;;;;;;;
26;KW_T_423a_26_0180R.tif.jpg;illustration;Clavaria similis;Clavulinopsis helvola;Clavulinopsis;helvola;Flowering plants;Asteraceae;Akkergoudsbloem;https://galerij.kb.nl/kb.html#/nl/florabatava26/page/72/zoom/3/lat/-66.86108230224609/lng/-34.98046875;;;;;;;;;;;;;
26;KW_T_423a_26_0181R.tif.jpg;illustration;Amanita spissa;Amanita excelsa;Amanita;excelsa;Fungi;Strophariaceae;Slijmerige blekerik;https://galerij.kb.nl/kb.html#/nl/florabatava26/page/73/zoom/3/lat/-66.86108230224609/lng/-34.98046875;;;;;;;;;;;;;
26;KW_T_423a_26_0182R.tif.jpg;illustration;Medicago murex;Medicago murex;Medicago;murex;Fungi;Stereaceae;Dennenbloedzwam;https://galerij.kb.nl/kb.html#/nl/florabatava26/page/74/zoom/3/lat/-66.86108230224609/lng/-34.98046875;;;;;;;;;;;;;
26;KW_T_423a_26_0183R.tif.jpg;illustration;Dracocephalum parviflorum;Dracocephalum parviflorum;Dracocephalum;parviflorum;Fungi;Stereaceae;Mozaïekzwam;https://galerij.kb.nl/kb.html#/nl/florabatava26/page/75/zoom/3/lat/-64.47279382008165/lng/-3.251953125;;;;;;;;;;;;;
26;KW_T_423a_26_0184R.tif.jpg;illustration;Psathyrella prona;Psathyrella spec.;Psathyrella;spec.;Fungi;Bankeraceae;Scherpe stekelzwam;https://galerij.kb.nl/kb.html#/nl/florabatava26/page/76/zoom/3/lat/-66.86108230224609/lng/-34.98046875;;;;;;;;;;;;;
26;KW_T_423a_26_0184R.tif.jpg;illustration;Panaeolus acuminatus;Panaeolus acuminatus;Panaeolus;acuminatus;Fungi;Hymenochaetaceae;Dennenvuurzwam;https://galerij.kb.nl/kb.html#/nl/florabatava26/page/77/zoom/3/lat/-66.86108230224609/lng/-34.98046875;;;;;;;;;;;;;
26;KW_T_423a_26_0185R.tif.jpg;illustration;Pluteus nanus;Pluteus romellii;Pluteus;romellii;Flowering plants;Rosaceae;Braam spec.;https://galerij.kb.nl/kb.html#/nl/florabatava26/page/78/zoom/3/lat/-58.67693767258692/lng/-86.396484375;;;;;;;;;;;;;
26;KW_T_423a_26_0185R.tif.jpg;illustration;Pluteus chrysophaeus;Pluteus chrysophaeus;Pluteus;chrysophaeus;Flowering plants;Malvaceae;Fluweelblad;https://galerij.kb.nl/kb.html#/nl/florabatava26/page/79/zoom/3/lat/-66.86108230224609/lng/-34.98046875;;;;;;;;;;;;;
26;KW_T_423a_26_0186R.tif.jpg;illustration;Rubus foliosus;Rubus foliosus;Rubus;foliosus;Fungi;Pyronemataceae;Mosschijfje spec.;https://galerij.kb.nl/kb.html#/nl/florabatava26/page/80/zoom/3/lat/-66.86108230224609/lng/-34.98046875;;;;;;;;;;;;;
26;KW_T_423a_26_0187R.tif.jpg;illustration;Verbascum blattaria floribus albis;Verbascum blattaria;Verbascum;blattaria;Fungi;Entolomataceae;Geribbelde satijnzwam;https://galerij.kb.nl/kb.html#/nl/florabatava26/page/81/zoom/3/lat/-66.86108230224609/lng/-34.98046875;;;;;;;;;;;;;
26;KW_T_423a_26_0188R.tif.jpg;illustration;Tricholoma ramentaceum (Tricholoma squamulosa);Tricholoma squarrulosum;Tricholoma;squarrulosum;Fungi;Entolomataceae;Kortstelige satijnzwam;https://galerij.kb.nl/kb.html#/nl/florabatava26/page/81/zoom/3/lat/-66.86108230224609/lng/-34.98046875;;;;;;;;;;;;;
26;KW_T_423a_26_0189R.tif.jpg;illustration;Hebeloma sacchariolens;Hebeloma sacchariolens s.l.;Hebeloma;sacchariolens s.l.;Flowering plants;Caryophyllaceae;Rode pekanjer;https://galerij.kb.nl/kb.html#/nl/florabatava26/page/82/zoom/3/lat/-66.86108230224609/lng/-34.98046875;;;;;;;;;;;;;
26;KW_T_423a_26_0190R.tif.jpg;illustration;Rubus lindleyanus;Rubus adspersus;Rubus;adspersus;Flowering plants;Poaceae;Rattenstaartgras;https://galerij.kb.nl/kb.html#/nl/florabatava26/page/83/zoom/3/lat/-66.86108230224609/lng/-34.98046875;;;;;;;;;;;;;
26;KW_T_423a_26_0191R.tif.jpg;illustration;Rumex obovatus;Rumex obovatus;Rumex;obovatus;Fungi;Xylariaceae;Korsthoutskoolzwam;https://galerij.kb.nl/kb.html#/nl/florabatava26/page/84/zoom/3/lat/-66.86108230224609/lng/-34.98046875;;;;;;;;;;;;;
26;KW_T_423a_26_0192R.tif.jpg;illustration;Coprinus niveus;Coprinopsis nivea;Coprinopsis;nivea;Fungi;Boletaceae;Geelnetboleet;https://galerij.kb.nl/kb.html#/nl/florabatava26/page/85/zoom/3/lat/-66.86108230224609/lng/-34.98046875;;;;;;;;;;;;;
26;KW_T_423a_26_0193R.tif.jpg;illustration;Pleurotus applicatus;Resupinatus applicatus ;Resupinatus;applicatus;Flowering plants;Rosaceae;;https://galerij.kb.nl/kb.html#/nl/florabatava26/page/86/zoom/3/lat/-66.86108230224609/lng/-34.98046875;;;;;;;;;;;;;
26;KW_T_423a_26_0193R.tif.jpg;illustration;Pleurotus corticatus var tephrotrichus;Pleurotus dryinus;Pleurotus;dryinus;Flowering plants;Amaranthaceae;;https://galerij.kb.nl/kb.html#/nl/florabatava26/page/87/zoom/3/lat/-66.86108230224609/lng/-34.98046875;;;;;;;;;;;;;
26;KW_T_423a_26_0194R.tif.jpg;illustration;Rubus fuscus;Rubus spec. serie Pallidi ;Rubus;spec. serie Pallidi;Fungi;Clavariaceae;[Knoflookknotszwam];https://galerij.kb.nl/kb.html#/nl/florabatava26/page/88/zoom/3/lat/-66.86108230224609/lng/-34.98046875;;;;;;;;;;;;;
26;KW_T_423a_26_0195R.tif.jpg;illustration;Morchella elata;Morchella elata;Morchella;elata;Fungi;Gomphaceae;[nog geen Nederlandse naam];https://galerij.kb.nl/kb.html#/nl/florabatava26/page/88/zoom/3/lat/-66.86108230224609/lng/-34.98046875;;;;;;;;;;;;;
26;KW_T_423a_26_0196R.tif.jpg;illustration;Merasmius perforans;Coniferspus perforans;Coniferspus;perforans;Fungi;Clavariaceae;Gele knotszwam;https://galerij.kb.nl/kb.html#/nl/florabatava26/page/88/zoom/3/lat/-66.86108230224609/lng/-34.98046875;;;;;;;;;;;;;
26;KW_T_423a_26_0197R.tif.jpg;illustration;Cyphella sulfurea;Calyptella capula s.l.;Calyptella;capula s.l.;Fungi;Amanitaceae;Grauwe amaniet;https://galerij.kb.nl/kb.html#/nl/florabatava26/page/90/zoom/3/lat/-66.86108230224609/lng/-34.98046875;;;;;;;;;;;;;
26;KW_T_423a_26_0197R.tif.jpg;illustration;Odontia aurea;Mycoacia uda;Mycoacia;uda;Flowering plants;Fabaceae;;https://galerij.kb.nl/kb.html#/nl/florabatava26/page/91/zoom/3/lat/-66.86108230224609/lng/-34.98046875;;;;;;;;;;;;;
26;KW_T_423a_26_0198R.tif.jpg;illustration;Reseda phyteuma;Reseda inodora;Reseda;inodora;Flowering plants;Lamiaceae;;https://galerij.kb.nl/kb.html#/nl/florabatava26/page/92/zoom/3/lat/-66.86108230224609/lng/-34.98046875;;;;;;;;;;;;;
26;KW_T_423a_26_0199R.tif.jpg;illustration;Pleurotus serotinus;Sarcomyxa serotina;Sarcomyxa;serotina;Fungi;Psathyrellaceae;Franjehoed spec.;https://galerij.kb.nl/kb.html#/nl/florabatava26/page/93/zoom/3/lat/-66.86108230224609/lng/-34.98046875;;;;;;;;;;;;;
26;KW_T_423a_26_0199R.tif.jpg;illustration;Pleurotus cornucopioides var sapidus;Pleurotus cornucopiae;Pleurotus;cornucopiae;Fungi;Galeropsidaceae;Spitse vlekplaat;https://galerij.kb.nl/kb.html#/nl/florabatava26/page/93/zoom/3/lat/-66.86108230224609/lng/-34.98046875;;;;;;;;;;;;;
26;KW_T_423a_26_0200R.tif.jpg;illustration;Clavaria kunzei;Ramariopsis kunzei;Ramariopsis;kunzei;Fungi;Pluteaceae;Geelsteelhertenzwam;https://galerij.kb.nl/kb.html#/nl/florabatava26/page/96/zoom/2/lat/-73.02259157147299/lng/-37.79296875;;;;;;;;;;;;;
26;KW_T_423a_26_0201R.tif.jpg;illustration;Pholiota erebia;Agrocybe erebia;Agrocybe;erebia;Fungi;Pluteaceae;Gele aderhertenzwam;https://galerij.kb.nl/kb.html#/nl/florabatava26/page/96/zoom/2/lat/-73.02259157147299/lng/-37.79296875;;;;;;;;;;;;;
27;KW_T_423a_27_0133R.tif.jpg;illustration;Rubus sciaphilus lange x pyramidalis forma brevis;Rubus gratus;Rubus;gratus;Flowering plants;Rosaceae;Bladhumusbraam;https://galerij.kb.nl/kb.html#/nl/florabatava26/page/97/zoom/3/lat/-66.86108230224609/lng/-34.98046875;;;;;;;;;;;;;
27;KW_T_423a_27_0134R.tif.jpg;illustration;Verbena bracteosa;Verbena bracteata;Verbena;bracteata;Flowering plants;Scrophulariaceae;Mottenkruid;https://galerij.kb.nl/kb.html#/nl/florabatava26/page/99/zoom/3/lat/-58.58543569119916/lng/-84.462890625;;;;;;;;;;;;;
27;KW_T_423a_27_0135R.tif.jpg;illustration;Polyporus dryadeus;Pseudoinonotus dryadeus;Pseudoinonotus;dryadeus;Fungi;Tricholomataceae;Spikkelsteelridderzwam;https://galerij.kb.nl/kb.html#/nl/florabatava26/page/100/zoom/3/lat/-68.33437594128185/lng/-36.38671875;;;;;;;;;;;;;
27;KW_T_423a_27_0136R.tif.jpg;illustration;Collybia ringrata;Coniferspus spec.;Coniferspus;spec.;Flowering plants;Rosaceae;Spikkelhaagbraam;https://galerij.kb.nl/kb.html#/nl/florabatava26/page/71/zoom/3/lat/-66.86108230224609/lng/-34.98046875;;;;;;;;;;;;;
27;KW_T_423a_27_0137R.tif.jpg;illustration;Rubus sciaphilus lange x pyramidalis forma elongata;Rubus glandithyrsos;Rubus;glandithyrsos;Flowering plants;Polygonaceae;;https://galerij.kb.nl/kb.html#/nl/florabatava26/page/103/zoom/3/lat/-68.33437594128185/lng/-36.38671875;;;;;;;;;;;;;
27;KW_T_423a_27_0138R.tif.jpg;illustration;Geum aleppicum;Geum spec.;Geum;spec.;Fungi;Psathyrellaceae;Witte mestinktzwam;https://galerij.kb.nl/kb.html#/nl/florabatava26/page/105/zoom/3/lat/-68.33437594128185/lng/-36.38671875;;;;;;;;;;;;;
27;KW_T_423a_27_0139R.tif.jpg;illustration;Trametes hispida;Coriolopsis spec.;Coriolopsis;spec.;Fungi;Resupinataceae;Kaal dwergoortje;https://galerij.kb.nl/kb.html#/nl/florabatava26/page/107/zoom/3/lat/-65.80277639340238/lng/-90.966796875;;;;;;;;;;;;;
27;KW_T_423a_27_0139R.tif.jpg;illustration;Trametes serpens;Diplomitoporus flavescens;Diplomitoporus;flavescens;Fungi;Pleurotaceae;Schubbige oesterzwam;https://galerij.kb.nl/kb.html#/nl/florabatava26/page/106/zoom/3/lat/-68.33437594128185/lng/-36.38671875;;;;;;;;;;;;;
27;KW_T_423a_27_0140R.tif.jpg;illustration;Arcyria nutans;Arcyria obvelata;Arcyria;obvelata;Fungi;Morchellaceae;Kegelmorielje;https://galerij.kb.nl/kb.html#/nl/florabatava26/page/109/zoom/3/lat/-68.33437594128185/lng/-36.38671875;;;;;;;;;;;;;
27;KW_T_423a_27_0140R.tif.jpg;illustration;Brefeldia maxima;Brefeldia maxima;Brefeldia;maxima;Fungi;Omphalotaceae;#N/A;https://galerij.kb.nl/kb.html#/nl/florabatava26/page/110/zoom/3/lat/-68.33437594128185/lng/-36.38671875;;;;;;;;;;;;;
27;KW_T_423a_27_0141R.tif.jpg;illustration;Rubus sciaphilus;Rubus gratus;Rubus;gratus;Fungi;Meruliaceae;Gele stekelkorstzwam;https://galerij.kb.nl/kb.html#/nl/florabatava26/page/111/zoom/3/lat/-68.33437594128185/lng/-36.38671875;;;;;;;;;;;;;
27;KW_T_423a_27_0142R.tif.jpg;illustration;Plantago psyllium;Plantago afra;Plantago;afra;Flowering plants;Resedaceae;Kleine reseda;https://galerij.kb.nl/kb.html#/nl/florabatava26/page/113/zoom/3/lat/-68.33437594128185/lng/-36.38671875;;;;;;;;;;;;;
27;KW_T_423a_27_0143R.tif.jpg;illustration;Pluteus salicinus;Pluteus salicinus;Pluteus;salicinus;Fungi;Sarcomyxaceae;Groene schelpzwam;https://galerij.kb.nl/kb.html#/nl/florabatava26/page/114/zoom/3/lat/-68.33437594128185/lng/-36.38671875;;;;;;;;;;;;;
27;KW_T_423a_27_0143R.tif.jpg;illustration;Pluteus patricius = Pluteus cervinus var. patricius;Pluteus spec.;Pluteus;spec.;Fungi;Pleurotaceae;Trechteroesterzwam;https://galerij.kb.nl/kb.html#/nl/florabatava26/page/115/zoom/3/lat/-59.80063426102868/lng/-64.072265625;;;;;;;;;;;;;
27;KW_T_423a_27_0144R.tif.jpg;illustration;Hygrophorus obrusseus;Hygrocybe acutoconica s.l. ;Hygrocybe;acutoconica s.l.;Fungi;Clavariaceae;Ivoorkoraaltje?;https://galerij.kb.nl/kb.html#/nl/florabatava26/page/116/zoom/3/lat/-68.33437594128185/lng/-36.38671875;;;;;;;;;;;;;
27;KW_T_423a_27_0144R.tif.jpg;illustration;Hygrophorus ceraceus;Hygrcybe chlorophana;Hygrcybe;chlorophana;Fungi;Strophariaceae;Leverkleurige leemhoed;https://galerij.kb.nl/kb.html#/nl/florabatava26/page/117/zoom/3/lat/-68.33437594128185/lng/-36.38671875;;;;;;;;;;;;;
27;KW_T_423a_27_0144R.tif.jpg;illustration;Lactarius aurantiacus;Lactarius aurantiacus;Lactarius;aurantiacus;Flowering plants;Rosaceae;Zoete haarbraam;https://galerij.kb.nl/kb.html#/nl/florabatava27/page/7/zoom/3/lat/-57.18390185831187/lng/4.306640625;;;;;;;;;;;;;
27;KW_T_423a_27_0145R.tif.jpg;illustration;Verbena bonariensis;Verbena bonariensis;Verbena;bonariensis;Flowering plants;Verbenaceae;;https://galerij.kb.nl/kb.html#/nl/florabatava27/page/8/zoom/3/lat/-64.24459476798192/lng/-34.62890625;;;;;;;;;;;;;
27;KW_T_423a_27_0146R.tif.jpg;illustration;Aster lindleyanus;Symphyotrichum ciliolatum;Symphyotrichum;ciliolatum;Fungi;Hymenochaetaceae;Eikenweerschijnzwam;https://galerij.kb.nl/kb.html#/nl/florabatava27/page/9/zoom/3/lat/-64.24459476798192/lng/-34.62890625;;;;;;;;;;;;;
27;KW_T_423a_27_0147R.tif.jpg;illustration;Xylaria carpophila;Xylaria carpophila;Xylaria;carpophila;Fungi;Omphalotaceae;#N/A;https://galerij.kb.nl/kb.html#/nl/florabatava27/page/10/zoom/3/lat/-64.24459476798192/lng/-34.62890625;;;;;;;;;;;;;
27;KW_T_423a_27_0147R.tif.jpg;illustration;Sclerotinia richteriana;Stromatinia rapulum;Stromatinia;rapulum;Flowering plants;Rosaceae;Rode contrastbraam;https://galerij.kb.nl/kb.html#/nl/florabatava27/page/12/zoom/3/lat/-59.7563950493563/lng/-11.162109375;;;;;;;;;;;;;
27;KW_T_423a_27_0148R.tif.jpg;illustration;Pholiota dura;Agrocybe praecox;Agrocybe;praecox;Flowering plants;Rosaceae;Nagelkruid spec.;https://galerij.kb.nl/kb.html#/nl/florabatava27/page/13/zoom/3/lat/-64.24459476798192/lng/-34.62890625;;;;;;;;;;;;;
27;KW_T_423a_27_0149R.tif.jpg;illustration;Rubus divergens f. convexa x sprengelii;Rubus paludosus;Rubus;paludosus;Fungi;Polyporaceae;Borstelkurkzwam spec.;https://galerij.kb.nl/kb.html#/nl/florabatava27/page/14/zoom/3/lat/-64.24459476798192/lng/-34.62890625;;;;;;;;;;;;;
27;KW_T_423a_27_0150R.tif.jpg;illustration;Avena sterilis subsp. macrocarpa;Avena sterilis;Avena;sterilis;Fungi;Climacocystaceae;Duindennenzwam;https://galerij.kb.nl/kb.html#/nl/florabatava27/page/14/zoom/3/lat/-64.24459476798192/lng/-34.62890625;;;;;;;;;;;;;
27;KW_T_423a_27_0151R.tif.jpg;illustration;Galera mniophila;Galerina spec.;Galerina;spec.;Fungi;Arcyriaceae;Lang netwatje;https://galerij.kb.nl/kb.html#/nl/florabatava27/page/15/zoom/3/lat/-60.93043220292333/lng/-101.865234375;;;;;;;;;;;;;
27;KW_T_423a_27_0151R.tif.jpg;illustration;Flammula penetrans;Coniferspilus penetrans;Coniferspilus;penetrans;Fungi;Stemonitidaceae;Zwart reuzenkussen;https://galerij.kb.nl/kb.html#/nl/florabatava27/page/16/zoom/3/lat/-61.270232790000605/lng/-67.412109375;;;;;;;;;;;;;
27;KW_T_423a_27_0152R.tif.jpg;illustration;Thelephora sowerbyi;Stereopsis vitellina;Stereopsis;vitellina;Flowering plants;Rosaceae;Zoete haarbraam;https://galerij.kb.nl/kb.html#/nl/florabatava27/page/17/zoom/3/lat/-58.58543569119916/lng/-65.302734375;;;;;;;;;;;;;
27;KW_T_423a_27_0152R.tif.jpg;illustration;Thelephora laciniata;Thelephora terrestris;Thelephora;terrestris;Flowering plants;Plantaginaceae;Vlozaad;https://galerij.kb.nl/kb.html#/nl/florabatava27/page/19/zoom/3/lat/-66.23145747862573/lng/-39.55078125;;;;;;;;;;;;;
27;KW_T_423a_27_0153R.tif.jpg;illustration;Rubus rivularis;Rubus serpens;Rubus;serpens;Fungi;Pluteaceae;Grauwgroene hertenzwam;https://galerij.kb.nl/kb.html#/nl/florabatava27/page/20/zoom/3/lat/-66.23145747862573/lng/-39.55078125;;;;;;;;;;;;;
27;KW_T_423a_27_0154R.tif.jpg;illustration;Geaster pectinatus;Geastrum pectinatum;Geastrum;pectinatum;Fungi;Pluteaceae;Hertenzwam spec.;https://galerij.kb.nl/kb.html#/nl/florabatava27/page/20/zoom/3/lat/-66.23145747862573/lng/-39.55078125;;;;;;;;;;;;;
27;KW_T_423a_27_0155R.tif.jpg;illustration;Hygrophorus laetus;Hygrocybe glutinipes var. rubra;Hygrocybe;glutinipes var. rubra;Fungi;Hygrocybaceae;Gele wasplaat;https://galerij.kb.nl/kb.html#/nl/florabatava27/page/22/zoom/3/lat/-66.23145747862573/lng/-39.55078125;;;;;;;;;;;;;
27;KW_T_423a_27_0155R.tif.jpg;illustration;Omphalia postii;Loreleia postii;Loreleia;postii;Fungi;Russulaceae;Oranje melkzwam;https://galerij.kb.nl/kb.html#/nl/florabatava27/page/21/zoom/3/lat/-66.23145747862573/lng/-39.55078125;;;;;;;;;;;;;
27;KW_T_423a_27_0156R.tif.jpg;illustration;Polyporus lacteus;Postia stiptica;Postia;stiptica;Flowering plants;Verbenaceae;Stijf ijzerhard;https://galerij.kb.nl/kb.html#/nl/florabatava27/page/23/zoom/3/lat/-66.23145747862573/lng/-39.55078125;;;;;;;;;;;;;
27;KW_T_423a_27_0157R.tif.jpg;illustration;Beta macrocarpa;Beta macrocarpa;Beta;macrocarpa;Flowering plants;Asteraceae;;https://galerij.kb.nl/kb.html#/nl/florabatava27/page/24/zoom/3/lat/-66.23145747862573/lng/-39.55078125;;;;;;;;;;;;;
27;KW_T_423a_27_0158R.tif.jpg;illustration;Discina venosa;Disciotis venosa;Disciotis;venosa;Fungi;Xylariaceae;Beukendopgeweizwam;https://galerij.kb.nl/kb.html#/nl/florabatava27/page/25/zoom/3/lat/-60.15244221438077/lng/-15.732421875;;;;;;;;;;;;;
27;KW_T_423a_27_0159R.tif.jpg;illustration;Thyphula incarnata;Typhula incarnata;Typhula;incarnata;Fungi;Sclerotiniaceae;Salomonsstromabekertje;https://galerij.kb.nl/kb.html#/nl/florabatava27/page/26/zoom/3/lat/-66.23145747862573/lng/-39.55078125;;;;;;;;;;;;;
27;KW_T_423a_27_0159R.tif.jpg;illustration;Typhula erythropus;Typhula erythropus;Typhula;erythropus;Fungi;Strophariaceae;Vroege leemhoed;https://galerij.kb.nl/kb.html#/nl/florabatava27/page/27/zoom/3/lat/-66.23145747862573/lng/-39.55078125;;;;;;;;;;;;;
27;KW_T_423a_27_0160R.tif.jpg;illustration;Typhula grevillei;Typhula setipes s.l.;Typhula;setipes s.l.;Flowering plants;Rosaceae;Moerasrandbraam;https://galerij.kb.nl/kb.html#/nl/florabatava27/page/28/zoom/3/lat/-66.23145747862573/lng/-39.55078125;;;;;;;;;;;;;
27;KW_T_423a_27_0160R.tif.jpg;illustration;Typhula mucor;Typhula mucor;Typhula;mucor;Flowering plants;Poaceae;Wilde haver;https://galerij.kb.nl/kb.html#/nl/florabatava27/page/30/zoom/3/lat/-66.23145747862573/lng/-39.55078125;;;;;;;;;;;;;
27;KW_T_423a_27_0161R.tif.jpg;illustration;Rubus rosaceus;Rubus rubicundus;Rubus;rubicundus;Fungi;Strophariaceae;Mosklokje spec.;https://galerij.kb.nl/kb.html#/nl/florabatava27/page/31/zoom/3/lat/-66.23145747862573/lng/-39.55078125;;;;;;;;;;;;;
27;KW_T_423a_27_0162R.tif.jpg;illustration;Anacyclus clavatus;Anacyclus clavatus;Anacyclus;clavatus;Fungi;Strophariaceae;Dennenvlamhoed;https://galerij.kb.nl/kb.html#/nl/florabatava27/page/31/zoom/3/lat/-66.23145747862573/lng/-39.55078125;;;;;;;;;;;;;
27;KW_T_423a_27_0163R.tif.jpg;illustration;Mycena aurantio-marginata;Mycena aurantiomarginata;Mycena;aurantiomarginata;Fungi;Meruliaceae;Gele grondkorstzwam;https://galerij.kb.nl/kb.html#/nl/florabatava27/page/33/zoom/3/lat/-66.23145747862573/lng/-39.55078125;;;;;;;;;;;;;
27;KW_T_423a_27_0164R.tif.jpg;illustration;Omphalia hydrogramma;Clitocybe phaeophthalma;Clitocybe;phaeophthalma;Fungi;Thelephoraceae;Gewone franjezwam;https://galerij.kb.nl/kb.html#/nl/florabatava27/page/33/zoom/3/lat/-66.23145747862573/lng/-39.55078125;;;;;;;;;;;;;
27;KW_T_423a_27_0165R.tif.jpg;illustration;Gentiana ciliata;Gentianopsis ciliata;Gentianopsis;ciliata;Flowering plants;Rosaceae;;https://galerij.kb.nl/kb.html#/nl/florabatava27/page/34/zoom/3/lat/-66.23145747862573/lng/-39.55078125;;;;;;;;;;;;;
27;KW_T_423a_27_0166R.tif.jpg;illustration;Rubus saltuum x villicaulis;Rubus egregius;Rubus;egregius;Fungi;Geastraceae;Grote aardster;https://galerij.kb.nl/kb.html#/nl/florabatava27/page/35/zoom/3/lat/-66.23145747862573/lng/-39.55078125;;;;;;;;;;;;;
27;KW_T_423a_27_0167R.tif.jpg;illustration;Geaster limbatus;Geastrum coronatum;Geastrum;coronatum;Fungi;Rickenellaceae;Oranjerood trechtertje;https://galerij.kb.nl/kb.html#/nl/florabatava27/page/37/zoom/3/lat/-66.19600891267761/lng/-39.55078125;;;;;;;;;;;;;
27;KW_T_423a_27_0168R.tif.jpg;illustration;Tremella albida;Exidia nucleata;Exidia;nucleata;Fungi;Postiaceae;Bittere kaaszwam;https://galerij.kb.nl/kb.html#/nl/florabatava27/page/38/zoom/3/lat/-66.23145747862573/lng/-39.55078125;;;;;;;;;;;;;
27;KW_T_423a_27_0168R.tif.jpg;illustration;Exidia viscosa;Exidia plana;Exidia;plana;Flowering plants;Amaranthaceae;;https://galerij.kb.nl/kb.html#/nl/florabatava27/page/39/zoom/3/lat/-66.23145747862573/lng/-39.55078125;;;;;;;;;;;;;
27;KW_T_423a_27_0169R.tif.jpg;illustration;Rubus divergens f. convexa x sciaphilus;Rubus camptostachys;Rubus;camptostachys;Fungi;Morchellaceae;Grote aderbekerzwam;https://galerij.kb.nl/kb.html#/nl/florabatava27/page/40/zoom/3/lat/-66.23145747862573/lng/-39.55078125;;;;;;;;;;;;;
27;KW_T_423a_27_0170R.tif.jpg;illustration;Tricholoma irinum;Lepista irina;Lepista;irina;Fungi;Typhulaceae;Roze grasknotsje;https://galerij.kb.nl/kb.html#/nl/florabatava27/page/41/zoom/3/lat/-66.23145747862573/lng/-39.55078125;;;;;;;;;;;;;
27;KW_T_423a_27_0171R.tif.jpg;illustration;Lepiota clypeolaria;Lepiota magnispora;Lepiota;magnispora;Fungi;Typhulaceae;#N/A;https://galerij.kb.nl/kb.html#/nl/florabatava27/page/42/zoom/2/lat/-71.18775391813158/lng/-50.44921875;;;;;;;;;;;;;
27;KW_T_423a_27_0171R.tif.jpg;illustration;Lepiota echinella;Lepiota spec.;Lepiota;spec.;Fungi;Typhulaceae;#N/A;https://galerij.kb.nl/kb.html#/nl/florabatava27/page/43/zoom/3/lat/-66.23145747862573/lng/-39.55078125;;;;;;;;;;;;;
27;KW_T_423a_27_0171R.tif.jpg;illustration;Lepiota helveola;Lepiota helveola;Lepiota;helveola;Flowering plants;Rosaceae;Rode contrastbraam;https://galerij.kb.nl/kb.html#/nl/florabatava27/page/45/zoom/3/lat/-66.23145747862573/lng/-39.55078126;;;;;;;;;;;;;
27;KW_T_423a_27_0172R.tif.jpg;illustration;Omphalia belliae;Mycena belliae;Mycena;belliae;Flowering plants;Asteraceae;;https://galerij.kb.nl/kb.html#/nl/florabatava27/page/47/zoom/3/lat/-66.23145747862573/lng/-39.55078125;;;;;;;;;;;;;
27;KW_T_423a_27_0172R.tif.jpg;illustration;Omphalia hepatica;Omphalina pyxidata;Omphalina;pyxidata;Fungi;Mycenaceae;Goudrandmycena;https://galerij.kb.nl/kb.html#/nl/florabatava27/page/48/zoom/3/lat/-66.23145747862573/lng/-39.55078125;;;;;;;;;;;;;
27;KW_T_423a_27_0172R.tif.jpg;illustration;Omphalia maura;Myxomphalia maura;Myxomphalia;maura;Fungi;Clitocybaceae;Spieringtrechterzwam;https://galerij.kb.nl/kb.html#/nl/florabatava27/page/49/zoom/3/lat/-66.23145747862573/lng/-39.55078125;;;;;;;;;;;;;
27;KW_T_423a_27_0173R.tif.jpg;illustration;Rubus fuckelii;Rubus conothyrsoides;Rubus;conothyrsoides;Flowering plants;Gentianaceae;Franjegentiaan;https://galerij.kb.nl/kb.html#/nl/florabatava27/page/50/zoom/3/lat/-66.23145747862573/lng/-39.55078125;;;;;;;;;;;;;
27;KW_T_423a_27_0174R.tif.jpg;illustration;Hypomyces rosellus;Hypomyces rosellus;Hypomyces;rosellus;Flowering plants;Rosaceae;Smalle schuilbraam;https://galerij.kb.nl/kb.html#/nl/florabatava27/page/51/zoom/3/lat/-66.23145747862573/lng/-39.55078125;;;;;;;;;;;;;
27;KW_T_423a_27_0174R.tif.jpg;illustration;Nectria granatum;Ascomycetes spec.;Ascomycetes;spec.;Fungi;Geastraceae;Forse aardster;https://galerij.kb.nl/kb.html#/nl/florabatava27/page/52/zoom/3/lat/-66.23145747862573/lng/-39.55078125;;;;;;;;;;;;;
27;KW_T_423a_27_0175R.tif.jpg;illustration;Leptonia serrulata;Entoloma subgen. Leptonia;Entoloma;subgen. Leptonia;Fungi;Exidiaceae;Klontjestrilzwam;https://galerij.kb.nl/kb.html#/nl/florabatava27/page/54/zoom/3/lat/-68.2042121888185/lng/-25.751953125;;;;;;;;;;;;;
27;KW_T_423a_27_0175R.tif.jpg;illustration;Corticum caeruleum;Terana caerulea;Terana;caerulea;Fungi;Exidiaceae;Zwarte trilzwam;https://galerij.kb.nl/kb.html#/nl/florabatava27/page/53/zoom/3/lat/-66.23145747862573/lng/-39.55078125;;;;;;;;;;;;;
27;KW_T_423a_27_0176R.tif.jpg;illustration;Leptonia chalybea;Entoloma subgen. Leptonia;Entoloma;subgen. Leptonia;Flowering plants;Rosaceae;Bleke randbraam;https://galerij.kb.nl/kb.html#/nl/florabatava27/page/55/zoom/3/lat/-66.23145747862573/lng/-39.55078125;;;;;;;;;;;;;
27;KW_T_423a_27_0176R.tif.jpg;illustration;Leptonia placida;Entoloma subgen. Leptonia;Entoloma;subgen. Leptonia;Fungi;Clitocybaceae;Geurige schijnridderzwam;https://galerij.kb.nl/kb.html#/nl/florabatava27/page/56/zoom/3/lat/-66.23145747862573/lng/-39.55078125;;;;;;;;;;;;;
27;KW_T_423a_27_0176R.tif.jpg;illustration;Leptonia lampropus;Entoloma subgen. Leptonia;Entoloma;subgen. Leptonia;Fungi;Agaricaceae;Geelbruine wolsteelparasolzwam;https://galerij.kb.nl/kb.html#/nl/florabatava27/page/57/zoom/3/lat/-66.23145747862573/lng/-39.55078125;;;;;;;;;;;;;
27;KW_T_423a_27_0177R.tif.jpg;illustration;Hypochaeris maculata;Hypochaeris maculata;Hypochaeris;maculata;Fungi;Agaricaceae;Parasolzwam spec.;https://galerij.kb.nl/kb.html#/nl/florabatava27/page/57/zoom/3/lat/-66.23145747862573/lng/-39.55078125;;;;;;;;;;;;;
27;KW_T_423a_27_0178R.tif.jpg;illustration;Lathyrus ochrus;Lathyrus ochrus;Lathyrus;ochrus;Fungi;Agaricaceae;#N/A;https://galerij.kb.nl/kb.html#/nl/florabatava27/page/57/zoom/3/lat/-66.23145747862573/lng/-39.55078125;;;;;;;;;;;;;
27;KW_T_423a_27_0179R.tif.jpg;illustration;Stropharia squamosa;Leratiomyces squamosus;Leratiomyces;squamosus;Fungi;Mycenaceae;Rietmycena;https://galerij.kb.nl/kb.html#/nl/florabatava27/page/58/zoom/3/lat/-66.23145747862573/lng/-39.55078125;;;;;;;;;;;;;
27;KW_T_423a_27_0179R.tif.jpg;illustration;Stropharia coronilla;Stropharia coronilla;Stropharia;coronilla;Fungi;Omphalinaceae;Roodbruin trechtertje;https://galerij.kb.nl/kb.html#/nl/florabatava27/page/58/zoom/3/lat/-66.23145747862573/lng/-39.55078125;;;;;;;;;;;;;
27;KW_T_423a_27_0180R.tif.jpg;illustration;Paxillus panaeolus;Ripartites tricholoma;Ripartites;tricholoma;Fungi;Fayodiaceae;Splijtplaat;https://galerij.kb.nl/kb.html#/nl/florabatava27/page/58/zoom/3/lat/-66.23145747862573/lng/-39.55078125;;;;;;;;;;;;;
27;KW_T_423a_27_0180R.tif.jpg;illustration;Volvaria media;Volvariella reidii;Volvariella;reidii;Flowering plants;Rosaceae;Spitse twijfelbraam;https://galerij.kb.nl/kb.html#/nl/florabatava27/page/59/zoom/3/lat/-66.23145747862573/lng/-39.55078125;;;;;;;;;;;;;
27;KW_T_423a_27_0181R.tif.jpg;illustration;Rubus divergens f. convexa x sciaphilus;Rubus camptostachys;Rubus;camptostachys;Fungi;Hypocreaceae;Hangende zwameter;https://galerij.kb.nl/kb.html#/nl/florabatava27/page/60/zoom/3/lat/-66.23145747862573/lng/-39.55078125;;;;;;;;;;;;;
27;KW_T_423a_27_0182R.tif.jpg;illustration;Helianthus strumosus var. mollis;Helianthus decapetalus;Helianthus;decapetalus;Fungi;Indetermined;Zakjeszwam spec.;https://galerij.kb.nl/kb.html#/nl/florabatava27/page/60/zoom/3/lat/-66.23145747862573/lng/-39.55078125;;;;;;;;;;;;;
27;KW_T_423a_27_0183R.tif.jpg;illustration;Panus conchatus;Panus conchatus;Panus;conchatus;Fungi;Phanerochaetaceae;Blauwe korstzwam;https://galerij.kb.nl/kb.html#/nl/florabatava27/page/62/zoom/3/lat/-66.23145747862573/lng/-39.55078125;;;;;;;;;;;;;
27;KW_T_423a_27_0184R.tif.jpg;illustration;Mycena adonis;Mycena adonis;Mycena;adonis;Flowering plants;Asteraceae;Gevlekt biggenkruid;https://galerij.kb.nl/kb.html#/nl/florabatava27/page/65/zoom/3/lat/-66.23145747862573/lng/-39.55078125;;;;;;;;;;;;;
27;KW_T_423a_27_0184R.tif.jpg;illustration;Mycena citrinella var. alba;Mycena epipterygia ;Mycena;epipterygia;Flowering plants;Fabaceae;;https://galerij.kb.nl/kb.html#/nl/florabatava27/page/65/zoom/3/lat/-66.23145747862573/lng/-39.55078125;;;;;;;;;;;;;
27;KW_T_423a_27_0184R.tif.jpg;illustration;Mycena seynii;Mycena seynesii;Mycena;seynesii;Fungi;Strophariaceae;Geschubde stropharia;https://galerij.kb.nl/kb.html#/nl/florabatava27/page/67/zoom/3/lat/-66.23145747862573/lng/-39.55078125;;;;;;;;;;;;;
27;KW_T_423a_27_0185R.tif.jpg;illustration;Rubus divergens f. convexa x sciaphilus;Rubus camptostachys;Rubus;camptostachys;Fungi;Strophariaceae;Okergele stropharia;https://galerij.kb.nl/kb.html#/nl/florabatava27/page/67/zoom/3/lat/-66.23145747862573/lng/-39.55078125;;;;;;;;;;;;;
27;KW_T_423a_27_0186R.tif.jpg;illustration;Geranium divaricatum;Geranium divaricatum;Geranium;divaricatum;Fungi;Paralepistaceae;Gewoon vilthoedje;https://galerij.kb.nl/kb.html#/nl/florabatava27/page/68/zoom/3/lat/-66.23145747862573/lng/-39.55078125;;;;;;;;;;;;;
27;KW_T_423a_27_0187R.tif.jpg;illustration;Clavaria fennica;Ramaria fennica;Ramaria;fennica;Fungi;Pluteaceae;Kleinsporige beurszwam;https://galerij.kb.nl/kb.html#/nl/florabatava27/page/68/zoom/3/lat/-66.23145747862573/lng/-39.55078125;;;;;;;;;;;;;
27;KW_T_423a_27_0188R.tif.jpg;illustration;Clavaria crocea;Ramariopsis crocea;Ramariopsis;crocea;Flowering plants;Rosaceae;Bleke randbraam;https://galerij.kb.nl/kb.html#/nl/florabatava27/page/55/zoom/3/lat/-66.23145747862573/lng/-39.55078125;;;;;;;;;;;;;
27;KW_T_423a_27_0188R.tif.jpg;illustration;Lachnocladium pusillum;Clavulinopsis corniculata;Clavulinopsis;corniculata;Flowering plants;Asteraceae;;https://galerij.kb.nl/kb.html#/nl/florabatava27/page/72/zoom/3/lat/-66.23145747862573/lng/-39.55078125;;;;;;;;;;;;;
27;KW_T_423a_27_0188R.tif.jpg;illustration;Clavaria rosea;Clavaria incarnata;Clavaria;incarnata;Fungi;Panaceae;Trechtertaaiplaat;https://galerij.kb.nl/kb.html#/nl/florabatava27/page/73/zoom/3/lat/-66.23145747862573/lng/-39.55078125;;;;;;;;;;;;;
27;KW_T_423a_27_0189R.tif.jpg;illustration;Rubus divergens f. convexa x villicaulis f. pedicellis;Rubus horridus;Rubus;horridus;Fungi;Mycenaceae;Adonismycena;https://galerij.kb.nl/kb.html#/nl/florabatava27/page/74/zoom/3/lat/-66.23145747862573/lng/-39.55078125;;;;;;;;;;;;;
27;KW_T_423a_27_0190R.tif.jpg;illustration;Verbascum ovalifolium;Verbascum ovalifolium;Verbascum;ovalifolium;Fungi;Mycenaceae;Graskleefsteelmycena;https://galerij.kb.nl/kb.html#/nl/florabatava27/page/74/zoom/3/lat/-66.23145747862573/lng/-39.55078125;;;;;;;;;;;;;
27;KW_T_423a_27_0191R.tif.jpg;illustration;Entoloma nitidum;Entoloma nitidum;Entoloma;nitidum;Fungi;Mycenaceae;Zeedenmycena;https://galerij.kb.nl/kb.html#/nl/florabatava27/page/74/zoom/3/lat/-66.23145747862573/lng/-39.55078125;;;;;;;;;;;;;
27;KW_T_423a_27_0191R.tif.jpg;illustration;Enteridium olivaceum;Reticularia olivacea;Reticularia;olivacea;Flowering plants;Rosaceae;Bleke randbraam;https://galerij.kb.nl/kb.html#/nl/florabatava27/page/55/zoom/3/lat/-66.23145747862573/lng/-39.55078125;;;;;;;;;;;;;
27;KW_T_423a_27_0191R.tif.jpg;illustration;Mycena meulenhoffiana;Mycenella bryophila;Mycenella;bryophila;Flowering plants;Geraniaceae;;https://galerij.kb.nl/kb.html#/nl/florabatava27/page/77/zoom/3/lat/-64.77412531292872/lng/2.724609375;;;;;;;;;;;;;
27;KW_T_423a_27_0192R.tif.jpg;illustration;Pleurotus limpidus;Hohenbuehelia spec.;Hohenbuehelia;spec.;Fungi;Gomphaceae;Paarsbruine koraalzwam;https://galerij.kb.nl/kb.html#/nl/florabatava27/page/79/zoom/3/lat/-67.40748724648755/lng/-42.71484375;;;;;;;;;;;;;
27;KW_T_423a_27_0192R.tif.jpg;illustration;Pleurotus fimbriatus;Clitocybe spec.;Clitocybe;spec.;Fungi;Clavariaceae;Oranjegeel koraaltje;https://galerij.kb.nl/kb.html#/nl/florabatava27/page/80/zoom/3/lat/-67.40748724648755/lng/-42.71484375;;;;;;;;;;;;;
27;KW_T_423a_27_0193R.tif.jpg;illustration;Rubus divergens f. convexa x vestitus f. brevis;Rubus glandithyrsos;Rubus;glandithyrsos;Fungi;Clavariaceae;Sikkelkoraalzwam;https://galerij.kb.nl/kb.html#/nl/florabatava27/page/80/zoom/3/lat/-67.40748724648755/lng/-42.71484375;;;;;;;;;;;;;
27;KW_T_423a_27_0194R.tif.jpg;illustration;Cladonia bacillaris;Cladonia macilenta;Cladonia;macilenta;Fungi;Clavariaceae;Zonnegloedknotszwam;https://galerij.kb.nl/kb.html#/nl/florabatava27/page/80/zoom/3/lat/-67.40748724648755/lng/-42.71484375;;;;;;;;;;;;;
27;KW_T_423a_27_0194R.tif.jpg;illustration;Cladonia macilenta;Cladonia macilenta;Cladonia;macilenta;Flowering plants;Rosaceae;Stijve volgbraam;https://galerij.kb.nl/kb.html#/nl/florabatava27/page/82/zoom/2/lat/-70.55417853776078/lng/-39.7265625;;;;;;;;;;;;;
27;KW_T_423a_27_0194R.tif.jpg;illustration;Cladonia deformis;Cladonia deformis;Cladonia;deformis;Flowering plants;Scrophulariaceae;;https://galerij.kb.nl/kb.html#/nl/florabatava27/page/84/zoom/3/lat/-67.40748724648755/lng/-42.71484375;;;;;;;;;;;;;
27;KW_T_423a_27_0194R.tif.jpg;illustration;Cladonia papillaria;Pycnothelia papillaria;Pycnothelia;papillaria;Fungi;Entolomataceae;Blauwe satijnzwam ;https://galerij.kb.nl/kb.html#/nl/florabatava27/page/86/zoom/2/lat/-66.93006025862445/lng/-48.69140625;;;;;;;;;;;;;
27;KW_T_423a_27_0194R.tif.jpg;illustration;Cladonia floerkeana;Cladonia floerkeana;Cladonia;floerkeana;Fungi;Reticulariaceae;Olijfkleurig boomkussen;https://galerij.kb.nl/kb.html#/nl/florabatava27/page/85/zoom/3/lat/-67.40748724648755/lng/-42.71484375;;;;;;;;;;;;;
27;KW_T_423a_27_0194R.tif.jpg;illustration;Cladonia verticillata;Cladonia verticillata;Cladonia;verticillata;Fungi;Tricholomataceae;Tweesporig taaisteeltje;https://galerij.kb.nl/kb.html#/nl/florabatava27/page/86/zoom/2/lat/-66.93006025862445/lng/-48.69140625;;;;;;;;;;;;;
27;KW_T_423a_27_0195R.tif.jpg;illustration;Marasmius globularis;Marasmius wynneae;Marasmius;wynneae;Fungi;Pleurotaceae;Harpoenzwam spec.;https://galerij.kb.nl/kb.html#/nl/florabatava27/page/87/zoom/3/lat/-67.40748724648755/lng/-42.71484375;;;;;;;;;;;;;
27;KW_T_423a_27_0195R.tif.jpg;illustration;Clavaria asterospora;Clavaria falcata;Clavaria;falcata;Fungi;Clitocybaceae;Trechterzwam spec.;https://galerij.kb.nl/kb.html#/nl/florabatava27/page/87/zoom/3/lat/-67.40748724648755/lng/-42.71484375;;;;;;;;;;;;;
27;KW_T_423a_27_0196R.tif.jpg;illustration;Mycena epipterygioides;Mycena epipterygia s.l.;Mycena;epipterygia s.l.;Flowering plants;Rosaceae;Rode contrastbraam;https://galerij.kb.nl/kb.html#/nl/florabatava27/page/88/zoom/3/lat/-62.71446210149772/lng/-68.994140625;;;;;;;;;;;;;
27;KW_T_423a_27_0196R.tif.jpg;illustration;Mycena fellea;Mycena erubescens;Mycena;erubescens;Fungi;Cladoniaceae;Dove heidelucifer;https://galerij.kb.nl/kb.html#/nl/florabatava27/page/90/zoom/3/lat/-67.40748724648755/lng/-42.71484375;;;;;;;;;;;;;
27;KW_T_423a_27_0196R.tif.jpg;illustration;Mycena receptibilis;Lyophyllum tylicolor ;Lyophyllum;tylicolor;Fungi;Cladoniaceae;Dove heidelucifer;https://galerij.kb.nl/kb.html#/nl/florabatava27/page/90/zoom/3/lat/-67.40748724648755/lng/-42.71484375;;;;;;;;;;;;;
27;KW_T_423a_27_0196R.tif.jpg;illustration;Mycena megalospora;Agaricales spec.;Agaricales;spec.;Fungi;Cladoniaceae;Fraai bekermos;https://galerij.kb.nl/kb.html#/nl/florabatava27/page/90/zoom/3/lat/-67.40748724648755/lng/-42.71484375;;;;;;;;;;;;;
27;KW_T_423a_27_0197R.tif.jpg;illustration;Rubus sciaphilus x Rubus villicaulis;Rubus spec.;Rubus;spec.;Fungi;Cladoniaceae;Rijstkorrelmos;https://galerij.kb.nl/kb.html#/nl/florabatava27/page/90/zoom/3/lat/-67.40748724648755/lng/-42.71484375;;;;;;;;;;;;;
27;KW_T_423a_27_0198R.tif.jpg;illustration;Cladonia unicialis;Cladonia uncialis;Cladonia;uncialis;Fungi;Cladoniaceae;Rode heidelucifer;https://galerij.kb.nl/kb.html#/nl/florabatava27/page/90/zoom/3/lat/-67.40748724648755/lng/-42.71484375;;;;;;;;;;;;;
27;KW_T_423a_27_0199R.tif.jpg;illustration;Clitocybe lenticulosa;Lepista flaccida;Lepista;flaccida;Fungi;Cladoniaceae;Stuifzandstapelbekertje;https://galerij.kb.nl/kb.html#/nl/florabatava27/page/90/zoom/3/lat/-67.40748724648755/lng/-42.71484375;;;;;;;;;;;;;
27;KW_T_423a_27_0200R.tif.jpg;illustration;Puccinia coronata;Puccinia coronata;Puccinia;coronata;Fungi;Marasmiaceae;Beukentaailing;https://galerij.kb.nl/kb.html#/nl/florabatava27/page/92/zoom/3/lat/-67.40748724648755/lng/-42.71484375;;;;;;;;;;;;;
27;KW_T_423a_27_0201R.tif.jpg;illustration;Rubus divergens x sulcatus;Rubus spec. serie Suberectigeni ;Rubus;spec. serie Suberectigeni;Fungi;Clavariaceae;#N/A;https://galerij.kb.nl/kb.html#/nl/florabatava27/page/92/zoom/3/lat/-67.40748724648755/lng/-42.71484375;;;;;;;;;;;;;
27;KW_T_423a_27_0202R.tif.jpg;illustration;Cladonia foliacea;Cladonia foliacea;Cladonia;foliacea;Fungi;Mycenaceae;Bittere mycena;https://galerij.kb.nl/kb.html#/nl/florabatava27/page/94/zoom/3/lat/-65.69447579373418/lng/-82.177734375;;;;;;;;;;;;;
27;KW_T_423a_27_0203R.tif.jpg;illustration;Lepiota clypeolaria;Lepiota magnispora;Lepiota;magnispora;Fungi;Lyophyllaceae;Kleine grauwkop;https://galerij.kb.nl/kb.html#/nl/florabatava27/page/94/zoom/3/lat/-65.69447579373418/lng/-82.177734375;;;;;;;;;;;;;
27;KW_T_423a_27_0203R.tif.jpg;illustration;Lepiota castanea;Crinipellis scabellus;Crinipellis;scabellus;Fungi;Indetermined;Plaatjeszwam spec.;https://galerij.kb.nl/kb.html#/nl/florabatava27/page/94/zoom/3/lat/-65.69447579373418/lng/-82.177734375;;;;;;;;;;;;;
27;KW_T_423a_27_0204R.tif.jpg;illustration;Mycena iris;Mycena amicta;Mycena;amicta;Flowering plants;Rosaceae;Braam spec.;https://galerij.kb.nl/kb.html#/nl/florabatava27/page/96/zoom/3/lat/-50.00773901463686/lng/-76.201171875;;;;;;;;;;;;;
27;KW_T_423a_27_0204R.tif.jpg;illustration;Mycena rorida;Roridomyces roridus;Roridomyces;roridus;Fungi;Cladoniaceae;Varkenspootje;https://galerij.kb.nl/kb.html#/nl/florabatava27/page/98/zoom/3/lat/-67.40748724648755/lng/-42.71484375;;;;;;;;;;;;;
27;KW_T_423a_27_0205R.tif.jpg;illustration;Rubus divergens f. convexa x fissus f. levis;Rubus rhytidophyllus;Rubus;rhytidophyllus;Fungi;Clitocybaceae;Roodbruine schijnridderzwam;https://galerij.kb.nl/kb.html#/nl/florabatava27/page/99/zoom/3/lat/-67.40748724648755/lng/-42.802734375;;;;;;;;;;;;;
27;KW_T_423a_27_0206R.tif.jpg;illustration;Cladonia rangiformis (rangiferina);Cladonia rangiferina;Cladonia;rangiferina;Fungi;Pucciniaceae;Kroonroest;https://galerij.kb.nl/kb.html#/nl/florabatava27/page/100/zoom/3/lat/-67.40748724648755/lng/-42.71484375;;;;;;;;;;;;;
27;KW_T_423a_27_0207R.tif.jpg;illustration;Naucoria centunculus;Simocybe haustellaris;Simocybe;haustellaris;Fungi;Cladoniaceae;Zomersneeuw;https://galerij.kb.nl/kb.html#/nl/florabatava27/page/103/zoom/3/lat/-67.40748724648755/lng/-42.71484375;;;;;;;;;;;;;
27;KW_T_423a_27_0207R.tif.jpg;illustration;Pleurotus petaloides;Hohenbuehelia petaloides;Hohenbuehelia;petaloides;Fungi;Agaricaceae;Geelbruine wolsteelparasolzwam;https://galerij.kb.nl/kb.html#/nl/florabatava27/page/57/zoom/3/lat/-66.23145747862573/lng/-39.55078125;;;;;;;;;;;;;
27;KW_T_423a_27_0208R.tif.jpg;illustration;Cordiceps cinerea;Ophiocordyceps entomorrhiza;Ophiocordyceps;entomorrhiza;Fungi;Marasmiaceae;Piekhaarzwammetje;https://galerij.kb.nl/kb.html#/nl/florabatava27/page/104/zoom/3/lat/-67.40748724648755/lng/-42.71484375;;;;;;;;;;;;;
27;KW_T_423a_27_0208R.tif.jpg;illustration;Clavaria tenacella;Clavaria pullei;Clavaria;pullei;Fungi;Mycenaceae;Donzige mycena;https://galerij.kb.nl/kb.html#/nl/florabatava27/page/105/zoom/3/lat/-67.40748724648755/lng/-42.71484375;;;;;;;;;;;;;
27;KW_T_423a_27_0209R.tif.jpg;illustration;Rubus obscurus nra. decorus;Rubus cinerascens;Rubus;cinerascens;Fungi;Mycenaceae;Slijmsteelmycena;https://galerij.kb.nl/kb.html#/nl/florabatava27/page/106/zoom/3/lat/-63.6267446447533/lng/-105.380859375;;;;;;;;;;;;;
27;KW_T_423a_27_0210R.tif.jpg;illustration;Lactarius azonites (= L. fuliginosus);Lactarius ruginosus;Lactarius;ruginosus;Flowering plants;Rosaceae;Ruwen randbraam;https://galerij.kb.nl/kb.html#/nl/florabatava27/page/107/zoom/3/lat/-67.40748724648755/lng/-42.71484375;;;;;;;;;;;;;
27;KW_T_423a_27_0211R.tif.jpg;illustration;Pleurotus nivosus;Hohenbuehelia spec.;Hohenbuehelia;spec.;Fungi;Cladoniaceae;Echt rendiermos;https://galerij.kb.nl/kb.html#/nl/florabatava27/page/109/zoom/3/lat/-61.56457388515458/lng/-73.740234375;;;;;;;;;;;;;
27;KW_T_423a_27_0211R.tif.jpg;illustration;Pleurotus myxotrichus;Hohenbuehelia spec.;Hohenbuehelia;spec.;Fungi;Crepidotaceae;Gewoon matkopje;https://galerij.kb.nl/kb.html#/nl/florabatava27/page/111/zoom/3/lat/-64.01449619484471/lng/-26.982421875;;;;;;;;;;;;;
27;KW_T_423a_27_0212R.tif.jpg;illustration;Leptopodia (Hevella) atra;Helvella atra ;Helvella;atra;Fungi;Pleurotaceae;Grote harpoenzwam;https://galerij.kb.nl/kb.html#/nl/florabatava27/page/110/zoom/3/lat/-67.40748724648755/lng/-42.71484375;;;;;;;;;;;;;
27;KW_T_423a_27_0212R.tif.jpg;illustration;Microglossum (Corynetes) arenarium;Geoglossum arenarium;Geoglossum;arenarium;Fungi;Ophiocordycipitaceae;Loopkeverdoder [voorgestelde nieuwe naam] ;https://galerij.kb.nl/kb.html#/nl/florabatava27/page/111/zoom/3/lat/-64.01449619484471/lng/-26.982421875;;;;;;;;;;;;;
28;KW_T_423a_28_0106R.tif.jpg;illustration;Rubus divergens var. convexa x fissus f. rugosa;Rubus perdessimus;Rubus;perdessimus;Fungi;Clavariaceae;Zwartbruine knotszwam;https://galerij.kb.nl/kb.html#/nl/florabatava27/page/112/zoom/3/lat/-67.5421666883853/lng/-42.71484375;;;;;;;;;;;;;
28;KW_T_423a_28_0107R.tif.jpg;illustration;Fomes (Ungulina) fraxineus;Perenniporia fraxinea;Perenniporia;fraxinea;Flowering plants;Rosaceae;Fijne kambraam;https://galerij.kb.nl/kb.html#/nl/florabatava27/page/113/zoom/3/lat/-67.5421666883853/lng/-42.71484375;;;;;;;;;;;;;
28;KW_T_423a_28_0108R.tif.jpg;illustration;Hypoxylon multiforme;Annulohypoxylon multiforme;Annulohypoxylon;multiforme;Fungi;Russulaceae;Gekartelde fluweelmelkzwam;https://galerij.kb.nl/kb.html#/nl/florabatava27/page/114/zoom/3/lat/-67.5421666883853/lng/-42.71484375;;;;;;;;;;;;;
28;KW_T_423a_28_0109R.tif.jpg;illustration;Collybia radicata;Xerula radicata;Xerula;radicata;Fungi;Pleurotaceae;Harpoenzwam spec.;https://galerij.kb.nl/kb.html#/nl/florabatava27/page/87/zoom/3/lat/-67.40748724648755/lng/-42.71484375;;;;;;;;;;;;;
28;KW_T_423a_28_0110R.tif.jpg;illustration;Rubus vulgaris subsp. mollis;Rubus spec.;Rubus;spec.;Fungi;Pleurotaceae;Harpoenzwam spec.;https://galerij.kb.nl/kb.html#/nl/florabatava27/page/87/zoom/3/lat/-67.40748724648755/lng/-42.71484375;;;;;;;;;;;;;
28;KW_T_423a_28_0111R.tif.jpg;illustration;Daedaleopsis confragosa;Daedaleopsis confragosa;Daedaleopsis;confragosa;Fungi;Helvellaceae;Roetkluifzwam;https://galerij.kb.nl/kb.html#/nl/florabatava27/page/117/zoom/2/lat/-70.14036427207168/lng/-56.42578125;;;;;;;;;;;;;
28;KW_T_423a_28_0112R.tif.jpg;illustration;Ulocolla saccharina;Exidia saccharina;Exidia;saccharina;Fungi;Geoglossaceae;Zandaardtong;https://galerij.kb.nl/kb.html#/nl/florabatava27/page/116/zoom/3/lat/-67.5421666883853/lng/-42.71484375;;;;;;;;;;;;;
28;KW_T_423a_28_0113R.tif.jpg;illustration;Coprinus sterquilinus;Coprinus sterquilinus;Coprinus;sterquilinus;Flowering plants;Rosaceae;Arme ruigtebraam;https://galerij.kb.nl/kb.html#/nl/florabatava28/page/7/zoom/3/lat/-70.22974449563026/lng/-34.716796875;;;;;;;;;;;;;
28;KW_T_423a_28_0114R.tif.jpg;illustration;Rubus plicatus x villicaulis;Rubus spec.;Rubus;spec.;Fungi;Polyporaceae;Essenzwam;https://galerij.kb.nl/kb.html#/nl/florabatava28/page/8/zoom/3/lat/-65.5129625532949/lng/-30.05859375;;;;;;;;;;;;;
28;KW_T_423a_28_0115R.tif.jpg;illustration;Mycena avenacea;Mycena olivaceomarginata;Mycena;olivaceomarginata;Fungi;Hypoxylaceae;Vergroeide kogelzwam;https://galerij.kb.nl/kb.html#/nl/florabatava28/page/9/zoom/3/lat/-65.5129625532949/lng/-30.05859375;;;;;;;;;;;;;
28;KW_T_423a_28_0115R.tif.jpg;illustration;Mycena chlorantha;Mycena chlorantha;Mycena;chlorantha;Fungi;Physalacriaceae;Beukwortelzwam;https://galerij.kb.nl/kb.html#/nl/florabatava28/page/10/zoom/3/lat/-65.5129625532949/lng/-30.05859375;;;;;;;;;;;;;
28;KW_T_423a_28_0116R.tif.jpg;illustration;Mycena haematopoda;Mycena haematopus;Mycena;haematopus;Flowering plants;Rosaceae;Braam spec.;https://galerij.kb.nl/kb.html#/nl/florabatava28/page/12/zoom/3/lat/-47.93106634750977/lng/-27.333984375;;;;;;;;;;;;;
28;KW_T_423a_28_0116R.tif.jpg;illustration;Mycena stannea;Mycena spec.;Mycena;spec.;Fungi;Polyporaceae;Roodporiehoutzwam;https://galerij.kb.nl/kb.html#/nl/florabatava28/page/13/zoom/3/lat/-61.64816245852388/lng/-94.130859375;;;;;;;;;;;;;
28;KW_T_423a_28_0117R.tif.jpg;illustration;Mycena metata;Mycena metata;Mycena;metata;Fungi;Exidiaceae;Bruinesuikerzwam;https://galerij.kb.nl/kb.html#/nl/florabatava28/page/14/zoom/3/lat/-65.5129625532949/lng/-30.05859375;;;;;;;;;;;;;
28;KW_T_423a_28_0117R.tif.jpg;illustration;Mycena luteo-alba var. sulphureo-maculata;Mycena flavescens;Mycena;flavescens;Fungi;Agaricaceae;Geringde inktzwam;https://galerij.kb.nl/kb.html#/nl/florabatava28/page/15/zoom/3/lat/-65.5129625532949/lng/-30.05859375;;;;;;;;;;;;;
28;KW_T_423a_28_0118R.tif.jpg;illustration;Rubus divergens var. convexa x vestitus n. reflexa;Rubus spec.;Rubus;spec.;Flowering plants;Rosaceae;Braam spec.;https://galerij.kb.nl/kb.html#/nl/florabatava28/page/16/zoom/3/lat/-58.493693820568055/lng/-87.802734375;;;;;;;;;;;;;
28;KW_T_423a_28_0119R.tif.jpg;illustration;Verpa digitaliformis;Verpa conica;Verpa;conica;Fungi;Mycenaceae;Bruinsnedemycena;https://galerij.kb.nl/kb.html#/nl/florabatava28/page/18/zoom/3/lat/-64.24459476798192/lng/-103.095703125;;;;;;;;;;;;;
28;KW_T_423a_28_0120R.tif.jpg;illustration;Geopyxis (Plicaria) muralis;Peziza spec.;Peziza;spec.;Fungi;Mycenaceae;Groene mycena;https://galerij.kb.nl/kb.html#/nl/florabatava28/page/17/zoom/3/lat/-60.50052541051129/lng/-19.072265625;;;;;;;;;;;;;
28;KW_T_423a_28_0121R.tif.jpg;illustration;Trametes odorata;Gloeophyllum odoratum;Gloeophyllum;odoratum;Fungi;Mycenaceae;Grote bloedsteelmycena;https://galerij.kb.nl/kb.html#/nl/florabatava28/page/19/zoom/3/lat/-65.5129625532949/lng/-30.05859375;;;;;;;;;;;;;
28;KW_T_423a_28_0121R.tif.jpg;illustration;Trametes serialis;Antrodia serialis;Antrodia;serialis;Fungi;Mycenaceae;Mycena spec.;https://galerij.kb.nl/kb.html#/nl/florabatava28/page/19/zoom/3/lat/-65.5129625532949/lng/-30.05859375;;;;;;;;;;;;;
28;KW_T_423a_28_0122R.tif.jpg;illustration;Rubus radula;Rubus spec.;Rubus;spec.;Fungi;Mycenaceae;Dennenmycena;https://galerij.kb.nl/kb.html#/nl/florabatava28/page/21/zoom/3/lat/-65.5129625532949/lng/-30.05859375;;;;;;;;;;;;;
28;KW_T_423a_28_0123R.tif.jpg;illustration;Pluteus pellitus;Pluteus pellitus;Pluteus;pellitus;Fungi;Mycenaceae;Geelsnedemycena;https://galerij.kb.nl/kb.html#/nl/florabatava28/page/21/zoom/3/lat/-65.5129625532949/lng/-30.05859375;;;;;;;;;;;;;
28;KW_T_423a_28_0124R.tif.jpg;illustration;Eccilia griseorubella;Entoloma phaeocyathus ;Entoloma;phaeocyathus;Flowering plants;Rosaceae;Braam spec.;https://galerij.kb.nl/kb.html#/nl/florabatava28/page/22/zoom/3/lat/-58.95000823335702/lng/-73.388671875;;;;;;;;;;;;;
28;KW_T_423a_28_0124R.tif.jpg;illustration;Hygrophorus subradiatus var. lacmus;Hygrocybe lacmus;Hygrocybe;lacmus;Fungi;Morchellaceae;Vingerhoedje;https://galerij.kb.nl/kb.html#/nl/florabatava28/page/24/zoom/3/lat/-65.5129625532949/lng/-30.05859375;;;;;;;;;;;;;
28;KW_T_423a_28_0125R.tif.jpg;illustration;Hypholoma elongatum;Hypholoma elongatum;Hypholoma;elongatum;Fungi;Pezizaceae;Bekerzwam spec.;https://galerij.kb.nl/kb.html#/nl/florabatava28/page/25/zoom/3/lat/-64.51064316846676/lng/-74.619140625;;;;;;;;;;;;;
28;KW_T_423a_28_0125R.tif.jpg;illustration;Hypholoma elaeodes;Hypholoma capnoides;Hypholoma;capnoides;Fungi;Gloeophyllaceae;Korianderzwam;https://galerij.kb.nl/kb.html#/nl/florabatava28/page/26/zoom/3/lat/-65.5129625532949/lng/-30.05859375;;;;;;;;;;;;;
28;KW_T_423a_28_0126R.tif.jpg;illustration;Rubus divergens x villicaulis;Rubus bovinus;Rubus;bovinus;Fungi;Fomitopsidaceae;Kurkstrookzwam;https://galerij.kb.nl/kb.html#/nl/florabatava28/page/26/zoom/3/lat/-65.5129625532949/lng/-30.05859375;;;;;;;;;;;;;
28;KW_T_423a_28_0127R.tif.jpg;illustration;Paxillus extenuatus;Agaricales spec.;Agaricales;spec.;Flowering plants;Rosaceae;Braam spec.;https://galerij.kb.nl/kb.html#/nl/florabatava28/page/27/zoom/3/lat/-76.70001918871924/lng/-2.900390625;;;;;;;;;;;;;
28;KW_T_423a_28_0128R.tif.jpg;illustration;Clitocybe pityophila;Clitocybe houghtonii;Clitocybe;houghtonii;Fungi;Pluteaceae;Sneeuwwitte hertenzwam;https://galerij.kb.nl/kb.html#/nl/florabatava28/page/28/zoom/3/lat/-65.5129625532949/lng/-30.05859375;;;;;;;;;;;;;
28;KW_T_423a_28_0129R.tif.jpg;illustration;Collybia hariolorum;Coniferspus peronatus;Coniferspus;peronatus;Fungi;Entolomataceae;Grauwe trechtersatijnzwam;https://galerij.kb.nl/kb.html#/nl/florabatava28/page/30/zoom/3/lat/-67.80924450600008/lng/-32.87109375;;;;;;;;;;;;;
28;KW_T_423a_28_0130R.tif.jpg;illustration;Rubus rectangulatus;Rubus gracilis?;Rubus;gracilis?;Fungi;Hygrocybaceae;Violetgrijze wasplaat;https://galerij.kb.nl/kb.html#/nl/florabatava28/page/29/zoom/2/lat/-65.80277639340238/lng/-49.74609374999999;;;;;;;;;;;;;
28;KW_T_423a_28_0131R.tif.jpg;illustration;Pholiota praecox;Agrocybe praecox;Agrocybe;praecox;Fungi;Strophariaceae;Bleke moeraszwavelkop;https://galerij.kb.nl/kb.html#/nl/florabatava28/page/31/zoom/3/lat/-67.80924450600008/lng/-32.87109375;;;;;;;;;;;;;
28;KW_T_423a_28_0132R.tif.jpg;illustration;Clitocybe gilva;Clitocybe spec.;Clitocybe;spec.;Fungi;Strophariaceae;Dennenzwavelkop;https://galerij.kb.nl/kb.html#/nl/florabatava28/page/31/zoom/3/lat/-67.80924450600008/lng/-32.87109375;;;;;;;;;;;;;
28;KW_T_423a_28_0133R.tif.jpg;illustration;Flammula astragalina;Pholiota astragalina;Pholiota;astragalina;Flowering plants;Rosaceae;Ruige tandbraam;https://galerij.kb.nl/kb.html#/nl/florabatava28/page/32/zoom/2/lat/-71.85622888185527/lng/-45.87890625;;;;;;;;;;;;;
28;KW_T_423a_28_0134R.tif.jpg;illustration;Rubus vestitus;Rubus cf. vestitus;Rubus;cf. vestitus;Fungi;Indetermined;Plaatjeszwam spec.;https://galerij.kb.nl/kb.html#/nl/florabatava28/page/34/zoom/2/lat/-71.80141030136785/lng/-45.87890625;;;;;;;;;;;;;
28;KW_T_423a_28_0135R.tif.jpg;illustration;Hypholoma cotoneum;Psathyrella cotonea;Psathyrella;cotonea;Fungi;Clitocybaceae;Adonistrechterzwam;https://galerij.kb.nl/kb.html#/nl/florabatava28/page/35/zoom/3/lat/-57.657157596582984/lng/-81.82617187499999;;;;;;;;;;;;;
28;KW_T_423a_28_0136R.tif.jpg;illustration;Lepiota cepistipes;Leucocoprinus brebissonii;Leucocoprinus;brebissonii;Fungi;Omphalotaceae;Scherpe collybia;https://galerij.kb.nl/kb.html#/nl/florabatava28/page/36/zoom/3/lat/-67.80924450600008/lng/-32.87109375;;;;;;;;;;;;;
28;KW_T_423a_28_0137R.tif.jpg;illustration;Lepiota cepistipes var. lutea;Leucocoprinus straminellus;Leucocoprinus;straminellus;Flowering plants;Rosaceae;;https://galerij.kb.nl/kb.html#/nl/florabatava28/page/37/zoom/3/lat/-67.80924450600008/lng/-32.87109375;;;;;;;;;;;;;
28;KW_T_423a_28_0138R.tif.jpg;illustration;Rubus caesius x fuscus;Rubus caesius x fuscus?;Rubus;caesius x fuscus?;Fungi;Strophariaceae;Vroege leemhoed;https://galerij.kb.nl/kb.html#/nl/florabatava28/page/38/zoom/3/lat/-64.51064316846676/lng/-74.619140625;;;;;;;;;;;;;
28;KW_T_423a_28_0139R.tif.jpg;illustration;Hygrophorus chlorophanus;Hygrocybe subpapillata;Hygrocybe;subpapillata;Fungi;Clitocybaceae;Trechterzwam spec.;https://galerij.kb.nl/kb.html#/nl/florabatava28/page/39/zoom/3/lat/-61.897577621605016/lng/-67.412109375;;;;;;;;;;;;;
28;KW_T_423a_28_0140R.tif.jpg;illustration;Cortinarius (Dermocybe) sanguineus;Cortinarius sanguineus;Cortinarius;sanguineus;Fungi;Strophariaceae;Goudvinkzwam;https://galerij.kb.nl/kb.html#/nl/florabatava28/page/40/zoom/3/lat/-67.80924450600008/lng/-32.87109375;;;;;;;;;;;;;
28;KW_T_423a_28_0141R.tif.jpg;illustration;Polystictus hirsutus;Postia spec.;Postia;spec.;Fungi;Psathyrellaceae;Geelvoetfranjehoed;https://galerij.kb.nl/kb.html#/nl/florabatava28/page/43/zoom/3/lat/-67.13582938531948/lng/-80.068359375;;;;;;;;;;;;;
28;KW_T_423a_28_0142R.tif.jpg;illustration;Rubus bifrons;Rubus bifrons;Rubus;bifrons;Fungi;Agaricaceae;Spikkelplooiparasol;https://galerij.kb.nl/kb.html#/nl/florabatava28/page/45/zoom/3/lat/-67.80924450600008/lng/-32.87109375;;;;;;;;;;;;;
28;KW_T_423a_28_0143R.tif.jpg;illustration;Merulius laeticolor;Leucogyrophana mollusca s.l.;Leucogyrophana;mollusca s.l.;Fungi;Agaricaceae;Zwavelgele plooiparasol;https://galerij.kb.nl/kb.html#/nl/florabatava28/page/45/zoom/3/lat/-67.80924450600008/lng/-32.87109375;;;;;;;;;;;;;
28;KW_T_423a_28_0144R.tif.jpg;illustration;Tricholoma squarrulosum;Tricholoma squarrulosum;Tricholoma;squarrulosum;Fungi;Hygrocybaceae;Vroege wasplaat;https://galerij.kb.nl/kb.html#/nl/florabatava28/page/48/zoom/3/lat/-67.80924450600008/lng/-32.87109375;;;;;;;;;;;;;
28;KW_T_423a_28_0145R.tif.jpg;illustration;Omphalia leucophylla   ;Gamundia striatula;Gamundia;striatula;Fungi;Cortinariaceae;Bloedrode gordijnzwam;https://galerij.kb.nl/kb.html#/nl/florabatava28/page/49/zoom/3/lat/-62.226996036319726/lng/-82.880859375;;;;;;;;;;;;;
28;KW_T_423a_28_0146R.tif.jpg;illustration;Rubus plicatus;Rubus fruticosus;Rubus;fruticosus;Fungi;Postiaceae;Kaaszwam spec.;https://galerij.kb.nl/kb.html#/nl/florabatava28/page/50/zoom/3/lat/-67.80924450600008/lng/-32.87109375;;;;;;;;;;;;;
28;KW_T_423a_28_0147R.tif.jpg;illustration;Tricholoma scalpturatum;Megacollybia platyphylla;Megacollybia;platyphylla;Flowering plants;Rosaceae;Viltbraam spec.?;https://galerij.kb.nl/kb.html#/nl/florabatava28/page/51/zoom/3/lat/-67.80924450600008/lng/-32.87109375;;;;;;;;;;;;;
28;KW_T_423a_28_0148R.tif.jpg;illustration;Lepiota haematosperma;Melanophyllum haematospermum;Melanophyllum;haematospermum;Fungi;Tricholomataceae;Spikkelsteelridderzwam;https://galerij.kb.nl/kb.html#/nl/florabatava28/page/53/zoom/3/lat/-62.226996036319726/lng/-82.880859375;;;;;;;;;;;;;
28;KW_T_423a_28_0149R.tif.jpg;illustration;Hypholoma pilulaeforme;Psathyrella multipedata;Psathyrella;multipedata;Fungi;Fayodiaceae;Kleverig trechtertje;https://galerij.kb.nl/kb.html#/nl/florabatava28/page/54/zoom/3/lat/-67.80924450600008/lng/-32.87109375;;;;;;;;;;;;;
28;KW_T_423a_28_0150R.tif.jpg;illustration;Rubus fissus x villicaulis;Rubus fissus x Rubus gracilis;Rubus;fissus x Rubus gracilis;Flowering plants;Rosaceae;Gewone braam;https://galerij.kb.nl/kb.html#/nl/florabatava28/page/55/zoom/3/lat/-67.80924450600008/lng/-32.87109375;;;;;;;;;;;;;
28;KW_T_423a_28_0151R.tif.jpg;illustration;Boletus sanguineus;Xerocomellus rubellus;Xerocomellus;rubellus;Fungi;Marasmiaceae;Breedplaatstreephoed;https://galerij.kb.nl/kb.html#/nl/florabatava28/page/56/zoom/3/lat/-62.226996036319726/lng/-82.880859375;;;;;;;;;;;;;
28;KW_T_423a_28_0152R.tif.jpg;illustration;Psilocybe physaloides;Deconica montana;Deconica;montana;Fungi;Agaricaceae;Verkleurzwammetje;https://galerij.kb.nl/kb.html#/nl/florabatava28/page/57/zoom/3/lat/-67.80924450600008/lng/-32.87109375;;;;;;;;;;;;;
28;KW_T_423a_28_0153R.tif.jpg;illustration;Collybia atrata   ;Lyophyllum atratum;Lyophyllum;atratum;Fungi;Psathyrellaceae;Bundelfranjehoed;https://galerij.kb.nl/kb.html#/nl/florabatava28/page/58/zoom/3/lat/-67.80924450600008/lng/-32.87109375;;;;;;;;;;;;;
28;KW_T_423a_28_0154R.tif.jpg;illustration;Geranium carolinianum;Geranium carolinianum;Geranium;carolinianum;Fungi;Boletaceae;Rode boleet;https://galerij.kb.nl/kb.html#/nl/florabatava28/page/60/zoom/3/lat/-67.80924450600008/lng/-32.87109375;;;;;;;;;;;;;
28;KW_T_423a_28_0155R.tif.jpg;illustration;Spumaria spongiosa;Mucilago crustacea;Mucilago;crustacea;Fungi;Strophariaceae;Zandkaalkopje;https://galerij.kb.nl/kb.html#/nl/florabatava28/page/61/zoom/3/lat/-67.80924450600008/lng/-32.87109375;;;;;;;;;;;;;
28;KW_T_423a_28_0155R.tif.jpg;illustration;Physarum psittacinum;Physarum psittacinum;Physarum;psittacinum;Fungi;Lyophyllaceae;Gladsporig pekzwammetje;https://galerij.kb.nl/kb.html#/nl/florabatava28/page/62/zoom/3/lat/-67.80924450600008/lng/-32.87109375;;;;;;;;;;;;;
28;KW_T_423a_28_0156R.tif.jpg;illustration;Taphrina pruni;Taphrina pruni;Taphrina;pruni;Flowering plants;Geraniaceae;;https://galerij.kb.nl/kb.html#/nl/florabatava28/page/63/zoom/3/lat/-67.80924450600008/lng/-32.87109375;;;;;;;;;;;;;
28;KW_T_423a_28_0157R.tif.jpg;illustration;Amanita vaginata;Amanita vaginata;Amanita;vaginata;Fungi;Didymiaceae;Groot kalkschuim;https://galerij.kb.nl/kb.html#/nl/florabatava28/page/64/zoom/3/lat/-67.80924450600008/lng/-32.87109375;;;;;;;;;;;;;
28;KW_T_423a_28_0158R.tif.jpg;illustration;Vicia lutea var. hirta;Vicia lutea;Vicia;lutea;Fungi;Physaraceae;Oranjesteelkalkkopje;https://galerij.kb.nl/kb.html#/nl/florabatava28/page/64/zoom/3/lat/-67.80924450600008/lng/-32.87109375;;;;;;;;;;;;;
28;KW_T_423a_28_0159R.tif.jpg;illustration;Hypocrea citrina;Hypocrea citrina;Hypocrea;citrina;Fungi;Taphrinaceae;Narrentasje;https://galerij.kb.nl/kb.html#/nl/florabatava28/page/66/zoom/3/lat/-67.80924450600008/lng/-32.87109375;;;;;;;;;;;;;
28;KW_T_423a_28_0160R.tif.jpg;illustration;Peniophora gigantea;Phlebiopsis gigantea;Phlebiopsis;gigantea;Fungi;Amanitaceae;Grijze slanke amaniet;https://galerij.kb.nl/kb.html#/nl/florabatava28/page/67/zoom/3/lat/-67.80924450600008/lng/-32.87109375;;;;;;;;;;;;;
28;KW_T_423a_28_0161R.tif.jpg;illustration;Pholiota spectabilis;Gymnopilus junonius;Gymnopilus;junonius;Flowering plants;Fabaceae;Gele wikke;https://galerij.kb.nl/kb.html#/nl/florabatava28/page/68/zoom/3/lat/-62.226996036319726/lng/-82.880859375;;;;;;;;;;;;;
28;KW_T_423a_28_0162R.tif.jpg;illustration;Polygonatum verticillatum (= Convallaria verticillata);Polygonatum verticillatum;Polygonatum;verticillatum;Fungi;Hypocreaceae;Platte kussentjeszwam;https://galerij.kb.nl/kb.html#/nl/florabatava28/page/69/zoom/3/lat/-67.80924450600008/lng/-32.87109375;;;;;;;;;;;;;
28;KW_T_423a_28_0163R.tif.jpg;illustration;Microglossum viride;Microglossum viride;Microglossum;viride;Fungi;Phanerochaetaceae;Dennenharszwam;https://galerij.kb.nl/kb.html#/nl/florabatava28/page/70/zoom/3/lat/-67.80924450600008/lng/-32.87109375;;;;;;;;;;;;;
28;KW_T_423a_28_0164R.tif.jpg;illustration;Rhodotus palmatus;Rhodotus palmatus;Rhodotus;palmatus;Fungi;Strophariaceae ;Prachtvlamhoed;https://galerij.kb.nl/kb.html#/nl/florabatava28/page/71/zoom/3/lat/-67.80924450600008/lng/-32.87109375;;;;;;;;;;;;;
28;KW_T_423a_28_0165R.tif.jpg;illustration;Leucopaxillus paradoxus;Leucopaxillus cutefractus ;Leucopaxillus;cutefractus;Flowering plants;Asparagaceae;Kranssalomonszegel;https://galerij.kb.nl/kb.html#/nl/florabatava28/page/72/zoom/3/lat/-67.80924450600008/lng/-32.87109375;;;;;;;;;;;;;
28;KW_T_423a_28_0166R.tif.jpg;illustration;Teucrium montanum   ;Teucrium montanum;Teucrium;montanum;Fungi;Leotiaceae;Groene aardtong;https://galerij.kb.nl/kb.html#/nl/florabatava28/page/73/zoom/3/lat/-67.80924450600008/lng/-32.87109375;;;;;;;;;;;;;
28;KW_T_423a_28_0167R.tif.jpg;illustration;Hydnotrya tulasnei;Hydnotrya tulasnei;Hydnotrya;tulasnei;Fungi;Physalacriaceae;Zalmzwam;https://galerij.kb.nl/kb.html#/nl/florabatava28/page/74/zoom/3/lat/-67.80924450600008/lng/-32.87109375;;;;;;;;;;;;;
28;KW_T_423a_28_0168R.tif.jpg;illustration;Collybia tenacella;Strobilurus stephanocystis;Strobilurus;stephanocystis;Fungi;Tricholomataceae;Roomkleurige dikhoed;https://galerij.kb.nl/kb.html#/nl/florabatava28/page/75/zoom/3/lat/-67.80924450600008/lng/-32.87109375;;;;;;;;;;;;;
28;KW_T_423a_28_0168R.tif.jpg;illustration;Collybia tenacella;Strobilurus esculentus;Strobilurus;esculentus;Flowering plants;Lamiaceae;Berggamander;https://galerij.kb.nl/kb.html#/nl/florabatava28/page/76/zoom/3/lat/-67.80924450600008/lng/-32.87109375;;;;;;;;;;;;;
28;KW_T_423a_28_0169R.tif.jpg;illustration;Boletus (Ixocomus) viscidus;Suillus viscidus;Suillus;viscidus;Fungi;Discinaceae;Rosse doolhoftruffel;https://galerij.kb.nl/kb.html#/nl/florabatava28/page/77/zoom/3/lat/-67.80924450600008/lng/-32.87109375;;;;;;;;;;;;;
28;KW_T_423a_28_0170R.tif.jpg;illustration;Teucrium botrys;Teucrium botrys;Teucrium;botrys;Fungi;Suillaceae;Grauwe ringboleet;https://galerij.kb.nl/kb.html#/nl/florabatava28/page/79/zoom/3/lat/-67.80924450600008/lng/-32.87109375;;;;;;;;;;;;;
28;KW_T_423a_28_0171R.tif.jpg;illustration;Avena nuda;Avena nuda;Avena;nuda;Flowering plants;Lamiaceae;Trosgamander;https://galerij.kb.nl/kb.html#/nl/florabatava28/page/80/zoom/3/lat/-67.80924450600008/lng/-32.87109375;;;;;;;;;;;;;
28;KW_T_423a_28_0172R.tif.jpg;illustration;Hypocrea gelatinosa;Hypocrea strictipilosa;Hypocrea;strictipilosa;Flowering plants;Poaceae;;https://galerij.kb.nl/kb.html#/nl/florabatava28/page/81/zoom/3/lat/-67.80924450600008/lng/-32.87109375;;;;;;;;;;;;;
28;KW_T_423a_28_0172R.tif.jpg;illustration;Hypoxylon multiforme;Ascomycetes spec.;Ascomycetes;spec.;Fungi;Hypocreaceae;Bleke kussentjeszwam;https://galerij.kb.nl/kb.html#/nl/florabatava28/page/82/zoom/3/lat/-67.80924450600008/lng/-32.87109375;;;;;;;;;;;;;
28;KW_T_423a_28_0173R.tif.jpg;illustration;Androsaceus hudsoni;Marasmius hudsonii;Marasmius;hudsonii;Fungi;Indetermined;Zakjeszwam spec.;https://galerij.kb.nl/kb.html#/nl/florabatava28/page/82/zoom/3/lat/-70.46620742226557/lng/-13.623046875;;;;;;;;;;;;;
28;KW_T_423a_28_0174R.tif.jpg;illustration;Euphrasia rostkoviana;Euphrasia officinalis;Euphrasia;officinalis;Fungi;Marasmiaceae;Hulsttaailing;https://galerij.kb.nl/kb.html#/nl/florabatava28/page/84/zoom/3/lat/-67.80924450600008/lng/-32.87109375;;;;;;;;;;;;;
28;KW_T_423a_28_0175R.tif.jpg;illustration;Bromus villosus;Anisantha diandra;Anisantha;diandra;Flowering plants;Orobanchaceae;Beklierde ogentroost;https://galerij.kb.nl/kb.html#/nl/florabatava28/page/85/zoom/3/lat/-67.80924450600008/lng/-32.87109375;;;;;;;;;;;;;
28;KW_T_423a_28_0176R.tif.jpg;illustration;Mycoacia fusco-atra;Mycoacia fuscoatra;Mycoacia;fuscoatra;Flowering plants;Poaceae;Hoge dravik;https://galerij.kb.nl/kb.html#/nl/florabatava28/page/86/zoom/3/lat/-67.80924450600008/lng/-32.87109375;;;;;;;;;;;;;
28;KW_T_423a_28_0176R.tif.jpg;illustration;Hericium coralloides;Hericium coralloides;Hericium;coralloides;Fungi;Meruliaceae;Bruinzwarte stekelkorstzwam;https://galerij.kb.nl/kb.html#/nl/florabatava28/page/87/zoom/3/lat/-67.80924450600008/lng/-32.87109375;;;;;;;;;;;;;
28;KW_T_423a_28_0177R.tif.jpg;illustration;Poria taxicola;Meruliopsis taxicola;Meruliopsis;taxicola;Fungi;Hericiaceae;Kammetjesstekelzwam;https://galerij.kb.nl/kb.html#/nl/florabatava28/page/87/zoom/3/lat/-67.80924450600008/lng/-32.87109375;;;;;;;;;;;;;
28;KW_T_423a_28_0178R.tif.jpg;illustration;Galeobdolon luteum var. vulgare & Galeobdolon vulgare;Lamiastrum galeobdolon subsp. galeobdolon;Lamiastrum;galeobdolon subsp. galeobdolon;Fungi;Irpicaceae;Rode plakkaatzwam;https://galerij.kb.nl/kb.html#/nl/florabatava28/page/89/zoom/3/lat/-67.80924450600008/lng/-32.87109375;;;;;;;;;;;;;
28;KW_T_423a_28_0179R.tif.jpg;illustration;Monolepis trifida;Blitum nuttallianum;Blitum;nuttallianum;Flowering plants;Amaranthaceae;;https://galerij.kb.nl/kb.html#/nl/florabatava28/page/91/zoom/3/lat/-67.80924450600008/lng/-32.87109375;;;;;;;;;;;;;
28;KW_T_423a_28_0180R.tif.jpg;illustration;Hericium erinaceus;Hericium erinaceus;Hericium;erinaceus;Fungi;Hericiaceae;Pruikzwam;https://galerij.kb.nl/kb.html#/nl/florabatava28/page/92/zoom/3/lat/-67.80924450600008/lng/-32.87109375;;;;;;;;;;;;;
28;KW_T_423a_28_0181R.tif.jpg;illustration;Collybia racemosa;Dendrocollybia racemosa;Dendrocollybia;racemosa;Fungi;Clitocybaceae;Vertakte collybia;https://galerij.kb.nl/kb.html#/nl/florabatava28/page/93/zoom/3/lat/-67.80924450600008/lng/-32.87109375;;;;;;;;;;;;;
28;KW_T_423a_28_0182R.tif.jpg;illustration;Rapistrum rugosum var. glabrum;Rapistrum rugosum;Rapistrum;rugosum;Flowering plants;Brassicaceae;Bolletjesraket;https://galerij.kb.nl/kb.html#/nl/florabatava28/page/94/zoom/3/lat/-67.80924450600008/lng/-32.87109375;;;;;;;;;;;;;
28;KW_T_423a_28_0183R.tif.jpg;illustration;Vicia ervilia;Vicia ervilia;Vicia;ervilia;Flowering plants;Fabaceae;Linzenwikke;https://galerij.kb.nl/kb.html#/nl/florabatava28/page/95/zoom/3/lat/-67.80924450600008/lng/-32.87109375;;;;;;;;;;;;;
28;KW_T_423a_28_0184R.tif.jpg;illustration;Polystictus cinnamomeus;Coltricia cinnamomea;Coltricia;cinnamomea;Fungi;Hymenochaetaceae;Zijdetolzwam;https://galerij.kb.nl/kb.html#/nl/florabatava28/page/96/zoom/3/lat/-67.80924450600008/lng/-32.87109375;;;;;;;;;;;;;
28;KW_T_423a_28_0185R.tif.jpg;illustration;Phallus iosmos;Phallus hadriani;Phallus;hadriani;Fungi;Phallaceae;Duinstinkzwam;https://galerij.kb.nl/kb.html#/nl/florabatava28/page/97/zoom/3/lat/-67.80924450600008/lng/-32.87109375;;;;;;;;;;;;;
;;;;;;;;;;;;;;;;;;;;;;;
;;;;;;;;;;;;;;;;;;;;;;;
;;;;;;;;;;;;;;;;;;;;;;;
;;;;;;;;;;;;;;;;;;;;;;;
;;;;;;;;;;;;;;;;;;;;;;;
;;;;;;;;;;;;;;;;;;;;;;;
;;;;;;;;;;;;;;;;;;;;;;;
;;;;;;;;;;;;;;;;;;;;;;;
;;;;;;;;;;;;;;;;;;;;;;;
;;;;;;;;;;;;;;;;;;;;;;;
;;;;;;;;;;;;;;;;;;;;;;;
;;;;;;;;;;;;;;;;;;;;;;;
;;;;;;;;;;;;;;;;;;;;;;;
;;;;;;;;;;;;;;;;;;;;;;;
;;;;;;;;;;;;;;;;;;;;;;;
;;;;;;;;;;;;;;;;;;;;;;;
;;;;;;;;;;;;;;;;;;;;;;;
;;;;;;;;;;;;;;;;;;;;;;;
;;;;;;;;;;;;;;;;;;;;;;;
;;;;;;;;;;;;;;;;;;;;;;;
;;;;;;;;;;;;;;;;;;;;;;;
;;;;;;;;;;;;;;;;;;;;;;;
;;;;;;;;;;;;;;;;;;;;;;;
;;;;;;;;;;;;;;;;;;;;;;;
;;;;;;;;;;;;;;;;;;;;;;;
;;;;;;;;;;;;;;;;;;;;;;;
;;;;;;;;;;;;;;;;;;;;;;;
;;;;;;;;;;;;;;;;;;;;;;;
;;;;;;;;;;;;;;;;;;;;;;;
;;;;;;;;;;;;;;;;;;;;;;;
;;;;;;;;;;;;;;;;;;;;;;;
;;;;;;;;;;;;;;;;;;;;;;;
;;;;;;;;;;;;;;;;;;;;;;;
;;;;;;;;;;;;;;;;;;;;;;;
;;;;;;;;;;;;;;;;;;;;;;;
;;;;;;;;;;;;;;;;;;;;;;;
;;;;;;;;;;;;;;;;;;;;;;;
;;;;;;;;;;;;;;;;;;;;;;;
;;;;;;;;;;;;;;;;;;;;;;;
;;;;;;;;;;;;;;;;;;;;;;;
;;;;;;;;;;;;;;;;;;;;;;;
;;;;;;;;;;;;;;;;;;;;;;;
;;;;;;;;;;;;;;;;;;;;;;;
;;;;;;;;;;;;;;;;;;;;;;;
;;;;;;;;;;;;;;;;;;;;;;;
;;;;;;;;;;;;;;;;;;;;;;;
;;;;;;;;;;;;;;;;;;;;;;;
;;;;;;;;;;;;;;;;;;;;;;;
;;;;;;;;;;;;;;;;;;;;;;;
;;;;;;;;;;;;;;;;;;;;;;;
;;;;;;;;;;;;;;;;;;;;;;;
;;;;;;;;;;;;;;;;;;;;;;;
;;;;;;;;;;;;;;;;;;;;;;;
;;;;;;;;;;;;;;;;;;;;;;;
;;;;;;;;;;;;;;;;;;;;;;;
;;;;;;;;;;;;;;;;;;;;;;;
;;;;;;;;;;;;;;;;;;;;;;;
;;;;;;;;;;;;;;;;;;;;;;;
;;;;;;;;;;;;;;;;;;;;;;;
;;;;;;;;;;;;;;;;;;;;;;;
;;;;;;;;;;;;;;;;;;;;;;;
;;;;;;;;;;;;;;;;;;;;;;;
;;;;;;;;;;;;;;;;;;;;;;;
;;;;;;;;;;;;;;;;;;;;;;;
;;;;;;;;;;;;;;;;;;;;;;;
;;;;;;;;;;;;;;;;;;;;;;;
;;;;;;;;;;;;;;;;;;;;;;;
;;;;;;;;;;;;;;;;;;;;;;;
;;;;;;;;;;;;;;;;;;;;;;;
;;;;;;;;;;;;;;;;;;;;;;;
;;;;;;;;;;;;;;;;;;;;;;;
;;;;;;;;;;;;;;;;;;;;;;;
;;;;;;;;;;;;;;;;;;;;;;;
;;;;;;;;;;;;;;;;;;;;;;;
;;;;;;;;;;;;;;;;;;;;;;;
;;;;;;;;;;;;;;;;;;;;;;;
;;;;;;;;;;;;;;;;;;;;;;;
;;;;;;;;;;;;;;;;;;;;;;;
;;;;;;;;;;;;;;;;;;;;;;;
;;;;;;;;;;;;;;;;;;;;;;;
;;;;;;;;;;;;;;;;;;;;;;;
;;;;;;;;;;;;;;;;;;;;;;;
;;;;;;;;;;;;;;;;;;;;;;;
;;;;;;;;;;;;;;;;;;;;;;;
;;;;;;;;;;;;;;;;;;;;;;;
;;;;;;;;;;;;;;;;;;;;;;;
;;;;;;;;;;;;;;;;;;;;;;;
;;;;;;;;;;;;;;;;;;;;;;;
;;;;;;;;;;;;;;;;;;;;;;;
;;;;;;;;;;;;;;;;;;;;;;;
;;;;;;;;;;;;;;;;;;;;;;;
;;;;;;;;;;;;;;;;;;;;;;;
;;;;;;;;;;;;;;;;;;;;;;;
;;;;;;;;;;;;;;;;;;;;;;;
;;;;;;;;;;;;;;;;;;;;;;;
;;;;;;;;;;;;;;;;;;;;;;;
;;;;;;;;;;;;;;;;;;;;;;;
;;;;;;;;;;;;;;;;;;;;;;;
;;;;;;;;;;;;;;;;;;;;;;;
;;;;;;;;;;;;;;;;;;;;;;;
;;;;;;;;;;;;;;;;;;;;;;;
;;;;;;;;;;;;;;;;;;;;;;;
;;;;;;;;;;;;;;;;;;;;;;;
;;;;;;;;;;;;;;;;;;;;;;;
;;;;;;;;;;;;;;;;;;;;;;;
;;;;;;;;;;;;;;;;;;;;;;;
;;;;;;;;;;;;;;;;;;;;;;;
;;;;;;;;;;;;;;;;;;;;;;;
;;;;;;;;;;;;;;;;;;;;;;;
;;;;;;;;;;;;;;;;;;;;;;;
;;;;;;;;;;;;;;;;;;;;;;;
;;;;;;;;;;;;;;;;;;;;;;;
;;;;;;;;;;;;;;;;;;;;;;;
;;;;;;;;;;;;;;;;;;;;;;;
;;;;;;;;;;;;;;;;;;;;;;;
;;;;;;;;;;;;;;;;;;;;;;;
;;;;;;;;;;;;;;;;;;;;;;;
;;;;;;;;;;;;;;;;;;;;;;;
;;;;;;;;;;;;;;;;;;;;;;;
;;;;;;;;;;;;;;;;;;;;;;;
;;;;;;;;;;;;;;;;;;;;;;;
;;;;;;;;;;;;;;;;;;;;;;;
;;;;;;;;;;;;;;;;;;;;;;;
;;;;;;;;;;;;;;;;;;;;;;;
;;;;;;;;;;;;;;;;;;;;;;;
;;;;;;;;;;;;;;;;;;;;;;;
;;;;;;;;;;;;;;;;;;;;;;;
;;;;;;;;;;;;;;;;;;;;;;;
;;;;;;;;;;;;;;;;;;;;;;;
;;;;;;;;;;;;;;;;;;;;;;;
;;;;;;;;;;;;;;;;;;;;;;;
;;;;;;;;;;;;;;;;;;;;;;;
;;;;;;;;;;;;;;;;;;;;;;;
;;;;;;;;;;;;;;;;;;;;;;;
;;;;;;;;;;;;;;;;;;;;;;;
;;;;;;;;;;;;;;;;;;;;;;;
;;;;;;;;;;;;;;;;;;;;;;;
;;;;;;;;;;;;;;;;;;;;;;;
;;;;;;;;;;;;;;;;;;;;;;;
;;;;;;;;;;;;;;;;;;;;;;;
;;;;;;;;;;;;;;;;;;;;;;;
;;;;;;;;;;;;;;;;;;;;;;;
;;;;;;;;;;;;;;;;;;;;;;;
;;;;;;;;;;;;;;;;;;;;;;;
;;;;;;;;;;;;;;;;;;;;;;;
;;;;;;;;;;;;;;;;;;;;;;;
;;;;;;;;;;;;;;;;;;;;;;;
;;;;;;;;;;;;;;;;;;;;;;;
;;;;;;;;;;;;;;;;;;;;;;;
;;;;;;;;;;;;;;;;;;;;;;;
;;;;;;;;;;;;;;;;;;;;;;;
;;;;;;;;;;;;;;;;;;;;;;;
;;;;;;;;;;;;;;;;;;;;;;;
;;;;;;;;;;;;;;;;;;;;;;;
;;;;;;;;;;;;;;;;;;;;;;;
;;;;;;;;;;;;;;;;;;;;;;;
;;;;;;;;;;;;;;;;;;;;;;;
;;;;;;;;;;;;;;;;;;;;;;;
;;;;;;;;;;;;;;;;;;;;;;;
;;;;;;;;;;;;;;;;;;;;;;;
;;;;;;;;;;;;;;;;;;;;;;;
;;;;;;;;;;;;;;;;;;;;;;;
;;;;;;;;;;;;;;;;;;;;;;;
;;;;;;;;;;;;;;;;;;;;;;;
;;;;;;;;;;;;;;;;;;;;;;;
;;;;;;;;;;;;;;;;;;;;;;;
;;;;;;;;;;;;;;;;;;;;;;;
;;;;;;;;;;;;;;;;;;;;;;;
;;;;;;;;;;;;;;;;;;;;;;;
;;;;;;;;;;;;;;;;;;;;;;;
;;;;;;;;;;;;;;;;;;;;;;;
;;;;;;;;;;;;;;;;;;;;;;;
;;;;;;;;;;;;;;;;;;;;;;;
;;;;;;;;;;;;;;;;;;;;;;;
;;;;;;;;;;;;;;;;;;;;;;;
;;;;;;;;;;;;;;;;;;;;;;;
;;;;;;;;;;;;;;;;;;;;;;;
;;;;;;;;;;;;;;;;;;;;;;;
;;;;;;;;;;;;;;;;;;;;;;;
;;;;;;;;;;;;;;;;;;;;;;;
;;;;;;;;;;;;;;;;;;;;;;;
;;;;;;;;;;;;;;;;;;;;;;;
;;;;;;;;;;;;;;;;;;;;;;;
;;;;;;;;;;;;;;;;;;;;;;;
;;;;;;;;;;;;;;;;;;;;;;;
;;;;;;;;;;;;;;;;;;;;;;;
;;;;;;;;;;;;;;;;;;;;;;;
;;;;;;;;;;;;;;;;;;;;;;;
;;;;;;;;;;;;;;;;;;;;;;;
;;;;;;;;;;;;;;;;;;;;;;;
;;;;;;;;;;;;;;;;;;;;;;;
;;;;;;;;;;;;;;;;;;;;;;;
;;;;;;;;;;;;;;;;;;;;;;;
;;;;;;;;;;;;;;;;;;;;;;;
;;;;;;;;;;;;;;;;;;;;;;;
;;;;;;;;;;;;;;;;;;;;;;;
;;;;;;;;;;;;;;;;;;;;;;;
;;;;;;;;;;;;;;;;;;;;;;;
;;;;;;;;;;;;;;;;;;;;;;;
;;;;;;;;;;;;;;;;;;;;;;;
;;;;;;;;;;;;;;;;;;;;;;;
;;;;;;;;;;;;;;;;;;;;;;;
;;;;;;;;;;;;;;;;;;;;;;;
;;;;;;;;;;;;;;;;;;;;;;;
;;;;;;;;;;;;;;;;;;;;;;;
;;;;;;;;;;;;;;;;;;;;;;;
;;;;;;;;;;;;;;;;;;;;;;;
;;;;;;;;;;;;;;;;;;;;;;;
;;;;;;;;;;;;;;;;;;;;;;;
;;;;;;;;;;;;;;;;;;;;;;;
;;;;;;;;;;;;;;;;;;;;;;;
;;;;;;;;;;;;;;;;;;;;;;;
;;;;;;;;;;;;;;;;;;;;;;;
;;;;;;;;;;;;;;;;;;;;;;;
;;;;;;;;;;;;;;;;;;;;;;;
;;;;;;;;;;;;;;;;;;;;;;;
;;;;;;;;;;;;;;;;;;;;;;;
;;;;;;;;;;;;;;;;;;;;;;;
;;;;;;;;;;;;;;;;;;;;;;;
;;;;;;;;;;;;;;;;;;;;;;;
;;;;;;;;;;;;;;;;;;;;;;;
;;;;;;;;;;;;;;;;;;;;;;;
;;;;;;;;;;;;;;;;;;;;;;;
;;;;;;;;;;;;;;;;;;;;;;;
;;;;;;;;;;;;;;;;;;;;;;;
;;;;;;;;;;;;;;;;;;;;;;;
;;;;;;;;;;;;;;;;;;;;;;;
;;;;;;;;;;;;;;;;;;;;;;;
;;;;;;;;;;;;;;;;;;;;;;;
;;;;;;;;;;;;;;;;;;;;;;;
;;;;;;;;;;;;;;;;;;;;;;;
;;;;;;;;;;;;;;;;;;;;;;;
;;;;;;;;;;;;;;;;;;;;;;;
;;;;;;;;;;;;;;;;;;;;;;;
;;;;;;;;;;;;;;;;;;;;;;;
;;;;;;;;;;;;;;;;;;;;;;;
;;;;;;;;;;;;;;;;;;;;;;;
;;;;;;;;;;;;;;;;;;;;;;;
;;;;;;;;;;;;;;;;;;;;;;;
;;;;;;;;;;;;;;;;;;;;;;;
;;;;;;;;;;;;;;;;;;;;;;;
;;;;;;;;;;;;;;;;;;;;;;;
;;;;;;;;;;;;;;;;;;;;;;;
;;;;;;;;;;;;;;;;;;;;;;;
;;;;;;;;;;;;;;;;;;;;;;;
;;;;;;;;;;;;;;;;;;;;;;;
;;;;;;;;;;;;;;;;;;;;;;;
;;;;;;;;;;;;;;;;;;;;;;;
;;;;;;;;;;;;;;;;;;;;;;;
;;;;;;;;;;;;;;;;;;;;;;;
;;;;;;;;;;;;;;;;;;;;;;;
;;;;;;;;;;;;;;;;;;;;;;;
;;;;;;;;;;;;;;;;;;;;;;;
;;;;;;;;;;;;;;;;;;;;;;;
;;;;;;;;;;;;;;;;;;;;;;;
;;;;;;;;;;;;;;;;;;;;;;;
;;;;;;;;;;;;;;;;;;;;;;;
;;;;;;;;;;;;;;;;;;;;;;;
;;;;;;;;;;;;;;;;;;;;;;;
;;;;;;;;;;;;;;;;;;;;;;;
;;;;;;;;;;;;;;;;;;;;;;;
;;;;;;;;;;;;;;;;;;;;;;;
;;;;;;;;;;;;;;;;;;;;;;;
;;;;;;;;;;;;;;;;;;;;;;;
;;;;;;;;;;;;;;;;;;;;;;;
;;;;;;;;;;;;;;;;;;;;;;;
;;;;;;;;;;;;;;;;;;;;;;;
;;;;;;;;;;;;;;;;;;;;;;;
;;;;;;;;;;;;;;;;;;;;;;;
;;;;;;;;;;;;;;;;;;;;;;;
;;;;;;;;;;;;;;;;;;;;;;;
;;;;;;;;;;;;;;;;;;;;;;;
;;;;;;;;;;;;;;;;;;;;;;;
;;;;;;;;;;;;;;;;;;;;;;;
;;;;;;;;;;;;;;;;;;;;;;;
;;;;;;;;;;;;;;;;;;;;;;;
;;;;;;;;;;;;;;;;;;;;;;;
;;;;;;;;;;;;;;;;;;;;;;;
;;;;;;;;;;;;;;;;;;;;;;;
;;;;;;;;;;;;;;;;;;;;;;;
;;;;;;;;;;;;;;;;;;;;;;;
;;;;;;;;;;;;;;;;;;;;;;;
;;;;;;;;;;;;;;;;;;;;;;;
;;;;;;;;;;;;;;;;;;;;;;;
;;;;;;;;;;;;;;;;;;;;;;;
;;;;;;;;;;;;;;;;;;;;;;;
;;;;;;;;;;;;;;;;;;;;;;;
;;;;;;;;;;;;;;;;;;;;;;;
;;;;;;;;;;;;;;;;;;;;;;;
;;;;;;;;;;;;;;;;;;;;;;;
;;;;;;;;;;;;;;;;;;;;;;;
;;;;;;;;;;;;;;;;;;;;;;;
;;;;;;;;;;;;;;;;;;;;;;;
;;;;;;;;;;;;;;;;;;;;;;;
;;;;;;;;;;;;;;;;;;;;;;;
;;;;;;;;;;;;;;;;;;;;;;;
;;;;;;;;;;;;;;;;;;;;;;;
;;;;;;;;;;;;;;;;;;;;;;;
;;;;;;;;;;;;;;;;;;;;;;;
;;;;;;;;;;;;;;;;;;;;;;;
;;;;;;;;;;;;;;;;;;;;;;;
;;;;;;;;;;;;;;;;;;;;;;;
;;;;;;;;;;;;;;;;;;;;;;;
;;;;;;;;;;;;;;;;;;;;;;;
;;;;;;;;;;;;;;;;;;;;;;;
;;;;;;;;;;;;;;;;;;;;;;;
;;;;;;;;;;;;;;;;;;;;;;;
;;;;;;;;;;;;;;;;;;;;;;;
;;;;;;;;;;;;;;;;;;;;;;;
;;;;;;;;;;;;;;;;;;;;;;;
;;;;;;;;;;;;;;;;;;;;;;;
;;;;;;;;;;;;;;;;;;;;;;;
;;;;;;;;;;;;;;;;;;;;;;;
;;;;;;;;;;;;;;;;;;;;;;;
;;;;;;;;;;;;;;;;;;;;;;;
;;;;;;;;;;;;;;;;;;;;;;;
;;;;;;;;;;;;;;;;;;;;;;;
;;;;;;;;;;;;;;;;;;;;;;;
;;;;;;;;;;;;;;;;;;;;;;;
;;;;;;;;;;;;;;;;;;;;;;;
;;;;;;;;;;;;;;;;;;;;;;;
;;;;;;;;;;;;;;;;;;;;;;;
;;;;;;;;;;;;;;;;;;;;;;;
;;;;;;;;;;;;;;;;;;;;;;;
;;;;;;;;;;;;;;;;;;;;;;;
;;;;;;;;;;;;;;;;;;;;;;;
;;;;;;;;;;;;;;;;;;;;;;;
;;;;;;;;;;;;;;;;;;;;;;;
;;;;;;;;;;;;;;;;;;;;;;;
;;;;;;;;;;;;;;;;;;;;;;;
;;;;;;;;;;;;;;;;;;;;;;;
;;;;;;;;;;;;;;;;;;;;;;;
;;;;;;;;;;;;;;;;;;;;;;;
;;;;;;;;;;;;;;;;;;;;;;;
;;;;;;;;;;;;;;;;;;;;;;;
;;;;;;;;;;;;;;;;;;;;;;;
;;;;;;;;;;;;;;;;;;;;;;;
;;;;;;;;;;;;;;;;;;;;;;;
;;;;;;;;;;;;;;;;;;;;;;;
;;;;;;;;;;;;;;;;;;;;;;;
;;;;;;;;;;;;;;;;;;;;;;;
;;;;;;;;;;;;;;;;;;;;;;;
;;;;;;;;;;;;;;;;;;;;;;;
;;;;;;;;;;;;;;;;;;;;;;;
;;;;;;;;;;;;;;;;;;;;;;;
;;;;;;;;;;;;;;;;;;;;;;;
;;;;;;;;;;;;;;;;;;;;;;;
;;;;;;;;;;;;;;;;;;;;;;;
;;;;;;;;;;;;;;;;;;;;;;;
;;;;;;;;;;;;;;;;;;;;;;;
;;;;;;;;;;;;;;;;;;;;;;;
;;;;;;;;;;;;;;;;;;;;;;;
;;;;;;;;;;;;;;;;;;;;;;;
;;;;;;;;;;;;;;;;;;;;;;;
;;;;;;;;;;;;;;;;;;;;;;;
;;;;;;;;;;;;;;;;;;;;;;;
;;;;;;;;;;;;;;;;;;;;;;;
;;;;;;;;;;;;;;;;;;;;;;;
;;;;;;;;;;;;;;;;;;;;;;;
;;;;;;;;;;;;;;;;;;;;;;;
;;;;;;;;;;;;;;;;;;;;;;;
;;;;;;;;;;;;;;;;;;;;;;;
;;;;;;;;;;;;;;;;;;;;;;;
;;;;;;;;;;;;;;;;;;;;;;;
;;;;;;;;;;;;;;;;;;;;;;;
;;;;;;;;;;;;;;;;;;;;;;;
;;;;;;;;;;;;;;;;;;;;;;;
;;;;;;;;;;;;;;;;;;;;;;;
;;;;;;;;;;;;;;;;;;;;;;;
;;;;;;;;;;;;;;;;;;;;;;;
;;;;;;;;;;;;;;;;;;;;;;;
;;;;;;;;;;;;;;;;;;;;;;;
;;;;;;;;;;;;;;;;;;;;;;;
;;;;;;;;;;;;;;;;;;;;;;;
;;;;;;;;;;;;;;;;;;;;;;;
;;;;;;;;;;;;;;;;;;;;;;;
;;;;;;;;;;;;;;;;;;;;;;;
;;;;;;;;;;;;;;;;;;;;;;;
;;;;;;;;;;;;;;;;;;;;;;;
;;;;;;;;;;;;;;;;;;;;;;;
;;;;;;;;;;;;;;;;;;;;;;;
;;;;;;;;;;;;;;;;;;;;;;;
;;;;;;;;;;;;;;;;;;;;;;;
;;;;;;;;;;;;;;;;;;;;;;;
;;;;;;;;;;;;;;;;;;;;;;;
;;;;;;;;;;;;;;;;;;;;;;;
;;;;;;;;;;;;;;;;;;;;;;;
;;;;;;;;;;;;;;;;;;;;;;;
;;;;;;;;;;;;;;;;;;;;;;;
;;;;;;;;;;;;;;;;;;;;;;;
;;;;;;;;;;;;;;;;;;;;;;;
;;;;;;;;;;;;;;;;;;;;;;;
;;;;;;;;;;;;;;;;;;;;;;;
;;;;;;;;;;;;;;;;;;;;;;;
;;;;;;;;;;;;;;;;;;;;;;;
;;;;;;;;;;;;;;;;;;;;;;;
;;;;;;;;;;;;;;;;;;;;;;;
;;;;;;;;;;;;;;;;;;;;;;;
;;;;;;;;;;;;;;;;;;;;;;;
;;;;;;;;;;;;;;;;;;;;;;;
;;;;;;;;;;;;;;;;;;;;;;;
;;;;;;;;;;;;;;;;;;;;;;;
;;;;;;;;;;;;;;;;;;;;;;;
;;;;;;;;;;;;;;;;;;;;;;;
;;;;;;;;;;;;;;;;;;;;;;;
;;;;;;;;;;;;;;;;;;;;;;;
;;;;;;;;;;;;;;;;;;;;;;;
;;;;;;;;;;;;;;;;;;;;;;;
;;;;;;;;;;;;;;;;;;;;;;;
;;;;;;;;;;;;;;;;;;;;;;;
;;;;;;;;;;;;;;;;;;;;;;;
;;;;;;;;;;;;;;;;;;;;;;;
;;;;;;;;;;;;;;;;;;;;;;;
;;;;;;;;;;;;;;;;;;;;;;;
;;;;;;;;;;;;;;;;;;;;;;;
;;;;;;;;;;;;;;;;;;;;;;;
;;;;;;;;;;;;;;;;;;;;;;;
;;;;;;;;;;;;;;;;;;;;;;;
;;;;;;;;;;;;;;;;;;;;;;;
;;;;;;;;;;;;;;;;;;;;;;;
;;;;;;;;;;;;;;;;;;;;;;;
;;;;;;;;;;;;;;;;;;;;;;;
;;;;;;;;;;;;;;;;;;;;;;;
;;;;;;;;;;;;;;;;;;;;;;;
;;;;;;;;;;;;;;;;;;;;;;;
;;;;;;;;;;;;;;;;;;;;;;;
;;;;;;;;;;;;;;;;;;;;;;;
;;;;;;;;;;;;;;;;;;;;;;;
;;;;;;;;;;;;;;;;;;;;;;;
;;;;;;;;;;;;;;;;;;;;;;;
;;;;;;;;;;;;;;;;;;;;;;;
;;;;;;;;;;;;;;;;;;;;;;;
;;;;;;;;;;;;;;;;;;;;;;;
;;;;;;;;;;;;;;;;;;;;;;;
;;;;;;;;;;;;;;;;;;;;;;;
;;;;;;;;;;;;;;;;;;;;;;;
;;;;;;;;;;;;;;;;;;;;;;;
;;;;;;;;;;;;;;;;;;;;;;;
;;;;;;;;;;;;;;;;;;;;;;;
;;;;;;;;;;;;;;;;;;;;;;;
;;;;;;;;;;;;;;;;;;;;;;;
;;;;;;;;;;;;;;;;;;;;;;;
;;;;;;;;;;;;;;;;;;;;;;;
;;;;;;;;;;;;;;;;;;;;;;;
;;;;;;;;;;;;;;;;;;;;;;;
;;;;;;;;;;;;;;;;;;;;;;;
;;;;;;;;;;;;;;;;;;;;;;;
;;;;;;;;;;;;;;;;;;;;;;;
;;;;;;;;;;;;;;;;;;;;;;;
;;;;;;;;;;;;;;;;;;;;;;;
;;;;;;;;;;;;;;;;;;;;;;;
;;;;;;;;;;;;;;;;;;;;;;;
;;;;;;;;;;;;;;;;;;;;;;;
;;;;;;;;;;;;;;;;;;;;;;;
;;;;;;;;;;;;;;;;;;;;;;;
;;;;;;;;;;;;;;;;;;;;;;;
;;;;;;;;;;;;;;;;;;;;;;;
;;;;;;;;;;;;;;;;;;;;;;;
;;;;;;;;;;;;;;;;;;;;;;;
;;;;;;;;;;;;;;;;;;;;;;;
;;;;;;;;;;;;;;;;;;;;;;;
;;;;;;;;;;;;;;;;;;;;;;;
;;;;;;;;;;;;;;;;;;;;;;;
;;;;;;;;;;;;;;;;;;;;;;;
;;;;;;;;;;;;;;;;;;;;;;;
;;;;;;;;;;;;;;;;;;;;;;;
;;;;;;;;;;;;;;;;;;;;;;;
;;;;;;;;;;;;;;;;;;;;;;;
;;;;;;;;;;;;;;;;;;;;;;;
;;;;;;;;;;;;;;;;;;;;;;;
;;;;;;;;;;;;;;;;;;;;;;;
;;;;;;;;;;;;;;;;;;;;;;;
;;;;;;;;;;;;;;;;;;;;;;;
;;;;;;;;;;;;;;;;;;;;;;;
;;;;;;;;;;;;;;;;;;;;;;;
;;;;;;;;;;;;;;;;;;;;;;;
;;;;;;;;;;;;;;;;;;;;;;;
;;;;;;;;;;;;;;;;;;;;;;;
;;;;;;;;;;;;;;;;;;;;;;;
;;;;;;;;;;;;;;;;;;;;;;;
;;;;;;;;;;;;;;;;;;;;;;;
;;;;;;;;;;;;;;;;;;;;;;;
;;;;;;;;;;;;;;;;;;;;;;;
;;;;;;;;;;;;;;;;;;;;;;;
;;;;;;;;;;;;;;;;;;;;;;;
;;;;;;;;;;;;;;;;;;;;;;;
;;;;;;;;;;;;;;;;;;;;;;;
;;;;;;;;;;;;;;;;;;;;;;;
;;;;;;;;;;;;;;;;;;;;;;;
;;;;;;;;;;;;;;;;;;;;;;;
;;;;;;;;;;;;;;;;;;;;;;;
;;;;;;;;;;;;;;;;;;;;;;;
;;;;;;;;;;;;;;;;;;;;;;;
;;;;;;;;;;;;;;;;;;;;;;;
;;;;;;;;;;;;;;;;;;;;;;;
;;;;;;;;;;;;;;;;;;;;;;;
;;;;;;;;;;;;;;;;;;;;;;;
;;;;;;;;;;;;;;;;;;;;;;;
;;;;;;;;;;;;;;;;;;;;;;;
;;;;;;;;;;;;;;;;;;;;;;;
;;;;;;;;;;;;;;;;;;;;;;;
;;;;;;;;;;;;;;;;;;;;;;;
;;;;;;;;;;;;;;;;;;;;;;;
;;;;;;;;;;;;;;;;;;;;;;;
;;;;;;;;;;;;;;;;;;;;;;;
;;;;;;;;;;;;;;;;;;;;;;;
;;;;;;;;;;;;;;;;;;;;;;;
;;;;;;;;;;;;;;;;;;;;;;;
;;;;;;;;;;;;;;;;;;;;;;;
;;;;;;;;;;;;;;;;;;;;;;;
;;;;;;;;;;;;;;;;;;;;;;;
;;;;;;;;;;;;;;;;;;;;;;;
;;;;;;;;;;;;;;;;;;;;;;;
;;;;;;;;;;;;;;;;;;;;;;;
;;;;;;;;;;;;;;;;;;;;;;;
;;;;;;;;;;;;;;;;;;;;;;;
;;;;;;;;;;;;;;;;;;;;;;;
;;;;;;;;;;;;;;;;;;;;;;;
;;;;;;;;;;;;;;;;;;;;;;;
;;;;;;;;;;;;;;;;;;;;;;;
;;;;;;;;;;;;;;;;;;;;;;;
;;;;;;;;;;;;;;;;;;;;;;;
;;;;;;;;;;;;;;;;;;;;;;;
;;;;;;;;;;;;;;;;;;;;;;;
;;;;;;;;;;;;;;;;;;;;;;;
;;;;;;;;;;;;;;;;;;;;;;;
;;;;;;;;;;;;;;;;;;;;;;;
;;;;;;;;;;;;;;;;;;;;;;;
;;;;;;;;;;;;;;;;;;;;;;;
;;;;;;;;;;;;;;;;;;;;;;;
;;;;;;;;;;;;;;;;;;;;;;;
;;;;;;;;;;;;;;;;;;;;;;;
;;;;;;;;;;;;;;;;;;;;;;;
;;;;;;;;;;;;;;;;;;;;;;;
;;;;;;;;;;;;;;;;;;;;;;;
;;;;;;;;;;;;;;;;;;;;;;;
;;;;;;;;;;;;;;;;;;;;;;;
;;;;;;;;;;;;;;;;;;;;;;;
;;;;;;;;;;;;;;;;;;;;;;;
;;;;;;;;;;;;;;;;;;;;;;;
;;;;;;;;;;;;;;;;;;;;;;;
;;;;;;;;;;;;;;;;;;;;;;;
;;;;;;;;;;;;;;;;;;;;;;;
;;;;;;;;;;;;;;;;;;;;;;;
;;;;;;;;;;;;;;;;;;;;;;;
;;;;;;;;;;;;;;;;;;;;;;;
;;;;;;;;;;;;;;;;;;;;;;;
;;;;;;;;;;;;;;;;;;;;;;;
;;;;;;;;;;;;;;;;;;;;;;;
;;;;;;;;;;;;;;;;;;;;;;;
;;;;;;;;;;;;;;;;;;;;;;;
;;;;;;;;;;;;;;;;;;;;;;;
;;;;;;;;;;;;;;;;;;;;;;;
;;;;;;;;;;;;;;;;;;;;;;;
;;;;;;;;;;;;;;;;;;;;;;;
;;;;;;;;;;;;;;;;;;;;;;;
;;;;;;;;;;;;;;;;;;;;;;;
;;;;;;;;;;;;;;;;;;;;;;;
;;;;;;;;;;;;;;;;;;;;;;;
;;;;;;;;;;;;;;;;;;;;;;;
;;;;;;;;;;;;;;;;;;;;;;;
;;;;;;;;;;;;;;;;;;;;;;;
;;;;;;;;;;;;;;;;;;;;;;;
;;;;;;;;;;;;;;;;;;;;;;;
;;;;;;;;;;;;;;;;;;;;;;;
;;;;;;;;;;;;;;;;;;;;;;;
;;;;;;;;;;;;;;;;;;;;;;;
;;;;;;;;;;;;;;;;;;;;;;;
;;;;;;;;;;;;;;;;;;;;;;;
;;;;;;;;;;;;;;;;;;;;;;;
;;;;;;;;;;;;;;;;;;;;;;;
;;;;;;;;;;;;;;;;;;;;;;;
;;;;;;;;;;;;;;;;;;;;;;;
;;;;;;;;;;;;;;;;;;;;;;;
;;;;;;;;;;;;;;;;;;;;;;;
;;;;;;;;;;;;;;;;;;;;;;;
;;;;;;;;;;;;;;;;;;;;;;;
;;;;;;;;;;;;;;;;;;;;;;;
;;;;;;;;;;;;;;;;;;;;;;;
;;;;;;;;;;;;;;;;;;;;;;;
;;;;;;;;;;;;;;;;;;;;;;;
;;;;;;;;;;;;;;;;;;;;;;;
;;;;;;;;;;;;;;;;;;;;;;;
;;;;;;;;;;;;;;;;;;;;;;;
;;;;;;;;;;;;;;;;;;;;;;;
;;;;;;;;;;;;;;;;;;;;;;;
;;;;;;;;;;;;;;;;;;;;;;;
;;;;;;;;;;;;;;;;;;;;;;;
;;;;;;;;;;;;;;;;;;;;;;;
;;;;;;;;;;;;;;;;;;;;;;;
;;;;;;;;;;;;;;;;;;;;;;;
;;;;;;;;;;;;;;;;;;;;;;;
;;;;;;;;;;;;;;;;;;;;;;;
;;;;;;;;;;;;;;;;;;;;;;;
;;;;;;;;;;;;;;;;;;;;;;;
;;;;;;;;;;;;;;;;;;;;;;;
;;;;;;;;;;;;;;;;;;;;;;;
;;;;;;;;;;;;;;;;;;;;;;;
;;;;;;;;;;;;;;;;;;;;;;;
;;;;;;;;;;;;;;;;;;;;;;;
;;;;;;;;;;;;;;;;;;;;;;;
;;;;;;;;;;;;;;;;;;;;;;;
;;;;;;;;;;;;;;;;;;;;;;;
;;;;;;;;;;;;;;;;;;;;;;;
;;;;;;;;;;;;;;;;;;;;;;;
;;;;;;;;;;;;;;;;;;;;;;;
;;;;;;;;;;;;;;;;;;;;;;;
;;;;;;;;;;;;;;;;;;;;;;;
;;;;;;;;;;;;;;;;;;;;;;;
;;;;;;;;;;;;;;;;;;;;;;;
;;;;;;;;;;;;;;;;;;;;;;;
;;;;;;;;;;;;;;;;;;;;;;;
;;;;;;;;;;;;;;;;;;;;;;;
;;;;;;;;;;;;;;;;;;;;;;;
;;;;;;;;;;;;;;;;;;;;;;;
;;;;;;;;;;;;;;;;;;;;;;;
;;;;;;;;;;;;;;;;;;;;;;;
;;;;;;;;;;;;;;;;;;;;;;;
;;;;;;;;;;;;;;;;;;;;;;;
;;;;;;;;;;;;;;;;;;;;;;;
;;;;;;;;;;;;;;;;;;;;;;;
;;;;;;;;;;;;;;;;;;;;;;;
;;;;;;;;;;;;;;;;;;;;;;;
;;;;;;;;;;;;;;;;;;;;;;;
;;;;;;;;;;;;;;;;;;;;;;;
;;;;;;;;;;;;;;;;;;;;;;;
;;;;;;;;;;;;;;;;;;;;;;;
;;;;;;;;;;;;;;;;;;;;;;;
;;;;;;;;;;;;;;;;;;;;;;;
;;;;;;;;;;;;;;;;;;;;;;;
;;;;;;;;;;;;;;;;;;;;;;;
;;;;;;;;;;;;;;;;;;;;;;;
;;;;;;;;;;;;;;;;;;;;;;;
;;;;;;;;;;;;;;;;;;;;;;;
;;;;;;;;;;;;;;;;;;;;;;;
;;;;;;;;;;;;;;;;;;;;;;;
;;;;;;;;;;;;;;;;;;;;;;;
;;;;;;;;;;;;;;;;;;;;;;;
;;;;;;;;;;;;;;;;;;;;;;;
;;;;;;;;;;;;;;;;;;;;;;;
;;;;;;;;;;;;;;;;;;;;;;;
;;;;;;;;;;;;;;;;;;;;;;;
;;;;;;;;;;;;;;;;;;;;;;;
;;;;;;;;;;;;;;;;;;;;;;;
;;;;;;;;;;;;;;;;;;;;;;;
;;;;;;;;;;;;;;;;;;;;;;;
;;;;;;;;;;;;;;;;;;;;;;;
;;;;;;;;;;;;;;;;;;;;;;;
;;;;;;;;;;;;;;;;;;;;;;;
;;;;;;;;;;;;;;;;;;;;;;;
;;;;;;;;;;;;;;;;;;;;;;;
;;;;;;;;;;;;;;;;;;;;;;;
;;;;;;;;;;;;;;;;;;;;;;;
;;;;;;;;;;;;;;;;;;;;;;;
;;;;;;;;;;;;;;;;;;;;;;;
;;;;;;;;;;;;;;;;;;;;;;;
;;;;;;;;;;;;;;;;;;;;;;;
;;;;;;;;;;;;;;;;;;;;;;;
;;;;;;;;;;;;;;;;;;;;;;;
;;;;;;;;;;;;;;;;;;;;;;;
;;;;;;;;;;;;;;;;;;;;;;;
;;;;;;;;;;;;;;;;;;;;;;;
;;;;;;;;;;;;;;;;;;;;;;;
;;;;;;;;;;;;;;;;;;;;;;;
;;;;;;;;;;;;;;;;;;;;;;;
;;;;;;;;;;;;;;;;;;;;;;;
;;;;;;;;;;;;;;;;;;;;;;;
;;;;;;;;;;;;;;;;;;;;;;;
;;;;;;;;;;;;;;;;;;;;;;;
;;;;;;;;;;;;;;;;;;;;;;;
;;;;;;;;;;;;;;;;;;;;;;;
;;;;;;;;;;;;;;;;;;;;;;;
;;;;;;;;;;;;;;;;;;;;;;;
;;;;;;;;;;;;;;;;;;;;;;;
;;;;;;;;;;;;;;;;;;;;;;;
;;;;;;;;;;;;;;;;;;;;;;;
;;;;;;;;;;;;;;;;;;;;;;;
;;;;;;;;;;;;;;;;;;;;;;;
;;;;;;;;;;;;;;;;;;;;;;;
;;;;;;;;;;;;;;;;;;;;;;;
;;;;;;;;;;;;;;;;;;;;;;;
;;;;;;;;;;;;;;;;;;;;;;;
;;;;;;;;;;;;;;;;;;;;;;;
;;;;;;;;;;;;;;;;;;;;;;;
;;;;;;;;;;;;;;;;;;;;;;;
;;;;;;;;;;;;;;;;;;;;;;;
;;;;;;;;;;;;;;;;;;;;;;;
;;;;;;;;;;;;;;;;;;;;;;;
;;;;;;;;;;;;;;;;;;;;;;;
;;;;;;;;;;;;;;;;;;;;;;;
;;;;;;;;;;;;;;;;;;;;;;;
;;;;;;;;;;;;;;;;;;;;;;;
;;;;;;;;;;;;;;;;;;;;;;;
;;;;;;;;;;;;;;;;;;;;;;;
;;;;;;;;;;;;;;;;;;;;;;;
;;;;;;;;;;;;;;;;;;;;;;;
;;;;;;;;;;;;;;;;;;;;;;;
;;;;;;;;;;;;;;;;;;;;;;;
;;;;;;;;;;;;;;;;;;;;;;;
;;;;;;;;;;;;;;;;;;;;;;;
;;;;;;;;;;;;;;;;;;;;;;;
;;;;;;;;;;;;;;;;;;;;;;;
;;;;;;;;;;;;;;;;;;;;;;;
;;;;;;;;;;;;;;;;;;;;;;;
;;;;;;;;;;;;;;;;;;;;;;;
;;;;;;;;;;;;;;;;;;;;;;;
;;;;;;;;;;;;;;;;;;;;;;;
;;;;;;;;;;;;;;;;;;;;;;;
;;;;;;;;;;;;;;;;;;;;;;;
;;;;;;;;;;;;;;;;;;;;;;;
;;;;;;;;;;;;;;;;;;;;;;;
;;;;;;;;;;;;;;;;;;;;;;;
;;;;;;;;;;;;;;;;;;;;;;;
;;;;;;;;;;;;;;;;;;;;;;;
;;;;;;;;;;;;;;;;;;;;;;;
;;;;;;;;;;;;;;;;;;;;;;;
;;;;;;;;;;;;;;;;;;;;;;;
;;;;;;;;;;;;;;;;;;;;;;;
;;;;;;;;;;;;;;;;;;;;;;;
;;;;;;;;;;;;;;;;;;;;;;;
;;;;;;;;;;;;;;;;;;;;;;;
;;;;;;;;;;;;;;;;;;;;;;;
;;;;;;;;;;;;;;;;;;;;;;;
;;;;;;;;;;;;;;;;;;;;;;;
;;;;;;;;;;;;;;;;;;;;;;;
;;;;;;;;;;;;;;;;;;;;;;;
;;;;;;;;;;;;;;;;;;;;;;;
;;;;;;;;;;;;;;;;;;;;;;;
;;;;;;;;;;;;;;;;;;;;;;;
;;;;;;;;;;;;;;;;;;;;;;;
;;;;;;;;;;;;;;;;;;;;;;;
;;;;;;;;;;;;;;;;;;;;;;;
;;;;;;;;;;;;;;;;;;;;;;;
;;;;;;;;;;;;;;;;;;;;;;;
;;;;;;;;;;;;;;;;;;;;;;;
;;;;;;;;;;;;;;;;;;;;;;;
;;;;;;;;;;;;;;;;;;;;;;;
;;;;;;;;;;;;;;;;;;;;;;;
;;;;;;;;;;;;;;;;;;;;;;;
;;;;;;;;;;;;;;;;;;;;;;;
;;;;;;;;;;;;;;;;;;;;;;;
;;;;;;;;;;;;;;;;;;;;;;;
;;;;;;;;;;;;;;;;;;;;;;;
;;;;;;;;;;;;;;;;;;;;;;;
;;;;;;;;;;;;;;;;;;;;;;;
;;;;;;;;;;;;;;;;;;;;;;;
;;;;;;;;;;;;;;;;;;;;;;;
;;;;;;;;;;;;;;;;;;;;;;;
;;;;;;;;;;;;;;;;;;;;;;;
;;;;;;;;;;;;;;;;;;;;;;;
;;;;;;;;;;;;;;;;;;;;;;;
;;;;;;;;;;;;;;;;;;;;;;;
;;;;;;;;;;;;;;;;;;;;;;;
;;;;;;;;;;;;;;;;;;;;;;;
;;;;;;;;;;;;;;;;;;;;;;;
;;;;;;;;;;;;;;;;;;;;;;;
;;;;;;;;;;;;;;;;;;;;;;;
;;;;;;;;;;;;;;;;;;;;;;;
;;;;;;;;;;;;;;;;;;;;;;;
;;;;;;;;;;;;;;;;;;;;;;;
;;;;;;;;;;;;;;;;;;;;;;;
;;;;;;;;;;;;;;;;;;;;;;;
;;;;;;;;;;;;;;;;;;;;;;;
;;;;;;;;;;;;;;;;;;;;;;;
;;;;;;;;;;;;;;;;;;;;;;;
;;;;;;;;;;;;;;;;;;;;;;;
;;;;;;;;;;;;;;;;;;;;;;;
;;;;;;;;;;;;;;;;;;;;;;;
;;;;;;;;;;;;;;;;;;;;;;;
;;;;;;;;;;;;;;;;;;;;;;;
;;;;;;;;;;;;;;;;;;;;;;;
;;;;;;;;;;;;;;;;;;;;;;;
;;;;;;;;;;;;;;;;;;;;;;;
;;;;;;;;;;;;;;;;;;;;;;;
;;;;;;;;;;;;;;;;;;;;;;;
;;;;;;;;;;;;;;;;;;;;;;;
;;;;;;;;;;;;;;;;;;;;;;;
;;;;;;;;;;;;;;;;;;;;;;;
;;;;;;;;;;;;;;;;;;;;;;;
;;;;;;;;;;;;;;;;;;;;;;;
;;;;;;;;;;;;;;;;;;;;;;;
;;;;;;;;;;;;;;;;;;;;;;;
;;;;;;;;;;;;;;;;;;;;;;;
;;;;;;;;;;;;;;;;;;;;;;;
;;;;;;;;;;;;;;;;;;;;;;;
;;;;;;;;;;;;;;;;;;;;;;;
;;;;;;;;;;;;;;;;;;;;;;;
;;;;;;;;;;;;;;;;;;;;;;;
;;;;;;;;;;;;;;;;;;;;;;;
;;;;;;;;;;;;;;;;;;;;;;;
;;;;;;;;;;;;;;;;;;;;;;;
;;;;;;;;;;;;;;;;;;;;;;;
;;;;;;;;;;;;;;;;;;;;;;;
;;;;;;;;;;;;;;;;;;;;;;;
;;;;;;;;;;;;;;;;;;;;;;;
;;;;;;;;;;;;;;;;;;;;;;;
;;;;;;;;;;;;;;;;;;;;;;;
;;;;;;;;;;;;;;;;;;;;;;;
;;;;;;;;;;;;;;;;;;;;;;;
;;;;;;;;;;;;;;;;;;;;;;;
;;;;;;;;;;;;;;;;;;;;;;;
;;;;;;;;;;;;;;;;;;;;;;;
;;;;;;;;;;;;;;;;;;;;;;;
;;;;;;;;;;;;;;;;;;;;;;;
;;;;;;;;;;;;;;;;;;;;;;;
;;;;;;;;;;;;;;;;;;;;;;;
;;;;;;;;;;;;;;;;;;;;;;;
;;;;;;;;;;;;;;;;;;;;;;;
;;;;;;;;;;;;;;;;;;;;;;;
;;;;;;;;;;;;;;;;;;;;;;;
;;;;;;;;;;;;;;;;;;;;;;;
;;;;;;;;;;;;;;;;;;;;;;;
;;;;;;;;;;;;;;;;;;;;;;;
;;;;;;;;;;;;;;;;;;;;;;;
;;;;;;;;;;;;;;;;;;;;;;;
;;;;;;;;;;;;;;;;;;;;;;;
;;;;;;;;;;;;;;;;;;;;;;;
;;;;;;;;;;;;;;;;;;;;;;;
;;;;;;;;;;;;;;;;;;;;;;;
;;;;;;;;;;;;;;;;;;;;;;;
;;;;;;;;;;;;;;;;;;;;;;;
;;;;;;;;;;;;;;;;;;;;;;;
;;;;;;;;;;;;;;;;;;;;;;;
;;;;;;;;;;;;;;;;;;;;;;;
;;;;;;;;;;;;;;;;;;;;;;;
;;;;;;;;;;;;;;;;;;;;;;;
;;;;;;;;;;;;;;;;;;;;;;;
;;;;;;;;;;;;;;;;;;;;;;;
;;;;;;;;;;;;;;;;;;;;;;;
;;;;;;;;;;;;;;;;;;;;;;;
;;;;;;;;;;;;;;;;;;;;;;;
;;;;;;;;;;;;;;;;;;;;;;;
;;;;;;;;;;;;;;;;;;;;;;;
;;;;;;;;;;;;;;;;;;;;;;;
;;;;;;;;;;;;;;;;;;;;;;;
;;;;;;;;;;;;;;;;;;;;;;;
;;;;;;;;;;;;;;;;;;;;;;;
;;;;;;;;;;;;;;;;;;;;;;;
;;;;;;;;;;;;;;;;;;;;;;;
;;;;;;;;;;;;;;;;;;;;;;;
;;;;;;;;;;;;;;;;;;;;;;;
;;;;;;;;;;;;;;;;;;;;;;;
;;;;;;;;;;;;;;;;;;;;;;;
;;;;;;;;;;;;;;;;;;;;;;;
;;;;;;;;;;;;;;;;;;;;;;;
;;;;;;;;;;;;;;;;;;;;;;;
;;;;;;;;;;;;;;;;;;;;;;;
;;;;;;;;;;;;;;;;;;;;;;;
;;;;;;;;;;;;;;;;;;;;;;;
;;;;;;;;;;;;;;;;;;;;;;;
;;;;;;;;;;;;;;;;;;;;;;;
;;;;;;;;;;;;;;;;;;;;;;;
;;;;;;;;;;;;;;;;;;;;;;;
;;;;;;;;;;;;;;;;;;;;;;;
;;;;;;;;;;;;;;;;;;;;;;;
;;;;;;;;;;;;;;;;;;;;;;;
;;;;;;;;;;;;;;;;;;;;;;;
;;;;;;;;;;;;;;;;;;;;;;;
;;;;;;;;;;;;;;;;;;;;;;;
;;;;;;;;;;;;;;;;;;;;;;;
;;;;;;;;;;;;;;;;;;;;;;;
;;;;;;;;;;;;;;;;;;;;;;;
;;;;;;;;;;;;;;;;;;;;;;;
;;;;;;;;;;;;;;;;;;;;;;;
;;;;;;;;;;;;;;;;;;;;;;;
;;;;;;;;;;;;;;;;;;;;;;;
;;;;;;;;;;;;;;;;;;;;;;;
;;;;;;;;;;;;;;;;;;;;;;;
;;;;;;;;;;;;;;;;;;;;;;;
;;;;;;;;;;;;;;;;;;;;;;;
;;;;;;;;;;;;;;;;;;;;;;;
;;;;;;;;;;;;;;;;;;;;;;;
;;;;;;;;;;;;;;;;;;;;;;;
;;;;;;;;;;;;;;;;;;;;;;;
;;;;;;;;;;;;;;;;;;;;;;;
;;;;;;;;;;;;;;;;;;;;;;;
;;;;;;;;;;;;;;;;;;;;;;;
;;;;;;;;;;;;;;;;;;;;;;;
;;;;;;;;;;;;;;;;;;;;;;;
;;;;;;;;;;;;;;;;;;;;;;;
;;;;;;;;;;;;;;;;;;;;;;;
;;;;;;;;;;;;;;;;;;;;;;;
;;;;;;;;;;;;;;;;;;;;;;;
;;;;;;;;;;;;;;;;;;;;;;;
;;;;;;;;;;;;;;;;;;;;;;;
;;;;;;;;;;;;;;;;;;;;;;;
;;;;;;;;;;;;;;;;;;;;;;;
;;;;;;;;;;;;;;;;;;;;;;;
;;;;;;;;;;;;;;;;;;;;;;;
;;;;;;;;;;;;;;;;;;;;;;;
;;;;;;;;;;;;;;;;;;;;;;;
;;;;;;;;;;;;;;;;;;;;;;;
;;;;;;;;;;;;;;;;;;;;;;;
;;;;;;;;;;;;;;;;;;;;;;;
;;;;;;;;;;;;;;;;;;;;;;;
;;;;;;;;;;;;;;;;;;;;;;;
;;;;;;;;;;;;;;;;;;;;;;;
;;;;;;;;;;;;;;;;;;;;;;;
;;;;;;;;;;;;;;;;;;;;;;;
;;;;;;;;;;;;;;;;;;;;;;;
;;;;;;;;;;;;;;;;;;;;;;;
;;;;;;;;;;;;;;;;;;;;;;;
;;;;;;;;;;;;;;;;;;;;;;;
;;;;;;;;;;;;;;;;;;;;;;;
;;;;;;;;;;;;;;;;;;;;;;;
;;;;;;;;;;;;;;;;;;;;;;;
;;;;;;;;;;;;;;;;;;;;;;;
;;;;;;;;;;;;;;;;;;;;;;;
;;;;;;;;;;;;;;;;;;;;;;;
;;;;;;;;;;;;;;;;;;;;;;;
;;;;;;;;;;;;;;;;;;;;;;;
;;;;;;;;;;;;;;;;;;;;;;;
;;;;;;;;;;;;;;;;;;;;;;;
;;;;;;;;;;;;;;;;;;;;;;;
;;;;;;;;;;;;;;;;;;;;;;;
;;;;;;;;;;;;;;;;;;;;;;;
;;;;;;;;;;;;;;;;;;;;;;;
;;;;;;;;;;;;;;;;;;;;;;;
;;;;;;;;;;;;;;;;;;;;;;;
;;;;;;;;;;;;;;;;;;;;;;;
;;;;;;;;;;;;;;;;;;;;;;;
;;;;;;;;;;;;;;;;;;;;;;;
;;;;;;;;;;;;;;;;;;;;;;;
;;;;;;;;;;;;;;;;;;;;;;;
;;;;;;;;;;;;;;;;;;;;;;;
;;;;;;;;;;;;;;;;;;;;;;;
;;;;;;;;;;;;;;;;;;;;;;;
;;;;;;;;;;;;;;;;;;;;;;;
;;;;;;;;;;;;;;;;;;;;;;;
;;;;;;;;;;;;;;;;;;;;;;;
;;;;;;;;;;;;;;;;;;;;;;;
;;;;;;;;;;;;;;;;;;;;;;;
;;;;;;;;;;;;;;;;;;;;;;;
;;;;;;;;;;;;;;;;;;;;;;;
;;;;;;;;;;;;;;;;;;;;;;;
;;;;;;;;;;;;;;;;;;;;;;;
;;;;;;;;;;;;;;;;;;;;;;;
;;;;;;;;;;;;;;;;;;;;;;;
;;;;;;;;;;;;;;;;;;;;;;;
;;;;;;;;;;;;;;;;;;;;;;;
;;;;;;;;;;;;;;;;;;;;;;;
;;;;;;;;;;;;;;;;;;;;;;;
;;;;;;;;;;;;;;;;;;;;;;;
;;;;;;;;;;;;;;;;;;;;;;;
;;;;;;;;;;;;;;;;;;;;;;;
;;;;;;;;;;;;;;;;;;;;;;;
;;;;;;;;;;;;;;;;;;;;;;;
;;;;;;;;;;;;;;;;;;;;;;;
;;;;;;;;;;;;;;;;;;;;;;;
;;;;;;;;;;;;;;;;;;;;;;;
;;;;;;;;;;;;;;;;;;;;;;;
;;;;;;;;;;;;;;;;;;;;;;;
;;;;;;;;;;;;;;;;;;;;;;;
;;;;;;;;;;;;;;;;;;;;;;;
;;;;;;;;;;;;;;;;;;;;;;;
;;;;;;;;;;;;;;;;;;;;;;;
;;;;;;;;;;;;;;;;;;;;;;;
;;;;;;;;;;;;;;;;;;;;;;;
;;;;;;;;;;;;;;;;;;;;;;;
;;;;;;;;;;;;;;;;;;;;;;;
;;;;;;;;;;;;;;;;;;;;;;;
;;;;;;;;;;;;;;;;;;;;;;;
;;;;;;;;;;;;;;;;;;;;;;;
;;;;;;;;;;;;;;;;;;;;;;;
;;;;;;;;;;;;;;;;;;;;;;;
;;;;;;;;;;;;;;;;;;;;;;;
;;;;;;;;;;;;;;;;;;;;;;;
;;;;;;;;;;;;;;;;;;;;;;;
;;;;;;;;;;;;;;;;;;;;;;;
;;;;;;;;;;;;;;;;;;;;;;;
;;;;;;;;;;;;;;;;;;;;;;;
;;;;;;;;;;;;;;;;;;;;;;;
;;;;;;;;;;;;;;;;;;;;;;;
;;;;;;;;;;;;;;;;;;;;;;;
;;;;;;;;;;;;;;;;;;;;;;;
;;;;;;;;;;;;;;;;;;;;;;;
;;;;;;;;;;;;;;;;;;;;;;;
;;;;;;;;;;;;;;;;;;;;;;;
;;;;;;;;;;;;;;;;;;;;;;;
;;;;;;;;;;;;;;;;;;;;;;;
;;;;;;;;;;;;;;;;;;;;;;;
;;;;;;;;;;;;;;;;;;;;;;;
;;;;;;;;;;;;;;;;;;;;;;;
;;;;;;;;;;;;;;;;;;;;;;;
;;;;;;;;;;;;;;;;;;;;;;;
;;;;;;;;;;;;;;;;;;;;;;;
;;;;;;;;;;;;;;;;;;;;;;;
;;;;;;;;;;;;;;;;;;;;;;;
;;;;;;;;;;;;;;;;;;;;;;;
;;;;;;;;;;;;;;;;;;;;;;;
;;;;;;;;;;;;;;;;;;;;;;;
;;;;;;;;;;;;;;;;;;;;;;;
;;;;;;;;;;;;;;;;;;;;;;;
;;;;;;;;;;;;;;;;;;;;;;;
;;;;;;;;;;;;;;;;;;;;;;;
;;;;;;;;;;;;;;;;;;;;;;;
;;;;;;;;;;;;;;;;;;;;;;;
;;;;;;;;;;;;;;;;;;;;;;;
;;;;;;;;;;;;;;;;;;;;;;;
;;;;;;;;;;;;;;;;;;;;;;;
;;;;;;;;;;;;;;;;;;;;;;;
;;;;;;;;;;;;;;;;;;;;;;;
;;;;;;;;;;;;;;;;;;;;;;;
;;;;;;;;;;;;;;;;;;;;;;;
;;;;;;;;;;;;;;;;;;;;;;;
;;;;;;;;;;;;;;;;;;;;;;;
;;;;;;;;;;;;;;;;;;;;;;;
;;;;;;;;;;;;;;;;;;;;;;;
;;;;;;;;;;;;;;;;;;;;;;;
;;;;;;;;;;;;;;;;;;;;;;;
;;;;;;;;;;;;;;;;;;;;;;;
;;;;;;;;;;;;;;;;;;;;;;;
;;;;;;;;;;;;;;;;;;;;;;;
;;;;;;;;;;;;;;;;;;;;;;;
;;;;;;;;;;;;;;;;;;;;;;;
;;;;;;;;;;;;;;;;;;;;;;;
;;;;;;;;;;;;;;;;;;;;;;;
;;;;;;;;;;;;;;;;;;;;;;;
;;;;;;;;;;;;;;;;;;;;;;;
;;;;;;;;;;;;;;;;;;;;;;;
;;;;;;;;;;;;;;;;;;;;;;;
;;;;;;;;;;;;;;;;;;;;;;;
;;;;;;;;;;;;;;;;;;;;;;;
;;;;;;;;;;;;;;;;;;;;;;;
;;;;;;;;;;;;;;;;;;;;;;;
;;;;;;;;;;;;;;;;;;;;;;;
;;;;;;;;;;;;;;;;;;;;;;;
;;;;;;;;;;;;;;;;;;;;;;;
;;;;;;;;;;;;;;;;;;;;;;;
;;;;;;;;;;;;;;;;;;;;;;;
;;;;;;;;;;;;;;;;;;;;;;;
;;;;;;;;;;;;;;;;;;;;;;;
;;;;;;;;;;;;;;;;;;;;;;;
;;;;;;;;;;;;;;;;;;;;;;;
;;;;;;;;;;;;;;;;;;;;;;;
;;;;;;;;;;;;;;;;;;;;;;;
;;;;;;;;;;;;;;;;;;;;;;;
;;;;;;;;;;;;;;;;;;;;;;;
;;;;;;;;;;;;;;;;;;;;;;;
;;;;;;;;;;;;;;;;;;;;;;;
;;;;;;;;;;;;;;;;;;;;;;;
;;;;;;;;;;;;;;;;;;;;;;;
;;;;;;;;;;;;;;;;;;;;;;;
;;;;;;;;;;;;;;;;;;;;;;;
;;;;;;;;;;;;;;;;;;;;;;;
;;;;;;;;;;;;;;;;;;;;;;;
;;;;;;;;;;;;;;;;;;;;;;;
;;;;;;;;;;;;;;;;;;;;;;;
;;;;;;;;;;;;;;;;;;;;;;;
;;;;;;;;;;;;;;;;;;;;;;;
;;;;;;;;;;;;;;;;;;;;;;;
;;;;;;;;;;;;;;;;;;;;;;;
;;;;;;;;;;;;;;;;;;;;;;;
;;;;;;;;;;;;;;;;;;;;;;;
;;;;;;;;;;;;;;;;;;;;;;;
;;;;;;;;;;;;;;;;;;;;;;;
;;;;;;;;;;;;;;;;;;;;;;;
;;;;;;;;;;;;;;;;;;;;;;;
;;;;;;;;;;;;;;;;;;;;;;;
;;;;;;;;;;;;;;;;;;;;;;;
;;;;;;;;;;;;;;;;;;;;;;;
;;;;;;;;;;;;;;;;;;;;;;;
;;;;;;;;;;;;;;;;;;;;;;;
;;;;;;;;;;;;;;;;;;;;;;;
;;;;;;;;;;;;;;;;;;;;;;;
;;;;;;;;;;;;;;;;;;;;;;;
;;;;;;;;;;;;;;;;;;;;;;;
;;;;;;;;;;;;;;;;;;;;;;;
;;;;;;;;;;;;;;;;;;;;;;;
;;;;;;;;;;;;;;;;;;;;;;;
;;;;;;;;;;;;;;;;;;;;;;;
;;;;;;;;;;;;;;;;;;;;;;;
;;;;;;;;;;;;;;;;;;;;;;;
;;;;;;;;;;;;;;;;;;;;;;;
;;;;;;;;;;;;;;;;;;;;;;;
;;;;;;;;;;;;;;;;;;;;;;;
;;;;;;;;;;;;;;;;;;;;;;;
;;;;;;;;;;;;;;;;;;;;;;;
;;;;;;;;;;;;;;;;;;;;;;;
;;;;;;;;;;;;;;;;;;;;;;;
;;;;;;;;;;;;;;;;;;;;;;;
;;;;;;;;;;;;;;;;;;;;;;;
;;;;;;;;;;;;;;;;;;;;;;;
;;;;;;;;;;;;;;;;;;;;;;;
;;;;;;;;;;;;;;;;;;;;;;;
;;;;;;;;;;;;;;;;;;;;;;;
;;;;;;;;;;;;;;;;;;;;;;;
;;;;;;;;;;;;;;;;;;;;;;;
;;;;;;;;;;;;;;;;;;;;;;;
;;;;;;;;;;;;;;;;;;;;;;;
;;;;;;;;;;;;;;;;;;;;;;;
;;;;;;;;;;;;;;;;;;;;;;;
;;;;;;;;;;;;;;;;;;;;;;;
;;;;;;;;;;;;;;;;;;;;;;;
;;;;;;;;;;;;;;;;;;;;;;;
;;;;;;;;;;;;;;;;;;;;;;;
;;;;;;;;;;;;;;;;;;;;;;;
;;;;;;;;;;;;;;;;;;;;;;;
;;;;;;;;;;;;;;;;;;;;;;;
;;;;;;;;;;;;;;;;;;;;;;;
;;;;;;;;;;;;;;;;;;;;;;;
;;;;;;;;;;;;;;;;;;;;;;;
;;;;;;;;;;;;;;;;;;;;;;;
;;;;;;;;;;;;;;;;;;;;;;;
;;;;;;;;;;;;;;;;;;;;;;;
;;;;;;;;;;;;;;;;;;;;;;;
;;;;;;;;;;;;;;;;;;;;;;;
;;;;;;;;;;;;;;;;;;;;;;;
;;;;;;;;;;;;;;;;;;;;;;;
;;;;;;;;;;;;;;;;;;;;;;;
;;;;;;;;;;;;;;;;;;;;;;;
;;;;;;;;;;;;;;;;;;;;;;;
;;;;;;;;;;;;;;;;;;;;;;;
;;;;;;;;;;;;;;;;;;;;;;;
;;;;;;;;;;;;;;;;;;;;;;;
;;;;;;;;;;;;;;;;;;;;;;;
;;;;;;;;;;;;;;;;;;;;;;;
;;;;;;;;;;;;;;;;;;;;;;;
;;;;;;;;;;;;;;;;;;;;;;;
;;;;;;;;;;;;;;;;;;;;;;;
;;;;;;;;;;;;;;;;;;;;;;;
;;;;;;;;;;;;;;;;;;;;;;;
;;;;;;;;;;;;;;;;;;;;;;;
;;;;;;;;;;;;;;;;;;;;;;;
;;;;;;;;;;;;;;;;;;;;;;;
;;;;;;;;;;;;;;;;;;;;;;;
;;;;;;;;;;;;;;;;;;;;;;;
;;;;;;;;;;;;;;;;;;;;;;;
;;;;;;;;;;;;;;;;;;;;;;;
;;;;;;;;;;;;;;;;;;;;;;;
;;;;;;;;;;;;;;;;;;;;;;;
;;;;;;;;;;;;;;;;;;;;;;;
;;;;;;;;;;;;;;;;;;;;;;;
;;;;;;;;;;;;;;;;;;;;;;;
;;;;;;;;;;;;;;;;;;;;;;;
;;;;;;;;;;;;;;;;;;;;;;;
;;;;;;;;;;;;;;;;;;;;;;;
;;;;;;;;;;;;;;;;;;;;;;;
;;;;;;;;;;;;;;;;;;;;;;;
;;;;;;;;;;;;;;;;;;;;;;;
;;;;;;;;;;;;;;;;;;;;;;;
;;;;;;;;;;;;;;;;;;;;;;;
;;;;;;;;;;;;;;;;;;;;;;;
;;;;;;;;;;;;;;;;;;;;;;;
;;;;;;;;;;;;;;;;;;;;;;;
;;;;;;;;;;;;;;;;;;;;;;;
;;;;;;;;;;;;;;;;;;;;;;;
;;;;;;;;;;;;;;;;;;;;;;;
;;;;;;;;;;;;;;;;;;;;;;;
;;;;;;;;;;;;;;;;;;;;;;;
;;;;;;;;;;;;;;;;;;;;;;;
;;;;;;;;;;;;;;;;;;;;;;;
;;;;;;;;;;;;;;;;;;;;;;;
;;;;;;;;;;;;;;;;;;;;;;;
;;;;;;;;;;;;;;;;;;;;;;;
;;;;;;;;;;;;;;;;;;;;;;;
;;;;;;;;;;;;;;;;;;;;;;;
;;;;;;;;;;;;;;;;;;;;;;;
;;;;;;;;;;;;;;;;;;;;;;;
;;;;;;;;;;;;;;;;;;;;;;;
;;;;;;;;;;;;;;;;;;;;;;;
;;;;;;;;;;;;;;;;;;;;;;;
;;;;;;;;;;;;;;;;;;;;;;;
;;;;;;;;;;;;;;;;;;;;;;;
;;;;;;;;;;;;;;;;;;;;;;;
;;;;;;;;;;;;;;;;;;;;;;;
;;;;;;;;;;;;;;;;;;;;;;;
;;;;;;;;;;;;;;;;;;;;;;;
;;;;;;;;;;;;;;;;;;;;;;;
;;;;;;;;;;;;;;;;;;;;;;;
;;;;;;;;;;;;;;;;;;;;;;;
;;;;;;;;;;;;;;;;;;;;;;;
;;;;;;;;;;;;;;;;;;;;;;;
;;;;;;;;;;;;;;;;;;;;;;;
;;;;;;;;;;;;;;;;;;;;;;;
;;;;;;;;;;;;;;;;;;;;;;;
;;;;;;;;;;;;;;;;;;;;;;;
;;;;;;;;;;;;;;;;;;;;;;;
;;;;;;;;;;;;;;;;;;;;;;;
;;;;;;;;;;;;;;;;;;;;;;;
;;;;;;;;;;;;;;;;;;;;;;;
;;;;;;;;;;;;;;;;;;;;;;;
;;;;;;;;;;;;;;;;;;;;;;;
;;;;;;;;;;;;;;;;;;;;;;;
;;;;;;;;;;;;;;;;;;;;;;;
;;;;;;;;;;;;;;;;;;;;;;;
;;;;;;;;;;;;;;;;;;;;;;;
;;;;;;;;;;;;;;;;;;;;;;;
;;;;;;;;;;;;;;;;;;;;;;;
;;;;;;;;;;;;;;;;;;;;;;;
;;;;;;;;;;;;;;;;;;;;;;;
;;;;;;;;;;;;;;;;;;;;;;;
;;;;;;;;;;;;;;;;;;;;;;;
;;;;;;;;;;;;;;;;;;;;;;;
;;;;;;;;;;;;;;;;;;;;;;;
;;;;;;;;;;;;;;;;;;;;;;;
;;;;;;;;;;;;;;;;;;;;;;;
;;;;;;;;;;;;;;;;;;;;;;;
;;;;;;;;;;;;;;;;;;;;;;;
;;;;;;;;;;;;;;;;;;;;;;;
;;;;;;;;;;;;;;;;;;;;;;;
;;;;;;;;;;;;;;;;;;;;;;;
;;;;;;;;;;;;;;;;;;;;;;;
;;;;;;;;;;;;;;;;;;;;;;;
;;;;;;;;;;;;;;;;;;;;;;;
;;;;;;;;;;;;;;;;;;;;;;;
;;;;;;;;;;;;;;;;;;;;;;;
;;;;;;;;;;;;;;;;;;;;;;;
;;;;;;;;;;;;;;;;;;;;;;;
;;;;;;;;;;;;;;;;;;;;;;;
;;;;;;;;;;;;;;;;;;;;;;;
;;;;;;;;;;;;;;;;;;;;;;;
;;;;;;;;;;;;;;;;;;;;;;;
;;;;;;;;;;;;;;;;;;;;;;;
;;;;;;;;;;;;;;;;;;;;;;;
;;;;;;;;;;;;;;;;;;;;;;;
;;;;;;;;;;;;;;;;;;;;;;;
;;;;;;;;;;;;;;;;;;;;;;;
;;;;;;;;;;;;;;;;;;;;;;;
;;;;;;;;;;;;;;;;;;;;;;;
;;;;;;;;;;;;;;;;;;;;;;;
;;;;;;;;;;;;;;;;;;;;;;;
;;;;;;;;;;;;;;;;;;;;;;;
;;;;;;;;;;;;;;;;;;;;;;;
;;;;;;;;;;;;;;;;;;;;;;;
;;;;;;;;;;;;;;;;;;;;;;;
;;;;;;;;;;;;;;;;;;;;;;;
;;;;;;;;;;;;;;;;;;;;;;;
;;;;;;;;;;;;;;;;;;;;;;;
;;;;;;;;;;;;;;;;;;;;;;;
;;;;;;;;;;;;;;;;;;;;;;;
;;;;;;;;;;;;;;;;;;;;;;;
;;;;;;;;;;;;;;;;;;;;;;;
;;;;;;;;;;;;;;;;;;;;;;;
;;;;;;;;;;;;;;;;;;;;;;;
;;;;;;;;;;;;;;;;;;;;;;;
;;;;;;;;;;;;;;;;;;;;;;;
;;;;;;;;;;;;;;;;;;;;;;;
;;;;;;;;;;;;;;;;;;;;;;;
;;;;;;;;;;;;;;;;;;;;;;;
;;;;;;;;;;;;;;;;;;;;;;;
;;;;;;;;;;;;;;;;;;;;;;;
;;;;;;;;;;;;;;;;;;;;;;;
;;;;;;;;;;;;;;;;;;;;;;;
;;;;;;;;;;;;;;;;;;;;;;;
;;;;;;;;;;;;;;;;;;;;;;;
;;;;;;;;;;;;;;;;;;;;;;;
;;;;;;;;;;;;;;;;;;;;;;;
;;;;;;;;;;;;;;;;;;;;;;;
;;;;;;;;;;;;;;;;;;;;;;;
;;;;;;;;;;;;;;;;;;;;;;;
;;;;;;;;;;;;;;;;;;;;;;;
;;;;;;;;;;;;;;;;;;;;;;;
;;;;;;;;;;;;;;;;;;;;;;;
;;;;;;;;;;;;;;;;;;;;;;;
;;;;;;;;;;;;;;;;;;;;;;;
;;;;;;;;;;;;;;;;;;;;;;;
;;;;;;;;;;;;;;;;;;;;;;;
;;;;;;;;;;;;;;;;;;;;;;;
;;;;;;;;;;;;;;;;;;;;;;;
;;;;;;;;;;;;;;;;;;;;;;;
;;;;;;;;;;;;;;;;;;;;;;;
;;;;;;;;;;;;;;;;;;;;;;;
;;;;;;;;;;;;;;;;;;;;;;;
;;;;;;;;;;;;;;;;;;;;;;;
;;;;;;;;;;;;;;;;;;;;;;;
;;;;;;;;;;;;;;;;;;;;;;;
;;;;;;;;;;;;;;;;;;;;;;;
;;;;;;;;;;;;;;;;;;;;;;;
;;;;;;;;;;;;;;;;;;;;;;;
;;;;;;;;;;;;;;;;;;;;;;;
;;;;;;;;;;;;;;;;;;;;;;;
;;;;;;;;;;;;;;;;;;;;;;;
;;;;;;;;;;;;;;;;;;;;;;;
;;;;;;;;;;;;;;;;;;;;;;;
;;;;;;;;;;;;;;;;;;;;;;;
;;;;;;;;;;;;;;;;;;;;;;;
;;;;;;;;;;;;;;;;;;;;;;;
;;;;;;;;;;;;;;;;;;;;;;;
;;;;;;;;;;;;;;;;;;;;;;;
;;;;;;;;;;;;;;;;;;;;;;;
;;;;;;;;;;;;;;;;;;;;;;;
;;;;;;;;;;;;;;;;;;;;;;;
;;;;;;;;;;;;;;;;;;;;;;;
;;;;;;;;;;;;;;;;;;;;;;;
;;;;;;;;;;;;;;;;;;;;;;;
;;;;;;;;;;;;;;;;;;;;;;;
;;;;;;;;;;;;;;;;;;;;;;;
;;;;;;;;;;;;;;;;;;;;;;;
;;;;;;;;;;;;;;;;;;;;;;;
;;;;;;;;;;;;;;;;;;;;;;;
;;;;;;;;;;;;;;;;;;;;;;;
;;;;;;;;;;;;;;;;;;;;;;;
;;;;;;;;;;;;;;;;;;;;;;;
;;;;;;;;;;;;;;;;;;;;;;;
;;;;;;;;;;;;;;;;;;;;;;;
;;;;;;;;;;;;;;;;;;;;;;;
;;;;;;;;;;;;;;;;;;;;;;;
;;;;;;;;;;;;;;;;;;;;;;;
;;;;;;;;;;;;;;;;;;;;;;;
;;;;;;;;;;;;;;;;;;;;;;;
;;;;;;;;;;;;;;;;;;;;;;;
;;;;;;;;;;;;;;;;;;;;;;;
;;;;;;;;;;;;;;;;;;;;;;;
;;;;;;;;;;;;;;;;;;;;;;;
;;;;;;;;;;;;;;;;;;;;;;;
;;;;;;;;;;;;;;;;;;;;;;;
;;;;;;;;;;;;;;;;;;;;;;;
;;;;;;;;;;;;;;;;;;;;;;;
;;;;;;;;;;;;;;;;;;;;;;;
;;;;;;;;;;;;;;;;;;;;;;;
;;;;;;;;;;;;;;;;;;;;;;;
;;;;;;;;;;;;;;;;;;;;;;;
;;;;;;;;;;;;;;;;;;;;;;;
;;;;;;;;;;;;;;;;;;;;;;;
;;;;;;;;;;;;;;;;;;;;;;;
;;;;;;;;;;;;;;;;;;;;;;;
;;;;;;;;;;;;;;;;;;;;;;;
;;;;;;;;;;;;;;;;;;;;;;;
;;;;;;;;;;;;;;;;;;;;;;;
;;;;;;;;;;;;;;;;;;;;;;;
;;;;;;;;;;;;;;;;;;;;;;;
;;;;;;;;;;;;;;;;;;;;;;;
;;;;;;;;;;;;;;;;;;;;;;;
;;;;;;;;;;;;;;;;;;;;;;;
;;;;;;;;;;;;;;;;;;;;;;;
;;;;;;;;;;;;;;;;;;;;;;;
;;;;;;;;;;;;;;;;;;;;;;;
;;;;;;;;;;;;;;;;;;;;;;;
;;;;;;;;;;;;;;;;;;;;;;;
;;;;;;;;;;;;;;;;;;;;;;;
;;;;;;;;;;;;;;;;;;;;;;;
;;;;;;;;;;;;;;;;;;;;;;;
;;;;;;;;;;;;;;;;;;;;;;;
;;;;;;;;;;;;;;;;;;;;;;;
;;;;;;;;;;;;;;;;;;;;;;;
;;;;;;;;;;;;;;;;;;;;;;;
;;;;;;;;;;;;;;;;;;;;;;;
;;;;;;;;;;;;;;;;;;;;;;;
;;;;;;;;;;;;;;;;;;;;;;;
;;;;;;;;;;;;;;;;;;;;;;;
;;;;;;;;;;;;;;;;;;;;;;;
;;;;;;;;;;;;;;;;;;;;;;;
;;;;;;;;;;;;;;;;;;;;;;;
;;;;;;;;;;;;;;;;;;;;;;;
;;;;;;;;;;;;;;;;;;;;;;;
;;;;;;;;;;;;;;;;;;;;;;;
;;;;;;;;;;;;;;;;;;;;;;;
;;;;;;;;;;;;;;;;;;;;;;;
;;;;;;;;;;;;;;;;;;;;;;;
;;;;;;;;;;;;;;;;;;;;;;;
;;;;;;;;;;;;;;;;;;;;;;;
;;;;;;;;;;;;;;;;;;;;;;;
;;;;;;;;;;;;;;;;;;;;;;;
;;;;;;;;;;;;;;;;;;;;;;;
;;;;;;;;;;;;;;;;;;;;;;;
;;;;;;;;;;;;;;;;;;;;;;;
;;;;;;;;;;;;;;;;;;;;;;;
;;;;;;;;;;;;;;;;;;;;;;;
;;;;;;;;;;;;;;;;;;;;;;;
;;;;;;;;;;;;;;;;;;;;;;;
;;;;;;;;;;;;;;;;;;;;;;;
;;;;;;;;;;;;;;;;;;;;;;;
;;;;;;;;;;;;;;;;;;;;;;;
;;;;;;;;;;;;;;;;;;;;;;;
;;;;;;;;;;;;;;;;;;;;;;;
;;;;;;;;;;;;;;;;;;;;;;;
;;;;;;;;;;;;;;;;;;;;;;;
;;;;;;;;;;;;;;;;;;;;;;;
;;;;;;;;;;;;;;;;;;;;;;;
;;;;;;;;;;;;;;;;;;;;;;;
;;;;;;;;;;;;;;;;;;;;;;;
;;;;;;;;;;;;;;;;;;;;;;;
;;;;;;;;;;;;;;;;;;;;;;;
;;;;;;;;;;;;;;;;;;;;;;;
;;;;;;;;;;;;;;;;;;;;;;;
;;;;;;;;;;;;;;;;;;;;;;;
;;;;;;;;;;;;;;;;;;;;;;;
;;;;;;;;;;;;;;;;;;;;;;;
;;;;;;;;;;;;;;;;;;;;;;;
;;;;;;;;;;;;;;;;;;;;;;;
;;;;;;;;;;;;;;;;;;;;;;;
;;;;;;;;;;;;;;;;;;;;;;;
;;;;;;;;;;;;;;;;;;;;;;;
;;;;;;;;;;;;;;;;;;;;;;;
;;;;;;;;;;;;;;;;;;;;;;;
;;;;;;;;;;;;;;;;;;;;;;;
;;;;;;;;;;;;;;;;;;;;;;;
;;;;;;;;;;;;;;;;;;;;;;;
;;;;;;;;;;;;;;;;;;;;;;;
;;;;;;;;;;;;;;;;;;;;;;;
;;;;;;;;;;;;;;;;;;;;;;;
;;;;;;;;;;;;;;;;;;;;;;;
;;;;;;;;;;;;;;;;;;;;;;;
;;;;;;;;;;;;;;;;;;;;;;;
;;;;;;;;;;;;;;;;;;;;;;;
;;;;;;;;;;;;;;;;;;;;;;;
;;;;;;;;;;;;;;;;;;;;;;;
;;;;;;;;;;;;;;;;;;;;;;;
;;;;;;;;;;;;;;;;;;;;;;;
;;;;;;;;;;;;;;;;;;;;;;;
;;;;;;;;;;;;;;;;;;;;;;;
;;;;;;;;;;;;;;;;;;;;;;;
;;;;;;;;;;;;;;;;;;;;;;;
;;;;;;;;;;;;;;;;;;;;;;;
;;;;;;;;;;;;;;;;;;;;;;;
;;;;;;;;;;;;;;;;;;;;;;;
;;;;;;;;;;;;;;;;;;;;;;;
;;;;;;;;;;;;;;;;;;;;;;;
;;;;;;;;;;;;;;;;;;;;;;;
;;;;;;;;;;;;;;;;;;;;;;;
;;;;;;;;;;;;;;;;;;;;;;;
;;;;;;;;;;;;;;;;;;;;;;;
;;;;;;;;;;;;;;;;;;;;;;;
;;;;;;;;;;;;;;;;;;;;;;;
;;;;;;;;;;;;;;;;;;;;;;;
;;;;;;;;;;;;;;;;;;;;;;;
;;;;;;;;;;;;;;;;;;;;;;;
;;;;;;;;;;;;;;;;;;;;;;;
;;;;;;;;;;;;;;;;;;;;;;;
;;;;;;;;;;;;;;;;;;;;;;;
;;;;;;;;;;;;;;;;;;;;;;;
;;;;;;;;;;;;;;;;;;;;;;;
;;;;;;;;;;;;;;;;;;;;;;;
;;;;;;;;;;;;;;;;;;;;;;;
;;;;;;;;;;;;;;;;;;;;;;;
;;;;;;;;;;;;;;;;;;;;;;;
;;;;;;;;;;;;;;;;;;;;;;;
;;;;;;;;;;;;;;;;;;;;;;;
;;;;;;;;;;;;;;;;;;;;;;;
;;;;;;;;;;;;;;;;;;;;;;;
;;;;;;;;;;;;;;;;;;;;;;;
;;;;;;;;;;;;;;;;;;;;;;;
;;;;;;;;;;;;;;;;;;;;;;;
;;;;;;;;;;;;;;;;;;;;;;;
;;;;;;;;;;;;;;;;;;;;;;;
;;;;;;;;;;;;;;;;;;;;;;;
;;;;;;;;;;;;;;;;;;;;;;;
;;;;;;;;;;;;;;;;;;;;;;;
;;;;;;;;;;;;;;;;;;;;;;;
;;;;;;;;;;;;;;;;;;;;;;;
;;;;;;;;;;;;;;;;;;;;;;;
;;;;;;;;;;;;;;;;;;;;;;;
;;;;;;;;;;;;;;;;;;;;;;;
;;;;;;;;;;;;;;;;;;;;;;;
;;;;;;;;;;;;;;;;;;;;;;;
;;;;;;;;;;;;;;;;;;;;;;;
;;;;;;;;;;;;;;;;;;;;;;;
;;;;;;;;;;;;;;;;;;;;;;;
;;;;;;;;;;;;;;;;;;;;;;;
;;;;;;;;;;;;;;;;;;;;;;;
;;;;;;;;;;;;;;;;;;;;;;;
;;;;;;;;;;;;;;;;;;;;;;;
;;;;;;;;;;;;;;;;;;;;;;;
;;;;;;;;;;;;;;;;;;;;;;;
;;;;;;;;;;;;;;;;;;;;;;;
;;;;;;;;;;;;;;;;;;;;;;;
;;;;;;;;;;;;;;;;;;;;;;;
;;;;;;;;;;;;;;;;;;;;;;;
;;;;;;;;;;;;;;;;;;;;;;;
;;;;;;;;;;;;;;;;;;;;;;;
;;;;;;;;;;;;;;;;;;;;;;;
;;;;;;;;;;;;;;;;;;;;;;;
;;;;;;;;;;;;;;;;;;;;;;;
;;;;;;;;;;;;;;;;;;;;;;;
;;;;;;;;;;;;;;;;;;;;;;;
;;;;;;;;;;;;;;;;;;;;;;;
;;;;;;;;;;;;;;;;;;;;;;;
;;;;;;;;;;;;;;;;;;;;;;;
;;;;;;;;;;;;;;;;;;;;;;;
;;;;;;;;;;;;;;;;;;;;;;;
;;;;;;;;;;;;;;;;;;;;;;;
;;;;;;;;;;;;;;;;;;;;;;;
;;;;;;;;;;;;;;;;;;;;;;;
;;;;;;;;;;;;;;;;;;;;;;;
;;;;;;;;;;;;;;;;;;;;;;;
;;;;;;;;;;;;;;;;;;;;;;;
;;;;;;;;;;;;;;;;;;;;;;;
;;;;;;;;;;;;;;;;;;;;;;;
;;;;;;;;;;;;;;;;;;;;;;;
;;;;;;;;;;;;;;;;;;;;;;;
;;;;;;;;;;;;;;;;;;;;;;;
;;;;;;;;;;;;;;;;;;;;;;;
;;;;;;;;;;;;;;;;;;;;;;;
;;;;;;;;;;;;;;;;;;;;;;;
;;;;;;;;;;;;;;;;;;;;;;;
;;;;;;;;;;;;;;;;;;;;;;;
;;;;;;;;;;;;;;;;;;;;;;;
;;;;;;;;;;;;;;;;;;;;;;;
;;;;;;;;;;;;;;;;;;;;;;;
;;;;;;;;;;;;;;;;;;;;;;;
;;;;;;;;;;;;;;;;;;;;;;;
;;;;;;;;;;;;;;;;;;;;;;;
;;;;;;;;;;;;;;;;;;;;;;;
;;;;;;;;;;;;;;;;;;;;;;;
;;;;;;;;;;;;;;;;;;;;;;;
;;;;;;;;;;;;;;;;;;;;;;;
;;;;;;;;;;;;;;;;;;;;;;;
;;;;;;;;;;;;;;;;;;;;;;;
;;;;;;;;;;;;;;;;;;;;;;;
;;;;;;;;;;;;;;;;;;;;;;;
;;;;;;;;;;;;;;;;;;;;;;;
;;;;;;;;;;;;;;;;;;;;;;;
;;;;;;;;;;;;;;;;;;;;;;;
;;;;;;;;;;;;;;;;;;;;;;;
;;;;;;;;;;;;;;;;;;;;;;;
;;;;;;;;;;;;;;;;;;;;;;;
;;;;;;;;;;;;;;;;;;;;;;;
;;;;;;;;;;;;;;;;;;;;;;;
;;;;;;;;;;;;;;;;;;;;;;;
;;;;;;;;;;;;;;;;;;;;;;;
;;;;;;;;;;;;;;;;;;;;;;;
;;;;;;;;;;;;;;;;;;;;;;;
;;;;;;;;;;;;;;;;;;;;;;;
;;;;;;;;;;;;;;;;;;;;;;;
;;;;;;;;;;;;;;;;;;;;;;;
;;;;;;;;;;;;;;;;;;;;;;;
;;;;;;;;;;;;;;;;;;;;;;;
;;;;;;;;;;;;;;;;;;;;;;;
;;;;;;;;;;;;;;;;;;;;;;;
;;;;;;;;;;;;;;;;;;;;;;;
;;;;;;;;;;;;;;;;;;;;;;;
;;;;;;;;;;;;;;;;;;;;;;;
;;;;;;;;;;;;;;;;;;;;;;;
;;;;;;;;;;;;;;;;;;;;;;;
;;;;;;;;;;;;;;;;;;;;;;;
;;;;;;;;;;;;;;;;;;;;;;;
;;;;;;;;;;;;;;;;;;;;;;;
;;;;;;;;;;;;;;;;;;;;;;;
;;;;;;;;;;;;;;;;;;;;;;;
;;;;;;;;;;;;;;;;;;;;;;;
;;;;;;;;;;;;;;;;;;;;;;;
;;;;;;;;;;;;;;;;;;;;;;;
;;;;;;;;;;;;;;;;;;;;;;;
;;;;;;;;;;;;;;;;;;;;;;;
;;;;;;;;;;;;;;;;;;;;;;;
;;;;;;;;;;;;;;;;;;;;;;;
;;;;;;;;;;;;;;;;;;;;;;;
;;;;;;;;;;;;;;;;;;;;;;;
;;;;;;;;;;;;;;;;;;;;;;;
;;;;;;;;;;;;;;;;;;;;;;;
;;;;;;;;;;;;;;;;;;;;;;;
;;;;;;;;;;;;;;;;;;;;;;;
;;;;;;;;;;;;;;;;;;;;;;;
;;;;;;;;;;;;;;;;;;;;;;;
;;;;;;;;;;;;;;;;;;;;;;;
;;;;;;;;;;;;;;;;;;;;;;;
;;;;;;;;;;;;;;;;;;;;;;;
;;;;;;;;;;;;;;;;;;;;;;;
;;;;;;;;;;;;;;;;;;;;;;;
;;;;;;;;;;;;;;;;;;;;;;;
;;;;;;;;;;;;;;;;;;;;;;;
;;;;;;;;;;;;;;;;;;;;;;;
;;;;;;;;;;;;;;;;;;;;;;;
;;;;;;;;;;;;;;;;;;;;;;;
;;;;;;;;;;;;;;;;;;;;;;;
;;;;;;;;;;;;;;;;;;;;;;;
;;;;;;;;;;;;;;;;;;;;;;;
;;;;;;;;;;;;;;;;;;;;;;;
;;;;;;;;;;;;;;;;;;;;;;;
;;;;;;;;;;;;;;;;;;;;;;;
;;;;;;;;;;;;;;;;;;;;;;;
;;;;;;;;;;;;;;;;;;;;;;;
;;;;;;;;;;;;;;;;;;;;;;;
;;;;;;;;;;;;;;;;;;;;;;;
;;;;;;;;;;;;;;;;;;;;;;;
;;;;;;;;;;;;;;;;;;;;;;;
;;;;;;;;;;;;;;;;;;;;;;;
;;;;;;;;;;;;;;;;;;;;;;;
;;;;;;;;;;;;;;;;;;;;;;;
;;;;;;;;;;;;;;;;;;;;;;;
;;;;;;;;;;;;;;;;;;;;;;;
;;;;;;;;;;;;;;;;;;;;;;;
;;;;;;;;;;;;;;;;;;;;;;;
;;;;;;;;;;;;;;;;;;;;;;;
;;;;;;;;;;;;;;;;;;;;;;;
;;;;;;;;;;;;;;;;;;;;;;;
;;;;;;;;;;;;;;;;;;;;;;;
;;;;;;;;;;;;;;;;;;;;;;;
;;;;;;;;;;;;;;;;;;;;;;;
;;;;;;;;;;;;;;;;;;;;;;;
;;;;;;;;;;;;;;;;;;;;;;;
;;;;;;;;;;;;;;;;;;;;;;;
;;;;;;;;;;;;;;;;;;;;;;;
;;;;;;;;;;;;;;;;;;;;;;;
;;;;;;;;;;;;;;;;;;;;;;;
;;;;;;;;;;;;;;;;;;;;;;;
;;;;;;;;;;;;;;;;;;;;;;;
;;;;;;;;;;;;;;;;;;;;;;;
;;;;;;;;;;;;;;;;;;;;;;;
;;;;;;;;;;;;;;;;;;;;;;;
;;;;;;;;;;;;;;;;;;;;;;;
;;;;;;;;;;;;;;;;;;;;;;;
;;;;;;;;;;;;;;;;;;;;;;;
;;;;;;;;;;;;;;;;;;;;;;;
;;;;;;;;;;;;;;;;;;;;;;;
;;;;;;;;;;;;;;;;;;;;;;;
;;;;;;;;;;;;;;;;;;;;;;;
;;;;;;;;;;;;;;;;;;;;;;;
;;;;;;;;;;;;;;;;;;;;;;;
;;;;;;;;;;;;;;;;;;;;;;;
;;;;;;;;;;;;;;;;;;;;;;;
;;;;;;;;;;;;;;;;;;;;;;;
;;;;;;;;;;;;;;;;;;;;;;;
;;;;;;;;;;;;;;;;;;;;;;;
;;;;;;;;;;;;;;;;;;;;;;;
;;;;;;;;;;;;;;;;;;;;;;;
;;;;;;;;;;;;;;;;;;;;;;;
;;;;;;;;;;;;;;;;;;;;;;;
;;;;;;;;;;;;;;;;;;;;;;;
;;;;;;;;;;;;;;;;;;;;;;;
;;;;;;;;;;;;;;;;;;;;;;;
;;;;;;;;;;;;;;;;;;;;;;;
;;;;;;;;;;;;;;;;;;;;;;;
;;;;;;;;;;;;;;;;;;;;;;;
;;;;;;;;;;;;;;;;;;;;;;;
;;;;;;;;;;;;;;;;;;;;;;;
;;;;;;;;;;;;;;;;;;;;;;;
;;;;;;;;;;;;;;;;;;;;;;;
;;;;;;;;;;;;;;;;;;;;;;;
;;;;;;;;;;;;;;;;;;;;;;;
;;;;;;;;;;;;;;;;;;;;;;;
;;;;;;;;;;;;;;;;;;;;;;;
;;;;;;;;;;;;;;;;;;;;;;;
;;;;;;;;;;;;;;;;;;;;;;;
;;;;;;;;;;;;;;;;;;;;;;;
;;;;;;;;;;;;;;;;;;;;;;;
;;;;;;;;;;;;;;;;;;;;;;;
;;;;;;;;;;;;;;;;;;;;;;;
;;;;;;;;;;;;;;;;;;;;;;;
;;;;;;;;;;;;;;;;;;;;;;;
;;;;;;;;;;;;;;;;;;;;;;;
;;;;;;;;;;;;;;;;;;;;;;;
;;;;;;;;;;;;;;;;;;;;;;;
;;;;;;;;;;;;;;;;;;;;;;;
;;;;;;;;;;;;;;;;;;;;;;;
;;;;;;;;;;;;;;;;;;;;;;;
;;;;;;;;;;;;;;;;;;;;;;;
;;;;;;;;;;;;;;;;;;;;;;;
;;;;;;;;;;;;;;;;;;;;;;;
;;;;;;;;;;;;;;;;;;;;;;;
;;;;;;;;;;;;;;;;;;;;;;;
;;;;;;;;;;;;;;;;;;;;;;;
;;;;;;;;;;;;;;;;;;;;;;;
;;;;;;;;;;;;;;;;;;;;;;;
;;;;;;;;;;;;;;;;;;;;;;;
;;;;;;;;;;;;;;;;;;;;;;;
;;;;;;;;;;;;;;;;;;;;;;;
;;;;;;;;;;;;;;;;;;;;;;;
;;;;;;;;;;;;;;;;;;;;;;;
;;;;;;;;;;;;;;;;;;;;;;;
;;;;;;;;;;;;;;;;;;;;;;;
;;;;;;;;;;;;;;;;;;;;;;;
;;;;;;;;;;;;;;;;;;;;;;;
;;;;;;;;;;;;;;;;;;;;;;;
;;;;;;;;;;;;;;;;;;;;;;;
;;;;;;;;;;;;;;;;;;;;;;;
;;;;;;;;;;;;;;;;;;;;;;;
;;;;;;;;;;;;;;;;;;;;;;;
;;;;;;;;;;;;;;;;;;;;;;;
;;;;;;;;;;;;;;;;;;;;;;;
;;;;;;;;;;;;;;;;;;;;;;;
;;;;;;;;;;;;;;;;;;;;;;;
;;;;;;;;;;;;;;;;;;;;;;;
;;;;;;;;;;;;;;;;;;;;;;;
;;;;;;;;;;;;;;;;;;;;;;;
;;;;;;;;;;;;;;;;;;;;;;;
;;;;;;;;;;;;;;;;;;;;;;;
;;;;;;;;;;;;;;;;;;;;;;;
;;;;;;;;;;;;;;;;;;;;;;;
;;;;;;;;;;;;;;;;;;;;;;;
;;;;;;;;;;;;;;;;;;;;;;;
;;;;;;;;;;;;;;;;;;;;;;;
;;;;;;;;;;;;;;;;;;;;;;;
;;;;;;;;;;;;;;;;;;;;;;;
;;;;;;;;;;;;;;;;;;;;;;;
;;;;;;;;;;;;;;;;;;;;;;;
;;;;;;;;;;;;;;;;;;;;;;;
;;;;;;;;;;;;;;;;;;;;;;;
;;;;;;;;;;;;;;;;;;;;;;;
;;;;;;;;;;;;;;;;;;;;;;;
;;;;;;;;;;;;;;;;;;;;;;;
;;;;;;;;;;;;;;;;;;;;;;;
;;;;;;;;;;;;;;;;;;;;;;;
;;;;;;;;;;;;;;;;;;;;;;;
;;;;;;;;;;;;;;;;;;;;;;;
;;;;;;;;;;;;;;;;;;;;;;;
;;;;;;;;;;;;;;;;;;;;;;;
;;;;;;;;;;;;;;;;;;;;;;;
;;;;;;;;;;;;;;;;;;;;;;;
;;;;;;;;;;;;;;;;;;;;;;;
;;;;;;;;;;;;;;;;;;;;;;;
;;;;;;;;;;;;;;;;;;;;;;;
;;;;;;;;;;;;;;;;;;;;;;;
;;;;;;;;;;;;;;;;;;;;;;;
;;;;;;;;;;;;;;;;;;;;;;;
;;;;;;;;;;;;;;;;;;;;;;;
;;;;;;;;;;;;;;;;;;;;;;;
;;;;;;;;;;;;;;;;;;;;;;;
;;;;;;;;;;;;;;;;;;;;;;;
;;;;;;;;;;;;;;;;;;;;;;;
;;;;;;;;;;;;;;;;;;;;;;;
;;;;;;;;;;;;;;;;;;;;;;;
;;;;;;;;;;;;;;;;;;;;;;;
;;;;;;;;;;;;;;;;;;;;;;;
;;;;;;;;;;;;;;;;;;;;;;;
;;;;;;;;;;;;;;;;;;;;;;;
;;;;;;;;;;;;;;;;;;;;;;;
;;;;;;;;;;;;;;;;;;;;;;;
;;;;;;;;;;;;;;;;;;;;;;;
;;;;;;;;;;;;;;;;;;;;;;;
;;;;;;;;;;;;;;;;;;;;;;;
;;;;;;;;;;;;;;;;;;;;;;;
;;;;;;;;;;;;;;;;;;;;;;;
;;;;;;;;;;;;;;;;;;;;;;;
;;;;;;;;;;;;;;;;;;;;;;;
;;;;;;;;;;;;;;;;;;;;;;;
;;;;;;;;;;;;;;;;;;;;;;;
;;;;;;;;;;;;;;;;;;;;;;;
;;;;;;;;;;;;;;;;;;;;;;;
;;;;;;;;;;;;;;;;;;;;;;;
;;;;;;;;;;;;;;;;;;;;;;;
;;;;;;;;;;;;;;;;;;;;;;;
;;;;;;;;;;;;;;;;;;;;;;;
;;;;;;;;;;;;;;;;;;;;;;;
;;;;;;;;;;;;;;;;;;;;;;;
;;;;;;;;;;;;;;;;;;;;;;;
;;;;;;;;;;;;;;;;;;;;;;;
;;;;;;;;;;;;;;;;;;;;;;;
;;;;;;;;;;;;;;;;;;;;;;;
;;;;;;;;;;;;;;;;;;;;;;;
;;;;;;;;;;;;;;;;;;;;;;;
;;;;;;;;;;;;;;;;;;;;;;;
;;;;;;;;;;;;;;;;;;;;;;;
;;;;;;;;;;;;;;;;;;;;;;;
;;;;;;;;;;;;;;;;;;;;;;;
;;;;;;;;;;;;;;;;;;;;;;;
;;;;;;;;;;;;;;;;;;;;;;;
;;;;;;;;;;;;;;;;;;;;;;;
;;;;;;;;;;;;;;;;;;;;;;;
;;;;;;;;;;;;;;;;;;;;;;;
;;;;;;;;;;;;;;;;;;;;;;;
;;;;;;;;;;;;;;;;;;;;;;;
;;;;;;;;;;;;;;;;;;;;;;;
;;;;;;;;;;;;;;;;;;;;;;;
;;;;;;;;;;;;;;;;;;;;;;;
;;;;;;;;;;;;;;;;;;;;;;;
;;;;;;;;;;;;;;;;;;;;;;;
;;;;;;;;;;;;;;;;;;;;;;;
;;;;;;;;;;;;;;;;;;;;;;;
;;;;;;;;;;;;;;;;;;;;;;;
;;;;;;;;;;;;;;;;;;;;;;;
;;;;;;;;;;;;;;;;;;;;;;;
;;;;;;;;;;;;;;;;;;;;;;;
;;;;;;;;;;;;;;;;;;;;;;;
;;;;;;;;;;;;;;;;;;;;;;;
;;;;;;;;;;;;;;;;;;;;;;;
;;;;;;;;;;;;;;;;;;;;;;;
;;;;;;;;;;;;;;;;;;;;;;;
;;;;;;;;;;;;;;;;;;;;;;;
;;;;;;;;;;;;;;;;;;;;;;;
;;;;;;;;;;;;;;;;;;;;;;;
;;;;;;;;;;;;;;;;;;;;;;;
;;;;;;;;;;;;;;;;;;;;;;;
;;;;;;;;;;;;;;;;;;;;;;;
;;;;;;;;;;;;;;;;;;;;;;;
;;;;;;;;;;;;;;;;;;;;;;;
;;;;;;;;;;;;;;;;;;;;;;;
;;;;;;;;;;;;;;;;;;;;;;;
;;;;;;;;;;;;;;;;;;;;;;;
;;;;;;;;;;;;;;;;;;;;;;;
;;;;;;;;;;;;;;;;;;;;;;;
;;;;;;;;;;;;;;;;;;;;;;;
;;;;;;;;;;;;;;;;;;;;;;;
;;;;;;;;;;;;;;;;;;;;;;;
;;;;;;;;;;;;;;;;;;;;;;;
;;;;;;;;;;;;;;;;;;;;;;;
;;;;;;;;;;;;;;;;;;;;;;;
;;;;;;;;;;;;;;;;;;;;;;;
;;;;;;;;;;;;;;;;;;;;;;;
;;;;;;;;;;;;;;;;;;;;;;;
;;;;;;;;;;;;;;;;;;;;;;;
;;;;;;;;;;;;;;;;;;;;;;;
;;;;;;;;;;;;;;;;;;;;;;;
;;;;;;;;;;;;;;;;;;;;;;;
;;;;;;;;;;;;;;;;;;;;;;;
;;;;;;;;;;;;;;;;;;;;;;;
;;;;;;;;;;;;;;;;;;;;;;;
;;;;;;;;;;;;;;;;;;;;;;;
;;;;;;;;;;;;;;;;;;;;;;;
;;;;;;;;;;;;;;;;;;;;;;;
;;;;;;;;;;;;;;;;;;;;;;;
;;;;;;;;;;;;;;;;;;;;;;;
;;;;;;;;;;;;;;;;;;;;;;;
;;;;;;;;;;;;;;;;;;;;;;;
;;;;;;;;;;;;;;;;;;;;;;;
;;;;;;;;;;;;;;;;;;;;;;;
;;;;;;;;;;;;;;;;;;;;;;;
;;;;;;;;;;;;;;;;;;;;;;;
;;;;;;;;;;;;;;;;;;;;;;;
;;;;;;;;;;;;;;;;;;;;;;;
;;;;;;;;;;;;;;;;;;;;;;;
;;;;;;;;;;;;;;;;;;;;;;;
;;;;;;;;;;;;;;;;;;;;;;;
;;;;;;;;;;;;;;;;;;;;;;;
;;;;;;;;;;;;;;;;;;;;;;;
;;;;;;;;;;;;;;;;;;;;;;;
;;;;;;;;;;;;;;;;;;;;;;;
;;;;;;;;;;;;;;;;;;;;;;;
;;;;;;;;;;;;;;;;;;;;;;;
;;;;;;;;;;;;;;;;;;;;;;;
;;;;;;;;;;;;;;;;;;;;;;;
;;;;;;;;;;;;;;;;;;;;;;;
;;;;;;;;;;;;;;;;;;;;;;;
;;;;;;;;;;;;;;;;;;;;;;;
;;;;;;;;;;;;;;;;;;;;;;;
;;;;;;;;;;;;;;;;;;;;;;;
;;;;;;;;;;;;;;;;;;;;;;;
;;;;;;;;;;;;;;;;;;;;;;;
;;;;;;;;;;;;;;;;;;;;;;;
;;;;;;;;;;;;;;;;;;;;;;;
;;;;;;;;;;;;;;;;;;;;;;;
;;;;;;;;;;;;;;;;;;;;;;;
;;;;;;;;;;;;;;;;;;;;;;;
;;;;;;;;;;;;;;;;;;;;;;;
;;;;;;;;;;;;;;;;;;;;;;;
;;;;;;;;;;;;;;;;;;;;;;;
;;;;;;;;;;;;;;;;;;;;;;;
;;;;;;;;;;;;;;;;;;;;;;;
;;;;;;;;;;;;;;;;;;;;;;;
;;;;;;;;;;;;;;;;;;;;;;;
;;;;;;;;;;;;;;;;;;;;;;;
;;;;;;;;;;;;;;;;;;;;;;;
;;;;;;;;;;;;;;;;;;;;;;;
;;;;;;;;;;;;;;;;;;;;;;;
;;;;;;;;;;;;;;;;;;;;;;;
;;;;;;;;;;;;;;;;;;;;;;;
;;;;;;;;;;;;;;;;;;;;;;;
;;;;;;;;;;;;;;;;;;;;;;;
;;;;;;;;;;;;;;;;;;;;;;;
;;;;;;;;;;;;;;;;;;;;;;;
;;;;;;;;;;;;;;;;;;;;;;;
;;;;;;;;;;;;;;;;;;;;;;;
;;;;;;;;;;;;;;;;;;;;;;;
;;;;;;;;;;;;;;;;;;;;;;;
;;;;;;;;;;;;;;;;;;;;;;;
;;;;;;;;;;;;;;;;;;;;;;;
;;;;;;;;;;;;;;;;;;;;;;;
;;;;;;;;;;;;;;;;;;;;;;;
;;;;;;;;;;;;;;;;;;;;;;;
;;;;;;;;;;;;;;;;;;;;;;;
;;;;;;;;;;;;;;;;;;;;;;;
;;;;;;;;;;;;;;;;;;;;;;;
;;;;;;;;;;;;;;;;;;;;;;;
;;;;;;;;;;;;;;;;;;;;;;;
;;;;;;;;;;;;;;;;;;;;;;;
;;;;;;;;;;;;;;;;;;;;;;;
;;;;;;;;;;;;;;;;;;;;;;;
;;;;;;;;;;;;;;;;;;;;;;;
;;;;;;;;;;;;;;;;;;;;;;;
;;;;;;;;;;;;;;;;;;;;;;;
;;;;;;;;;;;;;;;;;;;;;;;
;;;;;;;;;;;;;;;;;;;;;;;
;;;;;;;;;;;;;;;;;;;;;;;
;;;;;;;;;;;;;;;;;;;;;;;
;;;;;;;;;;;;;;;;;;;;;;;
;;;;;;;;;;;;;;;;;;;;;;;
;;;;;;;;;;;;;;;;;;;;;;;
;;;;;;;;;;;;;;;;;;;;;;;
;;;;;;;;;;;;;;;;;;;;;;;
;;;;;;;;;;;;;;;;;;;;;;;
;;;;;;;;;;;;;;;;;;;;;;;
;;;;;;;;;;;;;;;;;;;;;;;
;;;;;;;;;;;;;;;;;;;;;;;
;;;;;;;;;;;;;;;;;;;;;;;
;;;;;;;;;;;;;;;;;;;;;;;
;;;;;;;;;;;;;;;;;;;;;;;
;;;;;;;;;;;;;;;;;;;;;;;
;;;;;;;;;;;;;;;;;;;;;;;
;;;;;;;;;;;;;;;;;;;;;;;
;;;;;;;;;;;;;;;;;;;;;;;
;;;;;;;;;;;;;;;;;;;;;;;
;;;;;;;;;;;;;;;;;;;;;;;
;;;;;;;;;;;;;;;;;;;;;;;
;;;;;;;;;;;;;;;;;;;;;;;
;;;;;;;;;;;;;;;;;;;;;;;
;;;;;;;;;;;;;;;;;;;;;;;
;;;;;;;;;;;;;;;;;;;;;;;
;;;;;;;;;;;;;;;;;;;;;;;
;;;;;;;;;;;;;;;;;;;;;;;
;;;;;;;;;;;;;;;;;;;;;;;
;;;;;;;;;;;;;;;;;;;;;;;
;;;;;;;;;;;;;;;;;;;;;;;
;;;;;;;;;;;;;;;;;;;;;;;
;;;;;;;;;;;;;;;;;;;;;;;
;;;;;;;;;;;;;;;;;;;;;;;
;;;;;;;;;;;;;;;;;;;;;;;
;;;;;;;;;;;;;;;;;;;;;;;
;;;;;;;;;;;;;;;;;;;;;;;
;;;;;;;;;;;;;;;;;;;;;;;
;;;;;;;;;;;;;;;;;;;;;;;
;;;;;;;;;;;;;;;;;;;;;;;
;;;;;;;;;;;;;;;;;;;;;;;
;;;;;;;;;;;;;;;;;;;;;;;
;;;;;;;;;;;;;;;;;;;;;;;
;;;;;;;;;;;;;;;;;;;;;;;
;;;;;;;;;;;;;;;;;;;;;;;
;;;;;;;;;;;;;;;;;;;;;;;
;;;;;;;;;;;;;;;;;;;;;;;
;;;;;;;;;;;;;;;;;;;;;;;
;;;;;;;;;;;;;;;;;;;;;;;
;;;;;;;;;;;;;;;;;;;;;;;
;;;;;;;;;;;;;;;;;;;;;;;
;;;;;;;;;;;;;;;;;;;;;;;
;;;;;;;;;;;;;;;;;;;;;;;
;;;;;;;;;;;;;;;;;;;;;;;
;;;;;;;;;;;;;;;;;;;;;;;
;;;;;;;;;;;;;;;;;;;;;;;
;;;;;;;;;;;;;;;;;;;;;;;
;;;;;;;;;;;;;;;;;;;;;;;
;;;;;;;;;;;;;;;;;;;;;;;
;;;;;;;;;;;;;;;;;;;;;;;
;;;;;;;;;;;;;;;;;;;;;;;
;;;;;;;;;;;;;;;;;;;;;;;
;;;;;;;;;;;;;;;;;;;;;;;
;;;;;;;;;;;;;;;;;;;;;;;
;;;;;;;;;;;;;;;;;;;;;;;
;;;;;;;;;;;;;;;;;;;;;;;
;;;;;;;;;;;;;;;;;;;;;;;
;;;;;;;;;;;;;;;;;;;;;;;
;;;;;;;;;;;;;;;;;;;;;;;
;;;;;;;;;;;;;;;;;;;;;;;
;;;;;;;;;;;;;;;;;;;;;;;
;;;;;;;;;;;;;;;;;;;;;;;
;;;;;;;;;;;;;;;;;;;;;;;
;;;;;;;;;;;;;;;;;;;;;;;
;;;;;;;;;;;;;;;;;;;;;;;
;;;;;;;;;;;;;;;;;;;;;;;
;;;;;;;;;;;;;;;;;;;;;;;
;;;;;;;;;;;;;;;;;;;;;;;
;;;;;;;;;;;;;;;;;;;;;;;
;;;;;;;;;;;;;;;;;;;;;;;
;;;;;;;;;;;;;;;;;;;;;;;
;;;;;;;;;;;;;;;;;;;;;;;
;;;;;;;;;;;;;;;;;;;;;;;
;;;;;;;;;;;;;;;;;;;;;;;
;;;;;;;;;;;;;;;;;;;;;;;
;;;;;;;;;;;;;;;;;;;;;;;
;;;;;;;;;;;;;;;;;;;;;;;
;;;;;;;;;;;;;;;;;;;;;;;
;;;;;;;;;;;;;;;;;;;;;;;
;;;;;;;;;;;;;;;;;;;;;;;
;;;;;;;;;;;;;;;;;;;;;;;
;;;;;;;;;;;;;;;;;;;;;;;
;;;;;;;;;;;;;;;;;;;;;;;
;;;;;;;;;;;;;;;;;;;;;;;
;;;;;;;;;;;;;;;;;;;;;;;
;;;;;;;;;;;;;;;;;;;;;;;
;;;;;;;;;;;;;;;;;;;;;;;
;;;;;;;;;;;;;;;;;;;;;;;
;;;;;;;;;;;;;;;;;;;;;;;
;;;;;;;;;;;;;;;;;;;;;;;
;;;;;;;;;;;;;;;;;;;;;;;
;;;;;;;;;;;;;;;;;;;;;;;
;;;;;;;;;;;;;;;;;;;;;;;
;;;;;;;;;;;;;;;;;;;;;;;
;;;;;;;;;;;;;;;;;;;;;;;
;;;;;;;;;;;;;;;;;;;;;;;
;;;;;;;;;;;;;;;;;;;;;;;
;;;;;;;;;;;;;;;;;;;;;;;
;;;;;;;;;;;;;;;;;;;;;;;
;;;;;;;;;;;;;;;;;;;;;;;
;;;;;;;;;;;;;;;;;;;;;;;
;;;;;;;;;;;;;;;;;;;;;;;
;;;;;;;;;;;;;;;;;;;;;;;
;;;;;;;;;;;;;;;;;;;;;;;
;;;;;;;;;;;;;;;;;;;;;;;
;;;;;;;;;;;;;;;;;;;;;;;
;;;;;;;;;;;;;;;;;;;;;;;
;;;;;;;;;;;;;;;;;;;;;;;
;;;;;;;;;;;;;;;;;;;;;;;
;;;;;;;;;;;;;;;;;;;;;;;
;;;;;;;;;;;;;;;;;;;;;;;
;;;;;;;;;;;;;;;;;;;;;;;
;;;;;;;;;;;;;;;;;;;;;;;
;;;;;;;;;;;;;;;;;;;;;;;
;;;;;;;;;;;;;;;;;;;;;;;
;;;;;;;;;;;;;;;;;;;;;;;
;;;;;;;;;;;;;;;;;;;;;;;
;;;;;;;;;;;;;;;;;;;;;;;
;;;;;;;;;;;;;;;;;;;;;;;
;;;;;;;;;;;;;;;;;;;;;;;
;;;;;;;;;;;;;;;;;;;;;;;
;;;;;;;;;;;;;;;;;;;;;;;
;;;;;;;;;;;;;;;;;;;;;;;
;;;;;;;;;;;;;;;;;;;;;;;
;;;;;;;;;;;;;;;;;;;;;;;
;;;;;;;;;;;;;;;;;;;;;;;
;;;;;;;;;;;;;;;;;;;;;;;
;;;;;;;;;;;;;;;;;;;;;;;
;;;;;;;;;;;;;;;;;;;;;;;
;;;;;;;;;;;;;;;;;;;;;;;
;;;;;;;;;;;;;;;;;;;;;;;
;;;;;;;;;;;;;;;;;;;;;;;
;;;;;;;;;;;;;;;;;;;;;;;
;;;;;;;;;;;;;;;;;;;;;;;
;;;;;;;;;;;;;;;;;;;;;;;
;;;;;;;;;;;;;;;;;;;;;;;
;;;;;;;;;;;;;;;;;;;;;;;
;;;;;;;;;;;;;;;;;;;;;;;
;;;;;;;;;;;;;;;;;;;;;;;
;;;;;;;;;;;;;;;;;;;;;;;
;;;;;;;;;;;;;;;;;;;;;;;
;;;;;;;;;;;;;;;;;;;;;;;
;;;;;;;;;;;;;;;;;;;;;;;
;;;;;;;;;;;;;;;;;;;;;;;
;;;;;;;;;;;;;;;;;;;;;;;
;;;;;;;;;;;;;;;;;;;;;;;
;;;;;;;;;;;;;;;;;;;;;;;
;;;;;;;;;;;;;;;;;;;;;;;
;;;;;;;;;;;;;;;;;;;;;;;
;;;;;;;;;;;;;;;;;;;;;;;
;;;;;;;;;;;;;;;;;;;;;;;
;;;;;;;;;;;;;;;;;;;;;;;
;;;;;;;;;;;;;;;;;;;;;;;
;;;;;;;;;;;;;;;;;;;;;;;
;;;;;;;;;;;;;;;;;;;;;;;
;;;;;;;;;;;;;;;;;;;;;;;
;;;;;;;;;;;;;;;;;;;;;;;
;;;;;;;;;;;;;;;;;;;;;;;
;;;;;;;;;;;;;;;;;;;;;;;
;;;;;;;;;;;;;;;;;;;;;;;
;;;;;;;;;;;;;;;;;;;;;;;
;;;;;;;;;;;;;;;;;;;;;;;
;;;;;;;;;;;;;;;;;;;;;;;
;;;;;;;;;;;;;;;;;;;;;;;
;;;;;;;;;;;;;;;;;;;;;;;
;;;;;;;;;;;;;;;;;;;;;;;
;;;;;;;;;;;;;;;;;;;;;;;
;;;;;;;;;;;;;;;;;;;;;;;
;;;;;;;;;;;;;;;;;;;;;;;
;;;;;;;;;;;;;;;;;;;;;;;
;;;;;;;;;;;;;;;;;;;;;;;
;;;;;;;;;;;;;;;;;;;;;;;
;;;;;;;;;;;;;;;;;;;;;;;
;;;;;;;;;;;;;;;;;;;;;;;
;;;;;;;;;;;;;;;;;;;;;;;
;;;;;;;;;;;;;;;;;;;;;;;
;;;;;;;;;;;;;;;;;;;;;;;
;;;;;;;;;;;;;;;;;;;;;;;
;;;;;;;;;;;;;;;;;;;;;;;
;;;;;;;;;;;;;;;;;;;;;;;
;;;;;;;;;;;;;;;;;;;;;;;
;;;;;;;;;;;;;;;;;;;;;;;
;;;;;;;;;;;;;;;;;;;;;;;
;;;;;;;;;;;;;;;;;;;;;;;
;;;;;;;;;;;;;;;;;;;;;;;
;;;;;;;;;;;;;;;;;;;;;;;
;;;;;;;;;;;;;;;;;;;;;;;
;;;;;;;;;;;;;;;;;;;;;;;
;;;;;;;;;;;;;;;;;;;;;;;
;;;;;;;;;;;;;;;;;;;;;;;
;;;;;;;;;;;;;;;;;;;;;;;
;;;;;;;;;;;;;;;;;;;;;;;
;;;;;;;;;;;;;;;;;;;;;;;
;;;;;;;;;;;;;;;;;;;;;;;
;;;;;;;;;;;;;;;;;;;;;;;
;;;;;;;;;;;;;;;;;;;;;;;
;;;;;;;;;;;;;;;;;;;;;;;
;;;;;;;;;;;;;;;;;;;;;;;
;;;;;;;;;;;;;;;;;;;;;;;
;;;;;;;;;;;;;;;;;;;;;;;
;;;;;;;;;;;;;;;;;;;;;;;
;;;;;;;;;;;;;;;;;;;;;;;
;;;;;;;;;;;;;;;;;;;;;;;
;;;;;;;;;;;;;;;;;;;;;;;
;;;;;;;;;;;;;;;;;;;;;;;
;;;;;;;;;;;;;;;;;;;;;;;
;;;;;;;;;;;;;;;;;;;;;;;
;;;;;;;;;;;;;;;;;;;;;;;
;;;;;;;;;;;;;;;;;;;;;;;
;;;;;;;;;;;;;;;;;;;;;;;
;;;;;;;;;;;;;;;;;;;;;;;
;;;;;;;;;;;;;;;;;;;;;;;
;;;;;;;;;;;;;;;;;;;;;;;
;;;;;;;;;;;;;;;;;;;;;;;
;;;;;;;;;;;;;;;;;;;;;;;
;;;;;;;;;;;;;;;;;;;;;;;
;;;;;;;;;;;;;;;;;;;;;;;
;;;;;;;;;;;;;;;;;;;;;;;
;;;;;;;;;;;;;;;;;;;;;;;
;;;;;;;;;;;;;;;;;;;;;;;
;;;;;;;;;;;;;;;;;;;;;;;
;;;;;;;;;;;;;;;;;;;;;;;
;;;;;;;;;;;;;;;;;;;;;;;
;;;;;;;;;;;;;;;;;;;;;;;
;;;;;;;;;;;;;;;;;;;;;;;
;;;;;;;;;;;;;;;;;;;;;;;
;;;;;;;;;;;;;;;;;;;;;;;
;;;;;;;;;;;;;;;;;;;;;;;
;;;;;;;;;;;;;;;;;;;;;;;
;;;;;;;;;;;;;;;;;;;;;;;
;;;;;;;;;;;;;;;;;;;;;;;
;;;;;;;;;;;;;;;;;;;;;;;
;;;;;;;;;;;;;;;;;;;;;;;
;;;;;;;;;;;;;;;;;;;;;;;
;;;;;;;;;;;;;;;;;;;;;;;
;;;;;;;;;;;;;;;;;;;;;;;
;;;;;;;;;;;;;;;;;;;;;;;
;;;;;;;;;;;;;;;;;;;;;;;
;;;;;;;;;;;;;;;;;;;;;;;
;;;;;;;;;;;;;;;;;;;;;;;
;;;;;;;;;;;;;;;;;;;;;;;
;;;;;;;;;;;;;;;;;;;;;;;
;;;;;;;;;;;;;;;;;;;;;;;
;;;;;;;;;;;;;;;;;;;;;;;
;;;;;;;;;;;;;;;;;;;;;;;
;;;;;;;;;;;;;;;;;;;;;;;
;;;;;;;;;;;;;;;;;;;;;;;
;;;;;;;;;;;;;;;;;;;;;;;
;;;;;;;;;;;;;;;;;;;;;;;
;;;;;;;;;;;;;;;;;;;;;;;
;;;;;;;;;;;;;;;;;;;;;;;
;;;;;;;;;;;;;;;;;;;;;;;
;;;;;;;;;;;;;;;;;;;;;;;
;;;;;;;;;;;;;;;;;;;;;;;
;;;;;;;;;;;;;;;;;;;;;;;
;;;;;;;;;;;;;;;;;;;;;;;
;;;;;;;;;;;;;;;;;;;;;;;
;;;;;;;;;;;;;;;;;;;;;;;
;;;;;;;;;;;;;;;;;;;;;;;
;;;;;;;;;;;;;;;;;;;;;;;
;;;;;;;;;;;;;;;;;;;;;;;
;;;;;;;;;;;;;;;;;;;;;;;
;;;;;;;;;;;;;;;;;;;;;;;
;;;;;;;;;;;;;;;;;;;;;;;
;;;;;;;;;;;;;;;;;;;;;;;
;;;;;;;;;;;;;;;;;;;;;;;
;;;;;;;;;;;;;;;;;;;;;;;
;;;;;;;;;;;;;;;;;;;;;;;
;;;;;;;;;;;;;;;;;;;;;;;
;;;;;;;;;;;;;;;;;;;;;;;
;;;;;;;;;;;;;;;;;;;;;;;
;;;;;;;;;;;;;;;;;;;;;;;
;;;;;;;;;;;;;;;;;;;;;;;
;;;;;;;;;;;;;;;;;;;;;;;
;;;;;;;;;;;;;;;;;;;;;;;
;;;;;;;;;;;;;;;;;;;;;;;
;;;;;;;;;;;;;;;;;;;;;;;
;;;;;;;;;;;;;;;;;;;;;;;
;;;;;;;;;;;;;;;;;;;;;;;
;;;;;;;;;;;;;;;;;;;;;;;
;;;;;;;;;;;;;;;;;;;;;;;
;;;;;;;;;;;;;;;;;;;;;;;
;;;;;;;;;;;;;;;;;;;;;;;
;;;;;;;;;;;;;;;;;;;;;;;
;;;;;;;;;;;;;;;;;;;;;;;
;;;;;;;;;;;;;;;;;;;;;;;
;;;;;;;;;;;;;;;;;;;;;;;
;;;;;;;;;;;;;;;;;;;;;;;
;;;;;;;;;;;;;;;;;;;;;;;
;;;;;;;;;;;;;;;;;;;;;;;
;;;;;;;;;;;;;;;;;;;;;;;
;;;;;;;;;;;;;;;;;;;;;;;
;;;;;;;;;;;;;;;;;;;;;;;
;;;;;;;;;;;;;;;;;;;;;;;
;;;;;;;;;;;;;;;;;;;;;;;
;;;;;;;;;;;;;;;;;;;;;;;
;;;;;;;;;;;;;;;;;;;;;;;
;;;;;;;;;;;;;;;;;;;;;;;
;;;;;;;;;;;;;;;;;;;;;;;
;;;;;;;;;;;;;;;;;;;;;;;
;;;;;;;;;;;;;;;;;;;;;;;
;;;;;;;;;;;;;;;;;;;;;;;
;;;;;;;;;;;;;;;;;;;;;;;
;;;;;;;;;;;;;;;;;;;;;;;
;;;;;;;;;;;;;;;;;;;;;;;
;;;;;;;;;;;;;;;;;;;;;;;
;;;;;;;;;;;;;;;;;;;;;;;
;;;;;;;;;;;;;;;;;;;;;;;
;;;;;;;;;;;;;;;;;;;;;;;
;;;;;;;;;;;;;;;;;;;;;;;
;;;;;;;;;;;;;;;;;;;;;;;
;;;;;;;;;;;;;;;;;;;;;;;
;;;;;;;;;;;;;;;;;;;;;;;
;;;;;;;;;;;;;;;;;;;;;;;
;;;;;;;;;;;;;;;;;;;;;;;
;;;;;;;;;;;;;;;;;;;;;;;
;;;;;;;;;;;;;;;;;;;;;;;
;;;;;;;;;;;;;;;;;;;;;;;
;;;;;;;;;;;;;;;;;;;;;;;
;;;;;;;;;;;;;;;;;;;;;;;
;;;;;;;;;;;;;;;;;;;;;;;
;;;;;;;;;;;;;;;;;;;;;;;
;;;;;;;;;;;;;;;;;;;;;;;
;;;;;;;;;;;;;;;;;;;;;;;
;;;;;;;;;;;;;;;;;;;;;;;
;;;;;;;;;;;;;;;;;;;;;;;
;;;;;;;;;;;;;;;;;;;;;;;
;;;;;;;;;;;;;;;;;;;;;;;
;;;;;;;;;;;;;;;;;;;;;;;
;;;;;;;;;;;;;;;;;;;;;;;
;;;;;;;;;;;;;;;;;;;;;;;
;;;;;;;;;;;;;;;;;;;;;;;
;;;;;;;;;;;;;;;;;;;;;;;
;;;;;;;;;;;;;;;;;;;;;;;
;;;;;;;;;;;;;;;;;;;;;;;
;;;;;;;;;;;;;;;;;;;;;;;
;;;;;;;;;;;;;;;;;;;;;;;
;;;;;;;;;;;;;;;;;;;;;;;
;;;;;;;;;;;;;;;;;;;;;;;
;;;;;;;;;;;;;;;;;;;;;;;
;;;;;;;;;;;;;;;;;;;;;;;
;;;;;;;;;;;;;;;;;;;;;;;
;;;;;;;;;;;;;;;;;;;;;;;
;;;;;;;;;;;;;;;;;;;;;;;
;;;;;;;;;;;;;;;;;;;;;;;
;;;;;;;;;;;;;;;;;;;;;;;
;;;;;;;;;;;;;;;;;;;;;;;
;;;;;;;;;;;;;;;;;;;;;;;
;;;;;;;;;;;;;;;;;;;;;;;
;;;;;;;;;;;;;;;;;;;;;;;
;;;;;;;;;;;;;;;;;;;;;;;
;;;;;;;;;;;;;;;;;;;;;;;
;;;;;;;;;;;;;;;;;;;;;;;
;;;;;;;;;;;;;;;;;;;;;;;
;;;;;;;;;;;;;;;;;;;;;;;
;;;;;;;;;;;;;;;;;;;;;;;
;;;;;;;;;;;;;;;;;;;;;;;
;;;;;;;;;;;;;;;;;;;;;;;
;;;;;;;;;;;;;;;;;;;;;;;
;;;;;;;;;;;;;;;;;;;;;;;
;;;;;;;;;;;;;;;;;;;;;;;
;;;;;;;;;;;;;;;;;;;;;;;
;;;;;;;;;;;;;;;;;;;;;;;
;;;;;;;;;;;;;;;;;;;;;;;
;;;;;;;;;;;;;;;;;;;;;;;
;;;;;;;;;;;;;;;;;;;;;;;
;;;;;;;;;;;;;;;;;;;;;;;
;;;;;;;;;;;;;;;;;;;;;;;
;;;;;;;;;;;;;;;;;;;;;;;
;;;;;;;;;;;;;;;;;;;;;;;
;;;;;;;;;;;;;;;;;;;;;;;
;;;;;;;;;;;;;;;;;;;;;;;
;;;;;;;;;;;;;;;;;;;;;;;
;;;;;;;;;;;;;;;;;;;;;;;
;;;;;;;;;;;;;;;;;;;;;;;
;;;;;;;;;;;;;;;;;;;;;;;
;;;;;;;;;;;;;;;;;;;;;;;
;;;;;;;;;;;;;;;;;;;;;;;
;;;;;;;;;;;;;;;;;;;;;;;
;;;;;;;;;;;;;;;;;;;;;;;
;;;;;;;;;;;;;;;;;;;;;;;
;;;;;;;;;;;;;;;;;;;;;;;
;;;;;;;;;;;;;;;;;;;;;;;
;;;;;;;;;;;;;;;;;;;;;;;
;;;;;;;;;;;;;;;;;;;;;;;
;;;;;;;;;;;;;;;;;;;;;;;
;;;;;;;;;;;;;;;;;;;;;;;
;;;;;;;;;;;;;;;;;;;;;;;
;;;;;;;;;;;;;;;;;;;;;;;
;;;;;;;;;;;;;;;;;;;;;;;
;;;;;;;;;;;;;;;;;;;;;;;
;;;;;;;;;;;;;;;;;;;;;;;
;;;;;;;;;;;;;;;;;;;;;;;
;;;;;;;;;;;;;;;;;;;;;;;
;;;;;;;;;;;;;;;;;;;;;;;
;;;;;;;;;;;;;;;;;;;;;;;
;;;;;;;;;;;;;;;;;;;;;;;
;;;;;;;;;;;;;;;;;;;;;;;
;;;;;;;;;;;;;;;;;;;;;;;
;;;;;;;;;;;;;;;;;;;;;;;
;;;;;;;;;;;;;;;;;;;;;;;
;;;;;;;;;;;;;;;;;;;;;;;
;;;;;;;;;;;;;;;;;;;;;;;
;;;;;;;;;;;;;;;;;;;;;;;
;;;;;;;;;;;;;;;;;;;;;;;
;;;;;;;;;;;;;;;;;;;;;;;
;;;;;;;;;;;;;;;;;;;;;;;
;;;;;;;;;;;;;;;;;;;;;;;
;;;;;;;;;;;;;;;;;;;;;;;
;;;;;;;;;;;;;;;;;;;;;;;
;;;;;;;;;;;;;;;;;;;;;;;
;;;;;;;;;;;;;;;;;;;;;;;
;;;;;;;;;;;;;;;;;;;;;;;
;;;;;;;;;;;;;;;;;;;;;;;
;;;;;;;;;;;;;;;;;;;;;;;
;;;;;;;;;;;;;;;;;;;;;;;
;;;;;;;;;;;;;;;;;;;;;;;
;;;;;;;;;;;;;;;;;;;;;;;
;;;;;;;;;;;;;;;;;;;;;;;
;;;;;;;;;;;;;;;;;;;;;;;
;;;;;;;;;;;;;;;;;;;;;;;
;;;;;;;;;;;;;;;;;;;;;;;
;;;;;;;;;;;;;;;;;;;;;;;
;;;;;;;;;;;;;;;;;;;;;;;
;;;;;;;;;;;;;;;;;;;;;;;
;;;;;;;;;;;;;;;;;;;;;;;
;;;;;;;;;;;;;;;;;;;;;;;
;;;;;;;;;;;;;;;;;;;;;;;
;;;;;;;;;;;;;;;;;;;;;;;
;;;;;;;;;;;;;;;;;;;;;;;
;;;;;;;;;;;;;;;;;;;;;;;
;;;;;;;;;;;;;;;;;;;;;;;
;;;;;;;;;;;;;;;;;;;;;;;
;;;;;;;;;;;;;;;;;;;;;;;
;;;;;;;;;;;;;;;;;;;;;;;
;;;;;;;;;;;;;;;;;;;;;;;
;;;;;;;;;;;;;;;;;;;;;;;
;;;;;;;;;;;;;;;;;;;;;;;
;;;;;;;;;;;;;;;;;;;;;;;
;;;;;;;;;;;;;;;;;;;;;;;
;;;;;;;;;;;;;;;;;;;;;;;
;;;;;;;;;;;;;;;;;;;;;;;
;;;;;;;;;;;;;;;;;;;;;;;
;;;;;;;;;;;;;;;;;;;;;;;
;;;;;;;;;;;;;;;;;;;;;;;
;;;;;;;;;;;;;;;;;;;;;;;
;;;;;;;;;;;;;;;;;;;;;;;
;;;;;;;;;;;;;;;;;;;;;;;
;;;;;;;;;;;;;;;;;;;;;;;
;;;;;;;;;;;;;;;;;;;;;;;
;;;;;;;;;;;;;;;;;;;;;;;
;;;;;;;;;;;;;;;;;;;;;;;
;;;;;;;;;;;;;;;;;;;;;;;
;;;;;;;;;;;;;;;;;;;;;;;
;;;;;;;;;;;;;;;;;;;;;;;
;;;;;;;;;;;;;;;;;;;;;;;
;;;;;;;;;;;;;;;;;;;;;;;
;;;;;;;;;;;;;;;;;;;;;;;
;;;;;;;;;;;;;;;;;;;;;;;
;;;;;;;;;;;;;;;;;;;;;;;
;;;;;;;;;;;;;;;;;;;;;;;
;;;;;;;;;;;;;;;;;;;;;;;
;;;;;;;;;;;;;;;;;;;;;;;
;;;;;;;;;;;;;;;;;;;;;;;
;;;;;;;;;;;;;;;;;;;;;;;
;;;;;;;;;;;;;;;;;;;;;;;
;;;;;;;;;;;;;;;;;;;;;;;
;;;;;;;;;;;;;;;;;;;;;;;
;;;;;;;;;;;;;;;;;;;;;;;
;;;;;;;;;;;;;;;;;;;;;;;
;;;;;;;;;;;;;;;;;;;;;;;
;;;;;;;;;;;;;;;;;;;;;;;
;;;;;;;;;;;;;;;;;;;;;;;
;;;;;;;;;;;;;;;;;;;;;;;
;;;;;;;;;;;;;;;;;;;;;;;
;;;;;;;;;;;;;;;;;;;;;;;
;;;;;;;;;;;;;;;;;;;;;;;
;;;;;;;;;;;;;;;;;;;;;;;
;;;;;;;;;;;;;;;;;;;;;;;
;;;;;;;;;;;;;;;;;;;;;;;
;;;;;;;;;;;;;;;;;;;;;;;
;;;;;;;;;;;;;;;;;;;;;;;
;;;;;;;;;;;;;;;;;;;;;;;
;;;;;;;;;;;;;;;;;;;;;;;
;;;;;;;;;;;;;;;;;;;;;;;
;;;;;;;;;;;;;;;;;;;;;;;
;;;;;;;;;;;;;;;;;;;;;;;
;;;;;;;;;;;;;;;;;;;;;;;
;;;;;;;;;;;;;;;;;;;;;;;
;;;;;;;;;;;;;;;;;;;;;;;
;;;;;;;;;;;;;;;;;;;;;;;
;;;;;;;;;;;;;;;;;;;;;;;
;;;;;;;;;;;;;;;;;;;;;;;
;;;;;;;;;;;;;;;;;;;;;;;
;;;;;;;;;;;;;;;;;;;;;;;
;;;;;;;;;;;;;;;;;;;;;;;
;;;;;;;;;;;;;;;;;;;;;;;
;;;;;;;;;;;;;;;;;;;;;;;
;;;;;;;;;;;;;;;;;;;;;;;
;;;;;;;;;;;;;;;;;;;;;;;
;;;;;;;;;;;;;;;;;;;;;;;
;;;;;;;;;;;;;;;;;;;;;;;
;;;;;;;;;;;;;;;;;;;;;;;
;;;;;;;;;;;;;;;;;;;;;;;
;;;;;;;;;;;;;;;;;;;;;;;
;;;;;;;;;;;;;;;;;;;;;;;
;;;;;;;;;;;;;;;;;;;;;;;
;;;;;;;;;;;;;;;;;;;;;;;
;;;;;;;;;;;;;;;;;;;;;;;
;;;;;;;;;;;;;;;;;;;;;;;
;;;;;;;;;;;;;;;;;;;;;;;
;;;;;;;;;;;;;;;;;;;;;;;
;;;;;;;;;;;;;;;;;;;;;;;
;;;;;;;;;;;;;;;;;;;;;;;
;;;;;;;;;;;;;;;;;;;;;;;
;;;;;;;;;;;;;;;;;;;;;;;
;;;;;;;;;;;;;;;;;;;;;;;
;;;;;;;;;;;;;;;;;;;;;;;
;;;;;;;;;;;;;;;;;;;;;;;
;;;;;;;;;;;;;;;;;;;;;;;
;;;;;;;;;;;;;;;;;;;;;;;
;;;;;;;;;;;;;;;;;;;;;;;
;;;;;;;;;;;;;;;;;;;;;;;
;;;;;;;;;;;;;;;;;;;;;;;
;;;;;;;;;;;;;;;;;;;;;;;
;;;;;;;;;;;;;;;;;;;;;;;
;;;;;;;;;;;;;;;;;;;;;;;
;;;;;;;;;;;;;;;;;;;;;;;
;;;;;;;;;;;;;;;;;;;;;;;
;;;;;;;;;;;;;;;;;;;;;;;
;;;;;;;;;;;;;;;;;;;;;;;
;;;;;;;;;;;;;;;;;;;;;;;
;;;;;;;;;;;;;;;;;;;;;;;
;;;;;;;;;;;;;;;;;;;;;;;
;;;;;;;;;;;;;;;;;;;;;;;
;;;;;;;;;;;;;;;;;;;;;;;
;;;;;;;;;;;;;;;;;;;;;;;
;;;;;;;;;;;;;;;;;;;;;;;
;;;;;;;;;;;;;;;;;;;;;;;
;;;;;;;;;;;;;;;;;;;;;;;
;;;;;;;;;;;;;;;;;;;;;;;
;;;;;;;;;;;;;;;;;;;;;;;
;;;;;;;;;;;;;;;;;;;;;;;
;;;;;;;;;;;;;;;;;;;;;;;
;;;;;;;;;;;;;;;;;;;;;;;
;;;;;;;;;;;;;;;;;;;;;;;
;;;;;;;;;;;;;;;;;;;;;;;
;;;;;;;;;;;;;;;;;;;;;;;
;;;;;;;;;;;;;;;;;;;;;;;
;;;;;;;;;;;;;;;;;;;;;;;
;;;;;;;;;;;;;;;;;;;;;;;
;;;;;;;;;;;;;;;;;;;;;;;
;;;;;;;;;;;;;;;;;;;;;;;
;;;;;;;;;;;;;;;;;;;;;;;
;;;;;;;;;;;;;;;;;;;;;;;
;;;;;;;;;;;;;;;;;;;;;;;
;;;;;;;;;;;;;;;;;;;;;;;
;;;;;;;;;;;;;;;;;;;;;;;
;;;;;;;;;;;;;;;;;;;;;;;
;;;;;;;;;;;;;;;;;;;;;;;
;;;;;;;;;;;;;;;;;;;;;;;
;;;;;;;;;;;;;;;;;;;;;;;
;;;;;;;;;;;;;;;;;;;;;;;
;;;;;;;;;;;;;;;;;;;;;;;
;;;;;;;;;;;;;;;;;;;;;;;
;;;;;;;;;;;;;;;;;;;;;;;
;;;;;;;;;;;;;;;;;;;;;;;
;;;;;;;;;;;;;;;;;;;;;;;
;;;;;;;;;;;;;;;;;;;;;;;
;;;;;;;;;;;;;;;;;;;;;;;
;;;;;;;;;;;;;;;;;;;;;;;
;;;;;;;;;;;;;;;;;;;;;;;
;;;;;;;;;;;;;;;;;;;;;;;
;;;;;;;;;;;;;;;;;;;;;;;
;;;;;;;;;;;;;;;;;;;;;;;
;;;;;;;;;;;;;;;;;;;;;;;
;;;;;;;;;;;;;;;;;;;;;;;
;;;;;;;;;;;;;;;;;;;;;;;
;;;;;;;;;;;;;;;;;;;;;;;
;;;;;;;;;;;;;;;;;;;;;;;
;;;;;;;;;;;;;;;;;;;;;;;
;;;;;;;;;;;;;;;;;;;;;;;
;;;;;;;;;;;;;;;;;;;;;;;
;;;;;;;;;;;;;;;;;;;;;;;
;;;;;;;;;;;;;;;;;;;;;;;
;;;;;;;;;;;;;;;;;;;;;;;
;;;;;;;;;;;;;;;;;;;;;;;
;;;;;;;;;;;;;;;;;;;;;;;
;;;;;;;;;;;;;;;;;;;;;;;
;;;;;;;;;;;;;;;;;;;;;;;
;;;;;;;;;;;;;;;;;;;;;;;
;;;;;;;;;;;;;;;;;;;;;;;
;;;;;;;;;;;;;;;;;;;;;;;
;;;;;;;;;;;;;;;;;;;;;;;
;;;;;;;;;;;;;;;;;;;;;;;
;;;;;;;;;;;;;;;;;;;;;;;
;;;;;;;;;;;;;;;;;;;;;;;
;;;;;;;;;;;;;;;;;;;;;;;
;;;;;;;;;;;;;;;;;;;;;;;
;;;;;;;;;;;;;;;;;;;;;;;
;;;;;;;;;;;;;;;;;;;;;;;
;;;;;;;;;;;;;;;;;;;;;;;
;;;;;;;;;;;;;;;;;;;;;;;
;;;;;;;;;;;;;;;;;;;;;;;
;;;;;;;;;;;;;;;;;;;;;;;
;;;;;;;;;;;;;;;;;;;;;;;
;;;;;;;;;;;;;;;;;;;;;;;
;;;;;;;;;;;;;;;;;;;;;;;
;;;;;;;;;;;;;;;;;;;;;;;
;;;;;;;;;;;;;;;;;;;;;;;
;;;;;;;;;;;;;;;;;;;;;;;
;;;;;;;;;;;;;;;;;;;;;;;
;;;;;;;;;;;;;;;;;;;;;;;
;;;;;;;;;;;;;;;;;;;;;;;
;;;;;;;;;;;;;;;;;;;;;;;
;;;;;;;;;;;;;;;;;;;;;;;
;;;;;;;;;;;;;;;;;;;;;;;
;;;;;;;;;;;;;;;;;;;;;;;
;;;;;;;;;;;;;;;;;;;;;;;
;;;;;;;;;;;;;;;;;;;;;;;
;;;;;;;;;;;;;;;;;;;;;;;
;;;;;;;;;;;;;;;;;;;;;;;
;;;;;;;;;;;;;;;;;;;;;;;
;;;;;;;;;;;;;;;;;;;;;;;
;;;;;;;;;;;;;;;;;;;;;;;
;;;;;;;;;;;;;;;;;;;;;;;
;;;;;;;;;;;;;;;;;;;;;;;
;;;;;;;;;;;;;;;;;;;;;;;
;;;;;;;;;;;;;;;;;;;;;;;
;;;;;;;;;;;;;;;;;;;;;;;
;;;;;;;;;;;;;;;;;;;;;;;
;;;;;;;;;;;;;;;;;;;;;;;
;;;;;;;;;;;;;;;;;;;;;;;
;;;;;;;;;;;;;;;;;;;;;;;
;;;;;;;;;;;;;;;;;;;;;;;
;;;;;;;;;;;;;;;;;;;;;;;
;;;;;;;;;;;;;;;;;;;;;;;
;;;;;;;;;;;;;;;;;;;;;;;
;;;;;;;;;;;;;;;;;;;;;;;
;;;;;;;;;;;;;;;;;;;;;;;
;;;;;;;;;;;;;;;;;;;;;;;
;;;;;;;;;;;;;;;;;;;;;;;
;;;;;;;;;;;;;;;;;;;;;;;
;;;;;;;;;;;;;;;;;;;;;;;
;;;;;;;;;;;;;;;;;;;;;;;
;;;;;;;;;;;;;;;;;;;;;;;
;;;;;;;;;;;;;;;;;;;;;;;
;;;;;;;;;;;;;;;;;;;;;;;
;;;;;;;;;;;;;;;;;;;;;;;
;;;;;;;;;;;;;;;;;;;;;;;
;;;;;;;;;;;;;;;;;;;;;;;
;;;;;;;;;;;;;;;;;;;;;;;
;;;;;;;;;;;;;;;;;;;;;;;
;;;;;;;;;;;;;;;;;;;;;;;
;;;;;;;;;;;;;;;;;;;;;;;
;;;;;;;;;;;;;;;;;;;;;;;
;;;;;;;;;;;;;;;;;;;;;;;
;;;;;;;;;;;;;;;;;;;;;;;
;;;;;;;;;;;;;;;;;;;;;;;
;;;;;;;;;;;;;;;;;;;;;;;
;;;;;;;;;;;;;;;;;;;;;;;
;;;;;;;;;;;;;;;;;;;;;;;
;;;;;;;;;;;;;;;;;;;;;;;
;;;;;;;;;;;;;;;;;;;;;;;
;;;;;;;;;;;;;;;;;;;;;;;
;;;;;;;;;;;;;;;;;;;;;;;
;;;;;;;;;;;;;;;;;;;;;;;
;;;;;;;;;;;;;;;;;;;;;;;
;;;;;;;;;;;;;;;;;;;;;;;
;;;;;;;;;;;;;;;;;;;;;;;
;;;;;;;;;;;;;;;;;;;;;;;
;;;;;;;;;;;;;;;;;;;;;;;
;;;;;;;;;;;;;;;;;;;;;;;
;;;;;;;;;;;;;;;;;;;;;;;
;;;;;;;;;;;;;;;;;;;;;;;
;;;;;;;;;;;;;;;;;;;;;;;
;;;;;;;;;;;;;;;;;;;;;;;
;;;;;;;;;;;;;;;;;;;;;;;
;;;;;;;;;;;;;;;;;;;;;;;
;;;;;;;;;;;;;;;;;;;;;;;
;;;;;;;;;;;;;;;;;;;;;;;
;;;;;;;;;;;;;;;;;;;;;;;
;;;;;;;;;;;;;;;;;;;;;;;
;;;;;;;;;;;;;;;;;;;;;;;
;;;;;;;;;;;;;;;;;;;;;;;
;;;;;;;;;;;;;;;;;;;;;;;
;;;;;;;;;;;;;;;;;;;;;;;
;;;;;;;;;;;;;;;;;;;;;;;
;;;;;;;;;;;;;;;;;;;;;;;
;;;;;;;;;;;;;;;;;;;;;;;
;;;;;;;;;;;;;;;;;;;;;;;
;;;;;;;;;;;;;;;;;;;;;;;
;;;;;;;;;;;;;;;;;;;;;;;
;;;;;;;;;;;;;;;;;;;;;;;
;;;;;;;;;;;;;;;;;;;;;;;
;;;;;;;;;;;;;;;;;;;;;;;
;;;;;;;;;;;;;;;;;;;;;;;
;;;;;;;;;;;;;;;;;;;;;;;
;;;;;;;;;;;;;;;;;;;;;;;
;;;;;;;;;;;;;;;;;;;;;;;
;;;;;;;;;;;;;;;;;;;;;;;
;;;;;;;;;;;;;;;;;;;;;;;
;;;;;;;;;;;;;;;;;;;;;;;
;;;;;;;;;;;;;;;;;;;;;;;
;;;;;;;;;;;;;;;;;;;;;;;
;;;;;;;;;;;;;;;;;;;;;;;
;;;;;;;;;;;;;;;;;;;;;;;
;;;;;;;;;;;;;;;;;;;;;;;
;;;;;;;;;;;;;;;;;;;;;;;
;;;;;;;;;;;;;;;;;;;;;;;
;;;;;;;;;;;;;;;;;;;;;;;
;;;;;;;;;;;;;;;;;;;;;;;
;;;;;;;;;;;;;;;;;;;;;;;
;;;;;;;;;;;;;;;;;;;;;;;
;;;;;;;;;;;;;;;;;;;;;;;
;;;;;;;;;;;;;;;;;;;;;;;
;;;;;;;;;;;;;;;;;;;;;;;
;;;;;;;;;;;;;;;;;;;;;;;
;;;;;;;;;;;;;;;;;;;;;;;
;;;;;;;;;;;;;;;;;;;;;;;
;;;;;;;;;;;;;;;;;;;;;;;
;;;;;;;;;;;;;;;;;;;;;;;
;;;;;;;;;;;;;;;;;;;;;;;
;;;;;;;;;;;;;;;;;;;;;;;
;;;;;;;;;;;;;;;;;;;;;;;
;;;;;;;;;;;;;;;;;;;;;;;
;;;;;;;;;;;;;;;;;;;;;;;
;;;;;;;;;;;;;;;;;;;;;;;
;;;;;;;;;;;;;;;;;;;;;;;
;;;;;;;;;;;;;;;;;;;;;;;
;;;;;;;;;;;;;;;;;;;;;;;
;;;;;;;;;;;;;;;;;;;;;;;
;;;;;;;;;;;;;;;;;;;;;;;
;;;;;;;;;;;;;;;;;;;;;;;
;;;;;;;;;;;;;;;;;;;;;;;
;;;;;;;;;;;;;;;;;;;;;;;
;;;;;;;;;;;;;;;;;;;;;;;
;;;;;;;;;;;;;;;;;;;;;;;
;;;;;;;;;;;;;;;;;;;;;;;
;;;;;;;;;;;;;;;;;;;;;;;
;;;;;;;;;;;;;;;;;;;;;;;
;;;;;;;;;;;;;;;;;;;;;;;
;;;;;;;;;;;;;;;;;;;;;;;
;;;;;;;;;;;;;;;;;;;;;;;
;;;;;;;;;;;;;;;;;;;;;;;
;;;;;;;;;;;;;;;;;;;;;;;
;;;;;;;;;;;;;;;;;;;;;;;
;;;;;;;;;;;;;;;;;;;;;;;
;;;;;;;;;;;;;;;;;;;;;;;
;;;;;;;;;;;;;;;;;;;;;;;
;;;;;;;;;;;;;;;;;;;;;;;
;;;;;;;;;;;;;;;;;;;;;;;
;;;;;;;;;;;;;;;;;;;;;;;
;;;;;;;;;;;;;;;;;;;;;;;
;;;;;;;;;;;;;;;;;;;;;;;
;;;;;;;;;;;;;;;;;;;;;;;
;;;;;;;;;;;;;;;;;;;;;;;
;;;;;;;;;;;;;;;;;;;;;;;
;;;;;;;;;;;;;;;;;;;;;;;
;;;;;;;;;;;;;;;;;;;;;;;
;;;;;;;;;;;;;;;;;;;;;;;
;;;;;;;;;;;;;;;;;;;;;;;
;;;;;;;;;;;;;;;;;;;;;;;
;;;;;;;;;;;;;;;;;;;;;;;
;;;;;;;;;;;;;;;;;;;;;;;
;;;;;;;;;;;;;;;;;;;;;;;
;;;;;;;;;;;;;;;;;;;;;;;
;;;;;;;;;;;;;;;;;;;;;;;
;;;;;;;;;;;;;;;;;;;;;;;
;;;;;;;;;;;;;;;;;;;;;;;
;;;;;;;;;;;;;;;;;;;;;;;
;;;;;;;;;;;;;;;;;;;;;;;
;;;;;;;;;;;;;;;;;;;;;;;
;;;;;;;;;;;;;;;;;;;;;;;
;;;;;;;;;;;;;;;;;;;;;;;
;;;;;;;;;;;;;;;;;;;;;;;
;;;;;;;;;;;;;;;;;;;;;;;
;;;;;;;;;;;;;;;;;;;;;;;
;;;;;;;;;;;;;;;;;;;;;;;
;;;;;;;;;;;;;;;;;;;;;;;
;;;;;;;;;;;;;;;;;;;;;;;
;;;;;;;;;;;;;;;;;;;;;;;
;;;;;;;;;;;;;;;;;;;;;;;
;;;;;;;;;;;;;;;;;;;;;;;
;;;;;;;;;;;;;;;;;;;;;;;
;;;;;;;;;;;;;;;;;;;;;;;
;;;;;;;;;;;;;;;;;;;;;;;
;;;;;;;;;;;;;;;;;;;;;;;
;;;;;;;;;;;;;;;;;;;;;;;
;;;;;;;;;;;;;;;;;;;;;;;
;;;;;;;;;;;;;;;;;;;;;;;
;;;;;;;;;;;;;;;;;;;;;;;
;;;;;;;;;;;;;;;;;;;;;;;
;;;;;;;;;;;;;;;;;;;;;;;
;;;;;;;;;;;;;;;;;;;;;;;
;;;;;;;;;;;;;;;;;;;;;;;
;;;;;;;;;;;;;;;;;;;;;;;
;;;;;;;;;;;;;;;;;;;;;;;
;;;;;;;;;;;;;;;;;;;;;;;
;;;;;;;;;;;;;;;;;;;;;;;
;;;;;;;;;;;;;;;;;;;;;;;
;;;;;;;;;;;;;;;;;;;;;;;
;;;;;;;;;;;;;;;;;;;;;;;
;;;;;;;;;;;;;;;;;;;;;;;
;;;;;;;;;;;;;;;;;;;;;;;
;;;;;;;;;;;;;;;;;;;;;;;
;;;;;;;;;;;;;;;;;;;;;;;
;;;;;;;;;;;;;;;;;;;;;;;
;;;;;;;;;;;;;;;;;;;;;;;
;;;;;;;;;;;;;;;;;;;;;;;
;;;;;;;;;;;;;;;;;;;;;;;
;;;;;;;;;;;;;;;;;;;;;;;
;;;;;;;;;;;;;;;;;;;;;;;
;;;;;;;;;;;;;;;;;;;;;;;
;;;;;;;;;;;;;;;;;;;;;;;
;;;;;;;;;;;;;;;;;;;;;;;
;;;;;;;;;;;;;;;;;;;;;;;
;;;;;;;;;;;;;;;;;;;;;;;
;;;;;;;;;;;;;;;;;;;;;;;
;;;;;;;;;;;;;;;;;;;;;;;
;;;;;;;;;;;;;;;;;;;;;;;
;;;;;;;;;;;;;;;;;;;;;;;
;;;;;;;;;;;;;;;;;;;;;;;
;;;;;;;;;;;;;;;;;;;;;;;
;;;;;;;;;;;;;;;;;;;;;;;
;;;;;;;;;;;;;;;;;;;;;;;
;;;;;;;;;;;;;;;;;;;;;;;
;;;;;;;;;;;;;;;;;;;;;;;
;;;;;;;;;;;;;;;;;;;;;;;
;;;;;;;;;;;;;;;;;;;;;;;
;;;;;;;;;;;;;;;;;;;;;;;
;;;;;;;;;;;;;;;;;;;;;;;
;;;;;;;;;;;;;;;;;;;;;;;
;;;;;;;;;;;;;;;;;;;;;;;
;;;;;;;;;;;;;;;;;;;;;;;
;;;;;;;;;;;;;;;;;;;;;;;
;;;;;;;;;;;;;;;;;;;;;;;
;;;;;;;;;;;;;;;;;;;;;;;
;;;;;;;;;;;;;;;;;;;;;;;
;;;;;;;;;;;;;;;;;;;;;;;
;;;;;;;;;;;;;;;;;;;;;;;
;;;;;;;;;;;;;;;;;;;;;;;
;;;;;;;;;;;;;;;;;;;;;;;
;;;;;;;;;;;;;;;;;;;;;;;
;;;;;;;;;;;;;;;;;;;;;;;
;;;;;;;;;;;;;;;;;;;;;;;
;;;;;;;;;;;;;;;;;;;;;;;
;;;;;;;;;;;;;;;;;;;;;;;
;;;;;;;;;;;;;;;;;;;;;;;
;;;;;;;;;;;;;;;;;;;;;;;
;;;;;;;;;;;;;;;;;;;;;;;
;;;;;;;;;;;;;;;;;;;;;;;
;;;;;;;;;;;;;;;;;;;;;;;
;;;;;;;;;;;;;;;;;;;;;;;
;;;;;;;;;;;;;;;;;;;;;;;
;;;;;;;;;;;;;;;;;;;;;;;
;;;;;;;;;;;;;;;;;;;;;;;
;;;;;;;;;;;;;;;;;;;;;;;
;;;;;;;;;;;;;;;;;;;;;;;
;;;;;;;;;;;;;;;;;;;;;;;
;;;;;;;;;;;;;;;;;;;;;;;
;;;;;;;;;;;;;;;;;;;;;;;
;;;;;;;;;;;;;;;;;;;;;;;
;;;;;;;;;;;;;;;;;;;;;;;
;;;;;;;;;;;;;;;;;;;;;;;
;;;;;;;;;;;;;;;;;;;;;;;
;;;;;;;;;;;;;;;;;;;;;;;
;;;;;;;;;;;;;;;;;;;;;;;
;;;;;;;;;;;;;;;;;;;;;;;
;;;;;;;;;;;;;;;;;;;;;;;
;;;;;;;;;;;;;;;;;;;;;;;
;;;;;;;;;;;;;;;;;;;;;;;
;;;;;;;;;;;;;;;;;;;;;;;
;;;;;;;;;;;;;;;;;;;;;;;
;;;;;;;;;;;;;;;;;;;;;;;
;;;;;;;;;;;;;;;;;;;;;;;
;;;;;;;;;;;;;;;;;;;;;;;
;;;;;;;;;;;;;;;;;;;;;;;
;;;;;;;;;;;;;;;;;;;;;;;
;;;;;;;;;;;;;;;;;;;;;;;
;;;;;;;;;;;;;;;;;;;;;;;
;;;;;;;;;;;;;;;;;;;;;;;
;;;;;;;;;;;;;;;;;;;;;;;
;;;;;;;;;;;;;;;;;;;;;;;
;;;;;;;;;;;;;;;;;;;;;;;
;;;;;;;;;;;;;;;;;;;;;;;
;;;;;;;;;;;;;;;;;;;;;;;
;;;;;;;;;;;;;;;;;;;;;;;
;;;;;;;;;;;;;;;;;;;;;;;
;;;;;;;;;;;;;;;;;;;;;;;
;;;;;;;;;;;;;;;;;;;;;;;
;;;;;;;;;;;;;;;;;;;;;;;
;;;;;;;;;;;;;;;;;;;;;;;
;;;;;;;;;;;;;;;;;;;;;;;
;;;;;;;;;;;;;;;;;;;;;;;
;;;;;;;;;;;;;;;;;;;;;;;
;;;;;;;;;;;;;;;;;;;;;;;
;;;;;;;;;;;;;;;;;;;;;;;
;;;;;;;;;;;;;;;;;;;;;;;
;;;;;;;;;;;;;;;;;;;;;;;
;;;;;;;;;;;;;;;;;;;;;;;
;;;;;;;;;;;;;;;;;;;;;;;
;;;;;;;;;;;;;;;;;;;;;;;
;;;;;;;;;;;;;;;;;;;;;;;
;;;;;;;;;;;;;;;;;;;;;;;
;;;;;;;;;;;;;;;;;;;;;;;
;;;;;;;;;;;;;;;;;;;;;;;
;;;;;;;;;;;;;;;;;;;;;;;
;;;;;;;;;;;;;;;;;;;;;;;
;;;;;;;;;;;;;;;;;;;;;;;
;;;;;;;;;;;;;;;;;;;;;;;
;;;;;;;;;;;;;;;;;;;;;;;
;;;;;;;;;;;;;;;;;;;;;;;
;;;;;;;;;;;;;;;;;;;;;;;
;;;;;;;;;;;;;;;;;;;;;;;
;;;;;;;;;;;;;;;;;;;;;;;
;;;;;;;;;;;;;;;;;;;;;;;
;;;;;;;;;;;;;;;;;;;;;;;
;;;;;;;;;;;;;;;;;;;;;;;
;;;;;;;;;;;;;;;;;;;;;;;
;;;;;;;;;;;;;;;;;;;;;;;
;;;;;;;;;;;;;;;;;;;;;;;
;;;;;;;;;;;;;;;;;;;;;;;
;;;;;;;;;;;;;;;;;;;;;;;
;;;;;;;;;;;;;;;;;;;;;;;
;;;;;;;;;;;;;;;;;;;;;;;
;;;;;;;;;;;;;;;;;;;;;;;
;;;;;;;;;;;;;;;;;;;;;;;
;;;;;;;;;;;;;;;;;;;;;;;
;;;;;;;;;;;;;;;;;;;;;;;
;;;;;;;;;;;;;;;;;;;;;;;
;;;;;;;;;;;;;;;;;;;;;;;
;;;;;;;;;;;;;;;;;;;;;;;
;;;;;;;;;;;;;;;;;;;;;;;
;;;;;;;;;;;;;;;;;;;;;;;
;;;;;;;;;;;;;;;;;;;;;;;
;;;;;;;;;;;;;;;;;;;;;;;
;;;;;;;;;;;;;;;;;;;;;;;
;;;;;;;;;;;;;;;;;;;;;;;
;;;;;;;;;;;;;;;;;;;;;;;
;;;;;;;;;;;;;;;;;;;;;;;
;;;;;;;;;;;;;;;;;;;;;;;
;;;;;;;;;;;;;;;;;;;;;;;
;;;;;;;;;;;;;;;;;;;;;;;
;;;;;;;;;;;;;;;;;;;;;;;
;;;;;;;;;;;;;;;;;;;;;;;
;;;;;;;;;;;;;;;;;;;;;;;
;;;;;;;;;;;;;;;;;;;;;;;
;;;;;;;;;;;;;;;;;;;;;;;
;;;;;;;;;;;;;;;;;;;;;;;
;;;;;;;;;;;;;;;;;;;;;;;
;;;;;;;;;;;;;;;;;;;;;;;
;;;;;;;;;;;;;;;;;;;;;;;
;;;;;;;;;;;;;;;;;;;;;;;
;;;;;;;;;;;;;;;;;;;;;;;
;;;;;;;;;;;;;;;;;;;;;;;
;;;;;;;;;;;;;;;;;;;;;;;
;;;;;;;;;;;;;;;;;;;;;;;
;;;;;;;;;;;;;;;;;;;;;;;
;;;;;;;;;;;;;;;;;;;;;;;
;;;;;;;;;;;;;;;;;;;;;;;
;;;;;;;;;;;;;;;;;;;;;;;
;;;;;;;;;;;;;;;;;;;;;;;
;;;;;;;;;;;;;;;;;;;;;;;
;;;;;;;;;;;;;;;;;;;;;;;
;;;;;;;;;;;;;;;;;;;;;;;
;;;;;;;;;;;;;;;;;;;;;;;
;;;;;;;;;;;;;;;;;;;;;;;
;;;;;;;;;;;;;;;;;;;;;;;
;;;;;;;;;;;;;;;;;;;;;;;
;;;;;;;;;;;;;;;;;;;;;;;
;;;;;;;;;;;;;;;;;;;;;;;
;;;;;;;;;;;;;;;;;;;;;;;
;;;;;;;;;;;;;;;;;;;;;;;
;;;;;;;;;;;;;;;;;;;;;;;
;;;;;;;;;;;;;;;;;;;;;;;
;;;;;;;;;;;;;;;;;;;;;;;
;;;;;;;;;;;;;;;;;;;;;;;
;;;;;;;;;;;;;;;;;;;;;;;
;;;;;;;;;;;;;;;;;;;;;;;
;;;;;;;;;;;;;;;;;;;;;;;
;;;;;;;;;;;;;;;;;;;;;;;
;;;;;;;;;;;;;;;;;;;;;;;
;;;;;;;;;;;;;;;;;;;;;;;
;;;;;;;;;;;;;;;;;;;;;;;
;;;;;;;;;;;;;;;;;;;;;;;
;;;;;;;;;;;;;;;;;;;;;;;
;;;;;;;;;;;;;;;;;;;;;;;
;;;;;;;;;;;;;;;;;;;;;;;
;;;;;;;;;;;;;;;;;;;;;;;
;;;;;;;;;;;;;;;;;;;;;;;
;;;;;;;;;;;;;;;;;;;;;;;
;;;;;;;;;;;;;;;;;;;;;;;
;;;;;;;;;;;;;;;;;;;;;;;
;;;;;;;;;;;;;;;;;;;;;;;
;;;;;;;;;;;;;;;;;;;;;;;
;;;;;;;;;;;;;;;;;;;;;;;
;;;;;;;;;;;;;;;;;;;;;;;
;;;;;;;;;;;;;;;;;;;;;;;
;;;;;;;;;;;;;;;;;;;;;;;
;;;;;;;;;;;;;;;;;;;;;;;
;;;;;;;;;;;;;;;;;;;;;;;
;;;;;;;;;;;;;;;;;;;;;;;
;;;;;;;;;;;;;;;;;;;;;;;
;;;;;;;;;;;;;;;;;;;;;;;
;;;;;;;;;;;;;;;;;;;;;;;
;;;;;;;;;;;;;;;;;;;;;;;
;;;;;;;;;;;;;;;;;;;;;;;
;;;;;;;;;;;;;;;;;;;;;;;
;;;;;;;;;;;;;;;;;;;;;;;
;;;;;;;;;;;;;;;;;;;;;;;
;;;;;;;;;;;;;;;;;;;;;;;
;;;;;;;;;;;;;;;;;;;;;;;
;;;;;;;;;;;;;;;;;;;;;;;
;;;;;;;;;;;;;;;;;;;;;;;
;;;;;;;;;;;;;;;;;;;;;;;
;;;;;;;;;;;;;;;;;;;;;;;
;;;;;;;;;;;;;;;;;;;;;;;
;;;;;;;;;;;;;;;;;;;;;;;
;;;;;;;;;;;;;;;;;;;;;;;
;;;;;;;;;;;;;;;;;;;;;;;
;;;;;;;;;;;;;;;;;;;;;;;
;;;;;;;;;;;;;;;;;;;;;;;
;;;;;;;;;;;;;;;;;;;;;;;
;;;;;;;;;;;;;;;;;;;;;;;
;;;;;;;;;;;;;;;;;;;;;;;
;;;;;;;;;;;;;;;;;;;;;;;
;;;;;;;;;;;;;;;;;;;;;;;
;;;;;;;;;;;;;;;;;;;;;;;
;;;;;;;;;;;;;;;;;;;;;;;
;;;;;;;;;;;;;;;;;;;;;;;
;;;;;;;;;;;;;;;;;;;;;;;
;;;;;;;;;;;;;;;;;;;;;;;
;;;;;;;;;;;;;;;;;;;;;;;
;;;;;;;;;;;;;;;;;;;;;;;
;;;;;;;;;;;;;;;;;;;;;;;
;;;;;;;;;;;;;;;;;;;;;;;
;;;;;;;;;;;;;;;;;;;;;;;
;;;;;;;;;;;;;;;;;;;;;;;
;;;;;;;;;;;;;;;;;;;;;;;
;;;;;;;;;;;;;;;;;;;;;;;
;;;;;;;;;;;;;;;;;;;;;;;
;;;;;;;;;;;;;;;;;;;;;;;
;;;;;;;;;;;;;;;;;;;;;;;
;;;;;;;;;;;;;;;;;;;;;;;
;;;;;;;;;;;;;;;;;;;;;;;
;;;;;;;;;;;;;;;;;;;;;;;
;;;;;;;;;;;;;;;;;;;;;;;
;;;;;;;;;;;;;;;;;;;;;;;
;;;;;;;;;;;;;;;;;;;;;;;
;;;;;;;;;;;;;;;;;;;;;;;
;;;;;;;;;;;;;;;;;;;;;;;
;;;;;;;;;;;;;;;;;;;;;;;
;;;;;;;;;;;;;;;;;;;;;;;
;;;;;;;;;;;;;;;;;;;;;;;
;;;;;;;;;;;;;;;;;;;;;;;
;;;;;;;;;;;;;;;;;;;;;;;
;;;;;;;;;;;;;;;;;;;;;;;
;;;;;;;;;;;;;;;;;;;;;;;
;;;;;;;;;;;;;;;;;;;;;;;
;;;;;;;;;;;;;;;;;;;;;;;
;;;;;;;;;;;;;;;;;;;;;;;
;;;;;;;;;;;;;;;;;;;;;;;
;;;;;;;;;;;;;;;;;;;;;;;
;;;;;;;;;;;;;;;;;;;;;;;
;;;;;;;;;;;;;;;;;;;;;;;
;;;;;;;;;;;;;;;;;;;;;;;
;;;;;;;;;;;;;;;;;;;;;;;
;;;;;;;;;;;;;;;;;;;;;;;
;;;;;;;;;;;;;;;;;;;;;;;
;;;;;;;;;;;;;;;;;;;;;;;
;;;;;;;;;;;;;;;;;;;;;;;
;;;;;;;;;;;;;;;;;;;;;;;
;;;;;;;;;;;;;;;;;;;;;;;
;;;;;;;;;;;;;;;;;;;;;;;
;;;;;;;;;;;;;;;;;;;;;;;
;;;;;;;;;;;;;;;;;;;;;;;
;;;;;;;;;;;;;;;;;;;;;;;
;;;;;;;;;;;;;;;;;;;;;;;
;;;;;;;;;;;;;;;;;;;;;;;
;;;;;;;;;;;;;;;;;;;;;;;
;;;;;;;;;;;;;;;;;;;;;;;
;;;;;;;;;;;;;;;;;;;;;;;
;;;;;;;;;;;;;;;;;;;;;;;
;;;;;;;;;;;;;;;;;;;;;;;
;;;;;;;;;;;;;;;;;;;;;;;
;;;;;;;;;;;;;;;;;;;;;;;
;;;;;;;;;;;;;;;;;;;;;;;
;;;;;;;;;;;;;;;;;;;;;;;
;;;;;;;;;;;;;;;;;;;;;;;
;;;;;;;;;;;;;;;;;;;;;;;
;;;;;;;;;;;;;;;;;;;;;;;
;;;;;;;;;;;;;;;;;;;;;;;
;;;;;;;;;;;;;;;;;;;;;;;
;;;;;;;;;;;;;;;;;;;;;;;
;;;;;;;;;;;;;;;;;;;;;;;
;;;;;;;;;;;;;;;;;;;;;;;
;;;;;;;;;;;;;;;;;;;;;;;
;;;;;;;;;;;;;;;;;;;;;;;
;;;;;;;;;;;;;;;;;;;;;;;
;;;;;;;;;;;;;;;;;;;;;;;
;;;;;;;;;;;;;;;;;;;;;;;
;;;;;;;;;;;;;;;;;;;;;;;
;;;;;;;;;;;;;;;;;;;;;;;
;;;;;;;;;;;;;;;;;;;;;;;
;;;;;;;;;;;;;;;;;;;;;;;
;;;;;;;;;;;;;;;;;;;;;;;
;;;;;;;;;;;;;;;;;;;;;;;
;;;;;;;;;;;;;;;;;;;;;;;
;;;;;;;;;;;;;;;;;;;;;;;
;;;;;;;;;;;;;;;;;;;;;;;
;;;;;;;;;;;;;;;;;;;;;;;
;;;;;;;;;;;;;;;;;;;;;;;
;;;;;;;;;;;;;;;;;;;;;;;
;;;;;;;;;;;;;;;;;;;;;;;
;;;;;;;;;;;;;;;;;;;;;;;
;;;;;;;;;;;;;;;;;;;;;;;
;;;;;;;;;;;;;;;;;;;;;;;
;;;;;;;;;;;;;;;;;;;;;;;
;;;;;;;;;;;;;;;;;;;;;;;
;;;;;;;;;;;;;;;;;;;;;;;
;;;;;;;;;;;;;;;;;;;;;;;
;;;;;;;;;;;;;;;;;;;;;;;
;;;;;;;;;;;;;;;;;;;;;;;
;;;;;;;;;;;;;;;;;;;;;;;
;;;;;;;;;;;;;;;;;;;;;;;
;;;;;;;;;;;;;;;;;;;;;;;
;;;;;;;;;;;;;;;;;;;;;;;
;;;;;;;;;;;;;;;;;;;;;;;
;;;;;;;;;;;;;;;;;;;;;;;
;;;;;;;;;;;;;;;;;;;;;;;
;;;;;;;;;;;;;;;;;;;;;;;
;;;;;;;;;;;;;;;;;;;;;;;
;;;;;;;;;;;;;;;;;;;;;;;
;;;;;;;;;;;;;;;;;;;;;;;
;;;;;;;;;;;;;;;;;;;;;;;
;;;;;;;;;;;;;;;;;;;;;;;
;;;;;;;;;;;;;;;;;;;;;;;
;;;;;;;;;;;;;;;;;;;;;;;
;;;;;;;;;;;;;;;;;;;;;;;
;;;;;;;;;;;;;;;;;;;;;;;
;;;;;;;;;;;;;;;;;;;;;;;
;;;;;;;;;;;;;;;;;;;;;;;
;;;;;;;;;;;;;;;;;;;;;;;
;;;;;;;;;;;;;;;;;;;;;;;
;;;;;;;;;;;;;;;;;;;;;;;
;;;;;;;;;;;;;;;;;;;;;;;
;;;;;;;;;;;;;;;;;;;;;;;
;;;;;;;;;;;;;;;;;;;;;;;
;;;;;;;;;;;;;;;;;;;;;;;
;;;;;;;;;;;;;;;;;;;;;;;
;;;;;;;;;;;;;;;;;;;;;;;
;;;;;;;;;;;;;;;;;;;;;;;
;;;;;;;;;;;;;;;;;;;;;;;
;;;;;;;;;;;;;;;;;;;;;;;
;;;;;;;;;;;;;;;;;;;;;;;
;;;;;;;;;;;;;;;;;;;;;;;
;;;;;;;;;;;;;;;;;;;;;;;
;;;;;;;;;;;;;;;;;;;;;;;
;;;;;;;;;;;;;;;;;;;;;;;
;;;;;;;;;;;;;;;;;;;;;;;
;;;;;;;;;;;;;;;;;;;;;;;
;;;;;;;;;;;;;;;;;;;;;;;
;;;;;;;;;;;;;;;;;;;;;;;
;;;;;;;;;;;;;;;;;;;;;;;
;;;;;;;;;;;;;;;;;;;;;;;
;;;;;;;;;;;;;;;;;;;;;;;
;;;;;;;;;;;;;;;;;;;;;;;
;;;;;;;;;;;;;;;;;;;;;;;
;;;;;;;;;;;;;;;;;;;;;;;
;;;;;;;;;;;;;;;;;;;;;;;
;;;;;;;;;;;;;;;;;;;;;;;
;;;;;;;;;;;;;;;;;;;;;;;
;;;;;;;;;;;;;;;;;;;;;;;
;;;;;;;;;;;;;;;;;;;;;;;
;;;;;;;;;;;;;;;;;;;;;;;
;;;;;;;;;;;;;;;;;;;;;;;
;;;;;;;;;;;;;;;;;;;;;;;
;;;;;;;;;;;;;;;;;;;;;;;
;;;;;;;;;;;;;;;;;;;;;;;
;;;;;;;;;;;;;;;;;;;;;;;
;;;;;;;;;;;;;;;;;;;;;;;
;;;;;;;;;;;;;;;;;;;;;;;
;;;;;;;;;;;;;;;;;;;;;;;
;;;;;;;;;;;;;;;;;;;;;;;
;;;;;;;;;;;;;;;;;;;;;;;
;;;;;;;;;;;;;;;;;;;;;;;
;;;;;;;;;;;;;;;;;;;;;;;
;;;;;;;;;;;;;;;;;;;;;;;
;;;;;;;;;;;;;;;;;;;;;;;
;;;;;;;;;;;;;;;;;;;;;;;
;;;;;;;;;;;;;;;;;;;;;;;
;;;;;;;;;;;;;;;;;;;;;;;
;;;;;;;;;;;;;;;;;;;;;;;
;;;;;;;;;;;;;;;;;;;;;;;
;;;;;;;;;;;;;;;;;;;;;;;
;;;;;;;;;;;;;;;;;;;;;;;
;;;;;;;;;;;;;;;;;;;;;;;
;;;;;;;;;;;;;;;;;;;;;;;
;;;;;;;;;;;;;;;;;;;;;;;
;;;;;;;;;;;;;;;;;;;;;;;
;;;;;;;;;;;;;;;;;;;;;;;
;;;;;;;;;;;;;;;;;;;;;;;
;;;;;;;;;;;;;;;;;;;;;;;
;;;;;;;;;;;;;;;;;;;;;;;
;;;;;;;;;;;;;;;;;;;;;;;
;;;;;;;;;;;;;;;;;;;;;;;
;;;;;;;;;;;;;;;;;;;;;;;
;;;;;;;;;;;;;;;;;;;;;;;
;;;;;;;;;;;;;;;;;;;;;;;
;;;;;;;;;;;;;;;;;;;;;;;
;;;;;;;;;;;;;;;;;;;;;;;
;;;;;;;;;;;;;;;;;;;;;;;
;;;;;;;;;;;;;;;;;;;;;;;
;;;;;;;;;;;;;;;;;;;;;;;
;;;;;;;;;;;;;;;;;;;;;;;
;;;;;;;;;;;;;;;;;;;;;;;
;;;;;;;;;;;;;;;;;;;;;;;
;;;;;;;;;;;;;;;;;;;;;;;
;;;;;;;;;;;;;;;;;;;;;;;
;;;;;;;;;;;;;;;;;;;;;;;
;;;;;;;;;;;;;;;;;;;;;;;
;;;;;;;;;;;;;;;;;;;;;;;
;;;;;;;;;;;;;;;;;;;;;;;
;;;;;;;;;;;;;;;;;;;;;;;
;;;;;;;;;;;;;;;;;;;;;;;
;;;;;;;;;;;;;;;;;;;;;;;
;;;;;;;;;;;;;;;;;;;;;;;
;;;;;;;;;;;;;;;;;;;;;;;
;;;;;;;;;;;;;;;;;;;;;;;
;;;;;;;;;;;;;;;;;;;;;;;
;;;;;;;;;;;;;;;;;;;;;;;
;;;;;;;;;;;;;;;;;;;;;;;
;;;;;;;;;;;;;;;;;;;;;;;
;;;;;;;;;;;;;;;;;;;;;;;
;;;;;;;;;;;;;;;;;;;;;;;
;;;;;;;;;;;;;;;;;;;;;;;
;;;;;;;;;;;;;;;;;;;;;;;
;;;;;;;;;;;;;;;;;;;;;;;
;;;;;;;;;;;;;;;;;;;;;;;
;;;;;;;;;;;;;;;;;;;;;;;
;;;;;;;;;;;;;;;;;;;;;;;
;;;;;;;;;;;;;;;;;;;;;;;
;;;;;;;;;;;;;;;;;;;;;;;
;;;;;;;;;;;;;;;;;;;;;;;
;;;;;;;;;;;;;;;;;;;;;;;
;;;;;;;;;;;;;;;;;;;;;;;
;;;;;;;;;;;;;;;;;;;;;;;
;;;;;;;;;;;;;;;;;;;;;;;
;;;;;;;;;;;;;;;;;;;;;;;
;;;;;;;;;;;;;;;;;;;;;;;
;;;;;;;;;;;;;;;;;;;;;;;
;;;;;;;;;;;;;;;;;;;;;;;
;;;;;;;;;;;;;;;;;;;;;;;
;;;;;;;;;;;;;;;;;;;;;;;
;;;;;;;;;;;;;;;;;;;;;;;
;;;;;;;;;;;;;;;;;;;;;;;
;;;;;;;;;;;;;;;;;;;;;;;
;;;;;;;;;;;;;;;;;;;;;;;
;;;;;;;;;;;;;;;;;;;;;;;
;;;;;;;;;;;;;;;;;;;;;;;
;;;;;;;;;;;;;;;;;;;;;;;
;;;;;;;;;;;;;;;;;;;;;;;
;;;;;;;;;;;;;;;;;;;;;;;
;;;;;;;;;;;;;;;;;;;;;;;
;;;;;;;;;;;;;;;;;;;;;;;
;;;;;;;;;;;;;;;;;;;;;;;
;;;;;;;;;;;;;;;;;;;;;;;
;;;;;;;;;;;;;;;;;;;;;;;
;;;;;;;;;;;;;;;;;;;;;;;
;;;;;;;;;;;;;;;;;;;;;;;
;;;;;;;;;;;;;;;;;;;;;;;
;;;;;;;;;;;;;;;;;;;;;;;
;;;;;;;;;;;;;;;;;;;;;;;
;;;;;;;;;;;;;;;;;;;;;;;
;;;;;;;;;;;;;;;;;;;;;;;
;;;;;;;;;;;;;;;;;;;;;;;
;;;;;;;;;;;;;;;;;;;;;;;
;;;;;;;;;;;;;;;;;;;;;;;
;;;;;;;;;;;;;;;;;;;;;;;
;;;;;;;;;;;;;;;;;;;;;;;
;;;;;;;;;;;;;;;;;;;;;;;
;;;;;;;;;;;;;;;;;;;;;;;
;;;;;;;;;;;;;;;;;;;;;;;
;;;;;;;;;;;;;;;;;;;;;;;
;;;;;;;;;;;;;;;;;;;;;;;
;;;;;;;;;;;;;;;;;;;;;;;
;;;;;;;;;;;;;;;;;;;;;;;
;;;;;;;;;;;;;;;;;;;;;;;
;;;;;;;;;;;;;;;;;;;;;;;
;;;;;;;;;;;;;;;;;;;;;;;
;;;;;;;;;;;;;;;;;;;;;;;
;;;;;;;;;;;;;;;;;;;;;;;
;;;;;;;;;;;;;;;;;;;;;;;
;;;;;;;;;;;;;;;;;;;;;;;
;;;;;;;;;;;;;;;;;;;;;;;
;;;;;;;;;;;;;;;;;;;;;;;
;;;;;;;;;;;;;;;;;;;;;;;
;;;;;;;;;;;;;;;;;;;;;;;
;;;;;;;;;;;;;;;;;;;;;;;
;;;;;;;;;;;;;;;;;;;;;;;
;;;;;;;;;;;;;;;;;;;;;;;
;;;;;;;;;;;;;;;;;;;;;;;
;;;;;;;;;;;;;;;;;;;;;;;
;;;;;;;;;;;;;;;;;;;;;;;
;;;;;;;;;;;;;;;;;;;;;;;
;;;;;;;;;;;;;;;;;;;;;;;
;;;;;;;;;;;;;;;;;;;;;;;
;;;;;;;;;;;;;;;;;;;;;;;
;;;;;;;;;;;;;;;;;;;;;;;
;;;;;;;;;;;;;;;;;;;;;;;
;;;;;;;;;;;;;;;;;;;;;;;
;;;;;;;;;;;;;;;;;;;;;;;
;;;;;;;;;;;;;;;;;;;;;;;
;;;;;;;;;;;;;;;;;;;;;;;
;;;;;;;;;;;;;;;;;;;;;;;
;;;;;;;;;;;;;;;;;;;;;;;
;;;;;;;;;;;;;;;;;;;;;;;
;;;;;;;;;;;;;;;;;;;;;;;
;;;;;;;;;;;;;;;;;;;;;;;
;;;;;;;;;;;;;;;;;;;;;;;
;;;;;;;;;;;;;;;;;;;;;;;
;;;;;;;;;;;;;;;;;;;;;;;
;;;;;;;;;;;;;;;;;;;;;;;
;;;;;;;;;;;;;;;;;;;;;;;
;;;;;;;;;;;;;;;;;;;;;;;
;;;;;;;;;;;;;;;;;;;;;;;
;;;;;;;;;;;;;;;;;;;;;;;
;;;;;;;;;;;;;;;;;;;;;;;
;;;;;;;;;;;;;;;;;;;;;;;
;;;;;;;;;;;;;;;;;;;;;;;
;;;;;;;;;;;;;;;;;;;;;;;
;;;;;;;;;;;;;;;;;;;;;;;
;;;;;;;;;;;;;;;;;;;;;;;
;;;;;;;;;;;;;;;;;;;;;;;
;;;;;;;;;;;;;;;;;;;;;;;
;;;;;;;;;;;;;;;;;;;;;;;
;;;;;;;;;;;;;;;;;;;;;;;
;;;;;;;;;;;;;;;;;;;;;;;
;;;;;;;;;;;;;;;;;;;;;;;
;;;;;;;;;;;;;;;;;;;;;;;
;;;;;;;;;;;;;;;;;;;;;;;
;;;;;;;;;;;;;;;;;;;;;;;
;;;;;;;;;;;;;;;;;;;;;;;
;;;;;;;;;;;;;;;;;;;;;;;
;;;;;;;;;;;;;;;;;;;;;;;
;;;;;;;;;;;;;;;;;;;;;;;
;;;;;;;;;;;;;;;;;;;;;;;
;;;;;;;;;;;;;;;;;;;;;;;
;;;;;;;;;;;;;;;;;;;;;;;
;;;;;;;;;;;;;;;;;;;;;;;
;;;;;;;;;;;;;;;;;;;;;;;
;;;;;;;;;;;;;;;;;;;;;;;
;;;;;;;;;;;;;;;;;;;;;;;
;;;;;;;;;;;;;;;;;;;;;;;
;;;;;;;;;;;;;;;;;;;;;;;
;;;;;;;;;;;;;;;;;;;;;;;
;;;;;;;;;;;;;;;;;;;;;;;
;;;;;;;;;;;;;;;;;;;;;;;
;;;;;;;;;;;;;;;;;;;;;;;
;;;;;;;;;;;;;;;;;;;;;;;
;;;;;;;;;;;;;;;;;;;;;;;
;;;;;;;;;;;;;;;;;;;;;;;
;;;;;;;;;;;;;;;;;;;;;;;
;;;;;;;;;;;;;;;;;;;;;;;
;;;;;;;;;;;;;;;;;;;;;;;
;;;;;;;;;;;;;;;;;;;;;;;
;;;;;;;;;;;;;;;;;;;;;;;
;;;;;;;;;;;;;;;;;;;;;;;
;;;;;;;;;;;;;;;;;;;;;;;
;;;;;;;;;;;;;;;;;;;;;;;
;;;;;;;;;;;;;;;;;;;;;;;
;;;;;;;;;;;;;;;;;;;;;;;
;;;;;;;;;;;;;;;;;;;;;;;
;;;;;;;;;;;;;;;;;;;;;;;
;;;;;;;;;;;;;;;;;;;;;;;
;;;;;;;;;;;;;;;;;;;;;;;
;;;;;;;;;;;;;;;;;;;;;;;
;;;;;;;;;;;;;;;;;;;;;;;
;;;;;;;;;;;;;;;;;;;;;;;
;;;;;;;;;;;;;;;;;;;;;;;
;;;;;;;;;;;;;;;;;;;;;;;
;;;;;;;;;;;;;;;;;;;;;;;
;;;;;;;;;;;;;;;;;;;;;;;
;;;;;;;;;;;;;;;;;;;;;;;
;;;;;;;;;;;;;;;;;;;;;;;
;;;;;;;;;;;;;;;;;;;;;;;
;;;;;;;;;;;;;;;;;;;;;;;
;;;;;;;;;;;;;;;;;;;;;;;
;;;;;;;;;;;;;;;;;;;;;;;
;;;;;;;;;;;;;;;;;;;;;;;
;;;;;;;;;;;;;;;;;;;;;;;
;;;;;;;;;;;;;;;;;;;;;;;
;;;;;;;;;;;;;;;;;;;;;;;
;;;;;;;;;;;;;;;;;;;;;;;
;;;;;;;;;;;;;;;;;;;;;;;
;;;;;;;;;;;;;;;;;;;;;;;
;;;;;;;;;;;;;;;;;;;;;;;
;;;;;;;;;;;;;;;;;;;;;;;
;;;;;;;;;;;;;;;;;;;;;;;
;;;;;;;;;;;;;;;;;;;;;;;
;;;;;;;;;;;;;;;;;;;;;;;
;;;;;;;;;;;;;;;;;;;;;;;
;;;;;;;;;;;;;;;;;;;;;;;
;;;;;;;;;;;;;;;;;;;;;;;
;;;;;;;;;;;;;;;;;;;;;;;
;;;;;;;;;;;;;;;;;;;;;;;
;;;;;;;;;;;;;;;;;;;;;;;
;;;;;;;;;;;;;;;;;;;;;;;
;;;;;;;;;;;;;;;;;;;;;;;
;;;;;;;;;;;;;;;;;;;;;;;
;;;;;;;;;;;;;;;;;;;;;;;
;;;;;;;;;;;;;;;;;;;;;;;
;;;;;;;;;;;;;;;;;;;;;;;
;;;;;;;;;;;;;;;;;;;;;;;
;;;;;;;;;;;;;;;;;;;;;;;
;;;;;;;;;;;;;;;;;;;;;;;
;;;;;;;;;;;;;;;;;;;;;;;
;;;;;;;;;;;;;;;;;;;;;;;
;;;;;;;;;;;;;;;;;;;;;;;
;;;;;;;;;;;;;;;;;;;;;;;
;;;;;;;;;;;;;;;;;;;;;;;
;;;;;;;;;;;;;;;;;;;;;;;
;;;;;;;;;;;;;;;;;;;;;;;
;;;;;;;;;;;;;;;;;;;;;;;
;;;;;;;;;;;;;;;;;;;;;;;
;;;;;;;;;;;;;;;;;;;;;;;
;;;;;;;;;;;;;;;;;;;;;;;
;;;;;;;;;;;;;;;;;;;;;;;
;;;;;;;;;;;;;;;;;;;;;;;
;;;;;;;;;;;;;;;;;;;;;;;
;;;;;;;;;;;;;;;;;;;;;;;
;;;;;;;;;;;;;;;;;;;;;;;
;;;;;;;;;;;;;;;;;;;;;;;
;;;;;;;;;;;;;;;;;;;;;;;
;;;;;;;;;;;;;;;;;;;;;;;
;;;;;;;;;;;;;;;;;;;;;;;
;;;;;;;;;;;;;;;;;;;;;;;
;;;;;;;;;;;;;;;;;;;;;;;
;;;;;;;;;;;;;;;;;;;;;;;
;;;;;;;;;;;;;;;;;;;;;;;
;;;;;;;;;;;;;;;;;;;;;;;
;;;;;;;;;;;;;;;;;;;;;;;
;;;;;;;;;;;;;;;;;;;;;;;
;;;;;;;;;;;;;;;;;;;;;;;
;;;;;;;;;;;;;;;;;;;;;;;
;;;;;;;;;;;;;;;;;;;;;;;
;;;;;;;;;;;;;;;;;;;;;;;
;;;;;;;;;;;;;;;;;;;;;;;
;;;;;;;;;;;;;;;;;;;;;;;
;;;;;;;;;;;;;;;;;;;;;;;
;;;;;;;;;;;;;;;;;;;;;;;
;;;;;;;;;;;;;;;;;;;;;;;
;;;;;;;;;;;;;;;;;;;;;;;
;;;;;;;;;;;;;;;;;;;;;;;
;;;;;;;;;;;;;;;;;;;;;;;
;;;;;;;;;;;;;;;;;;;;;;;
;;;;;;;;;;;;;;;;;;;;;;;
;;;;;;;;;;;;;;;;;;;;;;;
;;;;;;;;;;;;;;;;;;;;;;;
;;;;;;;;;;;;;;;;;;;;;;;
;;;;;;;;;;;;;;;;;;;;;;;
;;;;;;;;;;;;;;;;;;;;;;;
;;;;;;;;;;;;;;;;;;;;;;;
;;;;;;;;;;;;;;;;;;;;;;;
;;;;;;;;;;;;;;;;;;;;;;;
;;;;;;;;;;;;;;;;;;;;;;;
;;;;;;;;;;;;;;;;;;;;;;;
;;;;;;;;;;;;;;;;;;;;;;;
;;;;;;;;;;;;;;;;;;;;;;;
;;;;;;;;;;;;;;;;;;;;;;;
;;;;;;;;;;;;;;;;;;;;;;;
;;;;;;;;;;;;;;;;;;;;;;;
;;;;;;;;;;;;;;;;;;;;;;;
;;;;;;;;;;;;;;;;;;;;;;;
;;;;;;;;;;;;;;;;;;;;;;;
;;;;;;;;;;;;;;;;;;;;;;;
;;;;;;;;;;;;;;;;;;;;;;;
;;;;;;;;;;;;;;;;;;;;;;;
;;;;;;;;;;;;;;;;;;;;;;;
;;;;;;;;;;;;;;;;;;;;;;;
;;;;;;;;;;;;;;;;;;;;;;;
;;;;;;;;;;;;;;;;;;;;;;;
;;;;;;;;;;;;;;;;;;;;;;;
;;;;;;;;;;;;;;;;;;;;;;;
;;;;;;;;;;;;;;;;;;;;;;;
;;;;;;;;;;;;;;;;;;;;;;;
;;;;;;;;;;;;;;;;;;;;;;;
;;;;;;;;;;;;;;;;;;;;;;;
;;;;;;;;;;;;;;;;;;;;;;;
;;;;;;;;;;;;;;;;;;;;;;;
;;;;;;;;;;;;;;;;;;;;;;;
;;;;;;;;;;;;;;;;;;;;;;;
;;;;;;;;;;;;;;;;;;;;;;;
;;;;;;;;;;;;;;;;;;;;;;;
;;;;;;;;;;;;;;;;;;;;;;;
;;;;;;;;;;;;;;;;;;;;;;;
;;;;;;;;;;;;;;;;;;;;;;;
;;;;;;;;;;;;;;;;;;;;;;;
;;;;;;;;;;;;;;;;;;;;;;;
;;;;;;;;;;;;;;;;;;;;;;;
;;;;;;;;;;;;;;;;;;;;;;;
;;;;;;;;;;;;;;;;;;;;;;;
;;;;;;;;;;;;;;;;;;;;;;;
;;;;;;;;;;;;;;;;;;;;;;;
;;;;;;;;;;;;;;;;;;;;;;;
;;;;;;;;;;;;;;;;;;;;;;;
;;;;;;;;;;;;;;;;;;;;;;;
;;;;;;;;;;;;;;;;;;;;;;;
;;;;;;;;;;;;;;;;;;;;;;;
;;;;;;;;;;;;;;;;;;;;;;;
;;;;;;;;;;;;;;;;;;;;;;;
;;;;;;;;;;;;;;;;;;;;;;;
;;;;;;;;;;;;;;;;;;;;;;;
;;;;;;;;;;;;;;;;;;;;;;;
;;;;;;;;;;;;;;;;;;;;;;;
;;;;;;;;;;;;;;;;;;;;;;;
;;;;;;;;;;;;;;;;;;;;;;;
;;;;;;;;;;;;;;;;;;;;;;;
;;;;;;;;;;;;;;;;;;;;;;;
;;;;;;;;;;;;;;;;;;;;;;;
;;;;;;;;;;;;;;;;;;;;;;;
;;;;;;;;;;;;;;;;;;;;;;;
;;;;;;;;;;;;;;;;;;;;;;;
;;;;;;;;;;;;;;;;;;;;;;;
;;;;;;;;;;;;;;;;;;;;;;;
;;;;;;;;;;;;;;;;;;;;;;;
;;;;;;;;;;;;;;;;;;;;;;;
;;;;;;;;;;;;;;;;;;;;;;;
;;;;;;;;;;;;;;;;;;;;;;;
;;;;;;;;;;;;;;;;;;;;;;;
;;;;;;;;;;;;;;;;;;;;;;;
;;;;;;;;;;;;;;;;;;;;;;;
;;;;;;;;;;;;;;;;;;;;;;;
;;;;;;;;;;;;;;;;;;;;;;;
;;;;;;;;;;;;;;;;;;;;;;;
;;;;;;;;;;;;;;;;;;;;;;;
;;;;;;;;;;;;;;;;;;;;;;;
;;;;;;;;;;;;;;;;;;;;;;;
;;;;;;;;;;;;;;;;;;;;;;;
;;;;;;;;;;;;;;;;;;;;;;;
;;;;;;;;;;;;;;;;;;;;;;;
;;;;;;;;;;;;;;;;;;;;;;;
;;;;;;;;;;;;;;;;;;;;;;;
;;;;;;;;;;;;;;;;;;;;;;;
;;;;;;;;;;;;;;;;;;;;;;;
;;;;;;;;;;;;;;;;;;;;;;;
;;;;;;;;;;;;;;;;;;;;;;;
;;;;;;;;;;;;;;;;;;;;;;;
;;;;;;;;;;;;;;;;;;;;;;;
;;;;;;;;;;;;;;;;;;;;;;;
;;;;;;;;;;;;;;;;;;;;;;;
;;;;;;;;;;;;;;;;;;;;;;;
;;;;;;;;;;;;;;;;;;;;;;;
;;;;;;;;;;;;;;;;;;;;;;;
;;;;;;;;;;;;;;;;;;;;;;;
;;;;;;;;;;;;;;;;;;;;;;;
;;;;;;;;;;;;;;;;;;;;;;;
;;;;;;;;;;;;;;;;;;;;;;;
;;;;;;;;;;;;;;;;;;;;;;;
;;;;;;;;;;;;;;;;;;;;;;;
;;;;;;;;;;;;;;;;;;;;;;;
;;;;;;;;;;;;;;;;;;;;;;;
;;;;;;;;;;;;;;;;;;;;;;;
;;;;;;;;;;;;;;;;;;;;;;;
;;;;;;;;;;;;;;;;;;;;;;;
;;;;;;;;;;;;;;;;;;;;;;;
;;;;;;;;;;;;;;;;;;;;;;;
;;;;;;;;;;;;;;;;;;;;;;;
;;;;;;;;;;;;;;;;;;;;;;;
;;;;;;;;;;;;;;;;;;;;;;;
;;;;;;;;;;;;;;;;;;;;;;;
;;;;;;;;;;;;;;;;;;;;;;;
;;;;;;;;;;;;;;;;;;;;;;;
;;;;;;;;;;;;;;;;;;;;;;;
;;;;;;;;;;;;;;;;;;;;;;;
;;;;;;;;;;;;;;;;;;;;;;;
;;;;;;;;;;;;;;;;;;;;;;;
;;;;;;;;;;;;;;;;;;;;;;;
;;;;;;;;;;;;;;;;;;;;;;;
;;;;;;;;;;;;;;;;;;;;;;;
;;;;;;;;;;;;;;;;;;;;;;;
;;;;;;;;;;;;;;;;;;;;;;;
;;;;;;;;;;;;;;;;;;;;;;;
;;;;;;;;;;;;;;;;;;;;;;;
;;;;;;;;;;;;;;;;;;;;;;;
;;;;;;;;;;;;;;;;;;;;;;;
;;;;;;;;;;;;;;;;;;;;;;;
;;;;;;;;;;;;;;;;;;;;;;;
;;;;;;;;;;;;;;;;;;;;;;;
;;;;;;;;;;;;;;;;;;;;;;;
;;;;;;;;;;;;;;;;;;;;;;;
;;;;;;;;;;;;;;;;;;;;;;;
;;;;;;;;;;;;;;;;;;;;;;;
;;;;;;;;;;;;;;;;;;;;;;;
;;;;;;;;;;;;;;;;;;;;;;;
;;;;;;;;;;;;;;;;;;;;;;;
;;;;;;;;;;;;;;;;;;;;;;;
;;;;;;;;;;;;;;;;;;;;;;;
;;;;;;;;;;;;;;;;;;;;;;;
;;;;;;;;;;;;;;;;;;;;;;;
;;;;;;;;;;;;;;;;;;;;;;;
;;;;;;;;;;;;;;;;;;;;;;;
;;;;;;;;;;;;;;;;;;;;;;;
;;;;;;;;;;;;;;;;;;;;;;;
;;;;;;;;;;;;;;;;;;;;;;;
;;;;;;;;;;;;;;;;;;;;;;;
;;;;;;;;;;;;;;;;;;;;;;;
;;;;;;;;;;;;;;;;;;;;;;;
;;;;;;;;;;;;;;;;;;;;;;;
;;;;;;;;;;;;;;;;;;;;;;;
;;;;;;;;;;;;;;;;;;;;;;;
;;;;;;;;;;;;;;;;;;;;;;;
;;;;;;;;;;;;;;;;;;;;;;;
;;;;;;;;;;;;;;;;;;;;;;;
;;;;;;;;;;;;;;;;;;;;;;;
;;;;;;;;;;;;;;;;;;;;;;;
;;;;;;;;;;;;;;;;;;;;;;;
;;;;;;;;;;;;;;;;;;;;;;;
;;;;;;;;;;;;;;;;;;;;;;;
;;;;;;;;;;;;;;;;;;;;;;;
;;;;;;;;;;;;;;;;;;;;;;;
;;;;;;;;;;;;;;;;;;;;;;;
;;;;;;;;;;;;;;;;;;;;;;;
;;;;;;;;;;;;;;;;;;;;;;;
;;;;;;;;;;;;;;;;;;;;;;;
;;;;;;;;;;;;;;;;;;;;;;;
;;;;;;;;;;;;;;;;;;;;;;;
;;;;;;;;;;;;;;;;;;;;;;;
;;;;;;;;;;;;;;;;;;;;;;;
;;;;;;;;;;;;;;;;;;;;;;;
;;;;;;;;;;;;;;;;;;;;;;;
;;;;;;;;;;;;;;;;;;;;;;;
;;;;;;;;;;;;;;;;;;;;;;;
;;;;;;;;;;;;;;;;;;;;;;;
;;;;;;;;;;;;;;;;;;;;;;;
;;;;;;;;;;;;;;;;;;;;;;;
;;;;;;;;;;;;;;;;;;;;;;;
;;;;;;;;;;;;;;;;;;;;;;;
;;;;;;;;;;;;;;;;;;;;;;;
;;;;;;;;;;;;;;;;;;;;;;;
;;;;;;;;;;;;;;;;;;;;;;;
;;;;;;;;;;;;;;;;;;;;;;;
;;;;;;;;;;;;;;;;;;;;;;;
;;;;;;;;;;;;;;;;;;;;;;;
;;;;;;;;;;;;;;;;;;;;;;;
;;;;;;;;;;;;;;;;;;;;;;;
;;;;;;;;;;;;;;;;;;;;;;;
;;;;;;;;;;;;;;;;;;;;;;;
;;;;;;;;;;;;;;;;;;;;;;;
;;;;;;;;;;;;;;;;;;;;;;;
;;;;;;;;;;;;;;;;;;;;;;;
;;;;;;;;;;;;;;;;;;;;;;;
;;;;;;;;;;;;;;;;;;;;;;;
;;;;;;;;;;;;;;;;;;;;;;;
;;;;;;;;;;;;;;;;;;;;;;;
;;;;;;;;;;;;;;;;;;;;;;;
;;;;;;;;;;;;;;;;;;;;;;;
;;;;;;;;;;;;;;;;;;;;;;;
;;;;;;;;;;;;;;;;;;;;;;;
;;;;;;;;;;;;;;;;;;;;;;;
;;;;;;;;;;;;;;;;;;;;;;;
;;;;;;;;;;;;;;;;;;;;;;;
;;;;;;;;;;;;;;;;;;;;;;;
;;;;;;;;;;;;;;;;;;;;;;;
;;;;;;;;;;;;;;;;;;;;;;;
;;;;;;;;;;;;;;;;;;;;;;;
;;;;;;;;;;;;;;;;;;;;;;;
;;;;;;;;;;;;;;;;;;;;;;;
;;;;;;;;;;;;;;;;;;;;;;;
;;;;;;;;;;;;;;;;;;;;;;;
;;;;;;;;;;;;;;;;;;;;;;;
;;;;;;;;;;;;;;;;;;;;;;;
;;;;;;;;;;;;;;;;;;;;;;;
;;;;;;;;;;;;;;;;;;;;;;;
;;;;;;;;;;;;;;;;;;;;;;;
;;;;;;;;;;;;;;;;;;;;;;;
;;;;;;;;;;;;;;;;;;;;;;;
;;;;;;;;;;;;;;;;;;;;;;;
;;;;;;;;;;;;;;;;;;;;;;;
;;;;;;;;;;;;;;;;;;;;;;;
;;;;;;;;;;;;;;;;;;;;;;;
;;;;;;;;;;;;;;;;;;;;;;;
;;;;;;;;;;;;;;;;;;;;;;;
;;;;;;;;;;;;;;;;;;;;;;;
;;;;;;;;;;;;;;;;;;;;;;;
;;;;;;;;;;;;;;;;;;;;;;;
;;;;;;;;;;;;;;;;;;;;;;;
;;;;;;;;;;;;;;;;;;;;;;;
;;;;;;;;;;;;;;;;;;;;;;;
;;;;;;;;;;;;;;;;;;;;;;;
;;;;;;;;;;;;;;;;;;;;;;;
;;;;;;;;;;;;;;;;;;;;;;;
;;;;;;;;;;;;;;;;;;;;;;;
;;;;;;;;;;;;;;;;;;;;;;;
;;;;;;;;;;;;;;;;;;;;;;;
;;;;;;;;;;;;;;;;;;;;;;;
;;;;;;;;;;;;;;;;;;;;;;;
;;;;;;;;;;;;;;;;;;;;;;;
;;;;;;;;;;;;;;;;;;;;;;;
;;;;;;;;;;;;;;;;;;;;;;;
;;;;;;;;;;;;;;;;;;;;;;;
;;;;;;;;;;;;;;;;;;;;;;;
;;;;;;;;;;;;;;;;;;;;;;;
;;;;;;;;;;;;;;;;;;;;;;;
;;;;;;;;;;;;;;;;;;;;;;;
;;;;;;;;;;;;;;;;;;;;;;;
;;;;;;;;;;;;;;;;;;;;;;;
;;;;;;;;;;;;;;;;;;;;;;;
;;;;;;;;;;;;;;;;;;;;;;;
;;;;;;;;;;;;;;;;;;;;;;;
;;;;;;;;;;;;;;;;;;;;;;;
;;;;;;;;;;;;;;;;;;;;;;;
;;;;;;;;;;;;;;;;;;;;;;;
;;;;;;;;;;;;;;;;;;;;;;;
;;;;;;;;;;;;;;;;;;;;;;;
;;;;;;;;;;;;;;;;;;;;;;;
;;;;;;;;;;;;;;;;;;;;;;;
;;;;;;;;;;;;;;;;;;;;;;;
;;;;;;;;;;;;;;;;;;;;;;;
;;;;;;;;;;;;;;;;;;;;;;;
;;;;;;;;;;;;;;;;;;;;;;;
;;;;;;;;;;;;;;;;;;;;;;;
;;;;;;;;;;;;;;;;;;;;;;;
;;;;;;;;;;;;;;;;;;;;;;;
;;;;;;;;;;;;;;;;;;;;;;;
;;;;;;;;;;;;;;;;;;;;;;;
;;;;;;;;;;;;;;;;;;;;;;;
;;;;;;;;;;;;;;;;;;;;;;;
;;;;;;;;;;;;;;;;;;;;;;;
;;;;;;;;;;;;;;;;;;;;;;;
;;;;;;;;;;;;;;;;;;;;;;;
;;;;;;;;;;;;;;;;;;;;;;;
;;;;;;;;;;;;;;;;;;;;;;;
;;;;;;;;;;;;;;;;;;;;;;;
;;;;;;;;;;;;;;;;;;;;;;;
;;;;;;;;;;;;;;;;;;;;;;;
;;;;;;;;;;;;;;;;;;;;;;;
;;;;;;;;;;;;;;;;;;;;;;;
;;;;;;;;;;;;;;;;;;;;;;;
;;;;;;;;;;;;;;;;;;;;;;;
;;;;;;;;;;;;;;;;;;;;;;;
;;;;;;;;;;;;;;;;;;;;;;;
;;;;;;;;;;;;;;;;;;;;;;;
;;;;;;;;;;;;;;;;;;;;;;;
;;;;;;;;;;;;;;;;;;;;;;;
;;;;;;;;;;;;;;;;;;;;;;;
;;;;;;;;;;;;;;;;;;;;;;;
;;;;;;;;;;;;;;;;;;;;;;;
;;;;;;;;;;;;;;;;;;;;;;;
;;;;;;;;;;;;;;;;;;;;;;;
;;;;;;;;;;;;;;;;;;;;;;;
;;;;;;;;;;;;;;;;;;;;;;;
;;;;;;;;;;;;;;;;;;;;;;;
;;;;;;;;;;;;;;;;;;;;;;;
;;;;;;;;;;;;;;;;;;;;;;;
;;;;;;;;;;;;;;;;;;;;;;;
;;;;;;;;;;;;;;;;;;;;;;;
;;;;;;;;;;;;;;;;;;;;;;;
;;;;;;;;;;;;;;;;;;;;;;;
;;;;;;;;;;;;;;;;;;;;;;;
;;;;;;;;;;;;;;;;;;;;;;;
;;;;;;;;;;;;;;;;;;;;;;;
;;;;;;;;;;;;;;;;;;;;;;;
;;;;;;;;;;;;;;;;;;;;;;;
;;;;;;;;;;;;;;;;;;;;;;;
;;;;;;;;;;;;;;;;;;;;;;;
;;;;;;;;;;;;;;;;;;;;;;;
;;;;;;;;;;;;;;;;;;;;;;;
;;;;;;;;;;;;;;;;;;;;;;;
;;;;;;;;;;;;;;;;;;;;;;;
;;;;;;;;;;;;;;;;;;;;;;;
;;;;;;;;;;;;;;;;;;;;;;;
;;;;;;;;;;;;;;;;;;;;;;;
;;;;;;;;;;;;;;;;;;;;;;;
;;;;;;;;;;;;;;;;;;;;;;;
;;;;;;;;;;;;;;;;;;;;;;;
;;;;;;;;;;;;;;;;;;;;;;;
;;;;;;;;;;;;;;;;;;;;;;;
;;;;;;;;;;;;;;;;;;;;;;;
;;;;;;;;;;;;;;;;;;;;;;;
;;;;;;;;;;;;;;;;;;;;;;;
;;;;;;;;;;;;;;;;;;;;;;;
;;;;;;;;;;;;;;;;;;;;;;;
;;;;;;;;;;;;;;;;;;;;;;;
;;;;;;;;;;;;;;;;;;;;;;;
;;;;;;;;;;;;;;;;;;;;;;;
;;;;;;;;;;;;;;;;;;;;;;;
;;;;;;;;;;;;;;;;;;;;;;;
;;;;;;;;;;;;;;;;;;;;;;;
;;;;;;;;;;;;;;;;;;;;;;;
;;;;;;;;;;;;;;;;;;;;;;;
;;;;;;;;;;;;;;;;;;;;;;;
;;;;;;;;;;;;;;;;;;;;;;;
;;;;;;;;;;;;;;;;;;;;;;;
;;;;;;;;;;;;;;;;;;;;;;;
;;;;;;;;;;;;;;;;;;;;;;;
;;;;;;;;;;;;;;;;;;;;;;;
;;;;;;;;;;;;;;;;;;;;;;;
;;;;;;;;;;;;;;;;;;;;;;;
;;;;;;;;;;;;;;;;;;;;;;;
;;;;;;;;;;;;;;;;;;;;;;;
;;;;;;;;;;;;;;;;;;;;;;;
;;;;;;;;;;;;;;;;;;;;;;;
;;;;;;;;;;;;;;;;;;;;;;;
;;;;;;;;;;;;;;;;;;;;;;;
;;;;;;;;;;;;;;;;;;;;;;;
;;;;;;;;;;;;;;;;;;;;;;;
;;;;;;;;;;;;;;;;;;;;;;;
;;;;;;;;;;;;;;;;;;;;;;;
;;;;;;;;;;;;;;;;;;;;;;;
;;;;;;;;;;;;;;;;;;;;;;;
;;;;;;;;;;;;;;;;;;;;;;;
;;;;;;;;;;;;;;;;;;;;;;;
;;;;;;;;;;;;;;;;;;;;;;;
;;;;;;;;;;;;;;;;;;;;;;;
;;;;;;;;;;;;;;;;;;;;;;;
;;;;;;;;;;;;;;;;;;;;;;;
;;;;;;;;;;;;;;;;;;;;;;;
;;;;;;;;;;;;;;;;;;;;;;;
;;;;;;;;;;;;;;;;;;;;;;;
;;;;;;;;;;;;;;;;;;;;;;;
;;;;;;;;;;;;;;;;;;;;;;;
;;;;;;;;;;;;;;;;;;;;;;;
;;;;;;;;;;;;;;;;;;;;;;;
;;;;;;;;;;;;;;;;;;;;;;;
;;;;;;;;;;;;;;;;;;;;;;;
;;;;;;;;;;;;;;;;;;;;;;;
;;;;;;;;;;;;;;;;;;;;;;;
;;;;;;;;;;;;;;;;;;;;;;;
;;;;;;;;;;;;;;;;;;;;;;;
;;;;;;;;;;;;;;;;;;;;;;;
;;;;;;;;;;;;;;;;;;;;;;;
;;;;;;;;;;;;;;;;;;;;;;;
;;;;;;;;;;;;;;;;;;;;;;;
;;;;;;;;;;;;;;;;;;;;;;;
;;;;;;;;;;;;;;;;;;;;;;;
;;;;;;;;;;;;;;;;;;;;;;;
;;;;;;;;;;;;;;;;;;;;;;;
;;;;;;;;;;;;;;;;;;;;;;;
;;;;;;;;;;;;;;;;;;;;;;;
;;;;;;;;;;;;;;;;;;;;;;;
;;;;;;;;;;;;;;;;;;;;;;;
;;;;;;;;;;;;;;;;;;;;;;;
;;;;;;;;;;;;;;;;;;;;;;;
;;;;;;;;;;;;;;;;;;;;;;;
;;;;;;;;;;;;;;;;;;;;;;;
;;;;;;;;;;;;;;;;;;;;;;;
;;;;;;;;;;;;;;;;;;;;;;;
;;;;;;;;;;;;;;;;;;;;;;;
;;;;;;;;;;;;;;;;;;;;;;;
;;;;;;;;;;;;;;;;;;;;;;;
;;;;;;;;;;;;;;;;;;;;;;;
;;;;;;;;;;;;;;;;;;;;;;;
;;;;;;;;;;;;;;;;;;;;;;;
;;;;;;;;;;;;;;;;;;;;;;;
;;;;;;;;;;;;;;;;;;;;;;;
;;;;;;;;;;;;;;;;;;;;;;;
;;;;;;;;;;;;;;;;;;;;;;;
;;;;;;;;;;;;;;;;;;;;;;;
;;;;;;;;;;;;;;;;;;;;;;;
;;;;;;;;;;;;;;;;;;;;;;;
;;;;;;;;;;;;;;;;;;;;;;;
;;;;;;;;;;;;;;;;;;;;;;;
;;;;;;;;;;;;;;;;;;;;;;;
;;;;;;;;;;;;;;;;;;;;;;;
;;;;;;;;;;;;;;;;;;;;;;;
;;;;;;;;;;;;;;;;;;;;;;;
;;;;;;;;;;;;;;;;;;;;;;;
;;;;;;;;;;;;;;;;;;;;;;;
;;;;;;;;;;;;;;;;;;;;;;;
;;;;;;;;;;;;;;;;;;;;;;;
;;;;;;;;;;;;;;;;;;;;;;;
;;;;;;;;;;;;;;;;;;;;;;;
;;;;;;;;;;;;;;;;;;;;;;;
;;;;;;;;;;;;;;;;;;;;;;;
;;;;;;;;;;;;;;;;;;;;;;;
;;;;;;;;;;;;;;;;;;;;;;;
;;;;;;;;;;;;;;;;;;;;;;;
;;;;;;;;;;;;;;;;;;;;;;;
;;;;;;;;;;;;;;;;;;;;;;;
;;;;;;;;;;;;;;;;;;;;;;;
;;;;;;;;;;;;;;;;;;;;;;;
;;;;;;;;;;;;;;;;;;;;;;;
;;;;;;;;;;;;;;;;;;;;;;;
;;;;;;;;;;;;;;;;;;;;;;;
;;;;;;;;;;;;;;;;;;;;;;;
;;;;;;;;;;;;;;;;;;;;;;;
;;;;;;;;;;;;;;;;;;;;;;;
;;;;;;;;;;;;;;;;;;;;;;;
;;;;;;;;;;;;;;;;;;;;;;;
;;;;;;;;;;;;;;;;;;;;;;;
;;;;;;;;;;;;;;;;;;;;;;;
;;;;;;;;;;;;;;;;;;;;;;;
;;;;;;;;;;;;;;;;;;;;;;;
;;;;;;;;;;;;;;;;;;;;;;;
;;;;;;;;;;;;;;;;;;;;;;;
;;;;;;;;;;;;;;;;;;;;;;;
;;;;;;;;;;;;;;;;;;;;;;;
;;;;;;;;;;;;;;;;;;;;;;;
;;;;;;;;;;;;;;;;;;;;;;;
;;;;;;;;;;;;;;;;;;;;;;;
;;;;;;;;;;;;;;;;;;;;;;;
;;;;;;;;;;;;;;;;;;;;;;;
;;;;;;;;;;;;;;;;;;;;;;;
;;;;;;;;;;;;;;;;;;;;;;;
;;;;;;;;;;;;;;;;;;;;;;;
;;;;;;;;;;;;;;;;;;;;;;;
;;;;;;;;;;;;;;;;;;;;;;;
;;;;;;;;;;;;;;;;;;;;;;;
;;;;;;;;;;;;;;;;;;;;;;;
;;;;;;;;;;;;;;;;;;;;;;;
;;;;;;;;;;;;;;;;;;;;;;;
;;;;;;;;;;;;;;;;;;;;;;;
;;;;;;;;;;;;;;;;;;;;;;;
;;;;;;;;;;;;;;;;;;;;;;;
;;;;;;;;;;;;;;;;;;;;;;;
;;;;;;;;;;;;;;;;;;;;;;;
;;;;;;;;;;;;;;;;;;;;;;;
;;;;;;;;;;;;;;;;;;;;;;;
;;;;;;;;;;;;;;;;;;;;;;;
;;;;;;;;;;;;;;;;;;;;;;;
;;;;;;;;;;;;;;;;;;;;;;;
;;;;;;;;;;;;;;;;;;;;;;;
;;;;;;;;;;;;;;;;;;;;;;;
;;;;;;;;;;;;;;;;;;;;;;;
;;;;;;;;;;;;;;;;;;;;;;;
;;;;;;;;;;;;;;;;;;;;;;;
;;;;;;;;;;;;;;;;;;;;;;;
;;;;;;;;;;;;;;;;;;;;;;;
;;;;;;;;;;;;;;;;;;;;;;;
;;;;;;;;;;;;;;;;;;;;;;;
;;;;;;;;;;;;;;;;;;;;;;;
;;;;;;;;;;;;;;;;;;;;;;;
;;;;;;;;;;;;;;;;;;;;;;;
;;;;;;;;;;;;;;;;;;;;;;;
;;;;;;;;;;;;;;;;;;;;;;;
;;;;;;;;;;;;;;;;;;;;;;;
;;;;;;;;;;;;;;;;;;;;;;;
;;;;;;;;;;;;;;;;;;;;;;;
;;;;;;;;;;;;;;;;;;;;;;;
;;;;;;;;;;;;;;;;;;;;;;;
;;;;;;;;;;;;;;;;;;;;;;;
;;;;;;;;;;;;;;;;;;;;;;;
;;;;;;;;;;;;;;;;;;;;;;;
;;;;;;;;;;;;;;;;;;;;;;;
;;;;;;;;;;;;;;;;;;;;;;;
;;;;;;;;;;;;;;;;;;;;;;;
;;;;;;;;;;;;;;;;;;;;;;;
;;;;;;;;;;;;;;;;;;;;;;;
;;;;;;;;;;;;;;;;;;;;;;;
;;;;;;;;;;;;;;;;;;;;;;;
;;;;;;;;;;;;;;;;;;;;;;;
;;;;;;;;;;;;;;;;;;;;;;;
;;;;;;;;;;;;;;;;;;;;;;;
;;;;;;;;;;;;;;;;;;;;;;;
;;;;;;;;;;;;;;;;;;;;;;;
;;;;;;;;;;;;;;;;;;;;;;;
;;;;;;;;;;;;;;;;;;;;;;;
;;;;;;;;;;;;;;;;;;;;;;;
;;;;;;;;;;;;;;;;;;;;;;;
;;;;;;;;;;;;;;;;;;;;;;;
;;;;;;;;;;;;;;;;;;;;;;;
;;;;;;;;;;;;;;;;;;;;;;;
;;;;;;;;;;;;;;;;;;;;;;;
;;;;;;;;;;;;;;;;;;;;;;;
;;;;;;;;;;;;;;;;;;;;;;;
;;;;;;;;;;;;;;;;;;;;;;;
;;;;;;;;;;;;;;;;;;;;;;;
;;;;;;;;;;;;;;;;;;;;;;;
;;;;;;;;;;;;;;;;;;;;;;;
;;;;;;;;;;;;;;;;;;;;;;;
;;;;;;;;;;;;;;;;;;;;;;;
;;;;;;;;;;;;;;;;;;;;;;;
;;;;;;;;;;;;;;;;;;;;;;;
;;;;;;;;;;;;;;;;;;;;;;;
;;;;;;;;;;;;;;;;;;;;;;;
;;;;;;;;;;;;;;;;;;;;;;;
;;;;;;;;;;;;;;;;;;;;;;;
;;;;;;;;;;;;;;;;;;;;;;;
;;;;;;;;;;;;;;;;;;;;;;;
;;;;;;;;;;;;;;;;;;;;;;;
;;;;;;;;;;;;;;;;;;;;;;;
;;;;;;;;;;;;;;;;;;;;;;;
;;;;;;;;;;;;;;;;;;;;;;;
;;;;;;;;;;;;;;;;;;;;;;;
;;;;;;;;;;;;;;;;;;;;;;;
;;;;;;;;;;;;;;;;;;;;;;;
;;;;;;;;;;;;;;;;;;;;;;;
;;;;;;;;;;;;;;;;;;;;;;;
;;;;;;;;;;;;;;;;;;;;;;;
;;;;;;;;;;;;;;;;;;;;;;;
;;;;;;;;;;;;;;;;;;;;;;;
;;;;;;;;;;;;;;;;;;;;;;;
;;;;;;;;;;;;;;;;;;;;;;;
;;;;;;;;;;;;;;;;;;;;;;;
;;;;;;;;;;;;;;;;;;;;;;;
;;;;;;;;;;;;;;;;;;;;;;;
;;;;;;;;;;;;;;;;;;;;;;;
;;;;;;;;;;;;;;;;;;;;;;;
;;;;;;;;;;;;;;;;;;;;;;;
;;;;;;;;;;;;;;;;;;;;;;;
;;;;;;;;;;;;;;;;;;;;;;;
;;;;;;;;;;;;;;;;;;;;;;;
;;;;;;;;;;;;;;;;;;;;;;;
;;;;;;;;;;;;;;;;;;;;;;;
;;;;;;;;;;;;;;;;;;;;;;;
;;;;;;;;;;;;;;;;;;;;;;;
;;;;;;;;;;;;;;;;;;;;;;;
;;;;;;;;;;;;;;;;;;;;;;;
;;;;;;;;;;;;;;;;;;;;;;;
;;;;;;;;;;;;;;;;;;;;;;;
;;;;;;;;;;;;;;;;;;;;;;;
;;;;;;;;;;;;;;;;;;;;;;;
;;;;;;;;;;;;;;;;;;;;;;;
;;;;;;;;;;;;;;;;;;;;;;;
;;;;;;;;;;;;;;;;;;;;;;;
;;;;;;;;;;;;;;;;;;;;;;;
;;;;;;;;;;;;;;;;;;;;;;;
;;;;;;;;;;;;;;;;;;;;;;;
;;;;;;;;;;;;;;;;;;;;;;;
;;;;;;;;;;;;;;;;;;;;;;;
;;;;;;;;;;;;;;;;;;;;;;;
;;;;;;;;;;;;;;;;;;;;;;;
;;;;;;;;;;;;;;;;;;;;;;;
;;;;;;;;;;;;;;;;;;;;;;;
;;;;;;;;;;;;;;;;;;;;;;;
;;;;;;;;;;;;;;;;;;;;;;;
;;;;;;;;;;;;;;;;;;;;;;;
;;;;;;;;;;;;;;;;;;;;;;;
;;;;;;;;;;;;;;;;;;;;;;;
;;;;;;;;;;;;;;;;;;;;;;;
;;;;;;;;;;;;;;;;;;;;;;;
;;;;;;;;;;;;;;;;;;;;;;;
;;;;;;;;;;;;;;;;;;;;;;;
;;;;;;;;;;;;;;;;;;;;;;;
;;;;;;;;;;;;;;;;;;;;;;;
;;;;;;;;;;;;;;;;;;;;;;;
;;;;;;;;;;;;;;;;;;;;;;;
;;;;;;;;;;;;;;;;;;;;;;;
;;;;;;;;;;;;;;;;;;;;;;;
;;;;;;;;;;;;;;;;;;;;;;;
;;;;;;;;;;;;;;;;;;;;;;;
;;;;;;;;;;;;;;;;;;;;;;;
;;;;;;;;;;;;;;;;;;;;;;;
;;;;;;;;;;;;;;;;;;;;;;;
;;;;;;;;;;;;;;;;;;;;;;;
;;;;;;;;;;;;;;;;;;;;;;;
;;;;;;;;;;;;;;;;;;;;;;;
;;;;;;;;;;;;;;;;;;;;;;;
;;;;;;;;;;;;;;;;;;;;;;;
;;;;;;;;;;;;;;;;;;;;;;;
;;;;;;;;;;;;;;;;;;;;;;;
;;;;;;;;;;;;;;;;;;;;;;;
;;;;;;;;;;;;;;;;;;;;;;;
;;;;;;;;;;;;;;;;;;;;;;;
;;;;;;;;;;;;;;;;;;;;;;;
;;;;;;;;;;;;;;;;;;;;;;;
;;;;;;;;;;;;;;;;;;;;;;;
;;;;;;;;;;;;;;;;;;;;;;;
;;;;;;;;;;;;;;;;;;;;;;;
;;;;;;;;;;;;;;;;;;;;;;;
;;;;;;;;;;;;;;;;;;;;;;;
;;;;;;;;;;;;;;;;;;;;;;;
;;;;;;;;;;;;;;;;;;;;;;;
;;;;;;;;;;;;;;;;;;;;;;;
;;;;;;;;;;;;;;;;;;;;;;;
;;;;;;;;;;;;;;;;;;;;;;;
;;;;;;;;;;;;;;;;;;;;;;;
;;;;;;;;;;;;;;;;;;;;;;;
;;;;;;;;;;;;;;;;;;;;;;;
;;;;;;;;;;;;;;;;;;;;;;;
;;;;;;;;;;;;;;;;;;;;;;;
;;;;;;;;;;;;;;;;;;;;;;;
;;;;;;;;;;;;;;;;;;;;;;;
;;;;;;;;;;;;;;;;;;;;;;;
;;;;;;;;;;;;;;;;;;;;;;;
;;;;;;;;;;;;;;;;;;;;;;;
;;;;;;;;;;;;;;;;;;;;;;;
;;;;;;;;;;;;;;;;;;;;;;;
;;;;;;;;;;;;;;;;;;;;;;;
;;;;;;;;;;;;;;;;;;;;;;;
;;;;;;;;;;;;;;;;;;;;;;;
;;;;;;;;;;;;;;;;;;;;;;;
;;;;;;;;;;;;;;;;;;;;;;;
;;;;;;;;;;;;;;;;;;;;;;;
;;;;;;;;;;;;;;;;;;;;;;;
;;;;;;;;;;;;;;;;;;;;;;;
;;;;;;;;;;;;;;;;;;;;;;;
;;;;;;;;;;;;;;;;;;;;;;;
;;;;;;;;;;;;;;;;;;;;;;;
;;;;;;;;;;;;;;;;;;;;;;;
;;;;;;;;;;;;;;;;;;;;;;;
;;;;;;;;;;;;;;;;;;;;;;;
;;;;;;;;;;;;;;;;;;;;;;;
;;;;;;;;;;;;;;;;;;;;;;;
;;;;;;;;;;;;;;;;;;;;;;;
;;;;;;;;;;;;;;;;;;;;;;;
;;;;;;;;;;;;;;;;;;;;;;;
;;;;;;;;;;;;;;;;;;;;;;;
;;;;;;;;;;;;;;;;;;;;;;;
;;;;;;;;;;;;;;;;;;;;;;;
;;;;;;;;;;;;;;;;;;;;;;;
;;;;;;;;;;;;;;;;;;;;;;;
;;;;;;;;;;;;;;;;;;;;;;;
;;;;;;;;;;;;;;;;;;;;;;;
;;;;;;;;;;;;;;;;;;;;;;;
;;;;;;;;;;;;;;;;;;;;;;;
;;;;;;;;;;;;;;;;;;;;;;;
;;;;;;;;;;;;;;;;;;;;;;;
;;;;;;;;;;;;;;;;;;;;;;;
;;;;;;;;;;;;;;;;;;;;;;;
;;;;;;;;;;;;;;;;;;;;;;;
;;;;;;;;;;;;;;;;;;;;;;;
;;;;;;;;;;;;;;;;;;;;;;;
;;;;;;;;;;;;;;;;;;;;;;;
;;;;;;;;;;;;;;;;;;;;;;;
;;;;;;;;;;;;;;;;;;;;;;;
;;;;;;;;;;;;;;;;;;;;;;;
;;;;;;;;;;;;;;;;;;;;;;;
;;;;;;;;;;;;;;;;;;;;;;;
;;;;;;;;;;;;;;;;;;;;;;;
;;;;;;;;;;;;;;;;;;;;;;;
;;;;;;;;;;;;;;;;;;;;;;;
;;;;;;;;;;;;;;;;;;;;;;;
;;;;;;;;;;;;;;;;;;;;;;;
;;;;;;;;;;;;;;;;;;;;;;;
;;;;;;;;;;;;;;;;;;;;;;;
;;;;;;;;;;;;;;;;;;;;;;;
;;;;;;;;;;;;;;;;;;;;;;;
;;;;;;;;;;;;;;;;;;;;;;;
;;;;;;;;;;;;;;;;;;;;;;;
;;;;;;;;;;;;;;;;;;;;;;;
;;;;;;;;;;;;;;;;;;;;;;;
;;;;;;;;;;;;;;;;;;;;;;;
;;;;;;;;;;;;;;;;;;;;;;;
;;;;;;;;;;;;;;;;;;;;;;;
;;;;;;;;;;;;;;;;;;;;;;;
;;;;;;;;;;;;;;;;;;;;;;;
;;;;;;;;;;;;;;;;;;;;;;;
;;;;;;;;;;;;;;;;;;;;;;;
;;;;;;;;;;;;;;;;;;;;;;;
;;;;;;;;;;;;;;;;;;;;;;;
;;;;;;;;;;;;;;;;;;;;;;;
;;;;;;;;;;;;;;;;;;;;;;;
;;;;;;;;;;;;;;;;;;;;;;;
;;;;;;;;;;;;;;;;;;;;;;;
;;;;;;;;;;;;;;;;;;;;;;;
;;;;;;;;;;;;;;;;;;;;;;;
;;;;;;;;;;;;;;;;;;;;;;;
;;;;;;;;;;;;;;;;;;;;;;;
;;;;;;;;;;;;;;;;;;;;;;;
;;;;;;;;;;;;;;;;;;;;;;;
;;;;;;;;;;;;;;;;;;;;;;;
;;;;;;;;;;;;;;;;;;;;;;;
;;;;;;;;;;;;;;;;;;;;;;;
;;;;;;;;;;;;;;;;;;;;;;;
;;;;;;;;;;;;;;;;;;;;;;;
;;;;;;;;;;;;;;;;;;;;;;;
;;;;;;;;;;;;;;;;;;;;;;;
;;;;;;;;;;;;;;;;;;;;;;;
;;;;;;;;;;;;;;;;;;;;;;;
;;;;;;;;;;;;;;;;;;;;;;;
;;;;;;;;;;;;;;;;;;;;;;;
;;;;;;;;;;;;;;;;;;;;;;;
;;;;;;;;;;;;;;;;;;;;;;;
;;;;;;;;;;;;;;;;;;;;;;;
;;;;;;;;;;;;;;;;;;;;;;;
;;;;;;;;;;;;;;;;;;;;;;;
;;;;;;;;;;;;;;;;;;;;;;;
;;;;;;;;;;;;;;;;;;;;;;;
;;;;;;;;;;;;;;;;;;;;;;;
;;;;;;;;;;;;;;;;;;;;;;;
;;;;;;;;;;;;;;;;;;;;;;;
;;;;;;;;;;;;;;;;;;;;;;;
;;;;;;;;;;;;;;;;;;;;;;;
;;;;;;;;;;;;;;;;;;;;;;;
;;;;;;;;;;;;;;;;;;;;;;;
;;;;;;;;;;;;;;;;;;;;;;;
;;;;;;;;;;;;;;;;;;;;;;;
;;;;;;;;;;;;;;;;;;;;;;;
;;;;;;;;;;;;;;;;;;;;;;;
;;;;;;;;;;;;;;;;;;;;;;;
;;;;;;;;;;;;;;;;;;;;;;;
;;;;;;;;;;;;;;;;;;;;;;;
;;;;;;;;;;;;;;;;;;;;;;;
;;;;;;;;;;;;;;;;;;;;;;;
;;;;;;;;;;;;;;;;;;;;;;;
;;;;;;;;;;;;;;;;;;;;;;;
;;;;;;;;;;;;;;;;;;;;;;;
;;;;;;;;;;;;;;;;;;;;;;;
;;;;;;;;;;;;;;;;;;;;;;;
;;;;;;;;;;;;;;;;;;;;;;;
;;;;;;;;;;;;;;;;;;;;;;;
;;;;;;;;;;;;;;;;;;;;;;;
;;;;;;;;;;;;;;;;;;;;;;;
;;;;;;;;;;;;;;;;;;;;;;;
;;;;;;;;;;;;;;;;;;;;;;;
;;;;;;;;;;;;;;;;;;;;;;;
;;;;;;;;;;;;;;;;;;;;;;;
;;;;;;;;;;;;;;;;;;;;;;;
;;;;;;;;;;;;;;;;;;;;;;;
;;;;;;;;;;;;;;;;;;;;;;;
;;;;;;;;;;;;;;;;;;;;;;;
;;;;;;;;;;;;;;;;;;;;;;;
;;;;;;;;;;;;;;;;;;;;;;;
;;;;;;;;;;;;;;;;;;;;;;;
;;;;;;;;;;;;;;;;;;;;;;;
;;;;;;;;;;;;;;;;;;;;;;;
;;;;;;;;;;;;;;;;;;;;;;;
;;;;;;;;;;;;;;;;;;;;;;;
;;;;;;;;;;;;;;;;;;;;;;;
;;;;;;;;;;;;;;;;;;;;;;;
;;;;;;;;;;;;;;;;;;;;;;;
;;;;;;;;;;;;;;;;;;;;;;;
;;;;;;;;;;;;;;;;;;;;;;;
;;;;;;;;;;;;;;;;;;;;;;;
;;;;;;;;;;;;;;;;;;;;;;;
;;;;;;;;;;;;;;;;;;;;;;;
;;;;;;;;;;;;;;;;;;;;;;;
;;;;;;;;;;;;;;;;;;;;;;;
;;;;;;;;;;;;;;;;;;;;;;;
;;;;;;;;;;;;;;;;;;;;;;;
;;;;;;;;;;;;;;;;;;;;;;;
;;;;;;;;;;;;;;;;;;;;;;;
;;;;;;;;;;;;;;;;;;;;;;;
;;;;;;;;;;;;;;;;;;;;;;;
;;;;;;;;;;;;;;;;;;;;;;;
;;;;;;;;;;;;;;;;;;;;;;;
;;;;;;;;;;;;;;;;;;;;;;;
;;;;;;;;;;;;;;;;;;;;;;;
;;;;;;;;;;;;;;;;;;;;;;;
;;;;;;;;;;;;;;;;;;;;;;;
;;;;;;;;;;;;;;;;;;;;;;;
;;;;;;;;;;;;;;;;;;;;;;;
;;;;;;;;;;;;;;;;;;;;;;;
;;;;;;;;;;;;;;;;;;;;;;;
;;;;;;;;;;;;;;;;;;;;;;;
;;;;;;;;;;;;;;;;;;;;;;;
;;;;;;;;;;;;;;;;;;;;;;;
;;;;;;;;;;;;;;;;;;;;;;;
;;;;;;;;;;;;;;;;;;;;;;;
;;;;;;;;;;;;;;;;;;;;;;;
;;;;;;;;;;;;;;;;;;;;;;;
;;;;;;;;;;;;;;;;;;;;;;;
;;;;;;;;;;;;;;;;;;;;;;;
;;;;;;;;;;;;;;;;;;;;;;;
;;;;;;;;;;;;;;;;;;;;;;;
;;;;;;;;;;;;;;;;;;;;;;;
;;;;;;;;;;;;;;;;;;;;;;;
;;;;;;;;;;;;;;;;;;;;;;;
;;;;;;;;;;;;;;;;;;;;;;;
;;;;;;;;;;;;;;;;;;;;;;;
;;;;;;;;;;;;;;;;;;;;;;;
;;;;;;;;;;;;;;;;;;;;;;;
;;;;;;;;;;;;;;;;;;;;;;;
;;;;;;;;;;;;;;;;;;;;;;;
;;;;;;;;;;;;;;;;;;;;;;;
;;;;;;;;;;;;;;;;;;;;;;;
;;;;;;;;;;;;;;;;;;;;;;;
;;;;;;;;;;;;;;;;;;;;;;;
;;;;;;;;;;;;;;;;;;;;;;;
;;;;;;;;;;;;;;;;;;;;;;;
;;;;;;;;;;;;;;;;;;;;;;;
;;;;;;;;;;;;;;;;;;;;;;;
;;;;;;;;;;;;;;;;;;;;;;;
;;;;;;;;;;;;;;;;;;;;;;;
;;;;;;;;;;;;;;;;;;;;;;;
;;;;;;;;;;;;;;;;;;;;;;;
;;;;;;;;;;;;;;;;;;;;;;;
;;;;;;;;;;;;;;;;;;;;;;;
;;;;;;;;;;;;;;;;;;;;;;;
;;;;;;;;;;;;;;;;;;;;;;;
;;;;;;;;;;;;;;;;;;;;;;;
;;;;;;;;;;;;;;;;;;;;;;;
;;;;;;;;;;;;;;;;;;;;;;;
;;;;;;;;;;;;;;;;;;;;;;;
;;;;;;;;;;;;;;;;;;;;;;;
;;;;;;;;;;;;;;;;;;;;;;;
;;;;;;;;;;;;;;;;;;;;;;;
;;;;;;;;;;;;;;;;;;;;;;;
;;;;;;;;;;;;;;;;;;;;;;;
;;;;;;;;;;;;;;;;;;;;;;;
;;;;;;;;;;;;;;;;;;;;;;;
;;;;;;;;;;;;;;;;;;;;;;;
;;;;;;;;;;;;;;;;;;;;;;;
;;;;;;;;;;;;;;;;;;;;;;;
;;;;;;;;;;;;;;;;;;;;;;;
;;;;;;;;;;;;;;;;;;;;;;;
;;;;;;;;;;;;;;;;;;;;;;;
;;;;;;;;;;;;;;;;;;;;;;;
;;;;;;;;;;;;;;;;;;;;;;;
;;;;;;;;;;;;;;;;;;;;;;;
;;;;;;;;;;;;;;;;;;;;;;;
;;;;;;;;;;;;;;;;;;;;;;;
;;;;;;;;;;;;;;;;;;;;;;;
;;;;;;;;;;;;;;;;;;;;;;;
;;;;;;;;;;;;;;;;;;;;;;;
;;;;;;;;;;;;;;;;;;;;;;;
;;;;;;;;;;;;;;;;;;;;;;;
;;;;;;;;;;;;;;;;;;;;;;;
;;;;;;;;;;;;;;;;;;;;;;;
;;;;;;;;;;;;;;;;;;;;;;;
;;;;;;;;;;;;;;;;;;;;;;;
;;;;;;;;;;;;;;;;;;;;;;;
;;;;;;;;;;;;;;;;;;;;;;;
;;;;;;;;;;;;;;;;;;;;;;;
;;;;;;;;;;;;;;;;;;;;;;;
;;;;;;;;;;;;;;;;;;;;;;;
;;;;;;;;;;;;;;;;;;;;;;;
;;;;;;;;;;;;;;;;;;;;;;;
;;;;;;;;;;;;;;;;;;;;;;;
;;;;;;;;;;;;;;;;;;;;;;;
;;;;;;;;;;;;;;;;;;;;;;;
;;;;;;;;;;;;;;;;;;;;;;;
;;;;;;;;;;;;;;;;;;;;;;;
;;;;;;;;;;;;;;;;;;;;;;;
;;;;;;;;;;;;;;;;;;;;;;;
;;;;;;;;;;;;;;;;;;;;;;;
;;;;;;;;;;;;;;;;;;;;;;;
;;;;;;;;;;;;;;;;;;;;;;;
;;;;;;;;;;;;;;;;;;;;;;;
;;;;;;;;;;;;;;;;;;;;;;;
;;;;;;;;;;;;;;;;;;;;;;;
;;;;;;;;;;;;;;;;;;;;;;;
;;;;;;;;;;;;;;;;;;;;;;;
;;;;;;;;;;;;;;;;;;;;;;;
;;;;;;;;;;;;;;;;;;;;;;;
;;;;;;;;;;;;;;;;;;;;;;;
;;;;;;;;;;;;;;;;;;;;;;;
;;;;;;;;;;;;;;;;;;;;;;;
;;;;;;;;;;;;;;;;;;;;;;;
;;;;;;;;;;;;;;;;;;;;;;;
;;;;;;;;;;;;;;;;;;;;;;;
;;;;;;;;;;;;;;;;;;;;;;;
;;;;;;;;;;;;;;;;;;;;;;;
;;;;;;;;;;;;;;;;;;;;;;;
;;;;;;;;;;;;;;;;;;;;;;;
;;;;;;;;;;;;;;;;;;;;;;;
;;;;;;;;;;;;;;;;;;;;;;;
;;;;;;;;;;;;;;;;;;;;;;;
;;;;;;;;;;;;;;;;;;;;;;;
;;;;;;;;;;;;;;;;;;;;;;;
;;;;;;;;;;;;;;;;;;;;;;;
;;;;;;;;;;;;;;;;;;;;;;;
;;;;;;;;;;;;;;;;;;;;;;;
;;;;;;;;;;;;;;;;;;;;;;;
;;;;;;;;;;;;;;;;;;;;;;;
;;;;;;;;;;;;;;;;;;;;;;;
;;;;;;;;;;;;;;;;;;;;;;;
;;;;;;;;;;;;;;;;;;;;;;;
;;;;;;;;;;;;;;;;;;;;;;;
;;;;;;;;;;;;;;;;;;;;;;;
;;;;;;;;;;;;;;;;;;;;;;;
;;;;;;;;;;;;;;;;;;;;;;;
;;;;;;;;;;;;;;;;;;;;;;;
;;;;;;;;;;;;;;;;;;;;;;;
;;;;;;;;;;;;;;;;;;;;;;;
;;;;;;;;;;;;;;;;;;;;;;;
;;;;;;;;;;;;;;;;;;;;;;;
;;;;;;;;;;;;;;;;;;;;;;;
;;;;;;;;;;;;;;;;;;;;;;;
;;;;;;;;;;;;;;;;;;;;;;;
;;;;;;;;;;;;;;;;;;;;;;;
;;;;;;;;;;;;;;;;;;;;;;;
;;;;;;;;;;;;;;;;;;;;;;;
;;;;;;;;;;;;;;;;;;;;;;;
;;;;;;;;;;;;;;;;;;;;;;;
;;;;;;;;;;;;;;;;;;;;;;;
;;;;;;;;;;;;;;;;;;;;;;;
;;;;;;;;;;;;;;;;;;;;;;;
;;;;;;;;;;;;;;;;;;;;;;;
;;;;;;;;;;;;;;;;;;;;;;;
;;;;;;;;;;;;;;;;;;;;;;;
;;;;;;;;;;;;;;;;;;;;;;;
;;;;;;;;;;;;;;;;;;;;;;;
;;;;;;;;;;;;;;;;;;;;;;;
;;;;;;;;;;;;;;;;;;;;;;;
;;;;;;;;;;;;;;;;;;;;;;;
;;;;;;;;;;;;;;;;;;;;;;;
;;;;;;;;;;;;;;;;;;;;;;;
;;;;;;;;;;;;;;;;;;;;;;;
;;;;;;;;;;;;;;;;;;;;;;;
;;;;;;;;;;;;;;;;;;;;;;;
;;;;;;;;;;;;;;;;;;;;;;;
;;;;;;;;;;;;;;;;;;;;;;;
;;;;;;;;;;;;;;;;;;;;;;;
;;;;;;;;;;;;;;;;;;;;;;;
;;;;;;;;;;;;;;;;;;;;;;;
;;;;;;;;;;;;;;;;;;;;;;;
;;;;;;;;;;;;;;;;;;;;;;;
;;;;;;;;;;;;;;;;;;;;;;;
;;;;;;;;;;;;;;;;;;;;;;;
;;;;;;;;;;;;;;;;;;;;;;;
;;;;;;;;;;;;;;;;;;;;;;;
;;;;;;;;;;;;;;;;;;;;;;;
;;;;;;;;;;;;;;;;;;;;;;;
;;;;;;;;;;;;;;;;;;;;;;;
;;;;;;;;;;;;;;;;;;;;;;;
;;;;;;;;;;;;;;;;;;;;;;;
;;;;;;;;;;;;;;;;;;;;;;;
;;;;;;;;;;;;;;;;;;;;;;;
;;;;;;;;;;;;;;;;;;;;;;;
;;;;;;;;;;;;;;;;;;;;;;;
;;;;;;;;;;;;;;;;;;;;;;;
;;;;;;;;;;;;;;;;;;;;;;;
;;;;;;;;;;;;;;;;;;;;;;;
;;;;;;;;;;;;;;;;;;;;;;;
;;;;;;;;;;;;;;;;;;;;;;;
;;;;;;;;;;;;;;;;;;;;;;;
;;;;;;;;;;;;;;;;;;;;;;;
;;;;;;;;;;;;;;;;;;;;;;;
;;;;;;;;;;;;;;;;;;;;;;;
;;;;;;;;;;;;;;;;;;;;;;;
;;;;;;;;;;;;;;;;;;;;;;;
;;;;;;;;;;;;;;;;;;;;;;;
;;;;;;;;;;;;;;;;;;;;;;;
;;;;;;;;;;;;;;;;;;;;;;;
;;;;;;;;;;;;;;;;;;;;;;;
;;;;;;;;;;;;;;;;;;;;;;;
;;;;;;;;;;;;;;;;;;;;;;;
;;;;;;;;;;;;;;;;;;;;;;;
;;;;;;;;;;;;;;;;;;;;;;;
;;;;;;;;;;;;;;;;;;;;;;;
;;;;;;;;;;;;;;;;;;;;;;;
;;;;;;;;;;;;;;;;;;;;;;;
;;;;;;;;;;;;;;;;;;;;;;;
;;;;;;;;;;;;;;;;;;;;;;;
;;;;;;;;;;;;;;;;;;;;;;;
;;;;;;;;;;;;;;;;;;;;;;;
;;;;;;;;;;;;;;;;;;;;;;;
;;;;;;;;;;;;;;;;;;;;;;;
;;;;;;;;;;;;;;;;;;;;;;;
;;;;;;;;;;;;;;;;;;;;;;;
;;;;;;;;;;;;;;;;;;;;;;;
;;;;;;;;;;;;;;;;;;;;;;;
;;;;;;;;;;;;;;;;;;;;;;;
;;;;;;;;;;;;;;;;;;;;;;;
;;;;;;;;;;;;;;;;;;;;;;;
;;;;;;;;;;;;;;;;;;;;;;;
;;;;;;;;;;;;;;;;;;;;;;;
;;;;;;;;;;;;;;;;;;;;;;;
;;;;;;;;;;;;;;;;;;;;;;;
;;;;;;;;;;;;;;;;;;;;;;;
;;;;;;;;;;;;;;;;;;;;;;;
;;;;;;;;;;;;;;;;;;;;;;;
;;;;;;;;;;;;;;;;;;;;;;;
;;;;;;;;;;;;;;;;;;;;;;;
;;;;;;;;;;;;;;;;;;;;;;;
;;;;;;;;;;;;;;;;;;;;;;;
;;;;;;;;;;;;;;;;;;;;;;;
;;;;;;;;;;;;;;;;;;;;;;;
;;;;;;;;;;;;;;;;;;;;;;;
;;;;;;;;;;;;;;;;;;;;;;;
;;;;;;;;;;;;;;;;;;;;;;;
;;;;;;;;;;;;;;;;;;;;;;;
;;;;;;;;;;;;;;;;;;;;;;;
;;;;;;;;;;;;;;;;;;;;;;;
;;;;;;;;;;;;;;;;;;;;;;;
;;;;;;;;;;;;;;;;;;;;;;;
;;;;;;;;;;;;;;;;;;;;;;;
;;;;;;;;;;;;;;;;;;;;;;;
;;;;;;;;;;;;;;;;;;;;;;;
;;;;;;;;;;;;;;;;;;;;;;;
;;;;;;;;;;;;;;;;;;;;;;;
;;;;;;;;;;;;;;;;;;;;;;;
;;;;;;;;;;;;;;;;;;;;;;;
;;;;;;;;;;;;;;;;;;;;;;;
;;;;;;;;;;;;;;;;;;;;;;;
;;;;;;;;;;;;;;;;;;;;;;;
;;;;;;;;;;;;;;;;;;;;;;;
;;;;;;;;;;;;;;;;;;;;;;;
;;;;;;;;;;;;;;;;;;;;;;;
;;;;;;;;;;;;;;;;;;;;;;;
;;;;;;;;;;;;;;;;;;;;;;;
;;;;;;;;;;;;;;;;;;;;;;;
;;;;;;;;;;;;;;;;;;;;;;;
;;;;;;;;;;;;;;;;;;;;;;;
;;;;;;;;;;;;;;;;;;;;;;;
;;;;;;;;;;;;;;;;;;;;;;;
;;;;;;;;;;;;;;;;;;;;;;;
;;;;;;;;;;;;;;;;;;;;;;;
;;;;;;;;;;;;;;;;;;;;;;;
;;;;;;;;;;;;;;;;;;;;;;;
;;;;;;;;;;;;;;;;;;;;;;;
;;;;;;;;;;;;;;;;;;;;;;;
;;;;;;;;;;;;;;;;;;;;;;;
;;;;;;;;;;;;;;;;;;;;;;;
;;;;;;;;;;;;;;;;;;;;;;;
;;;;;;;;;;;;;;;;;;;;;;;
;;;;;;;;;;;;;;;;;;;;;;;
;;;;;;;;;;;;;;;;;;;;;;;
;;;;;;;;;;;;;;;;;;;;;;;
;;;;;;;;;;;;;;;;;;;;;;;
;;;;;;;;;;;;;;;;;;;;;;;
;;;;;;;;;;;;;;;;;;;;;;;
;;;;;;;;;;;;;;;;;;;;;;;
;;;;;;;;;;;;;;;;;;;;;;;
;;;;;;;;;;;;;;;;;;;;;;;
;;;;;;;;;;;;;;;;;;;;;;;
;;;;;;;;;;;;;;;;;;;;;;;
;;;;;;;;;;;;;;;;;;;;;;;
;;;;;;;;;;;;;;;;;;;;;;;
;;;;;;;;;;;;;;;;;;;;;;;
;;;;;;;;;;;;;;;;;;;;;;;
;;;;;;;;;;;;;;;;;;;;;;;
;;;;;;;;;;;;;;;;;;;;;;;
;;;;;;;;;;;;;;;;;;;;;;;
;;;;;;;;;;;;;;;;;;;;;;;
;;;;;;;;;;;;;;;;;;;;;;;
;;;;;;;;;;;;;;;;;;;;;;;
;;;;;;;;;;;;;;;;;;;;;;;
;;;;;;;;;;;;;;;;;;;;;;;
;;;;;;;;;;;;;;;;;;;;;;;
;;;;;;;;;;;;;;;;;;;;;;;
;;;;;;;;;;;;;;;;;;;;;;;
;;;;;;;;;;;;;;;;;;;;;;;
;;;;;;;;;;;;;;;;;;;;;;;
;;;;;;;;;;;;;;;;;;;;;;;
;;;;;;;;;;;;;;;;;;;;;;;
;;;;;;;;;;;;;;;;;;;;;;;
;;;;;;;;;;;;;;;;;;;;;;;
;;;;;;;;;;;;;;;;;;;;;;;
;;;;;;;;;;;;;;;;;;;;;;;
;;;;;;;;;;;;;;;;;;;;;;;
;;;;;;;;;;;;;;;;;;;;;;;
;;;;;;;;;;;;;;;;;;;;;;;
;;;;;;;;;;;;;;;;;;;;;;;
;;;;;;;;;;;;;;;;;;;;;;;
;;;;;;;;;;;;;;;;;;;;;;;
;;;;;;;;;;;;;;;;;;;;;;;
;;;;;;;;;;;;;;;;;;;;;;;
;;;;;;;;;;;;;;;;;;;;;;;
;;;;;;;;;;;;;;;;;;;;;;;
;;;;;;;;;;;;;;;;;;;;;;;
;;;;;;;;;;;;;;;;;;;;;;;
;;;;;;;;;;;;;;;;;;;;;;;
;;;;;;;;;;;;;;;;;;;;;;;
;;;;;;;;;;;;;;;;;;;;;;;
;;;;;;;;;;;;;;;;;;;;;;;
;;;;;;;;;;;;;;;;;;;;;;;
;;;;;;;;;;;;;;;;;;;;;;;
;;;;;;;;;;;;;;;;;;;;;;;
;;;;;;;;;;;;;;;;;;;;;;;
;;;;;;;;;;;;;;;;;;;;;;;
;;;;;;;;;;;;;;;;;;;;;;;
;;;;;;;;;;;;;;;;;;;;;;;
;;;;;;;;;;;;;;;;;;;;;;;
;;;;;;;;;;;;;;;;;;;;;;;
;;;;;;;;;;;;;;;;;;;;;;;
;;;;;;;;;;;;;;;;;;;;;;;
;;;;;;;;;;;;;;;;;;;;;;;
;;;;;;;;;;;;;;;;;;;;;;;
;;;;;;;;;;;;;;;;;;;;;;;
;;;;;;;;;;;;;;;;;;;;;;;
;;;;;;;;;;;;;;;;;;;;;;;
;;;;;;;;;;;;;;;;;;;;;;;
;;;;;;;;;;;;;;;;;;;;;;;
;;;;;;;;;;;;;;;;;;;;;;;
;;;;;;;;;;;;;;;;;;;;;;;
;;;;;;;;;;;;;;;;;;;;;;;
;;;;;;;;;;;;;;;;;;;;;;;
;;;;;;;;;;;;;;;;;;;;;;;
;;;;;;;;;;;;;;;;;;;;;;;
;;;;;;;;;;;;;;;;;;;;;;;
;;;;;;;;;;;;;;;;;;;;;;;
;;;;;;;;;;;;;;;;;;;;;;;
;;;;;;;;;;;;;;;;;;;;;;;
;;;;;;;;;;;;;;;;;;;;;;;
;;;;;;;;;;;;;;;;;;;;;;;
;;;;;;;;;;;;;;;;;;;;;;;
;;;;;;;;;;;;;;;;;;;;;;;
;;;;;;;;;;;;;;;;;;;;;;;
;;;;;;;;;;;;;;;;;;;;;;;
;;;;;;;;;;;;;;;;;;;;;;;
;;;;;;;;;;;;;;;;;;;;;;;
;;;;;;;;;;;;;;;;;;;;;;;
;;;;;;;;;;;;;;;;;;;;;;;
;;;;;;;;;;;;;;;;;;;;;;;
;;;;;;;;;;;;;;;;;;;;;;;
;;;;;;;;;;;;;;;;;;;;;;;
;;;;;;;;;;;;;;;;;;;;;;;
;;;;;;;;;;;;;;;;;;;;;;;
;;;;;;;;;;;;;;;;;;;;;;;
;;;;;;;;;;;;;;;;;;;;;;;
;;;;;;;;;;;;;;;;;;;;;;;
;;;;;;;;;;;;;;;;;;;;;;;
;;;;;;;;;;;;;;;;;;;;;;;
;;;;;;;;;;;;;;;;;;;;;;;
;;;;;;;;;;;;;;;;;;;;;;;
;;;;;;;;;;;;;;;;;;;;;;;
;;;;;;;;;;;;;;;;;;;;;;;
;;;;;;;;;;;;;;;;;;;;;;;
;;;;;;;;;;;;;;;;;;;;;;;
;;;;;;;;;;;;;;;;;;;;;;;
;;;;;;;;;;;;;;;;;;;;;;;
;;;;;;;;;;;;;;;;;;;;;;;
;;;;;;;;;;;;;;;;;;;;;;;
;;;;;;;;;;;;;;;;;;;;;;;
;;;;;;;;;;;;;;;;;;;;;;;
;;;;;;;;;;;;;;;;;;;;;;;
;;;;;;;;;;;;;;;;;;;;;;;
;;;;;;;;;;;;;;;;;;;;;;;
;;;;;;;;;;;;;;;;;;;;;;;
;;;;;;;;;;;;;;;;;;;;;;;
;;;;;;;;;;;;;;;;;;;;;;;
;;;;;;;;;;;;;;;;;;;;;;;
;;;;;;;;;;;;;;;;;;;;;;;
;;;;;;;;;;;;;;;;;;;;;;;
;;;;;;;;;;;;;;;;;;;;;;;
;;;;;;;;;;;;;;;;;;;;;;;
;;;;;;;;;;;;;;;;;;;;;;;
;;;;;;;;;;;;;;;;;;;;;;;
;;;;;;;;;;;;;;;;;;;;;;;
;;;;;;;;;;;;;;;;;;;;;;;
;;;;;;;;;;;;;;;;;;;;;;;
;;;;;;;;;;;;;;;;;;;;;;;
;;;;;;;;;;;;;;;;;;;;;;;
;;;;;;;;;;;;;;;;;;;;;;;
;;;;;;;;;;;;;;;;;;;;;;;
;;;;;;;;;;;;;;;;;;;;;;;
;;;;;;;;;;;;;;;;;;;;;;;
;;;;;;;;;;;;;;;;;;;;;;;
;;;;;;;;;;;;;;;;;;;;;;;
;;;;;;;;;;;;;;;;;;;;;;;
;;;;;;;;;;;;;;;;;;;;;;;
;;;;;;;;;;;;;;;;;;;;;;;
;;;;;;;;;;;;;;;;;;;;;;;
;;;;;;;;;;;;;;;;;;;;;;;
;;;;;;;;;;;;;;;;;;;;;;;
;;;;;;;;;;;;;;;;;;;;;;;
;;;;;;;;;;;;;;;;;;;;;;;
;;;;;;;;;;;;;;;;;;;;;;;
;;;;;;;;;;;;;;;;;;;;;;;
;;;;;;;;;;;;;;;;;;;;;;;
;;;;;;;;;;;;;;;;;;;;;;;
;;;;;;;;;;;;;;;;;;;;;;;
;;;;;;;;;;;;;;;;;;;;;;;
;;;;;;;;;;;;;;;;;;;;;;;
;;;;;;;;;;;;;;;;;;;;;;;
;;;;;;;;;;;;;;;;;;;;;;;
;;;;;;;;;;;;;;;;;;;;;;;
;;;;;;;;;;;;;;;;;;;;;;;
;;;;;;;;;;;;;;;;;;;;;;;
;;;;;;;;;;;;;;;;;;;;;;;
;;;;;;;;;;;;;;;;;;;;;;;
;;;;;;;;;;;;;;;;;;;;;;;
;;;;;;;;;;;;;;;;;;;;;;;
;;;;;;;;;;;;;;;;;;;;;;;
;;;;;;;;;;;;;;;;;;;;;;;
;;;;;;;;;;;;;;;;;;;;;;;
;;;;;;;;;;;;;;;;;;;;;;;
;;;;;;;;;;;;;;;;;;;;;;;
;;;;;;;;;;;;;;;;;;;;;;;
;;;;;;;;;;;;;;;;;;;;;;;
;;;;;;;;;;;;;;;;;;;;;;;
;;;;;;;;;;;;;;;;;;;;;;;
;;;;;;;;;;;;;;;;;;;;;;;
;;;;;;;;;;;;;;;;;;;;;;;
;;;;;;;;;;;;;;;;;;;;;;;
;;;;;;;;;;;;;;;;;;;;;;;
;;;;;;;;;;;;;;;;;;;;;;;
;;;;;;;;;;;;;;;;;;;;;;;
;;;;;;;;;;;;;;;;;;;;;;;
;;;;;;;;;;;;;;;;;;;;;;;
;;;;;;;;;;;;;;;;;;;;;;;
;;;;;;;;;;;;;;;;;;;;;;;
;;;;;;;;;;;;;;;;;;;;;;;
;;;;;;;;;;;;;;;;;;;;;;;
;;;;;;;;;;;;;;;;;;;;;;;
;;;;;;;;;;;;;;;;;;;;;;;
;;;;;;;;;;;;;;;;;;;;;;;
;;;;;;;;;;;;;;;;;;;;;;;
;;;;;;;;;;;;;;;;;;;;;;;
;;;;;;;;;;;;;;;;;;;;;;;
;;;;;;;;;;;;;;;;;;;;;;;
;;;;;;;;;;;;;;;;;;;;;;;
;;;;;;;;;;;;;;;;;;;;;;;
;;;;;;;;;;;;;;;;;;;;;;;
;;;;;;;;;;;;;;;;;;;;;;;
;;;;;;;;;;;;;;;;;;;;;;;
;;;;;;;;;;;;;;;;;;;;;;;
;;;;;;;;;;;;;;;;;;;;;;;
;;;;;;;;;;;;;;;;;;;;;;;
;;;;;;;;;;;;;;;;;;;;;;;
;;;;;;;;;;;;;;;;;;;;;;;
;;;;;;;;;;;;;;;;;;;;;;;
;;;;;;;;;;;;;;;;;;;;;;;
;;;;;;;;;;;;;;;;;;;;;;;
;;;;;;;;;;;;;;;;;;;;;;;
;;;;;;;;;;;;;;;;;;;;;;;
;;;;;;;;;;;;;;;;;;;;;;;
;;;;;;;;;;;;;;;;;;;;;;;
;;;;;;;;;;;;;;;;;;;;;;;
;;;;;;;;;;;;;;;;;;;;;;;
;;;;;;;;;;;;;;;;;;;;;;;
;;;;;;;;;;;;;;;;;;;;;;;
;;;;;;;;;;;;;;;;;;;;;;;
;;;;;;;;;;;;;;;;;;;;;;;
;;;;;;;;;;;;;;;;;;;;;;;
;;;;;;;;;;;;;;;;;;;;;;;
;;;;;;;;;;;;;;;;;;;;;;;
;;;;;;;;;;;;;;;;;;;;;;;
;;;;;;;;;;;;;;;;;;;;;;;
;;;;;;;;;;;;;;;;;;;;;;;
;;;;;;;;;;;;;;;;;;;;;;;
;;;;;;;;;;;;;;;;;;;;;;;
;;;;;;;;;;;;;;;;;;;;;;;
;;;;;;;;;;;;;;;;;;;;;;;
;;;;;;;;;;;;;;;;;;;;;;;
;;;;;;;;;;;;;;;;;;;;;;;
;;;;;;;;;;;;;;;;;;;;;;;
;;;;;;;;;;;;;;;;;;;;;;;
;;;;;;;;;;;;;;;;;;;;;;;
;;;;;;;;;;;;;;;;;;;;;;;
;;;;;;;;;;;;;;;;;;;;;;;
;;;;;;;;;;;;;;;;;;;;;;;
;;;;;;;;;;;;;;;;;;;;;;;
;;;;;;;;;;;;;;;;;;;;;;;
;;;;;;;;;;;;;;;;;;;;;;;
;;;;;;;;;;;;;;;;;;;;;;;
;;;;;;;;;;;;;;;;;;;;;;;
;;;;;;;;;;;;;;;;;;;;;;;
;;;;;;;;;;;;;;;;;;;;;;;
;;;;;;;;;;;;;;;;;;;;;;;
;;;;;;;;;;;;;;;;;;;;;;;
;;;;;;;;;;;;;;;;;;;;;;;
;;;;;;;;;;;;;;;;;;;;;;;
;;;;;;;;;;;;;;;;;;;;;;;
;;;;;;;;;;;;;;;;;;;;;;;
;;;;;;;;;;;;;;;;;;;;;;;
;;;;;;;;;;;;;;;;;;;;;;;
;;;;;;;;;;;;;;;;;;;;;;;
;;;;;;;;;;;;;;;;;;;;;;;
;;;;;;;;;;;;;;;;;;;;;;;
;;;;;;;;;;;;;;;;;;;;;;;
;;;;;;;;;;;;;;;;;;;;;;;
;;;;;;;;;;;;;;;;;;;;;;;
;;;;;;;;;;;;;;;;;;;;;;;
;;;;;;;;;;;;;;;;;;;;;;;
;;;;;;;;;;;;;;;;;;;;;;;
;;;;;;;;;;;;;;;;;;;;;;;
;;;;;;;;;;;;;;;;;;;;;;;
;;;;;;;;;;;;;;;;;;;;;;;
;;;;;;;;;;;;;;;;;;;;;;;
;;;;;;;;;;;;;;;;;;;;;;;
;;;;;;;;;;;;;;;;;;;;;;;
;;;;;;;;;;;;;;;;;;;;;;;
;;;;;;;;;;;;;;;;;;;;;;;
;;;;;;;;;;;;;;;;;;;;;;;
;;;;;;;;;;;;;;;;;;;;;;;
;;;;;;;;;;;;;;;;;;;;;;;
;;;;;;;;;;;;;;;;;;;;;;;
;;;;;;;;;;;;;;;;;;;;;;;
;;;;;;;;;;;;;;;;;;;;;;;
;;;;;;;;;;;;;;;;;;;;;;;
;;;;;;;;;;;;;;;;;;;;;;;
;;;;;;;;;;;;;;;;;;;;;;;
;;;;;;;;;;;;;;;;;;;;;;;
;;;;;;;;;;;;;;;;;;;;;;;
;;;;;;;;;;;;;;;;;;;;;;;
;;;;;;;;;;;;;;;;;;;;;;;
;;;;;;;;;;;;;;;;;;;;;;;
;;;;;;;;;;;;;;;;;;;;;;;
;;;;;;;;;;;;;;;;;;;;;;;
;;;;;;;;;;;;;;;;;;;;;;;
;;;;;;;;;;;;;;;;;;;;;;;
;;;;;;;;;;;;;;;;;;;;;;;
;;;;;;;;;;;;;;;;;;;;;;;
;;;;;;;;;;;;;;;;;;;;;;;
;;;;;;;;;;;;;;;;;;;;;;;
;;;;;;;;;;;;;;;;;;;;;;;
;;;;;;;;;;;;;;;;;;;;;;;
;;;;;;;;;;;;;;;;;;;;;;;
;;;;;;;;;;;;;;;;;;;;;;;
;;;;;;;;;;;;;;;;;;;;;;;
;;;;;;;;;;;;;;;;;;;;;;;
;;;;;;;;;;;;;;;;;;;;;;;
;;;;;;;;;;;;;;;;;;;;;;;
;;;;;;;;;;;;;;;;;;;;;;;
;;;;;;;;;;;;;;;;;;;;;;;
;;;;;;;;;;;;;;;;;;;;;;;
;;;;;;;;;;;;;;;;;;;;;;;
;;;;;;;;;;;;;;;;;;;;;;;
;;;;;;;;;;;;;;;;;;;;;;;
;;;;;;;;;;;;;;;;;;;;;;;
;;;;;;;;;;;;;;;;;;;;;;;
;;;;;;;;;;;;;;;;;;;;;;;
;;;;;;;;;;;;;;;;;;;;;;;
;;;;;;;;;;;;;;;;;;;;;;;
;;;;;;;;;;;;;;;;;;;;;;;
;;;;;;;;;;;;;;;;;;;;;;;
;;;;;;;;;;;;;;;;;;;;;;;
;;;;;;;;;;;;;;;;;;;;;;;
;;;;;;;;;;;;;;;;;;;;;;;
;;;;;;;;;;;;;;;;;;;;;;;
;;;;;;;;;;;;;;;;;;;;;;;
;;;;;;;;;;;;;;;;;;;;;;;
;;;;;;;;;;;;;;;;;;;;;;;
;;;;;;;;;;;;;;;;;;;;;;;
;;;;;;;;;;;;;;;;;;;;;;;
;;;;;;;;;;;;;;;;;;;;;;;
;;;;;;;;;;;;;;;;;;;;;;;
;;;;;;;;;;;;;;;;;;;;;;;
;;;;;;;;;;;;;;;;;;;;;;;
;;;;;;;;;;;;;;;;;;;;;;;
;;;;;;;;;;;;;;;;;;;;;;;
;;;;;;;;;;;;;;;;;;;;;;;
;;;;;;;;;;;;;;;;;;;;;;;
;;;;;;;;;;;;;;;;;;;;;;;
;;;;;;;;;;;;;;;;;;;;;;;
;;;;;;;;;;;;;;;;;;;;;;;
;;;;;;;;;;;;;;;;;;;;;;;
;;;;;;;;;;;;;;;;;;;;;;;
;;;;;;;;;;;;;;;;;;;;;;;
;;;;;;;;;;;;;;;;;;;;;;;
;;;;;;;;;;;;;;;;;;;;;;;
;;;;;;;;;;;;;;;;;;;;;;;
;;;;;;;;;;;;;;;;;;;;;;;
;;;;;;;;;;;;;;;;;;;;;;;
;;;;;;;;;;;;;;;;;;;;;;;
;;;;;;;;;;;;;;;;;;;;;;;
;;;;;;;;;;;;;;;;;;;;;;;
;;;;;;;;;;;;;;;;;;;;;;;
;;;;;;;;;;;;;;;;;;;;;;;
;;;;;;;;;;;;;;;;;;;;;;;
;;;;;;;;;;;;;;;;;;;;;;;
;;;;;;;;;;;;;;;;;;;;;;;
;;;;;;;;;;;;;;;;;;;;;;;
;;;;;;;;;;;;;;;;;;;;;;;
;;;;;;;;;;;;;;;;;;;;;;;
;;;;;;;;;;;;;;;;;;;;;;;
;;;;;;;;;;;;;;;;;;;;;;;
;;;;;;;;;;;;;;;;;;;;;;;
;;;;;;;;;;;;;;;;;;;;;;;
;;;;;;;;;;;;;;;;;;;;;;;
;;;;;;;;;;;;;;;;;;;;;;;
;;;;;;;;;;;;;;;;;;;;;;;
;;;;;;;;;;;;;;;;;;;;;;;
;;;;;;;;;;;;;;;;;;;;;;;
;;;;;;;;;;;;;;;;;;;;;;;
;;;;;;;;;;;;;;;;;;;;;;;
;;;;;;;;;;;;;;;;;;;;;;;
;;;;;;;;;;;;;;;;;;;;;;;
;;;;;;;;;;;;;;;;;;;;;;;
;;;;;;;;;;;;;;;;;;;;;;;
;;;;;;;;;;;;;;;;;;;;;;;
;;;;;;;;;;;;;;;;;;;;;;;
;;;;;;;;;;;;;;;;;;;;;;;
;;;;;;;;;;;;;;;;;;;;;;;
;;;;;;;;;;;;;;;;;;;;;;;
;;;;;;;;;;;;;;;;;;;;;;;
;;;;;;;;;;;;;;;;;;;;;;;
;;;;;;;;;;;;;;;;;;;;;;;
;;;;;;;;;;;;;;;;;;;;;;;
;;;;;;;;;;;;;;;;;;;;;;;
;;;;;;;;;;;;;;;;;;;;;;;
;;;;;;;;;;;;;;;;;;;;;;;
;;;;;;;;;;;;;;;;;;;;;;;
;;;;;;;;;;;;;;;;;;;;;;;
;;;;;;;;;;;;;;;;;;;;;;;
;;;;;;;;;;;;;;;;;;;;;;;
;;;;;;;;;;;;;;;;;;;;;;;
;;;;;;;;;;;;;;;;;;;;;;;
;;;;;;;;;;;;;;;;;;;;;;;
;;;;;;;;;;;;;;;;;;;;;;;
;;;;;;;;;;;;;;;;;;;;;;;
;;;;;;;;;;;;;;;;;;;;;;;
;;;;;;;;;;;;;;;;;;;;;;;
;;;;;;;;;;;;;;;;;;;;;;;
;;;;;;;;;;;;;;;;;;;;;;;
;;;;;;;;;;;;;;;;;;;;;;;
;;;;;;;;;;;;;;;;;;;;;;;
;;;;;;;;;;;;;;;;;;;;;;;
;;;;;;;;;;;;;;;;;;;;;;;
;;;;;;;;;;;;;;;;;;;;;;;
;;;;;;;;;;;;;;;;;;;;;;;
;;;;;;;;;;;;;;;;;;;;;;;
;;;;;;;;;;;;;;;;;;;;;;;
;;;;;;;;;;;;;;;;;;;;;;;
;;;;;;;;;;;;;;;;;;;;;;;
;;;;;;;;;;;;;;;;;;;;;;;
;;;;;;;;;;;;;;;;;;;;;;;
;;;;;;;;;;;;;;;;;;;;;;;
;;;;;;;;;;;;;;;;;;;;;;;
;;;;;;;;;;;;;;;;;;;;;;;
;;;;;;;;;;;;;;;;;;;;;;;
;;;;;;;;;;;;;;;;;;;;;;;
;;;;;;;;;;;;;;;;;;;;;;;
;;;;;;;;;;;;;;;;;;;;;;;
;;;;;;;;;;;;;;;;;;;;;;;
;;;;;;;;;;;;;;;;;;;;;;;
;;;;;;;;;;;;;;;;;;;;;;;
;;;;;;;;;;;;;;;;;;;;;;;
;;;;;;;;;;;;;;;;;;;;;;;
;;;;;;;;;;;;;;;;;;;;;;;
;;;;;;;;;;;;;;;;;;;;;;;
;;;;;;;;;;;;;;;;;;;;;;;
;;;;;;;;;;;;;;;;;;;;;;;
;;;;;;;;;;;;;;;;;;;;;;;
;;;;;;;;;;;;;;;;;;;;;;;
;;;;;;;;;;;;;;;;;;;;;;;
;;;;;;;;;;;;;;;;;;;;;;;
;;;;;;;;;;;;;;;;;;;;;;;
;;;;;;;;;;;;;;;;;;;;;;;
;;;;;;;;;;;;;;;;;;;;;;;
;;;;;;;;;;;;;;;;;;;;;;;
;;;;;;;;;;;;;;;;;;;;;;;
;;;;;;;;;;;;;;;;;;;;;;;
;;;;;;;;;;;;;;;;;;;;;;;
;;;;;;;;;;;;;;;;;;;;;;;
;;;;;;;;;;;;;;;;;;;;;;;
;;;;;;;;;;;;;;;;;;;;;;;
;;;;;;;;;;;;;;;;;;;;;;;
;;;;;;;;;;;;;;;;;;;;;;;
;;;;;;;;;;;;;;;;;;;;;;;
;;;;;;;;;;;;;;;;;;;;;;;
;;;;;;;;;;;;;;;;;;;;;;;
;;;;;;;;;;;;;;;;;;;;;;;
;;;;;;;;;;;;;;;;;;;;;;;
;;;;;;;;;;;;;;;;;;;;;;;
;;;;;;;;;;;;;;;;;;;;;;;
;;;;;;;;;;;;;;;;;;;;;;;
;;;;;;;;;;;;;;;;;;;;;;;
;;;;;;;;;;;;;;;;;;;;;;;
;;;;;;;;;;;;;;;;;;;;;;;
;;;;;;;;;;;;;;;;;;;;;;;
;;;;;;;;;;;;;;;;;;;;;;;
;;;;;;;;;;;;;;;;;;;;;;;
;;;;;;;;;;;;;;;;;;;;;;;
;;;;;;;;;;;;;;;;;;;;;;;
;;;;;;;;;;;;;;;;;;;;;;;
;;;;;;;;;;;;;;;;;;;;;;;
;;;;;;;;;;;;;;;;;;;;;;;
;;;;;;;;;;;;;;;;;;;;;;;
;;;;;;;;;;;;;;;;;;;;;;;
;;;;;;;;;;;;;;;;;;;;;;;
;;;;;;;;;;;;;;;;;;;;;;;
;;;;;;;;;;;;;;;;;;;;;;;
;;;;;;;;;;;;;;;;;;;;;;;
;;;;;;;;;;;;;;;;;;;;;;;
;;;;;;;;;;;;;;;;;;;;;;;
;;;;;;;;;;;;;;;;;;;;;;;
;;;;;;;;;;;;;;;;;;;;;;;
;;;;;;;;;;;;;;;;;;;;;;;
;;;;;;;;;;;;;;;;;;;;;;;
;;;;;;;;;;;;;;;;;;;;;;;
;;;;;;;;;;;;;;;;;;;;;;;
;;;;;;;;;;;;;;;;;;;;;;;
;;;;;;;;;;;;;;;;;;;;;;;
;;;;;;;;;;;;;;;;;;;;;;;
;;;;;;;;;;;;;;;;;;;;;;;
;;;;;;;;;;;;;;;;;;;;;;;
;;;;;;;;;;;;;;;;;;;;;;;
;;;;;;;;;;;;;;;;;;;;;;;
;;;;;;;;;;;;;;;;;;;;;;;
;;;;;;;;;;;;;;;;;;;;;;;
;;;;;;;;;;;;;;;;;;;;;;;
;;;;;;;;;;;;;;;;;;;;;;;
;;;;;;;;;;;;;;;;;;;;;;;
;;;;;;;;;;;;;;;;;;;;;;;
;;;;;;;;;;;;;;;;;;;;;;;
;;;;;;;;;;;;;;;;;;;;;;;
;;;;;;;;;;;;;;;;;;;;;;;
;;;;;;;;;;;;;;;;;;;;;;;
;;;;;;;;;;;;;;;;;;;;;;;
;;;;;;;;;;;;;;;;;;;;;;;
;;;;;;;;;;;;;;;;;;;;;;;
;;;;;;;;;;;;;;;;;;;;;;;
;;;;;;;;;;;;;;;;;;;;;;;
;;;;;;;;;;;;;;;;;;;;;;;
;;;;;;;;;;;;;;;;;;;;;;;
;;;;;;;;;;;;;;;;;;;;;;;
;;;;;;;;;;;;;;;;;;;;;;;
;;;;;;;;;;;;;;;;;;;;;;;
;;;;;;;;;;;;;;;;;;;;;;;
;;;;;;;;;;;;;;;;;;;;;;;
;;;;;;;;;;;;;;;;;;;;;;;
;;;;;;;;;;;;;;;;;;;;;;;
;;;;;;;;;;;;;;;;;;;;;;;
;;;;;;;;;;;;;;;;;;;;;;;
;;;;;;;;;;;;;;;;;;;;;;;
;;;;;;;;;;;;;;;;;;;;;;;
;;;;;;;;;;;;;;;;;;;;;;;
;;;;;;;;;;;;;;;;;;;;;;;
;;;;;;;;;;;;;;;;;;;;;;;
;;;;;;;;;;;;;;;;;;;;;;;
;;;;;;;;;;;;;;;;;;;;;;;
;;;;;;;;;;;;;;;;;;;;;;;
;;;;;;;;;;;;;;;;;;;;;;;
;;;;;;;;;;;;;;;;;;;;;;;
;;;;;;;;;;;;;;;;;;;;;;;
;;;;;;;;;;;;;;;;;;;;;;;
;;;;;;;;;;;;;;;;;;;;;;;
;;;;;;;;;;;;;;;;;;;;;;;
;;;;;;;;;;;;;;;;;;;;;;;
;;;;;;;;;;;;;;;;;;;;;;;
;;;;;;;;;;;;;;;;;;;;;;;
;;;;;;;;;;;;;;;;;;;;;;;
;;;;;;;;;;;;;;;;;;;;;;;
;;;;;;;;;;;;;;;;;;;;;;;
;;;;;;;;;;;;;;;;;;;;;;;
;;;;;;;;;;;;;;;;;;;;;;;
;;;;;;;;;;;;;;;;;;;;;;;
;;;;;;;;;;;;;;;;;;;;;;;
;;;;;;;;;;;;;;;;;;;;;;;
;;;;;;;;;;;;;;;;;;;;;;;
;;;;;;;;;;;;;;;;;;;;;;;
;;;;;;;;;;;;;;;;;;;;;;;
;;;;;;;;;;;;;;;;;;;;;;;
;;;;;;;;;;;;;;;;;;;;;;;
;;;;;;;;;;;;;;;;;;;;;;;
;;;;;;;;;;;;;;;;;;;;;;;
;;;;;;;;;;;;;;;;;;;;;;;
;;;;;;;;;;;;;;;;;;;;;;;
;;;;;;;;;;;;;;;;;;;;;;;
;;;;;;;;;;;;;;;;;;;;;;;
;;;;;;;;;;;;;;;;;;;;;;;
;;;;;;;;;;;;;;;;;;;;;;;
;;;;;;;;;;;;;;;;;;;;;;;
;;;;;;;;;;;;;;;;;;;;;;;
;;;;;;;;;;;;;;;;;;;;;;;
;;;;;;;;;;;;;;;;;;;;;;;
;;;;;;;;;;;;;;;;;;;;;;;
;;;;;;;;;;;;;;;;;;;;;;;
;;;;;;;;;;;;;;;;;;;;;;;
;;;;;;;;;;;;;;;;;;;;;;;
;;;;;;;;;;;;;;;;;;;;;;;
;;;;;;;;;;;;;;;;;;;;;;;
;;;;;;;;;;;;;;;;;;;;;;;
;;;;;;;;;;;;;;;;;;;;;;;
;;;;;;;;;;;;;;;;;;;;;;;
;;;;;;;;;;;;;;;;;;;;;;;
;;;;;;;;;;;;;;;;;;;;;;;
;;;;;;;;;;;;;;;;;;;;;;;
;;;;;;;;;;;;;;;;;;;;;;;
;;;;;;;;;;;;;;;;;;;;;;;
;;;;;;;;;;;;;;;;;;;;;;;
;;;;;;;;;;;;;;;;;;;;;;;
;;;;;;;;;;;;;;;;;;;;;;;
;;;;;;;;;;;;;;;;;;;;;;;
;;;;;;;;;;;;;;;;;;;;;;;
;;;;;;;;;;;;;;;;;;;;;;;
;;;;;;;;;;;;;;;;;;;;;;;
;;;;;;;;;;;;;;;;;;;;;;;
;;;;;;;;;;;;;;;;;;;;;;;
;;;;;;;;;;;;;;;;;;;;;;;
;;;;;;;;;;;;;;;;;;;;;;;
;;;;;;;;;;;;;;;;;;;;;;;
;;;;;;;;;;;;;;;;;;;;;;;
;;;;;;;;;;;;;;;;;;;;;;;
;;;;;;;;;;;;;;;;;;;;;;;
;;;;;;;;;;;;;;;;;;;;;;;
;;;;;;;;;;;;;;;;;;;;;;;
;;;;;;;;;;;;;;;;;;;;;;;
;;;;;;;;;;;;;;;;;;;;;;;
;;;;;;;;;;;;;;;;;;;;;;;
;;;;;;;;;;;;;;;;;;;;;;;
;;;;;;;;;;;;;;;;;;;;;;;
;;;;;;;;;;;;;;;;;;;;;;;
;;;;;;;;;;;;;;;;;;;;;;;
;;;;;;;;;;;;;;;;;;;;;;;
;;;;;;;;;;;;;;;;;;;;;;;
;;;;;;;;;;;;;;;;;;;;;;;
;;;;;;;;;;;;;;;;;;;;;;;
;;;;;;;;;;;;;;;;;;;;;;;
;;;;;;;;;;;;;;;;;;;;;;;
;;;;;;;;;;;;;;;;;;;;;;;
;;;;;;;;;;;;;;;;;;;;;;;
;;;;;;;;;;;;;;;;;;;;;;;
;;;;;;;;;;;;;;;;;;;;;;;
;;;;;;;;;;;;;;;;;;;;;;;
;;;;;;;;;;;;;;;;;;;;;;;
;;;;;;;;;;;;;;;;;;;;;;;
;;;;;;;;;;;;;;;;;;;;;;;
;;;;;;;;;;;;;;;;;;;;;;;
;;;;;;;;;;;;;;;;;;;;;;;
;;;;;;;;;;;;;;;;;;;;;;;
;;;;;;;;;;;;;;;;;;;;;;;
;;;;;;;;;;;;;;;;;;;;;;;
;;;;;;;;;;;;;;;;;;;;;;;
;;;;;;;;;;;;;;;;;;;;;;;
;;;;;;;;;;;;;;;;;;;;;;;
;;;;;;;;;;;;;;;;;;;;;;;
;;;;;;;;;;;;;;;;;;;;;;;
;;;;;;;;;;;;;;;;;;;;;;;
;;;;;;;;;;;;;;;;;;;;;;;
;;;;;;;;;;;;;;;;;;;;;;;
;;;;;;;;;;;;;;;;;;;;;;;
;;;;;;;;;;;;;;;;;;;;;;;
;;;;;;;;;;;;;;;;;;;;;;;
;;;;;;;;;;;;;;;;;;;;;;;
;;;;;;;;;;;;;;;;;;;;;;;
;;;;;;;;;;;;;;;;;;;;;;;
;;;;;;;;;;;;;;;;;;;;;;;
;;;;;;;;;;;;;;;;;;;;;;;
;;;;;;;;;;;;;;;;;;;;;;;
;;;;;;;;;;;;;;;;;;;;;;;
;;;;;;;;;;;;;;;;;;;;;;;
;;;;;;;;;;;;;;;;;;;;;;;
;;;;;;;;;;;;;;;;;;;;;;;
;;;;;;;;;;;;;;;;;;;;;;;
;;;;;;;;;;;;;;;;;;;;;;;
;;;;;;;;;;;;;;;;;;;;;;;
;;;;;;;;;;;;;;;;;;;;;;;
;;;;;;;;;;;;;;;;;;;;;;;
;;;;;;;;;;;;;;;;;;;;;;;
;;;;;;;;;;;;;;;;;;;;;;;
;;;;;;;;;;;;;;;;;;;;;;;
;;;;;;;;;;;;;;;;;;;;;;;
;;;;;;;;;;;;;;;;;;;;;;;
;;;;;;;;;;;;;;;;;;;;;;;
;;;;;;;;;;;;;;;;;;;;;;;
;;;;;;;;;;;;;;;;;;;;;;;
;;;;;;;;;;;;;;;;;;;;;;;
;;;;;;;;;;;;;;;;;;;;;;;
;;;;;;;;;;;;;;;;;;;;;;;
;;;;;;;;;;;;;;;;;;;;;;;
;;;;;;;;;;;;;;;;;;;;;;;
;;;;;;;;;;;;;;;;;;;;;;;
;;;;;;;;;;;;;;;;;;;;;;;
;;;;;;;;;;;;;;;;;;;;;;;
;;;;;;;;;;;;;;;;;;;;;;;
;;;;;;;;;;;;;;;;;;;;;;;
;;;;;;;;;;;;;;;;;;;;;;;
;;;;;;;;;;;;;;;;;;;;;;;
;;;;;;;;;;;;;;;;;;;;;;;
;;;;;;;;;;;;;;;;;;;;;;;
;;;;;;;;;;;;;;;;;;;;;;;
;;;;;;;;;;;;;;;;;;;;;;;
;;;;;;;;;;;;;;;;;;;;;;;
;;;;;;;;;;;;;;;;;;;;;;;
;;;;;;;;;;;;;;;;;;;;;;;
;;;;;;;;;;;;;;;;;;;;;;;
;;;;;;;;;;;;;;;;;;;;;;;
;;;;;;;;;;;;;;;;;;;;;;;
;;;;;;;;;;;;;;;;;;;;;;;
;;;;;;;;;;;;;;;;;;;;;;;
;;;;;;;;;;;;;;;;;;;;;;;
;;;;;;;;;;;;;;;;;;;;;;;
;;;;;;;;;;;;;;;;;;;;;;;
;;;;;;;;;;;;;;;;;;;;;;;
;;;;;;;;;;;;;;;;;;;;;;;
;;;;;;;;;;;;;;;;;;;;;;;
;;;;;;;;;;;;;;;;;;;;;;;
;;;;;;;;;;;;;;;;;;;;;;;
;;;;;;;;;;;;;;;;;;;;;;;
;;;;;;;;;;;;;;;;;;;;;;;
;;;;;;;;;;;;;;;;;;;;;;;
;;;;;;;;;;;;;;;;;;;;;;;
;;;;;;;;;;;;;;;;;;;;;;;
;;;;;;;;;;;;;;;;;;;;;;;
;;;;;;;;;;;;;;;;;;;;;;;
;;;;;;;;;;;;;;;;;;;;;;;
;;;;;;;;;;;;;;;;;;;;;;;
;;;;;;;;;;;;;;;;;;;;;;;
;;;;;;;;;;;;;;;;;;;;;;;
;;;;;;;;;;;;;;;;;;;;;;;
;;;;;;;;;;;;;;;;;;;;;;;
;;;;;;;;;;;;;;;;;;;;;;;
;;;;;;;;;;;;;;;;;;;;;;;
;;;;;;;;;;;;;;;;;;;;;;;
;;;;;;;;;;;;;;;;;;;;;;;
;;;;;;;;;;;;;;;;;;;;;;;
;;;;;;;;;;;;;;;;;;;;;;;
;;;;;;;;;;;;;;;;;;;;;;;
;;;;;;;;;;;;;;;;;;;;;;;
;;;;;;;;;;;;;;;;;;;;;;;
;;;;;;;;;;;;;;;;;;;;;;;
;;;;;;;;;;;;;;;;;;;;;;;
;;;;;;;;;;;;;;;;;;;;;;;
;;;;;;;;;;;;;;;;;;;;;;;
;;;;;;;;;;;;;;;;;;;;;;;
;;;;;;;;;;;;;;;;;;;;;;;
;;;;;;;;;;;;;;;;;;;;;;;
;;;;;;;;;;;;;;;;;;;;;;;
;;;;;;;;;;;;;;;;;;;;;;;
;;;;;;;;;;;;;;;;;;;;;;;
;;;;;;;;;;;;;;;;;;;;;;;
;;;;;;;;;;;;;;;;;;;;;;;
;;;;;;;;;;;;;;;;;;;;;;;
;;;;;;;;;;;;;;;;;;;;;;;
;;;;;;;;;;;;;;;;;;;;;;;
;;;;;;;;;;;;;;;;;;;;;;;
;;;;;;;;;;;;;;;;;;;;;;;
;;;;;;;;;;;;;;;;;;;;;;;
;;;;;;;;;;;;;;;;;;;;;;;
;;;;;;;;;;;;;;;;;;;;;;;
;;;;;;;;;;;;;;;;;;;;;;;
;;;;;;;;;;;;;;;;;;;;;;;
;;;;;;;;;;;;;;;;;;;;;;;
;;;;;;;;;;;;;;;;;;;;;;;
;;;;;;;;;;;;;;;;;;;;;;;
;;;;;;;;;;;;;;;;;;;;;;;
;;;;;;;;;;;;;;;;;;;;;;;
;;;;;;;;;;;;;;;;;;;;;;;
;;;;;;;;;;;;;;;;;;;;;;;
;;;;;;;;;;;;;;;;;;;;;;;
;;;;;;;;;;;;;;;;;;;;;;;
;;;;;;;;;;;;;;;;;;;;;;;
;;;;;;;;;;;;;;;;;;;;;;;
;;;;;;;;;;;;;;;;;;;;;;;
;;;;;;;;;;;;;;;;;;;;;;;
;;;;;;;;;;;;;;;;;;;;;;;
;;;;;;;;;;;;;;;;;;;;;;;
;;;;;;;;;;;;;;;;;;;;;;;
;;;;;;;;;;;;;;;;;;;;;;;
;;;;;;;;;;;;;;;;;;;;;;;
;;;;;;;;;;;;;;;;;;;;;;;
;;;;;;;;;;;;;;;;;;;;;;;
;;;;;;;;;;;;;;;;;;;;;;;
;;;;;;;;;;;;;;;;;;;;;;;
;;;;;;;;;;;;;;;;;;;;;;;
;;;;;;;;;;;;;;;;;;;;;;;
;;;;;;;;;;;;;;;;;;;;;;;
;;;;;;;;;;;;;;;;;;;;;;;
;;;;;;;;;;;;;;;;;;;;;;;
;;;;;;;;;;;;;;;;;;;;;;;
;;;;;;;;;;;;;;;;;;;;;;;
;;;;;;;;;;;;;;;;;;;;;;;
;;;;;;;;;;;;;;;;;;;;;;;
;;;;;;;;;;;;;;;;;;;;;;;
;;;;;;;;;;;;;;;;;;;;;;;
;;;;;;;;;;;;;;;;;;;;;;;
;;;;;;;;;;;;;;;;;;;;;;;
;;;;;;;;;;;;;;;;;;;;;;;
;;;;;;;;;;;;;;;;;;;;;;;
;;;;;;;;;;;;;;;;;;;;;;;
;;;;;;;;;;;;;;;;;;;;;;;
;;;;;;;;;;;;;;;;;;;;;;;
;;;;;;;;;;;;;;;;;;;;;;;
;;;;;;;;;;;;;;;;;;;;;;;
;;;;;;;;;;;;;;;;;;;;;;;
;;;;;;;;;;;;;;;;;;;;;;;
;;;;;;;;;;;;;;;;;;;;;;;
;;;;;;;;;;;;;;;;;;;;;;;
;;;;;;;;;;;;;;;;;;;;;;;
;;;;;;;;;;;;;;;;;;;;;;;
;;;;;;;;;;;;;;;;;;;;;;;
;;;;;;;;;;;;;;;;;;;;;;;
;;;;;;;;;;;;;;;;;;;;;;;
;;;;;;;;;;;;;;;;;;;;;;;
;;;;;;;;;;;;;;;;;;;;;;;
;;;;;;;;;;;;;;;;;;;;;;;
;;;;;;;;;;;;;;;;;;;;;;;
;;;;;;;;;;;;;;;;;;;;;;;
;;;;;;;;;;;;;;;;;;;;;;;
;;;;;;;;;;;;;;;;;;;;;;;
;;;;;;;;;;;;;;;;;;;;;;;
;;;;;;;;;;;;;;;;;;;;;;;
;;;;;;;;;;;;;;;;;;;;;;;
;;;;;;;;;;;;;;;;;;;;;;;
;;;;;;;;;;;;;;;;;;;;;;;
;;;;;;;;;;;;;;;;;;;;;;;
;;;;;;;;;;;;;;;;;;;;;;;
;;;;;;;;;;;;;;;;;;;;;;;
;;;;;;;;;;;;;;;;;;;;;;;
;;;;;;;;;;;;;;;;;;;;;;;
;;;;;;;;;;;;;;;;;;;;;;;
;;;;;;;;;;;;;;;;;;;;;;;
;;;;;;;;;;;;;;;;;;;;;;;
;;;;;;;;;;;;;;;;;;;;;;;
;;;;;;;;;;;;;;;;;;;;;;;
;;;;;;;;;;;;;;;;;;;;;;;
;;;;;;;;;;;;;;;;;;;;;;;
;;;;;;;;;;;;;;;;;;;;;;;
;;;;;;;;;;;;;;;;;;;;;;;
;;;;;;;;;;;;;;;;;;;;;;;
;;;;;;;;;;;;;;;;;;;;;;;
;;;;;;;;;;;;;;;;;;;;;;;
;;;;;;;;;;;;;;;;;;;;;;;
;;;;;;;;;;;;;;;;;;;;;;;
;;;;;;;;;;;;;;;;;;;;;;;
;;;;;;;;;;;;;;;;;;;;;;;
;;;;;;;;;;;;;;;;;;;;;;;
;;;;;;;;;;;;;;;;;;;;;;;
;;;;;;;;;;;;;;;;;;;;;;;
;;;;;;;;;;;;;;;;;;;;;;;
;;;;;;;;;;;;;;;;;;;;;;;
;;;;;;;;;;;;;;;;;;;;;;;
;;;;;;;;;;;;;;;;;;;;;;;
;;;;;;;;;;;;;;;;;;;;;;;
;;;;;;;;;;;;;;;;;;;;;;;
;;;;;;;;;;;;;;;;;;;;;;;
;;;;;;;;;;;;;;;;;;;;;;;
;;;;;;;;;;;;;;;;;;;;;;;
;;;;;;;;;;;;;;;;;;;;;;;
;;;;;;;;;;;;;;;;;;;;;;;
;;;;;;;;;;;;;;;;;;;;;;;
;;;;;;;;;;;;;;;;;;;;;;;
;;;;;;;;;;;;;;;;;;;;;;;
;;;;;;;;;;;;;;;;;;;;;;;
;;;;;;;;;;;;;;;;;;;;;;;
;;;;;;;;;;;;;;;;;;;;;;;
;;;;;;;;;;;;;;;;;;;;;;;
;;;;;;;;;;;;;;;;;;;;;;;
;;;;;;;;;;;;;;;;;;;;;;;
;;;;;;;;;;;;;;;;;;;;;;;
;;;;;;;;;;;;;;;;;;;;;;;
;;;;;;;;;;;;;;;;;;;;;;;
;;;;;;;;;;;;;;;;;;;;;;;
;;;;;;;;;;;;;;;;;;;;;;;
;;;;;;;;;;;;;;;;;;;;;;;
;;;;;;;;;;;;;;;;;;;;;;;
;;;;;;;;;;;;;;;;;;;;;;;
;;;;;;;;;;;;;;;;;;;;;;;
;;;;;;;;;;;;;;;;;;;;;;;
;;;;;;;;;;;;;;;;;;;;;;;
;;;;;;;;;;;;;;;;;;;;;;;
;;;;;;;;;;;;;;;;;;;;;;;
;;;;;;;;;;;;;;;;;;;;;;;
;;;;;;;;;;;;;;;;;;;;;;;
;;;;;;;;;;;;;;;;;;;;;;;
;;;;;;;;;;;;;;;;;;;;;;;
;;;;;;;;;;;;;;;;;;;;;;;
;;;;;;;;;;;;;;;;;;;;;;;
;;;;;;;;;;;;;;;;;;;;;;;
;;;;;;;;;;;;;;;;;;;;;;;
;;;;;;;;;;;;;;;;;;;;;;;
;;;;;;;;;;;;;;;;;;;;;;;
;;;;;;;;;;;;;;;;;;;;;;;
;;;;;;;;;;;;;;;;;;;;;;;
;;;;;;;;;;;;;;;;;;;;;;;
;;;;;;;;;;;;;;;;;;;;;;;
;;;;;;;;;;;;;;;;;;;;;;;
;;;;;;;;;;;;;;;;;;;;;;;
;;;;;;;;;;;;;;;;;;;;;;;
;;;;;;;;;;;;;;;;;;;;;;;
;;;;;;;;;;;;;;;;;;;;;;;
;;;;;;;;;;;;;;;;;;;;;;;
;;;;;;;;;;;;;;;;;;;;;;;
;;;;;;;;;;;;;;;;;;;;;;;
;;;;;;;;;;;;;;;;;;;;;;;
;;;;;;;;;;;;;;;;;;;;;;;
;;;;;;;;;;;;;;;;;;;;;;;
;;;;;;;;;;;;;;;;;;;;;;;
;;;;;;;;;;;;;;;;;;;;;;;
;;;;;;;;;;;;;;;;;;;;;;;
;;;;;;;;;;;;;;;;;;;;;;;
;;;;;;;;;;;;;;;;;;;;;;;
;;;;;;;;;;;;;;;;;;;;;;;
;;;;;;;;;;;;;;;;;;;;;;;
;;;;;;;;;;;;;;;;;;;;;;;
;;;;;;;;;;;;;;;;;;;;;;;
;;;;;;;;;;;;;;;;;;;;;;;
;;;;;;;;;;;;;;;;;;;;;;;
;;;;;;;;;;;;;;;;;;;;;;;
;;;;;;;;;;;;;;;;;;;;;;;
;;;;;;;;;;;;;;;;;;;;;;;
;;;;;;;;;;;;;;;;;;;;;;;
;;;;;;;;;;;;;;;;;;;;;;;
;;;;;;;;;;;;;;;;;;;;;;;
;;;;;;;;;;;;;;;;;;;;;;;
;;;;;;;;;;;;;;;;;;;;;;;
;;;;;;;;;;;;;;;;;;;;;;;
;;;;;;;;;;;;;;;;;;;;;;;
;;;;;;;;;;;;;;;;;;;;;;;
;;;;;;;;;;;;;;;;;;;;;;;
;;;;;;;;;;;;;;;;;;;;;;;
;;;;;;;;;;;;;;;;;;;;;;;
;;;;;;;;;;;;;;;;;;;;;;;
;;;;;;;;;;;;;;;;;;;;;;;
;;;;;;;;;;;;;;;;;;;;;;;
;;;;;;;;;;;;;;;;;;;;;;;
;;;;;;;;;;;;;;;;;;;;;;;
;;;;;;;;;;;;;;;;;;;;;;;
;;;;;;;;;;;;;;;;;;;;;;;
;;;;;;;;;;;;;;;;;;;;;;;
;;;;;;;;;;;;;;;;;;;;;;;
;;;;;;;;;;;;;;;;;;;;;;;
;;;;;;;;;;;;;;;;;;;;;;;
;;;;;;;;;;;;;;;;;;;;;;;
;;;;;;;;;;;;;;;;;;;;;;;
;;;;;;;;;;;;;;;;;;;;;;;
;;;;;;;;;;;;;;;;;;;;;;;
;;;;;;;;;;;;;;;;;;;;;;;
;;;;;;;;;;;;;;;;;;;;;;;
;;;;;;;;;;;;;;;;;;;;;;;
;;;;;;;;;;;;;;;;;;;;;;;
;;;;;;;;;;;;;;;;;;;;;;;
;;;;;;;;;;;;;;;;;;;;;;;
;;;;;;;;;;;;;;;;;;;;;;;
;;;;;;;;;;;;;;;;;;;;;;;
;;;;;;;;;;;;;;;;;;;;;;;
;;;;;;;;;;;;;;;;;;;;;;;
;;;;;;;;;;;;;;;;;;;;;;;
;;;;;;;;;;;;;;;;;;;;;;;
;;;;;;;;;;;;;;;;;;;;;;;
;;;;;;;;;;;;;;;;;;;;;;;
;;;;;;;;;;;;;;;;;;;;;;;
;;;;;;;;;;;;;;;;;;;;;;;
;;;;;;;;;;;;;;;;;;;;;;;
;;;;;;;;;;;;;;;;;;;;;;;
;;;;;;;;;;;;;;;;;;;;;;;
;;;;;;;;;;;;;;;;;;;;;;;
;;;;;;;;;;;;;;;;;;;;;;;
;;;;;;;;;;;;;;;;;;;;;;;
;;;;;;;;;;;;;;;;;;;;;;;
;;;;;;;;;;;;;;;;;;;;;;;
;;;;;;;;;;;;;;;;;;;;;;;
;;;;;;;;;;;;;;;;;;;;;;;
;;;;;;;;;;;;;;;;;;;;;;;
;;;;;;;;;;;;;;;;;;;;;;;
;;;;;;;;;;;;;;;;;;;;;;;
;;;;;;;;;;;;;;;;;;;;;;;
;;;;;;;;;;;;;;;;;;;;;;;
;;;;;;;;;;;;;;;;;;;;;;;
;;;;;;;;;;;;;;;;;;;;;;;
;;;;;;;;;;;;;;;;;;;;;;;
;;;;;;;;;;;;;;;;;;;;;;;
;;;;;;;;;;;;;;;;;;;;;;;
;;;;;;;;;;;;;;;;;;;;;;;
;;;;;;;;;;;;;;;;;;;;;;;
;;;;;;;;;;;;;;;;;;;;;;;
;;;;;;;;;;;;;;;;;;;;;;;
;;;;;;;;;;;;;;;;;;;;;;;
;;;;;;;;;;;;;;;;;;;;;;;
;;;;;;;;;;;;;;;;;;;;;;;
;;;;;;;;;;;;;;;;;;;;;;;
;;;;;;;;;;;;;;;;;;;;;;;
;;;;;;;;;;;;;;;;;;;;;;;
;;;;;;;;;;;;;;;;;;;;;;;
;;;;;;;;;;;;;;;;;;;;;;;
;;;;;;;;;;;;;;;;;;;;;;;
;;;;;;;;;;;;;;;;;;;;;;;
;;;;;;;;;;;;;;;;;;;;;;;
;;;;;;;;;;;;;;;;;;;;;;;
;;;;;;;;;;;;;;;;;;;;;;;
;;;;;;;;;;;;;;;;;;;;;;;
;;;;;;;;;;;;;;;;;;;;;;;
;;;;;;;;;;;;;;;;;;;;;;;
;;;;;;;;;;;;;;;;;;;;;;;
;;;;;;;;;;;;;;;;;;;;;;;
;;;;;;;;;;;;;;;;;;;;;;;
;;;;;;;;;;;;;;;;;;;;;;;
;;;;;;;;;;;;;;;;;;;;;;;
;;;;;;;;;;;;;;;;;;;;;;;
;;;;;;;;;;;;;;;;;;;;;;;
;;;;;;;;;;;;;;;;;;;;;;;
;;;;;;;;;;;;;;;;;;;;;;;
;;;;;;;;;;;;;;;;;;;;;;;
;;;;;;;;;;;;;;;;;;;;;;;
;;;;;;;;;;;;;;;;;;;;;;;
;;;;;;;;;;;;;;;;;;;;;;;
;;;;;;;;;;;;;;;;;;;;;;;
;;;;;;;;;;;;;;;;;;;;;;;
;;;;;;;;;;;;;;;;;;;;;;;
;;;;;;;;;;;;;;;;;;;;;;;
;;;;;;;;;;;;;;;;;;;;;;;
;;;;;;;;;;;;;;;;;;;;;;;
;;;;;;;;;;;;;;;;;;;;;;;
;;;;;;;;;;;;;;;;;;;;;;;
;;;;;;;;;;;;;;;;;;;;;;;
;;;;;;;;;;;;;;;;;;;;;;;
;;;;;;;;;;;;;;;;;;;;;;;
;;;;;;;;;;;;;;;;;;;;;;;
;;;;;;;;;;;;;;;;;;;;;;;
;;;;;;;;;;;;;;;;;;;;;;;
;;;;;;;;;;;;;;;;;;;;;;;
;;;;;;;;;;;;;;;;;;;;;;;
;;;;;;;;;;;;;;;;;;;;;;;
;;;;;;;;;;;;;;;;;;;;;;;
;;;;;;;;;;;;;;;;;;;;;;;
;;;;;;;;;;;;;;;;;;;;;;;
;;;;;;;;;;;;;;;;;;;;;;;
;;;;;;;;;;;;;;;;;;;;;;;
;;;;;;;;;;;;;;;;;;;;;;;
;;;;;;;;;;;;;;;;;;;;;;;
;;;;;;;;;;;;;;;;;;;;;;;
;;;;;;;;;;;;;;;;;;;;;;;
;;;;;;;;;;;;;;;;;;;;;;;
;;;;;;;;;;;;;;;;;;;;;;;
;;;;;;;;;;;;;;;;;;;;;;;
;;;;;;;;;;;;;;;;;;;;;;;
;;;;;;;;;;;;;;;;;;;;;;;
;;;;;;;;;;;;;;;;;;;;;;;
;;;;;;;;;;;;;;;;;;;;;;;
;;;;;;;;;;;;;;;;;;;;;;;
;;;;;;;;;;;;;;;;;;;;;;;
;;;;;;;;;;;;;;;;;;;;;;;
;;;;;;;;;;;;;;;;;;;;;;;
;;;;;;;;;;;;;;;;;;;;;;;
;;;;;;;;;;;;;;;;;;;;;;;
;;;;;;;;;;;;;;;;;;;;;;;
;;;;;;;;;;;;;;;;;;;;;;;
;;;;;;;;;;;;;;;;;;;;;;;
;;;;;;;;;;;;;;;;;;;;;;;
;;;;;;;;;;;;;;;;;;;;;;;
;;;;;;;;;;;;;;;;;;;;;;;
;;;;;;;;;;;;;;;;;;;;;;;
;;;;;;;;;;;;;;;;;;;;;;;
;;;;;;;;;;;;;;;;;;;;;;;
;;;;;;;;;;;;;;;;;;;;;;;
;;;;;;;;;;;;;;;;;;;;;;;
;;;;;;;;;;;;;;;;;;;;;;;
;;;;;;;;;;;;;;;;;;;;;;;
;;;;;;;;;;;;;;;;;;;;;;;
;;;;;;;;;;;;;;;;;;;;;;;
;;;;;;;;;;;;;;;;;;;;;;;
;;;;;;;;;;;;;;;;;;;;;;;
;;;;;;;;;;;;;;;;;;;;;;;
;;;;;;;;;;;;;;;;;;;;;;;
;;;;;;;;;;;;;;;;;;;;;;;
;;;;;;;;;;;;;;;;;;;;;;;
;;;;;;;;;;;;;;;;;;;;;;;
;;;;;;;;;;;;;;;;;;;;;;;
;;;;;;;;;;;;;;;;;;;;;;;
;;;;;;;;;;;;;;;;;;;;;;;
;;;;;;;;;;;;;;;;;;;;;;;
;;;;;;;;;;;;;;;;;;;;;;;
;;;;;;;;;;;;;;;;;;;;;;;
;;;;;;;;;;;;;;;;;;;;;;;
;;;;;;;;;;;;;;;;;;;;;;;
;;;;;;;;;;;;;;;;;;;;;;;
;;;;;;;;;;;;;;;;;;;;;;;
;;;;;;;;;;;;;;;;;;;;;;;
;;;;;;;;;;;;;;;;;;;;;;;
;;;;;;;;;;;;;;;;;;;;;;;
;;;;;;;;;;;;;;;;;;;;;;;
;;;;;;;;;;;;;;;;;;;;;;;
;;;;;;;;;;;;;;;;;;;;;;;
;;;;;;;;;;;;;;;;;;;;;;;
;;;;;;;;;;;;;;;;;;;;;;;
;;;;;;;;;;;;;;;;;;;;;;;
;;;;;;;;;;;;;;;;;;;;;;;
;;;;;;;;;;;;;;;;;;;;;;;
;;;;;;;;;;;;;;;;;;;;;;;
;;;;;;;;;;;;;;;;;;;;;;;
;;;;;;;;;;;;;;;;;;;;;;;
;;;;;;;;;;;;;;;;;;;;;;;
;;;;;;;;;;;;;;;;;;;;;;;
;;;;;;;;;;;;;;;;;;;;;;;
;;;;;;;;;;;;;;;;;;;;;;;
;;;;;;;;;;;;;;;;;;;;;;;
;;;;;;;;;;;;;;;;;;;;;;;
;;;;;;;;;;;;;;;;;;;;;;;
;;;;;;;;;;;;;;;;;;;;;;;
;;;;;;;;;;;;;;;;;;;;;;;
;;;;;;;;;;;;;;;;;;;;;;;
;;;;;;;;;;;;;;;;;;;;;;;
;;;;;;;;;;;;;;;;;;;;;;;
;;;;;;;;;;;;;;;;;;;;;;;
;;;;;;;;;;;;;;;;;;;;;;;
;;;;;;;;;;;;;;;;;;;;;;;
;;;;;;;;;;;;;;;;;;;;;;;
;;;;;;;;;;;;;;;;;;;;;;;
;;;;;;;;;;;;;;;;;;;;;;;
;;;;;;;;;;;;;;;;;;;;;;;
;;;;;;;;;;;;;;;;;;;;;;;
;;;;;;;;;;;;;;;;;;;;;;;
;;;;;;;;;;;;;;;;;;;;;;;
;;;;;;;;;;;;;;;;;;;;;;;
;;;;;;;;;;;;;;;;;;;;;;;
;;;;;;;;;;;;;;;;;;;;;;;
;;;;;;;;;;;;;;;;;;;;;;;
;;;;;;;;;;;;;;;;;;;;;;;
;;;;;;;;;;;;;;;;;;;;;;;
;;;;;;;;;;;;;;;;;;;;;;;
;;;;;;;;;;;;;;;;;;;;;;;
;;;;;;;;;;;;;;;;;;;;;;;
;;;;;;;;;;;;;;;;;;;;;;;
;;;;;;;;;;;;;;;;;;;;;;;
;;;;;;;;;;;;;;;;;;;;;;;
;;;;;;;;;;;;;;;;;;;;;;;
;;;;;;;;;;;;;;;;;;;;;;;
;;;;;;;;;;;;;;;;;;;;;;;
;;;;;;;;;;;;;;;;;;;;;;;
;;;;;;;;;;;;;;;;;;;;;;;
;;;;;;;;;;;;;;;;;;;;;;;
;;;;;;;;;;;;;;;;;;;;;;;
;;;;;;;;;;;;;;;;;;;;;;;
;;;;;;;;;;;;;;;;;;;;;;;
;;;;;;;;;;;;;;;;;;;;;;;
;;;;;;;;;;;;;;;;;;;;;;;
;;;;;;;;;;;;;;;;;;;;;;;
;;;;;;;;;;;;;;;;;;;;;;;
;;;;;;;;;;;;;;;;;;;;;;;
;;;;;;;;;;;;;;;;;;;;;;;
;;;;;;;;;;;;;;;;;;;;;;;
;;;;;;;;;;;;;;;;;;;;;;;
;;;;;;;;;;;;;;;;;;;;;;;
;;;;;;;;;;;;;;;;;;;;;;;
;;;;;;;;;;;;;;;;;;;;;;;
;;;;;;;;;;;;;;;;;;;;;;;
;;;;;;;;;;;;;;;;;;;;;;;
;;;;;;;;;;;;;;;;;;;;;;;
;;;;;;;;;;;;;;;;;;;;;;;
;;;;;;;;;;;;;;;;;;;;;;;
;;;;;;;;;;;;;;;;;;;;;;;
;;;;;;;;;;;;;;;;;;;;;;;
;;;;;;;;;;;;;;;;;;;;;;;
;;;;;;;;;;;;;;;;;;;;;;;
;;;;;;;;;;;;;;;;;;;;;;;
;;;;;;;;;;;;;;;;;;;;;;;
;;;;;;;;;;;;;;;;;;;;;;;
;;;;;;;;;;;;;;;;;;;;;;;
;;;;;;;;;;;;;;;;;;;;;;;
;;;;;;;;;;;;;;;;;;;;;;;
;;;;;;;;;;;;;;;;;;;;;;;
;;;;;;;;;;;;;;;;;;;;;;;
;;;;;;;;;;;;;;;;;;;;;;;
;;;;;;;;;;;;;;;;;;;;;;;
;;;;;;;;;;;;;;;;;;;;;;;
;;;;;;;;;;;;;;;;;;;;;;;
;;;;;;;;;;;;;;;;;;;;;;;
;;;;;;;;;;;;;;;;;;;;;;;
;;;;;;;;;;;;;;;;;;;;;;;
;;;;;;;;;;;;;;;;;;;;;;;
;;;;;;;;;;;;;;;;;;;;;;;
;;;;;;;;;;;;;;;;;;;;;;;
;;;;;;;;;;;;;;;;;;;;;;;
;;;;;;;;;;;;;;;;;;;;;;;
;;;;;;;;;;;;;;;;;;;;;;;
;;;;;;;;;;;;;;;;;;;;;;;
;;;;;;;;;;;;;;;;;;;;;;;
;;;;;;;;;;;;;;;;;;;;;;;
;;;;;;;;;;;;;;;;;;;;;;;
;;;;;;;;;;;;;;;;;;;;;;;
;;;;;;;;;;;;;;;;;;;;;;;
;;;;;;;;;;;;;;;;;;;;;;;
;;;;;;;;;;;;;;;;;;;;;;;
;;;;;;;;;;;;;;;;;;;;;;;
;;;;;;;;;;;;;;;;;;;;;;;
;;;;;;;;;;;;;;;;;;;;;;;
;;;;;;;;;;;;;;;;;;;;;;;
;;;;;;;;;;;;;;;;;;;;;;;
;;;;;;;;;;;;;;;;;;;;;;;
;;;;;;;;;;;;;;;;;;;;;;;
;;;;;;;;;;;;;;;;;;;;;;;
;;;;;;;;;;;;;;;;;;;;;;;
;;;;;;;;;;;;;;;;;;;;;;;
;;;;;;;;;;;;;;;;;;;;;;;
;;;;;;;;;;;;;;;;;;;;;;;
;;;;;;;;;;;;;;;;;;;;;;;
;;;;;;;;;;;;;;;;;;;;;;;
;;;;;;;;;;;;;;;;;;;;;;;
;;;;;;;;;;;;;;;;;;;;;;;
;;;;;;;;;;;;;;;;;;;;;;;
;;;;;;;;;;;;;;;;;;;;;;;
;;;;;;;;;;;;;;;;;;;;;;;
;;;;;;;;;;;;;;;;;;;;;;;
;;;;;;;;;;;;;;;;;;;;;;;
;;;;;;;;;;;;;;;;;;;;;;;
;;;;;;;;;;;;;;;;;;;;;;;
;;;;;;;;;;;;;;;;;;;;;;;
;;;;;;;;;;;;;;;;;;;;;;;
;;;;;;;;;;;;;;;;;;;;;;;
;;;;;;;;;;;;;;;;;;;;;;;
;;;;;;;;;;;;;;;;;;;;;;;
;;;;;;;;;;;;;;;;;;;;;;;
;;;;;;;;;;;;;;;;;;;;;;;
;;;;;;;;;;;;;;;;;;;;;;;
;;;;;;;;;;;;;;;;;;;;;;;
;;;;;;;;;;;;;;;;;;;;;;;
;;;;;;;;;;;;;;;;;;;;;;;
;;;;;;;;;;;;;;;;;;;;;;;
;;;;;;;;;;;;;;;;;;;;;;;
;;;;;;;;;;;;;;;;;;;;;;;
;;;;;;;;;;;;;;;;;;;;;;;
;;;;;;;;;;;;;;;;;;;;;;;
;;;;;;;;;;;;;;;;;;;;;;;
;;;;;;;;;;;;;;;;;;;;;;;
;;;;;;;;;;;;;;;;;;;;;;;
;;;;;;;;;;;;;;;;;;;;;;;
;;;;;;;;;;;;;;;;;;;;;;;
;;;;;;;;;;;;;;;;;;;;;;;
;;;;;;;;;;;;;;;;;;;;;;;
;;;;;;;;;;;;;;;;;;;;;;;
;;;;;;;;;;;;;;;;;;;;;;;
;;;;;;;;;;;;;;;;;;;;;;;
;;;;;;;;;;;;;;;;;;;;;;;
;;;;;;;;;;;;;;;;;;;;;;;
;;;;;;;;;;;;;;;;;;;;;;;
;;;;;;;;;;;;;;;;;;;;;;;
;;;;;;;;;;;;;;;;;;;;;;;
;;;;;;;;;;;;;;;;;;;;;;;
;;;;;;;;;;;;;;;;;;;;;;;
;;;;;;;;;;;;;;;;;;;;;;;
;;;;;;;;;;;;;;;;;;;;;;;
;;;;;;;;;;;;;;;;;;;;;;;
;;;;;;;;;;;;;;;;;;;;;;;
;;;;;;;;;;;;;;;;;;;;;;;
;;;;;;;;;;;;;;;;;;;;;;;
;;;;;;;;;;;;;;;;;;;;;;;
;;;;;;;;;;;;;;;;;;;;;;;
;;;;;;;;;;;;;;;;;;;;;;;
;;;;;;;;;;;;;;;;;;;;;;;
;;;;;;;;;;;;;;;;;;;;;;;
;;;;;;;;;;;;;;;;;;;;;;;
;;;;;;;;;;;;;;;;;;;;;;;
;;;;;;;;;;;;;;;;;;;;;;;
;;;;;;;;;;;;;;;;;;;;;;;
;;;;;;;;;;;;;;;;;;;;;;;
;;;;;;;;;;;;;;;;;;;;;;;
;;;;;;;;;;;;;;;;;;;;;;;
;;;;;;;;;;;;;;;;;;;;;;;
;;;;;;;;;;;;;;;;;;;;;;;
;;;;;;;;;;;;;;;;;;;;;;;
;;;;;;;;;;;;;;;;;;;;;;;
;;;;;;;;;;;;;;;;;;;;;;;
;;;;;;;;;;;;;;;;;;;;;;;
;;;;;;;;;;;;;;;;;;;;;;;
;;;;;;;;;;;;;;;;;;;;;;;
;;;;;;;;;;;;;;;;;;;;;;;
;;;;;;;;;;;;;;;;;;;;;;;
;;;;;;;;;;;;;;;;;;;;;;;
;;;;;;;;;;;;;;;;;;;;;;;
;;;;;;;;;;;;;;;;;;;;;;;
;;;;;;;;;;;;;;;;;;;;;;;
;;;;;;;;;;;;;;;;;;;;;;;
;;;;;;;;;;;;;;;;;;;;;;;
;;;;;;;;;;;;;;;;;;;;;;;
;;;;;;;;;;;;;;;;;;;;;;;
;;;;;;;;;;;;;;;;;;;;;;;
;;;;;;;;;;;;;;;;;;;;;;;
;;;;;;;;;;;;;;;;;;;;;;;
;;;;;;;;;;;;;;;;;;;;;;;
;;;;;;;;;;;;;;;;;;;;;;;
;;;;;;;;;;;;;;;;;;;;;;;
;;;;;;;;;;;;;;;;;;;;;;;
;;;;;;;;;;;;;;;;;;;;;;;
;;;;;;;;;;;;;;;;;;;;;;;
;;;;;;;;;;;;;;;;;;;;;;;
;;;;;;;;;;;;;;;;;;;;;;;
;;;;;;;;;;;;;;;;;;;;;;;
;;;;;;;;;;;;;;;;;;;;;;;
;;;;;;;;;;;;;;;;;;;;;;;
;;;;;;;;;;;;;;;;;;;;;;;
;;;;;;;;;;;;;;;;;;;;;;;
;;;;;;;;;;;;;;;;;;;;;;;
;;;;;;;;;;;;;;;;;;;;;;;
;;;;;;;;;;;;;;;;;;;;;;;
;;;;;;;;;;;;;;;;;;;;;;;
;;;;;;;;;;;;;;;;;;;;;;;
;;;;;;;;;;;;;;;;;;;;;;;
;;;;;;;;;;;;;;;;;;;;;;;
;;;;;;;;;;;;;;;;;;;;;;;
;;;;;;;;;;;;;;;;;;;;;;;
;;;;;;;;;;;;;;;;;;;;;;;
;;;;;;;;;;;;;;;;;;;;;;;
;;;;;;;;;;;;;;;;;;;;;;;
;;;;;;;;;;;;;;;;;;;;;;;
;;;;;;;;;;;;;;;;;;;;;;;
;;;;;;;;;;;;;;;;;;;;;;;
;;;;;;;;;;;;;;;;;;;;;;;
;;;;;;;;;;;;;;;;;;;;;;;
;;;;;;;;;;;;;;;;;;;;;;;
;;;;;;;;;;;;;;;;;;;;;;;
;;;;;;;;;;;;;;;;;;;;;;;
;;;;;;;;;;;;;;;;;;;;;;;
;;;;;;;;;;;;;;;;;;;;;;;
;;;;;;;;;;;;;;;;;;;;;;;
;;;;;;;;;;;;;;;;;;;;;;;
;;;;;;;;;;;;;;;;;;;;;;;
;;;;;;;;;;;;;;;;;;;;;;;
;;;;;;;;;;;;;;;;;;;;;;;
;;;;;;;;;;;;;;;;;;;;;;;
;;;;;;;;;;;;;;;;;;;;;;;
;;;;;;;;;;;;;;;;;;;;;;;
;;;;;;;;;;;;;;;;;;;;;;;
;;;;;;;;;;;;;;;;;;;;;;;
;;;;;;;;;;;;;;;;;;;;;;;
;;;;;;;;;;;;;;;;;;;;;;;
;;;;;;;;;;;;;;;;;;;;;;;
;;;;;;;;;;;;;;;;;;;;;;;
;;;;;;;;;;;;;;;;;;;;;;;
;;;;;;;;;;;;;;;;;;;;;;;
;;;;;;;;;;;;;;;;;;;;;;;
;;;;;;;;;;;;;;;;;;;;;;;
;;;;;;;;;;;;;;;;;;;;;;;
;;;;;;;;;;;;;;;;;;;;;;;
;;;;;;;;;;;;;;;;;;;;;;;
;;;;;;;;;;;;;;;;;;;;;;;
;;;;;;;;;;;;;;;;;;;;;;;
;;;;;;;;;;;;;;;;;;;;;;;
;;;;;;;;;;;;;;;;;;;;;;;
;;;;;;;;;;;;;;;;;;;;;;;
;;;;;;;;;;;;;;;;;;;;;;;
;;;;;;;;;;;;;;;;;;;;;;;
;;;;;;;;;;;;;;;;;;;;;;;
;;;;;;;;;;;;;;;;;;;;;;;
;;;;;;;;;;;;;;;;;;;;;;;
;;;;;;;;;;;;;;;;;;;;;;;
;;;;;;;;;;;;;;;;;;;;;;;
;;;;;;;;;;;;;;;;;;;;;;;
;;;;;;;;;;;;;;;;;;;;;;;
;;;;;;;;;;;;;;;;;;;;;;;
;;;;;;;;;;;;;;;;;;;;;;;
;;;;;;;;;;;;;;;;;;;;;;;
;;;;;;;;;;;;;;;;;;;;;;;
;;;;;;;;;;;;;;;;;;;;;;;
;;;;;;;;;;;;;;;;;;;;;;;
;;;;;;;;;;;;;;;;;;;;;;;
;;;;;;;;;;;;;;;;;;;;;;;
;;;;;;;;;;;;;;;;;;;;;;;
;;;;;;;;;;;;;;;;;;;;;;;
;;;;;;;;;;;;;;;;;;;;;;;
;;;;;;;;;;;;;;;;;;;;;;;
;;;;;;;;;;;;;;;;;;;;;;;
;;;;;;;;;;;;;;;;;;;;;;;
;;;;;;;;;;;;;;;;;;;;;;;
;;;;;;;;;;;;;;;;;;;;;;;
;;;;;;;;;;;;;;;;;;;;;;;
;;;;;;;;;;;;;;;;;;;;;;;
;;;;;;;;;;;;;;;;;;;;;;;
;;;;;;;;;;;;;;;;;;;;;;;
;;;;;;;;;;;;;;;;;;;;;;;
;;;;;;;;;;;;;;;;;;;;;;;
;;;;;;;;;;;;;;;;;;;;;;;
;;;;;;;;;;;;;;;;;;;;;;;
;;;;;;;;;;;;;;;;;;;;;;;
;;;;;;;;;;;;;;;;;;;;;;;
;;;;;;;;;;;;;;;;;;;;;;;
;;;;;;;;;;;;;;;;;;;;;;;
;;;;;;;;;;;;;;;;;;;;;;;
;;;;;;;;;;;;;;;;;;;;;;;
;;;;;;;;;;;;;;;;;;;;;;;
;;;;;;;;;;;;;;;;;;;;;;;
;;;;;;;;;;;;;;;;;;;;;;;
;;;;;;;;;;;;;;;;;;;;;;;
;;;;;;;;;;;;;;;;;;;;;;;
;;;;;;;;;;;;;;;;;;;;;;;
;;;;;;;;;;;;;;;;;;;;;;;
;;;;;;;;;;;;;;;;;;;;;;;
;;;;;;;;;;;;;;;;;;;;;;;
;;;;;;;;;;;;;;;;;;;;;;;
;;;;;;;;;;;;;;;;;;;;;;;
;;;;;;;;;;;;;;;;;;;;;;;
;;;;;;;;;;;;;;;;;;;;;;;
;;;;;;;;;;;;;;;;;;;;;;;
;;;;;;;;;;;;;;;;;;;;;;;
;;;;;;;;;;;;;;;;;;;;;;;
;;;;;;;;;;;;;;;;;;;;;;;
;;;;;;;;;;;;;;;;;;;;;;;
;;;;;;;;;;;;;;;;;;;;;;;
;;;;;;;;;;;;;;;;;;;;;;;
;;;;;;;;;;;;;;;;;;;;;;;
;;;;;;;;;;;;;;;;;;;;;;;
;;;;;;;;;;;;;;;;;;;;;;;
;;;;;;;;;;;;;;;;;;;;;;;
;;;;;;;;;;;;;;;;;;;;;;;
;;;;;;;;;;;;;;;;;;;;;;;
;;;;;;;;;;;;;;;;;;;;;;;
;;;;;;;;;;;;;;;;;;;;;;;
;;;;;;;;;;;;;;;;;;;;;;;
;;;;;;;;;;;;;;;;;;;;;;;
;;;;;;;;;;;;;;;;;;;;;;;
;;;;;;;;;;;;;;;;;;;;;;;
;;;;;;;;;;;;;;;;;;;;;;;
;;;;;;;;;;;;;;;;;;;;;;;
;;;;;;;;;;;;;;;;;;;;;;;
;;;;;;;;;;;;;;;;;;;;;;;
;;;;;;;;;;;;;;;;;;;;;;;
;;;;;;;;;;;;;;;;;;;;;;;
;;;;;;;;;;;;;;;;;;;;;;;
;;;;;;;;;;;;;;;;;;;;;;;
;;;;;;;;;;;;;;;;;;;;;;;
;;;;;;;;;;;;;;;;;;;;;;;
;;;;;;;;;;;;;;;;;;;;;;;
;;;;;;;;;;;;;;;;;;;;;;;
;;;;;;;;;;;;;;;;;;;;;;;
;;;;;;;;;;;;;;;;;;;;;;;
;;;;;;;;;;;;;;;;;;;;;;;
;;;;;;;;;;;;;;;;;;;;;;;
;;;;;;;;;;;;;;;;;;;;;;;
;;;;;;;;;;;;;;;;;;;;;;;
;;;;;;;;;;;;;;;;;;;;;;;
;;;;;;;;;;;;;;;;;;;;;;;
;;;;;;;;;;;;;;;;;;;;;;;
;;;;;;;;;;;;;;;;;;;;;;;
;;;;;;;;;;;;;;;;;;;;;;;
;;;;;;;;;;;;;;;;;;;;;;;
;;;;;;;;;;;;;;;;;;;;;;;
;;;;;;;;;;;;;;;;;;;;;;;
;;;;;;;;;;;;;;;;;;;;;;;
;;;;;;;;;;;;;;;;;;;;;;;
;;;;;;;;;;;;;;;;;;;;;;;
;;;;;;;;;;;;;;;;;;;;;;;
;;;;;;;;;;;;;;;;;;;;;;;
;;;;;;;;;;;;;;;;;;;;;;;
;;;;;;;;;;;;;;;;;;;;;;;
;;;;;;;;;;;;;;;;;;;;;;;
;;;;;;;;;;;;;;;;;;;;;;;
;;;;;;;;;;;;;;;;;;;;;;;
;;;;;;;;;;;;;;;;;;;;;;;
;;;;;;;;;;;;;;;;;;;;;;;
;;;;;;;;;;;;;;;;;;;;;;;
;;;;;;;;;;;;;;;;;;;;;;;
;;;;;;;;;;;;;;;;;;;;;;;
;;;;;;;;;;;;;;;;;;;;;;;
;;;;;;;;;;;;;;;;;;;;;;;
;;;;;;;;;;;;;;;;;;;;;;;
;;;;;;;;;;;;;;;;;;;;;;;
;;;;;;;;;;;;;;;;;;;;;;;
;;;;;;;;;;;;;;;;;;;;;;;
;;;;;;;;;;;;;;;;;;;;;;;
;;;;;;;;;;;;;;;;;;;;;;;
;;;;;;;;;;;;;;;;;;;;;;;
;;;;;;;;;;;;;;;;;;;;;;;
;;;;;;;;;;;;;;;;;;;;;;;
;;;;;;;;;;;;;;;;;;;;;;;
;;;;;;;;;;;;;;;;;;;;;;;
;;;;;;;;;;;;;;;;;;;;;;;
;;;;;;;;;;;;;;;;;;;;;;;
;;;;;;;;;;;;;;;;;;;;;;;
;;;;;;;;;;;;;;;;;;;;;;;
;;;;;;;;;;;;;;;;;;;;;;;
;;;;;;;;;;;;;;;;;;;;;;;
;;;;;;;;;;;;;;;;;;;;;;;
;;;;;;;;;;;;;;;;;;;;;;;
;;;;;;;;;;;;;;;;;;;;;;;
;;;;;;;;;;;;;;;;;;;;;;;
;;;;;;;;;;;;;;;;;;;;;;;
;;;;;;;;;;;;;;;;;;;;;;;
;;;;;;;;;;;;;;;;;;;;;;;
;;;;;;;;;;;;;;;;;;;;;;;
;;;;;;;;;;;;;;;;;;;;;;;
;;;;;;;;;;;;;;;;;;;;;;;
;;;;;;;;;;;;;;;;;;;;;;;
;;;;;;;;;;;;;;;;;;;;;;;
;;;;;;;;;;;;;;;;;;;;;;;
;;;;;;;;;;;;;;;;;;;;;;;
;;;;;;;;;;;;;;;;;;;;;;;
;;;;;;;;;;;;;;;;;;;;;;;
;;;;;;;;;;;;;;;;;;;;;;;
;;;;;;;;;;;;;;;;;;;;;;;
;;;;;;;;;;;;;;;;;;;;;;;
;;;;;;;;;;;;;;;;;;;;;;;
;;;;;;;;;;;;;;;;;;;;;;;
;;;;;;;;;;;;;;;;;;;;;;;
;;;;;;;;;;;;;;;;;;;;;;;
;;;;;;;;;;;;;;;;;;;;;;;
;;;;;;;;;;;;;;;;;;;;;;;
;;;;;;;;;;;;;;;;;;;;;;;
;;;;;;;;;;;;;;;;;;;;;;;
;;;;;;;;;;;;;;;;;;;;;;;
;;;;;;;;;;;;;;;;;;;;;;;
;;;;;;;;;;;;;;;;;;;;;;;
;;;;;;;;;;;;;;;;;;;;;;;
;;;;;;;;;;;;;;;;;;;;;;;
;;;;;;;;;;;;;;;;;;;;;;;
;;;;;;;;;;;;;;;;;;;;;;;
;;;;;;;;;;;;;;;;;;;;;;;
;;;;;;;;;;;;;;;;;;;;;;;
;;;;;;;;;;;;;;;;;;;;;;;
;;;;;;;;;;;;;;;;;;;;;;;
;;;;;;;;;;;;;;;;;;;;;;;
;;;;;;;;;;;;;;;;;;;;;;;
;;;;;;;;;;;;;;;;;;;;;;;
;;;;;;;;;;;;;;;;;;;;;;;
;;;;;;;;;;;;;;;;;;;;;;;
;;;;;;;;;;;;;;;;;;;;;;;
;;;;;;;;;;;;;;;;;;;;;;;
;;;;;;;;;;;;;;;;;;;;;;;
;;;;;;;;;;;;;;;;;;;;;;;
;;;;;;;;;;;;;;;;;;;;;;;
;;;;;;;;;;;;;;;;;;;;;;;
;;;;;;;;;;;;;;;;;;;;;;;
;;;;;;;;;;;;;;;;;;;;;;;
;;;;;;;;;;;;;;;;;;;;;;;
;;;;;;;;;;;;;;;;;;;;;;;
;;;;;;;;;;;;;;;;;;;;;;;
;;;;;;;;;;;;;;;;;;;;;;;
;;;;;;;;;;;;;;;;;;;;;;;
;;;;;;;;;;;;;;;;;;;;;;;
;;;;;;;;;;;;;;;;;;;;;;;
;;;;;;;;;;;;;;;;;;;;;;;
;;;;;;;;;;;;;;;;;;;;;;;
;;;;;;;;;;;;;;;;;;;;;;;
;;;;;;;;;;;;;;;;;;;;;;;
;;;;;;;;;;;;;;;;;;;;;;;
;;;;;;;;;;;;;;;;;;;;;;;
;;;;;;;;;;;;;;;;;;;;;;;
;;;;;;;;;;;;;;;;;;;;;;;
;;;;;;;;;;;;;;;;;;;;;;;
;;;;;;;;;;;;;;;;;;;;;;;
;;;;;;;;;;;;;;;;;;;;;;;
;;;;;;;;;;;;;;;;;;;;;;;
;;;;;;;;;;;;;;;;;;;;;;;
;;;;;;;;;;;;;;;;;;;;;;;
;;;;;;;;;;;;;;;;;;;;;;;
;;;;;;;;;;;;;;;;;;;;;;;
;;;;;;;;;;;;;;;;;;;;;;;
;;;;;;;;;;;;;;;;;;;;;;;
;;;;;;;;;;;;;;;;;;;;;;;
;;;;;;;;;;;;;;;;;;;;;;;
;;;;;;;;;;;;;;;;;;;;;;;
;;;;;;;;;;;;;;;;;;;;;;;
;;;;;;;;;;;;;;;;;;;;;;;
;;;;;;;;;;;;;;;;;;;;;;;
;;;;;;;;;;;;;;;;;;;;;;;
;;;;;;;;;;;;;;;;;;;;;;;
;;;;;;;;;;;;;;;;;;;;;;;
;;;;;;;;;;;;;;;;;;;;;;;
;;;;;;;;;;;;;;;;;;;;;;;
;;;;;;;;;;;;;;;;;;;;;;;
;;;;;;;;;;;;;;;;;;;;;;;
;;;;;;;;;;;;;;;;;;;;;;;
;;;;;;;;;;;;;;;;;;;;;;;
;;;;;;;;;;;;;;;;;;;;;;;
;;;;;;;;;;;;;;;;;;;;;;;
;;;;;;;;;;;;;;;;;;;;;;;
;;;;;;;;;;;;;;;;;;;;;;;
;;;;;;;;;;;;;;;;;;;;;;;
;;;;;;;;;;;;;;;;;;;;;;;
;;;;;;;;;;;;;;;;;;;;;;;
;;;;;;;;;;;;;;;;;;;;;;;
;;;;;;;;;;;;;;;;;;;;;;;
;;;;;;;;;;;;;;;;;;;;;;;
;;;;;;;;;;;;;;;;;;;;;;;
;;;;;;;;;;;;;;;;;;;;;;;
;;;;;;;;;;;;;;;;;;;;;;;
;;;;;;;;;;;;;;;;;;;;;;;
;;;;;;;;;;;;;;;;;;;;;;;
;;;;;;;;;;;;;;;;;;;;;;;
;;;;;;;;;;;;;;;;;;;;;;;
;;;;;;;;;;;;;;;;;;;;;;;
;;;;;;;;;;;;;;;;;;;;;;;
;;;;;;;;;;;;;;;;;;;;;;;
;;;;;;;;;;;;;;;;;;;;;;;
;;;;;;;;;;;;;;;;;;;;;;;
;;;;;;;;;;;;;;;;;;;;;;;
;;;;;;;;;;;;;;;;;;;;;;;
;;;;;;;;;;;;;;;;;;;;;;;
;;;;;;;;;;;;;;;;;;;;;;;
;;;;;;;;;;;;;;;;;;;;;;;
;;;;;;;;;;;;;;;;;;;;;;;
;;;;;;;;;;;;;;;;;;;;;;;
;;;;;;;;;;;;;;;;;;;;;;;
;;;;;;;;;;;;;;;;;;;;;;;
;;;;;;;;;;;;;;;;;;;;;;;
;;;;;;;;;;;;;;;;;;;;;;;
;;;;;;;;;;;;;;;;;;;;;;;
;;;;;;;;;;;;;;;;;;;;;;;
;;;;;;;;;;;;;;;;;;;;;;;
;;;;;;;;;;;;;;;;;;;;;;;
;;;;;;;;;;;;;;;;;;;;;;;
;;;;;;;;;;;;;;;;;;;;;;;
;;;;;;;;;;;;;;;;;;;;;;;
;;;;;;;;;;;;;;;;;;;;;;;
;;;;;;;;;;;;;;;;;;;;;;;
;;;;;;;;;;;;;;;;;;;;;;;
;;;;;;;;;;;;;;;;;;;;;;;
;;;;;;;;;;;;;;;;;;;;;;;
;;;;;;;;;;;;;;;;;;;;;;;
;;;;;;;;;;;;;;;;;;;;;;;
;;;;;;;;;;;;;;;;;;;;;;;
;;;;;;;;;;;;;;;;;;;;;;;
;;;;;;;;;;;;;;;;;;;;;;;
;;;;;;;;;;;;;;;;;;;;;;;
;;;;;;;;;;;;;;;;;;;;;;;
;;;;;;;;;;;;;;;;;;;;;;;
;;;;;;;;;;;;;;;;;;;;;;;
;;;;;;;;;;;;;;;;;;;;;;;
;;;;;;;;;;;;;;;;;;;;;;;
;;;;;;;;;;;;;;;;;;;;;;;
;;;;;;;;;;;;;;;;;;;;;;;
;;;;;;;;;;;;;;;;;;;;;;;
;;;;;;;;;;;;;;;;;;;;;;;
;;;;;;;;;;;;;;;;;;;;;;;
;;;;;;;;;;;;;;;;;;;;;;;
;;;;;;;;;;;;;;;;;;;;;;;
;;;;;;;;;;;;;;;;;;;;;;;
;;;;;;;;;;;;;;;;;;;;;;;
;;;;;;;;;;;;;;;;;;;;;;;
;;;;;;;;;;;;;;;;;;;;;;;
;;;;;;;;;;;;;;;;;;;;;;;
;;;;;;;;;;;;;;;;;;;;;;;
;;;;;;;;;;;;;;;;;;;;;;;
;;;;;;;;;;;;;;;;;;;;;;;
;;;;;;;;;;;;;;;;;;;;;;;
;;;;;;;;;;;;;;;;;;;;;;;
;;;;;;;;;;;;;;;;;;;;;;;
;;;;;;;;;;;;;;;;;;;;;;;
;;;;;;;;;;;;;;;;;;;;;;;
;;;;;;;;;;;;;;;;;;;;;;;
;;;;;;;;;;;;;;;;;;;;;;;
;;;;;;;;;;;;;;;;;;;;;;;
;;;;;;;;;;;;;;;;;;;;;;;
;;;;;;;;;;;;;;;;;;;;;;;
;;;;;;;;;;;;;;;;;;;;;;;
;;;;;;;;;;;;;;;;;;;;;;;
;;;;;;;;;;;;;;;;;;;;;;;
;;;;;;;;;;;;;;;;;;;;;;;
;;;;;;;;;;;;;;;;;;;;;;;
;;;;;;;;;;;;;;;;;;;;;;;
;;;;;;;;;;;;;;;;;;;;;;;
;;;;;;;;;;;;;;;;;;;;;;;
;;;;;;;;;;;;;;;;;;;;;;;
;;;;;;;;;;;;;;;;;;;;;;;
;;;;;;;;;;;;;;;;;;;;;;;
;;;;;;;;;;;;;;;;;;;;;;;
;;;;;;;;;;;;;;;;;;;;;;;
;;;;;;;;;;;;;;;;;;;;;;;
;;;;;;;;;;;;;;;;;;;;;;;
;;;;;;;;;;;;;;;;;;;;;;;
;;;;;;;;;;;;;;;;;;;;;;;
;;;;;;;;;;;;;;;;;;;;;;;
;;;;;;;;;;;;;;;;;;;;;;;
;;;;;;;;;;;;;;;;;;;;;;;
;;;;;;;;;;;;;;;;;;;;;;;
;;;;;;;;;;;;;;;;;;;;;;;
;;;;;;;;;;;;;;;;;;;;;;;
;;;;;;;;;;;;;;;;;;;;;;;
;;;;;;;;;;;;;;;;;;;;;;;
;;;;;;;;;;;;;;;;;;;;;;;
;;;;;;;;;;;;;;;;;;;;;;;
;;;;;;;;;;;;;;;;;;;;;;;
;;;;;;;;;;;;;;;;;;;;;;;
;;;;;;;;;;;;;;;;;;;;;;;
;;;;;;;;;;;;;;;;;;;;;;;
;;;;;;;;;;;;;;;;;;;;;;;
;;;;;;;;;;;;;;;;;;;;;;;
;;;;;;;;;;;;;;;;;;;;;;;
;;;;;;;;;;;;;;;;;;;;;;;
;;;;;;;;;;;;;;;;;;;;;;;
;;;;;;;;;;;;;;;;;;;;;;;
;;;;;;;;;;;;;;;;;;;;;;;
;;;;;;;;;;;;;;;;;;;;;;;
;;;;;;;;;;;;;;;;;;;;;;;
;;;;;;;;;;;;;;;;;;;;;;;
;;;;;;;;;;;;;;;;;;;;;;;
;;;;;;;;;;;;;;;;;;;;;;;
;;;;;;;;;;;;;;;;;;;;;;;
;;;;;;;;;;;;;;;;;;;;;;;
;;;;;;;;;;;;;;;;;;;;;;;
;;;;;;;;;;;;;;;;;;;;;;;
;;;;;;;;;;;;;;;;;;;;;;;
;;;;;;;;;;;;;;;;;;;;;;;
;;;;;;;;;;;;;;;;;;;;;;;
;;;;;;;;;;;;;;;;;;;;;;;
;;;;;;;;;;;;;;;;;;;;;;;
;;;;;;;;;;;;;;;;;;;;;;;
;;;;;;;;;;;;;;;;;;;;;;;
;;;;;;;;;;;;;;;;;;;;;;;
;;;;;;;;;;;;;;;;;;;;;;;
;;;;;;;;;;;;;;;;;;;;;;;
;;;;;;;;;;;;;;;;;;;;;;;
;;;;;;;;;;;;;;;;;;;;;;;
;;;;;;;;;;;;;;;;;;;;;;;
;;;;;;;;;;;;;;;;;;;;;;;
;;;;;;;;;;;;;;;;;;;;;;;
;;;;;;;;;;;;;;;;;;;;;;;
;;;;;;;;;;;;;;;;;;;;;;;
;;;;;;;;;;;;;;;;;;;;;;;
;;;;;;;;;;;;;;;;;;;;;;;
;;;;;;;;;;;;;;;;;;;;;;;
;;;;;;;;;;;;;;;;;;;;;;;
;;;;;;;;;;;;;;;;;;;;;;;
;;;;;;;;;;;;;;;;;;;;;;;
;;;;;;;;;;;;;;;;;;;;;;;
;;;;;;;;;;;;;;;;;;;;;;;
;;;;;;;;;;;;;;;;;;;;;;;
;;;;;;;;;;;;;;;;;;;;;;;
;;;;;;;;;;;;;;;;;;;;;;;
;;;;;;;;;;;;;;;;;;;;;;;
;;;;;;;;;;;;;;;;;;;;;;;
;;;;;;;;;;;;;;;;;;;;;;;
;;;;;;;;;;;;;;;;;;;;;;;
;;;;;;;;;;;;;;;;;;;;;;;
;;;;;;;;;;;;;;;;;;;;;;;
;;;;;;;;;;;;;;;;;;;;;;;
;;;;;;;;;;;;;;;;;;;;;;;
;;;;;;;;;;;;;;;;;;;;;;;
;;;;;;;;;;;;;;;;;;;;;;;
;;;;;;;;;;;;;;;;;;;;;;;
;;;;;;;;;;;;;;;;;;;;;;;
;;;;;;;;;;;;;;;;;;;;;;;
;;;;;;;;;;;;;;;;;;;;;;;
;;;;;;;;;;;;;;;;;;;;;;;
;;;;;;;;;;;;;;;;;;;;;;;
;;;;;;;;;;;;;;;;;;;;;;;
;;;;;;;;;;;;;;;;;;;;;;;
;;;;;;;;;;;;;;;;;;;;;;;
;;;;;;;;;;;;;;;;;;;;;;;
;;;;;;;;;;;;;;;;;;;;;;;
;;;;;;;;;;;;;;;;;;;;;;;
;;;;;;;;;;;;;;;;;;;;;;;
;;;;;;;;;;;;;;;;;;;;;;;
;;;;;;;;;;;;;;;;;;;;;;;
;;;;;;;;;;;;;;;;;;;;;;;
;;;;;;;;;;;;;;;;;;;;;;;
;;;;;;;;;;;;;;;;;;;;;;;
;;;;;;;;;;;;;;;;;;;;;;;
;;;;;;;;;;;;;;;;;;;;;;;
;;;;;;;;;;;;;;;;;;;;;;;
;;;;;;;;;;;;;;;;;;;;;;;
;;;;;;;;;;;;;;;;;;;;;;;
;;;;;;;;;;;;;;;;;;;;;;;
;;;;;;;;;;;;;;;;;;;;;;;
;;;;;;;;;;;;;;;;;;;;;;;
;;;;;;;;;;;;;;;;;;;;;;;
;;;;;;;;;;;;;;;;;;;;;;;
;;;;;;;;;;;;;;;;;;;;;;;
;;;;;;;;;;;;;;;;;;;;;;;
;;;;;;;;;;;;;;;;;;;;;;;
;;;;;;;;;;;;;;;;;;;;;;;
;;;;;;;;;;;;;;;;;;;;;;;
;;;;;;;;;;;;;;;;;;;;;;;
;;;;;;;;;;;;;;;;;;;;;;;
;;;;;;;;;;;;;;;;;;;;;;;
;;;;;;;;;;;;;;;;;;;;;;;
;;;;;;;;;;;;;;;;;;;;;;;
;;;;;;;;;;;;;;;;;;;;;;;
;;;;;;;;;;;;;;;;;;;;;;;
;;;;;;;;;;;;;;;;;;;;;;;
;;;;;;;;;;;;;;;;;;;;;;;
;;;;;;;;;;;;;;;;;;;;;;;
;;;;;;;;;;;;;;;;;;;;;;;
;;;;;;;;;;;;;;;;;;;;;;;
;;;;;;;;;;;;;;;;;;;;;;;
;;;;;;;;;;;;;;;;;;;;;;;
;;;;;;;;;;;;;;;;;;;;;;;
;;;;;;;;;;;;;;;;;;;;;;;
;;;;;;;;;;;;;;;;;;;;;;;
;;;;;;;;;;;;;;;;;;;;;;;
;;;;;;;;;;;;;;;;;;;;;;;
;;;;;;;;;;;;;;;;;;;;;;;
;;;;;;;;;;;;;;;;;;;;;;;
;;;;;;;;;;;;;;;;;;;;;;;
;;;;;;;;;;;;;;;;;;;;;;;
;;;;;;;;;;;;;;;;;;;;;;;
;;;;;;;;;;;;;;;;;;;;;;;
;;;;;;;;;;;;;;;;;;;;;;;
;;;;;;;;;;;;;;;;;;;;;;;
;;;;;;;;;;;;;;;;;;;;;;;
;;;;;;;;;;;;;;;;;;;;;;;
;;;;;;;;;;;;;;;;;;;;;;;
;;;;;;;;;;;;;;;;;;;;;;;
;;;;;;;;;;;;;;;;;;;;;;;
;;;;;;;;;;;;;;;;;;;;;;;
;;;;;;;;;;;;;;;;;;;;;;;
;;;;;;;;;;;;;;;;;;;;;;;
;;;;;;;;;;;;;;;;;;;;;;;
;;;;;;;;;;;;;;;;;;;;;;;
;;;;;;;;;;;;;;;;;;;;;;;
;;;;;;;;;;;;;;;;;;;;;;;
;;;;;;;;;;;;;;;;;;;;;;;
;;;;;;;;;;;;;;;;;;;;;;;
;;;;;;;;;;;;;;;;;;;;;;;
;;;;;;;;;;;;;;;;;;;;;;;
;;;;;;;;;;;;;;;;;;;;;;;
;;;;;;;;;;;;;;;;;;;;;;;
;;;;;;;;;;;;;;;;;;;;;;;
;;;;;;;;;;;;;;;;;;;;;;;
;;;;;;;;;;;;;;;;;;;;;;;
;;;;;;;;;;;;;;;;;;;;;;;
;;;;;;;;;;;;;;;;;;;;;;;
;;;;;;;;;;;;;;;;;;;;;;;
;;;;;;;;;;;;;;;;;;;;;;;
;;;;;;;;;;;;;;;;;;;;;;;
;;;;;;;;;;;;;;;;;;;;;;;
;;;;;;;;;;;;;;;;;;;;;;;
;;;;;;;;;;;;;;;;;;;;;;;
;;;;;;;;;;;;;;;;;;;;;;;
;;;;;;;;;;;;;;;;;;;;;;;
;;;;;;;;;;;;;;;;;;;;;;;
;;;;;;;;;;;;;;;;;;;;;;;
;;;;;;;;;;;;;;;;;;;;;;;
;;;;;;;;;;;;;;;;;;;;;;;
;;;;;;;;;;;;;;;;;;;;;;;
;;;;;;;;;;;;;;;;;;;;;;;
;;;;;;;;;;;;;;;;;;;;;;;
;;;;;;;;;;;;;;;;;;;;;;;
;;;;;;;;;;;;;;;;;;;;;;;
;;;;;;;;;;;;;;;;;;;;;;;
;;;;;;;;;;;;;;;;;;;;;;;
;;;;;;;;;;;;;;;;;;;;;;;
;;;;;;;;;;;;;;;;;;;;;;;
;;;;;;;;;;;;;;;;;;;;;;;
;;;;;;;;;;;;;;;;;;;;;;;
;;;;;;;;;;;;;;;;;;;;;;;
;;;;;;;;;;;;;;;;;;;;;;;
;;;;;;;;;;;;;;;;;;;;;;;
;;;;;;;;;;;;;;;;;;;;;;;
;;;;;;;;;;;;;;;;;;;;;;;
;;;;;;;;;;;;;;;;;;;;;;;
;;;;;;;;;;;;;;;;;;;;;;;
;;;;;;;;;;;;;;;;;;;;;;;
;;;;;;;;;;;;;;;;;;;;;;;
;;;;;;;;;;;;;;;;;;;;;;;
;;;;;;;;;;;;;;;;;;;;;;;
;;;;;;;;;;;;;;;;;;;;;;;
;;;;;;;;;;;;;;;;;;;;;;;
;;;;;;;;;;;;;;;;;;;;;;;
;;;;;;;;;;;;;;;;;;;;;;;
;;;;;;;;;;;;;;;;;;;;;;;
;;;;;;;;;;;;;;;;;;;;;;;
;;;;;;;;;;;;;;;;;;;;;;;
;;;;;;;;;;;;;;;;;;;;;;;
;;;;;;;;;;;;;;;;;;;;;;;
;;;;;;;;;;;;;;;;;;;;;;;
;;;;;;;;;;;;;;;;;;;;;;;
;;;;;;;;;;;;;;;;;;;;;;;
;;;;;;;;;;;;;;;;;;;;;;;
;;;;;;;;;;;;;;;;;;;;;;;
;;;;;;;;;;;;;;;;;;;;;;;
;;;;;;;;;;;;;;;;;;;;;;;
;;;;;;;;;;;;;;;;;;;;;;;
;;;;;;;;;;;;;;;;;;;;;;;
;;;;;;;;;;;;;;;;;;;;;;;
;;;;;;;;;;;;;;;;;;;;;;;
;;;;;;;;;;;;;;;;;;;;;;;
;;;;;;;;;;;;;;;;;;;;;;;
;;;;;;;;;;;;;;;;;;;;;;;
;;;;;;;;;;;;;;;;;;;;;;;
;;;;;;;;;;;;;;;;;;;;;;;
;;;;;;;;;;;;;;;;;;;;;;;
;;;;;;;;;;;;;;;;;;;;;;;
;;;;;;;;;;;;;;;;;;;;;;;
;;;;;;;;;;;;;;;;;;;;;;;
;;;;;;;;;;;;;;;;;;;;;;;
;;;;;;;;;;;;;;;;;;;;;;;
;;;;;;;;;;;;;;;;;;;;;;;
;;;;;;;;;;;;;;;;;;;;;;;
;;;;;;;;;;;;;;;;;;;;;;;
;;;;;;;;;;;;;;;;;;;;;;;
;;;;;;;;;;;;;;;;;;;;;;;
;;;;;;;;;;;;;;;;;;;;;;;
;;;;;;;;;;;;;;;;;;;;;;;
;;;;;;;;;;;;;;;;;;;;;;;
;;;;;;;;;;;;;;;;;;;;;;;
;;;;;;;;;;;;;;;;;;;;;;;
;;;;;;;;;;;;;;;;;;;;;;;
;;;;;;;;;;;;;;;;;;;;;;;
;;;;;;;;;;;;;;;;;;;;;;;
;;;;;;;;;;;;;;;;;;;;;;;
;;;;;;;;;;;;;;;;;;;;;;;
;;;;;;;;;;;;;;;;;;;;;;;
;;;;;;;;;;;;;;;;;;;;;;;
;;;;;;;;;;;;;;;;;;;;;;;
;;;;;;;;;;;;;;;;;;;;;;;
;;;;;;;;;;;;;;;;;;;;;;;
;;;;;;;;;;;;;;;;;;;;;;;
;;;;;;;;;;;;;;;;;;;;;;;
;;;;;;;;;;;;;;;;;;;;;;;
;;;;;;;;;;;;;;;;;;;;;;;
;;;;;;;;;;;;;;;;;;;;;;;
;;;;;;;;;;;;;;;;;;;;;;;
;;;;;;;;;;;;;;;;;;;;;;;
;;;;;;;;;;;;;;;;;;;;;;;
;;;;;;;;;;;;;;;;;;;;;;;
;;;;;;;;;;;;;;;;;;;;;;;
;;;;;;;;;;;;;;;;;;;;;;;
;;;;;;;;;;;;;;;;;;;;;;;
;;;;;;;;;;;;;;;;;;;;;;;
;;;;;;;;;;;;;;;;;;;;;;;
;;;;;;;;;;;;;;;;;;;;;;;
;;;;;;;;;;;;;;;;;;;;;;;
;;;;;;;;;;;;;;;;;;;;;;;
;;;;;;;;;;;;;;;;;;;;;;;
;;;;;;;;;;;;;;;;;;;;;;;
;;;;;;;;;;;;;;;;;;;;;;;
;;;;;;;;;;;;;;;;;;;;;;;
;;;;;;;;;;;;;;;;;;;;;;;
;;;;;;;;;;;;;;;;;;;;;;;
;;;;;;;;;;;;;;;;;;;;;;;
;;;;;;;;;;;;;;;;;;;;;;;
;;;;;;;;;;;;;;;;;;;;;;;
;;;;;;;;;;;;;;;;;;;;;;;
;;;;;;;;;;;;;;;;;;;;;;;
;;;;;;;;;;;;;;;;;;;;;;;
;;;;;;;;;;;;;;;;;;;;;;;
;;;;;;;;;;;;;;;;;;;;;;;
;;;;;;;;;;;;;;;;;;;;;;;
;;;;;;;;;;;;;;;;;;;;;;;
;;;;;;;;;;;;;;;;;;;;;;;
;;;;;;;;;;;;;;;;;;;;;;;
;;;;;;;;;;;;;;;;;;;;;;;
;;;;;;;;;;;;;;;;;;;;;;;
;;;;;;;;;;;;;;;;;;;;;;;
;;;;;;;;;;;;;;;;;;;;;;;
;;;;;;;;;;;;;;;;;;;;;;;
;;;;;;;;;;;;;;;;;;;;;;;
;;;;;;;;;;;;;;;;;;;;;;;
;;;;;;;;;;;;;;;;;;;;;;;
;;;;;;;;;;;;;;;;;;;;;;;
;;;;;;;;;;;;;;;;;;;;;;;
;;;;;;;;;;;;;;;;;;;;;;;
;;;;;;;;;;;;;;;;;;;;;;;
;;;;;;;;;;;;;;;;;;;;;;;
;;;;;;;;;;;;;;;;;;;;;;;
;;;;;;;;;;;;;;;;;;;;;;;
;;;;;;;;;;;;;;;;;;;;;;;
;;;;;;;;;;;;;;;;;;;;;;;
;;;;;;;;;;;;;;;;;;;;;;;
;;;;;;;;;;;;;;;;;;;;;;;
;;;;;;;;;;;;;;;;;;;;;;;
;;;;;;;;;;;;;;;;;;;;;;;
;;;;;;;;;;;;;;;;;;;;;;;
;;;;;;;;;;;;;;;;;;;;;;;
;;;;;;;;;;;;;;;;;;;;;;;
;;;;;;;;;;;;;;;;;;;;;;;
;;;;;;;;;;;;;;;;;;;;;;;
;;;;;;;;;;;;;;;;;;;;;;;
;;;;;;;;;;;;;;;;;;;;;;;
;;;;;;;;;;;;;;;;;;;;;;;
;;;;;;;;;;;;;;;;;;;;;;;
;;;;;;;;;;;;;;;;;;;;;;;
;;;;;;;;;;;;;;;;;;;;;;;
;;;;;;;;;;;;;;;;;;;;;;;
;;;;;;;;;;;;;;;;;;;;;;;
;;;;;;;;;;;;;;;;;;;;;;;
;;;;;;;;;;;;;;;;;;;;;;;
;;;;;;;;;;;;;;;;;;;;;;;
;;;;;;;;;;;;;;;;;;;;;;;
;;;;;;;;;;;;;;;;;;;;;;;
;;;;;;;;;;;;;;;;;;;;;;;
;;;;;;;;;;;;;;;;;;;;;;;
;;;;;;;;;;;;;;;;;;;;;;;
;;;;;;;;;;;;;;;;;;;;;;;
;;;;;;;;;;;;;;;;;;;;;;;
;;;;;;;;;;;;;;;;;;;;;;;
;;;;;;;;;;;;;;;;;;;;;;;
;;;;;;;;;;;;;;;;;;;;;;;
;;;;;;;;;;;;;;;;;;;;;;;
;;;;;;;;;;;;;;;;;;;;;;;
;;;;;;;;;;;;;;;;;;;;;;;
;;;;;;;;;;;;;;;;;;;;;;;
;;;;;;;;;;;;;;;;;;;;;;;
;;;;;;;;;;;;;;;;;;;;;;;
;;;;;;;;;;;;;;;;;;;;;;;
;;;;;;;;;;;;;;;;;;;;;;;
;;;;;;;;;;;;;;;;;;;;;;;
;;;;;;;;;;;;;;;;;;;;;;;
;;;;;;;;;;;;;;;;;;;;;;;
;;;;;;;;;;;;;;;;;;;;;;;
;;;;;;;;;;;;;;;;;;;;;;;
;;;;;;;;;;;;;;;;;;;;;;;
;;;;;;;;;;;;;;;;;;;;;;;
;;;;;;;;;;;;;;;;;;;;;;;
;;;;;;;;;;;;;;;;;;;;;;;
;;;;;;;;;;;;;;;;;;;;;;;
;;;;;;;;;;;;;;;;;;;;;;;
;;;;;;;;;;;;;;;;;;;;;;;
;;;;;;;;;;;;;;;;;;;;;;;
;;;;;;;;;;;;;;;;;;;;;;;
;;;;;;;;;;;;;;;;;;;;;;;
;;;;;;;;;;;;;;;;;;;;;;;
;;;;;;;;;;;;;;;;;;;;;;;
;;;;;;;;;;;;;;;;;;;;;;;
;;;;;;;;;;;;;;;;;;;;;;;
;;;;;;;;;;;;;;;;;;;;;;;
;;;;;;;;;;;;;;;;;;;;;;;
;;;;;;;;;;;;;;;;;;;;;;;
;;;;;;;;;;;;;;;;;;;;;;;
;;;;;;;;;;;;;;;;;;;;;;;
;;;;;;;;;;;;;;;;;;;;;;;
;;;;;;;;;;;;;;;;;;;;;;;
;;;;;;;;;;;;;;;;;;;;;;;
;;;;;;;;;;;;;;;;;;;;;;;
;;;;;;;;;;;;;;;;;;;;;;;
;;;;;;;;;;;;;;;;;;;;;;;
;;;;;;;;;;;;;;;;;;;;;;;
;;;;;;;;;;;;;;;;;;;;;;;
;;;;;;;;;;;;;;;;;;;;;;;
;;;;;;;;;;;;;;;;;;;;;;;
;;;;;;;;;;;;;;;;;;;;;;;
;;;;;;;;;;;;;;;;;;;;;;;
;;;;;;;;;;;;;;;;;;;;;;;
;;;;;;;;;;;;;;;;;;;;;;;
;;;;;;;;;;;;;;;;;;;;;;;
;;;;;;;;;;;;;;;;;;;;;;;
;;;;;;;;;;;;;;;;;;;;;;;
;;;;;;;;;;;;;;;;;;;;;;;
;;;;;;;;;;;;;;;;;;;;;;;
;;;;;;;;;;;;;;;;;;;;;;;
;;;;;;;;;;;;;;;;;;;;;;;
;;;;;;;;;;;;;;;;;;;;;;;
;;;;;;;;;;;;;;;;;;;;;;;
;;;;;;;;;;;;;;;;;;;;;;;
;;;;;;;;;;;;;;;;;;;;;;;
;;;;;;;;;;;;;;;;;;;;;;;
;;;;;;;;;;;;;;;;;;;;;;;
;;;;;;;;;;;;;;;;;;;;;;;
;;;;;;;;;;;;;;;;;;;;;;;
;;;;;;;;;;;;;;;;;;;;;;;
;;;;;;;;;;;;;;;;;;;;;;;
;;;;;;;;;;;;;;;;;;;;;;;
;;;;;;;;;;;;;;;;;;;;;;;
;;;;;;;;;;;;;;;;;;;;;;;
;;;;;;;;;;;;;;;;;;;;;;;
;;;;;;;;;;;;;;;;;;;;;;;
;;;;;;;;;;;;;;;;;;;;;;;
;;;;;;;;;;;;;;;;;;;;;;;
;;;;;;;;;;;;;;;;;;;;;;;
;;;;;;;;;;;;;;;;;;;;;;;
;;;;;;;;;;;;;;;;;;;;;;;
;;;;;;;;;;;;;;;;;;;;;;;
;;;;;;;;;;;;;;;;;;;;;;;
;;;;;;;;;;;;;;;;;;;;;;;
;;;;;;;;;;;;;;;;;;;;;;;
;;;;;;;;;;;;;;;;;;;;;;;
;;;;;;;;;;;;;;;;;;;;;;;
;;;;;;;;;;;;;;;;;;;;;;;
;;;;;;;;;;;;;;;;;;;;;;;
;;;;;;;;;;;;;;;;;;;;;;;
;;;;;;;;;;;;;;;;;;;;;;;
;;;;;;;;;;;;;;;;;;;;;;;
;;;;;;;;;;;;;;;;;;;;;;;
;;;;;;;;;;;;;;;;;;;;;;;
;;;;;;;;;;;;;;;;;;;;;;;
;;;;;;;;;;;;;;;;;;;;;;;
;;;;;;;;;;;;;;;;;;;;;;;
;;;;;;;;;;;;;;;;;;;;;;;
;;;;;;;;;;;;;;;;;;;;;;;
;;;;;;;;;;;;;;;;;;;;;;;
;;;;;;;;;;;;;;;;;;;;;;;
;;;;;;;;;;;;;;;;;;;;;;;
;;;;;;;;;;;;;;;;;;;;;;;
;;;;;;;;;;;;;;;;;;;;;;;
;;;;;;;;;;;;;;;;;;;;;;;
;;;;;;;;;;;;;;;;;;;;;;;
;;;;;;;;;;;;;;;;;;;;;;;
;;;;;;;;;;;;;;;;;;;;;;;
;;;;;;;;;;;;;;;;;;;;;;;
;;;;;;;;;;;;;;;;;;;;;;;
;;;;;;;;;;;;;;;;;;;;;;;
;;;;;;;;;;;;;;;;;;;;;;;
;;;;;;;;;;;;;;;;;;;;;;;
;;;;;;;;;;;;;;;;;;;;;;;
;;;;;;;;;;;;;;;;;;;;;;;
;;;;;;;;;;;;;;;;;;;;;;;
;;;;;;;;;;;;;;;;;;;;;;;
;;;;;;;;;;;;;;;;;;;;;;;
;;;;;;;;;;;;;;;;;;;;;;;
;;;;;;;;;;;;;;;;;;;;;;;
;;;;;;;;;;;;;;;;;;;;;;;
;;;;;;;;;;;;;;;;;;;;;;;
;;;;;;;;;;;;;;;;;;;;;;;
;;;;;;;;;;;;;;;;;;;;;;;
;;;;;;;;;;;;;;;;;;;;;;;
;;;;;;;;;;;;;;;;;;;;;;;
;;;;;;;;;;;;;;;;;;;;;;;
;;;;;;;;;;;;;;;;;;;;;;;
;;;;;;;;;;;;;;;;;;;;;;;
;;;;;;;;;;;;;;;;;;;;;;;
;;;;;;;;;;;;;;;;;;;;;;;
;;;;;;;;;;;;;;;;;;;;;;;
;;;;;;;;;;;;;;;;;;;;;;;
;;;;;;;;;;;;;;;;;;;;;;;
;;;;;;;;;;;;;;;;;;;;;;;
;;;;;;;;;;;;;;;;;;;;;;;
;;;;;;;;;;;;;;;;;;;;;;;
;;;;;;;;;;;;;;;;;;;;;;;
;;;;;;;;;;;;;;;;;;;;;;;
;;;;;;;;;;;;;;;;;;;;;;;
;;;;;;;;;;;;;;;;;;;;;;;
;;;;;;;;;;;;;;;;;;;;;;;
;;;;;;;;;;;;;;;;;;;;;;;
;;;;;;;;;;;;;;;;;;;;;;;
;;;;;;;;;;;;;;;;;;;;;;;
;;;;;;;;;;;;;;;;;;;;;;;
;;;;;;;;;;;;;;;;;;;;;;;
;;;;;;;;;;;;;;;;;;;;;;;
;;;;;;;;;;;;;;;;;;;;;;;
;;;;;;;;;;;;;;;;;;;;;;;
;;;;;;;;;;;;;;;;;;;;;;;
;;;;;;;;;;;;;;;;;;;;;;;
;;;;;;;;;;;;;;;;;;;;;;;
;;;;;;;;;;;;;;;;;;;;;;;
;;;;;;;;;;;;;;;;;;;;;;;
;;;;;;;;;;;;;;;;;;;;;;;
;;;;;;;;;;;;;;;;;;;;;;;
;;;;;;;;;;;;;;;;;;;;;;;
;;;;;;;;;;;;;;;;;;;;;;;
;;;;;;;;;;;;;;;;;;;;;;;
;;;;;;;;;;;;;;;;;;;;;;;
;;;;;;;;;;;;;;;;;;;;;;;
;;;;;;;;;;;;;;;;;;;;;;;
;;;;;;;;;;;;;;;;;;;;;;;
;;;;;;;;;;;;;;;;;;;;;;;
;;;;;;;;;;;;;;;;;;;;;;;
;;;;;;;;;;;;;;;;;;;;;;;
;;;;;;;;;;;;;;;;;;;;;;;
;;;;;;;;;;;;;;;;;;;;;;;
;;;;;;;;;;;;;;;;;;;;;;;
;;;;;;;;;;;;;;;;;;;;;;;
;;;;;;;;;;;;;;;;;;;;;;;
;;;;;;;;;;;;;;;;;;;;;;;
;;;;;;;;;;;;;;;;;;;;;;;
;;;;;;;;;;;;;;;;;;;;;;;
;;;;;;;;;;;;;;;;;;;;;;;
;;;;;;;;;;;;;;;;;;;;;;;
;;;;;;;;;;;;;;;;;;;;;;;
;;;;;;;;;;;;;;;;;;;;;;;
;;;;;;;;;;;;;;;;;;;;;;;
;;;;;;;;;;;;;;;;;;;;;;;
;;;;;;;;;;;;;;;;;;;;;;;
;;;;;;;;;;;;;;;;;;;;;;;
;;;;;;;;;;;;;;;;;;;;;;;
;;;;;;;;;;;;;;;;;;;;;;;
;;;;;;;;;;;;;;;;;;;;;;;
;;;;;;;;;;;;;;;;;;;;;;;
;;;;;;;;;;;;;;;;;;;;;;;
;;;;;;;;;;;;;;;;;;;;;;;
;;;;;;;;;;;;;;;;;;;;;;;
;;;;;;;;;;;;;;;;;;;;;;;
;;;;;;;;;;;;;;;;;;;;;;;
;;;;;;;;;;;;;;;;;;;;;;;
;;;;;;;;;;;;;;;;;;;;;;;
;;;;;;;;;;;;;;;;;;;;;;;
;;;;;;;;;;;;;;;;;;;;;;;
;;;;;;;;;;;;;;;;;;;;;;;
;;;;;;;;;;;;;;;;;;;;;;;
;;;;;;;;;;;;;;;;;;;;;;;
;;;;;;;;;;;;;;;;;;;;;;;
;;;;;;;;;;;;;;;;;;;;;;;
;;;;;;;;;;;;;;;;;;;;;;;
;;;;;;;;;;;;;;;;;;;;;;;
;;;;;;;;;;;;;;;;;;;;;;;
;;;;;;;;;;;;;;;;;;;;;;;
;;;;;;;;;;;;;;;;;;;;;;;
;;;;;;;;;;;;;;;;;;;;;;;
;;;;;;;;;;;;;;;;;;;;;;;
;;;;;;;;;;;;;;;;;;;;;;;
;;;;;;;;;;;;;;;;;;;;;;;
;;;;;;;;;;;;;;;;;;;;;;;
;;;;;;;;;;;;;;;;;;;;;;;
;;;;;;;;;;;;;;;;;;;;;;;
;;;;;;;;;;;;;;;;;;;;;;;
;;;;;;;;;;;;;;;;;;;;;;;
;;;;;;;;;;;;;;;;;;;;;;;
;;;;;;;;;;;;;;;;;;;;;;;
;;;;;;;;;;;;;;;;;;;;;;;
;;;;;;;;;;;;;;;;;;;;;;;
;;;;;;;;;;;;;;;;;;;;;;;
;;;;;;;;;;;;;;;;;;;;;;;
;;;;;;;;;;;;;;;;;;;;;;;
;;;;;;;;;;;;;;;;;;;;;;;
;;;;;;;;;;;;;;;;;;;;;;;
;;;;;;;;;;;;;;;;;;;;;;;
;;;;;;;;;;;;;;;;;;;;;;;
;;;;;;;;;;;;;;;;;;;;;;;
;;;;;;;;;;;;;;;;;;;;;;;
;;;;;;;;;;;;;;;;;;;;;;;
;;;;;;;;;;;;;;;;;;;;;;;
;;;;;;;;;;;;;;;;;;;;;;;
;;;;;;;;;;;;;;;;;;;;;;;
;;;;;;;;;;;;;;;;;;;;;;;
;;;;;;;;;;;;;;;;;;;;;;;
;;;;;;;;;;;;;;;;;;;;;;;
;;;;;;;;;;;;;;;;;;;;;;;
;;;;;;;;;;;;;;;;;;;;;;;
;;;;;;;;;;;;;;;;;;;;;;;
;;;;;;;;;;;;;;;;;;;;;;;
;;;;;;;;;;;;;;;;;;;;;;;
;;;;;;;;;;;;;;;;;;;;;;;
;;;;;;;;;;;;;;;;;;;;;;;
;;;;;;;;;;;;;;;;;;;;;;;
;;;;;;;;;;;;;;;;;;;;;;;
;;;;;;;;;;;;;;;;;;;;;;;
;;;;;;;;;;;;;;;;;;;;;;;
;;;;;;;;;;;;;;;;;;;;;;;
;;;;;;;;;;;;;;;;;;;;;;;
;;;;;;;;;;;;;;;;;;;;;;;
;;;;;;;;;;;;;;;;;;;;;;;
;;;;;;;;;;;;;;;;;;;;;;;
;;;;;;;;;;;;;;;;;;;;;;;
;;;;;;;;;;;;;;;;;;;;;;;
;;;;;;;;;;;;;;;;;;;;;;;
;;;;;;;;;;;;;;;;;;;;;;;
;;;;;;;;;;;;;;;;;;;;;;;
;;;;;;;;;;;;;;;;;;;;;;;
;;;;;;;;;;;;;;;;;;;;;;;
;;;;;;;;;;;;;;;;;;;;;;;
;;;;;;;;;;;;;;;;;;;;;;;
;;;;;;;;;;;;;;;;;;;;;;;
;;;;;;;;;;;;;;;;;;;;;;;
;;;;;;;;;;;;;;;;;;;;;;;
;;;;;;;;;;;;;;;;;;;;;;;
;;;;;;;;;;;;;;;;;;;;;;;
;;;;;;;;;;;;;;;;;;;;;;;
;;;;;;;;;;;;;;;;;;;;;;;
;;;;;;;;;;;;;;;;;;;;;;;
;;;;;;;;;;;;;;;;;;;;;;;
;;;;;;;;;;;;;;;;;;;;;;;
;;;;;;;;;;;;;;;;;;;;;;;
;;;;;;;;;;;;;;;;;;;;;;;
;;;;;;;;;;;;;;;;;;;;;;;
;;;;;;;;;;;;;;;;;;;;;;;
;;;;;;;;;;;;;;;;;;;;;;;
;;;;;;;;;;;;;;;;;;;;;;;
;;;;;;;;;;;;;;;;;;;;;;;
;;;;;;;;;;;;;;;;;;;;;;;
;;;;;;;;;;;;;;;;;;;;;;;
;;;;;;;;;;;;;;;;;;;;;;;
;;;;;;;;;;;;;;;;;;;;;;;
;;;;;;;;;;;;;;;;;;;;;;;
;;;;;;;;;;;;;;;;;;;;;;;
;;;;;;;;;;;;;;;;;;;;;;;
;;;;;;;;;;;;;;;;;;;;;;;
;;;;;;;;;;;;;;;;;;;;;;;
;;;;;;;;;;;;;;;;;;;;;;;
;;;;;;;;;;;;;;;;;;;;;;;
;;;;;;;;;;;;;;;;;;;;;;;
;;;;;;;;;;;;;;;;;;;;;;;
;;;;;;;;;;;;;;;;;;;;;;;
;;;;;;;;;;;;;;;;;;;;;;;
;;;;;;;;;;;;;;;;;;;;;;;
;;;;;;;;;;;;;;;;;;;;;;;
;;;;;;;;;;;;;;;;;;;;;;;
;;;;;;;;;;;;;;;;;;;;;;;
;;;;;;;;;;;;;;;;;;;;;;;
;;;;;;;;;;;;;;;;;;;;;;;
;;;;;;;;;;;;;;;;;;;;;;;
;;;;;;;;;;;;;;;;;;;;;;;
;;;;;;;;;;;;;;;;;;;;;;;
;;;;;;;;;;;;;;;;;;;;;;;
;;;;;;;;;;;;;;;;;;;;;;;
;;;;;;;;;;;;;;;;;;;;;;;
;;;;;;;;;;;;;;;;;;;;;;;
;;;;;;;;;;;;;;;;;;;;;;;
;;;;;;;;;;;;;;;;;;;;;;;
;;;;;;;;;;;;;;;;;;;;;;;
;;;;;;;;;;;;;;;;;;;;;;;
;;;;;;;;;;;;;;;;;;;;;;;
;;;;;;;;;;;;;;;;;;;;;;;
;;;;;;;;;;;;;;;;;;;;;;;
;;;;;;;;;;;;;;;;;;;;;;;
;;;;;;;;;;;;;;;;;;;;;;;
;;;;;;;;;;;;;;;;;;;;;;;
;;;;;;;;;;;;;;;;;;;;;;;
;;;;;;;;;;;;;;;;;;;;;;;
;;;;;;;;;;;;;;;;;;;;;;;
;;;;;;;;;;;;;;;;;;;;;;;
;;;;;;;;;;;;;;;;;;;;;;;
;;;;;;;;;;;;;;;;;;;;;;;
;;;;;;;;;;;;;;;;;;;;;;;
;;;;;;;;;;;;;;;;;;;;;;;
;;;;;;;;;;;;;;;;;;;;;;;
;;;;;;;;;;;;;;;;;;;;;;;
;;;;;;;;;;;;;;;;;;;;;;;
;;;;;;;;;;;;;;;;;;;;;;;
;;;;;;;;;;;;;;;;;;;;;;;
;;;;;;;;;;;;;;;;;;;;;;;
;;;;;;;;;;;;;;;;;;;;;;;
;;;;;;;;;;;;;;;;;;;;;;;
;;;;;;;;;;;;;;;;;;;;;;;
;;;;;;;;;;;;;;;;;;;;;;;
;;;;;;;;;;;;;;;;;;;;;;;
;;;;;;;;;;;;;;;;;;;;;;;
;;;;;;;;;;;;;;;;;;;;;;;
;;;;;;;;;;;;;;;;;;;;;;;
;;;;;;;;;;;;;;;;;;;;;;;
;;;;;;;;;;;;;;;;;;;;;;;
;;;;;;;;;;;;;;;;;;;;;;;
;;;;;;;;;;;;;;;;;;;;;;;
;;;;;;;;;;;;;;;;;;;;;;;
;;;;;;;;;;;;;;;;;;;;;;;
;;;;;;;;;;;;;;;;;;;;;;;
;;;;;;;;;;;;;;;;;;;;;;;
;;;;;;;;;;;;;;;;;;;;;;;
;;;;;;;;;;;;;;;;;;;;;;;
;;;;;;;;;;;;;;;;;;;;;;;
;;;;;;;;;;;;;;;;;;;;;;;
;;;;;;;;;;;;;;;;;;;;;;;
;;;;;;;;;;;;;;;;;;;;;;;
;;;;;;;;;;;;;;;;;;;;;;;
;;;;;;;;;;;;;;;;;;;;;;;
;;;;;;;;;;;;;;;;;;;;;;;
;;;;;;;;;;;;;;;;;;;;;;;
;;;;;;;;;;;;;;;;;;;;;;;
;;;;;;;;;;;;;;;;;;;;;;;
;;;;;;;;;;;;;;;;;;;;;;;
;;;;;;;;;;;;;;;;;;;;;;;
;;;;;;;;;;;;;;;;;;;;;;;
;;;;;;;;;;;;;;;;;;;;;;;
;;;;;;;;;;;;;;;;;;;;;;;
;;;;;;;;;;;;;;;;;;;;;;;
;;;;;;;;;;;;;;;;;;;;;;;
;;;;;;;;;;;;;;;;;;;;;;;
;;;;;;;;;;;;;;;;;;;;;;;
;;;;;;;;;;;;;;;;;;;;;;;
;;;;;;;;;;;;;;;;;;;;;;;
;;;;;;;;;;;;;;;;;;;;;;;
;;;;;;;;;;;;;;;;;;;;;;;
;;;;;;;;;;;;;;;;;;;;;;;
;;;;;;;;;;;;;;;;;;;;;;;
;;;;;;;;;;;;;;;;;;;;;;;
;;;;;;;;;;;;;;;;;;;;;;;
;;;;;;;;;;;;;;;;;;;;;;;
;;;;;;;;;;;;;;;;;;;;;;;
;;;;;;;;;;;;;;;;;;;;;;;
;;;;;;;;;;;;;;;;;;;;;;;
;;;;;;;;;;;;;;;;;;;;;;;
;;;;;;;;;;;;;;;;;;;;;;;
;;;;;;;;;;;;;;;;;;;;;;;
;;;;;;;;;;;;;;;;;;;;;;;
;;;;;;;;;;;;;;;;;;;;;;;
;;;;;;;;;;;;;;;;;;;;;;;
;;;;;;;;;;;;;;;;;;;;;;;
;;;;;;;;;;;;;;;;;;;;;;;
;;;;;;;;;;;;;;;;;;;;;;;
;;;;;;;;;;;;;;;;;;;;;;;
;;;;;;;;;;;;;;;;;;;;;;;
;;;;;;;;;;;;;;;;;;;;;;;
;;;;;;;;;;;;;;;;;;;;;;;
;;;;;;;;;;;;;;;;;;;;;;;
;;;;;;;;;;;;;;;;;;;;;;;
;;;;;;;;;;;;;;;;;;;;;;;
;;;;;;;;;;;;;;;;;;;;;;;
;;;;;;;;;;;;;;;;;;;;;;;
;;;;;;;;;;;;;;;;;;;;;;;
;;;;;;;;;;;;;;;;;;;;;;;
;;;;;;;;;;;;;;;;;;;;;;;
;;;;;;;;;;;;;;;;;;;;;;;
;;;;;;;;;;;;;;;;;;;;;;;
;;;;;;;;;;;;;;;;;;;;;;;
;;;;;;;;;;;;;;;;;;;;;;;
;;;;;;;;;;;;;;;;;;;;;;;
;;;;;;;;;;;;;;;;;;;;;;;
;;;;;;;;;;;;;;;;;;;;;;;
;;;;;;;;;;;;;;;;;;;;;;;
;;;;;;;;;;;;;;;;;;;;;;;
;;;;;;;;;;;;;;;;;;;;;;;
;;;;;;;;;;;;;;;;;;;;;;;
;;;;;;;;;;;;;;;;;;;;;;;
;;;;;;;;;;;;;;;;;;;;;;;
;;;;;;;;;;;;;;;;;;;;;;;
;;;;;;;;;;;;;;;;;;;;;;;
;;;;;;;;;;;;;;;;;;;;;;;
;;;;;;;;;;;;;;;;;;;;;;;
;;;;;;;;;;;;;;;;;;;;;;;
;;;;;;;;;;;;;;;;;;;;;;;
;;;;;;;;;;;;;;;;;;;;;;;
;;;;;;;;;;;;;;;;;;;;;;;
;;;;;;;;;;;;;;;;;;;;;;;
;;;;;;;;;;;;;;;;;;;;;;;
;;;;;;;;;;;;;;;;;;;;;;;
;;;;;;;;;;;;;;;;;;;;;;;
;;;;;;;;;;;;;;;;;;;;;;;
;;;;;;;;;;;;;;;;;;;;;;;
;;;;;;;;;;;;;;;;;;;;;;;
;;;;;;;;;;;;;;;;;;;;;;;
;;;;;;;;;;;;;;;;;;;;;;;
;;;;;;;;;;;;;;;;;;;;;;;
;;;;;;;;;;;;;;;;;;;;;;;
;;;;;;;;;;;;;;;;;;;;;;;
;;;;;;;;;;;;;;;;;;;;;;;
;;;;;;;;;;;;;;;;;;;;;;;
;;;;;;;;;;;;;;;;;;;;;;;
;;;;;;;;;;;;;;;;;;;;;;;
;;;;;;;;;;;;;;;;;;;;;;;
;;;;;;;;;;;;;;;;;;;;;;;
;;;;;;;;;;;;;;;;;;;;;;;
;;;;;;;;;;;;;;;;;;;;;;;
;;;;;;;;;;;;;;;;;;;;;;;
;;;;;;;;;;;;;;;;;;;;;;;
;;;;;;;;;;;;;;;;;;;;;;;
;;;;;;;;;;;;;;;;;;;;;;;
;;;;;;;;;;;;;;;;;;;;;;;
;;;;;;;;;;;;;;;;;;;;;;;
;;;;;;;;;;;;;;;;;;;;;;;
;;;;;;;;;;;;;;;;;;;;;;;
;;;;;;;;;;;;;;;;;;;;;;;
;;;;;;;;;;;;;;;;;;;;;;;
;;;;;;;;;;;;;;;;;;;;;;;
;;;;;;;;;;;;;;;;;;;;;;;
;;;;;;;;;;;;;;;;;;;;;;;
;;;;;;;;;;;;;;;;;;;;;;;
;;;;;;;;;;;;;;;;;;;;;;;
;;;;;;;;;;;;;;;;;;;;;;;
;;;;;;;;;;;;;;;;;;;;;;;
;;;;;;;;;;;;;;;;;;;;;;;
;;;;;;;;;;;;;;;;;;;;;;;
;;;;;;;;;;;;;;;;;;;;;;;
;;;;;;;;;;;;;;;;;;;;;;;
;;;;;;;;;;;;;;;;;;;;;;;
;;;;;;;;;;;;;;;;;;;;;;;
;;;;;;;;;;;;;;;;;;;;;;;
;;;;;;;;;;;;;;;;;;;;;;;
;;;;;;;;;;;;;;;;;;;;;;;
;;;;;;;;;;;;;;;;;;;;;;;
;;;;;;;;;;;;;;;;;;;;;;;
;;;;;;;;;;;;;;;;;;;;;;;
;;;;;;;;;;;;;;;;;;;;;;;
;;;;;;;;;;;;;;;;;;;;;;;
;;;;;;;;;;;;;;;;;;;;;;;
;;;;;;;;;;;;;;;;;;;;;;;
;;;;;;;;;;;;;;;;;;;;;;;
;;;;;;;;;;;;;;;;;;;;;;;
;;;;;;;;;;;;;;;;;;;;;;;
;;;;;;;;;;;;;;;;;;;;;;;
;;;;;;;;;;;;;;;;;;;;;;;
;;;;;;;;;;;;;;;;;;;;;;;
;;;;;;;;;;;;;;;;;;;;;;;
;;;;;;;;;;;;;;;;;;;;;;;
;;;;;;;;;;;;;;;;;;;;;;;
;;;;;;;;;;;;;;;;;;;;;;;
;;;;;;;;;;;;;;;;;;;;;;;
;;;;;;;;;;;;;;;;;;;;;;;
;;;;;;;;;;;;;;;;;;;;;;;
;;;;;;;;;;;;;;;;;;;;;;;
;;;;;;;;;;;;;;;;;;;;;;;
;;;;;;;;;;;;;;;;;;;;;;;
;;;;;;;;;;;;;;;;;;;;;;;
;;;;;;;;;;;;;;;;;;;;;;;
;;;;;;;;;;;;;;;;;;;;;;;
;;;;;;;;;;;;;;;;;;;;;;;
;;;;;;;;;;;;;;;;;;;;;;;
;;;;;;;;;;;;;;;;;;;;;;;
;;;;;;;;;;;;;;;;;;;;;;;
;;;;;;;;;;;;;;;;;;;;;;;
;;;;;;;;;;;;;;;;;;;;;;;
;;;;;;;;;;;;;;;;;;;;;;;
;;;;;;;;;;;;;;;;;;;;;;;
;;;;;;;;;;;;;;;;;;;;;;;
;;;;;;;;;;;;;;;;;;;;;;;
;;;;;;;;;;;;;;;;;;;;;;;
;;;;;;;;;;;;;;;;;;;;;;;
;;;;;;;;;;;;;;;;;;;;;;;
;;;;;;;;;;;;;;;;;;;;;;;
;;;;;;;;;;;;;;;;;;;;;;;
;;;;;;;;;;;;;;;;;;;;;;;
;;;;;;;;;;;;;;;;;;;;;;;
;;;;;;;;;;;;;;;;;;;;;;;
;;;;;;;;;;;;;;;;;;;;;;;
;;;;;;;;;;;;;;;;;;;;;;;
;;;;;;;;;;;;;;;;;;;;;;;
;;;;;;;;;;;;;;;;;;;;;;;
;;;;;;;;;;;;;;;;;;;;;;;
;;;;;;;;;;;;;;;;;;;;;;;
;;;;;;;;;;;;;;;;;;;;;;;
;;;;;;;;;;;;;;;;;;;;;;;
;;;;;;;;;;;;;;;;;;;;;;;
;;;;;;;;;;;;;;;;;;;;;;;
;;;;;;;;;;;;;;;;;;;;;;;
;;;;;;;;;;;;;;;;;;;;;;;
;;;;;;;;;;;;;;;;;;;;;;;
;;;;;;;;;;;;;;;;;;;;;;;
;;;;;;;;;;;;;;;;;;;;;;;
;;;;;;;;;;;;;;;;;;;;;;;
;;;;;;;;;;;;;;;;;;;;;;;
;;;;;;;;;;;;;;;;;;;;;;;
;;;;;;;;;;;;;;;;;;;;;;;
;;;;;;;;;;;;;;;;;;;;;;;
;;;;;;;;;;;;;;;;;;;;;;;
;;;;;;;;;;;;;;;;;;;;;;;
;;;;;;;;;;;;;;;;;;;;;;;
;;;;;;;;;;;;;;;;;;;;;;;
;;;;;;;;;;;;;;;;;;;;;;;
;;;;;;;;;;;;;;;;;;;;;;;
;;;;;;;;;;;;;;;;;;;;;;;
;;;;;;;;;;;;;;;;;;;;;;;
;;;;;;;;;;;;;;;;;;;;;;;
;;;;;;;;;;;;;;;;;;;;;;;
;;;;;;;;;;;;;;;;;;;;;;;
;;;;;;;;;;;;;;;;;;;;;;;
;;;;;;;;;;;;;;;;;;;;;;;
;;;;;;;;;;;;;;;;;;;;;;;
;;;;;;;;;;;;;;;;;;;;;;;
;;;;;;;;;;;;;;;;;;;;;;;
;;;;;;;;;;;;;;;;;;;;;;;
;;;;;;;;;;;;;;;;;;;;;;;
;;;;;;;;;;;;;;;;;;;;;;;
;;;;;;;;;;;;;;;;;;;;;;;
;;;;;;;;;;;;;;;;;;;;;;;
;;;;;;;;;;;;;;;;;;;;;;;
;;;;;;;;;;;;;;;;;;;;;;;
;;;;;;;;;;;;;;;;;;;;;;;
;;;;;;;;;;;;;;;;;;;;;;;
;;;;;;;;;;;;;;;;;;;;;;;
;;;;;;;;;;;;;;;;;;;;;;;
;;;;;;;;;;;;;;;;;;;;;;;
;;;;;;;;;;;;;;;;;;;;;;;
;;;;;;;;;;;;;;;;;;;;;;;
;;;;;;;;;;;;;;;;;;;;;;;
;;;;;;;;;;;;;;;;;;;;;;;
;;;;;;;;;;;;;;;;;;;;;;;
;;;;;;;;;;;;;;;;;;;;;;;
;;;;;;;;;;;;;;;;;;;;;;;
;;;;;;;;;;;;;;;;;;;;;;;
;;;;;;;;;;;;;;;;;;;;;;;
;;;;;;;;;;;;;;;;;;;;;;;
;;;;;;;;;;;;;;;;;;;;;;;
;;;;;;;;;;;;;;;;;;;;;;;
;;;;;;;;;;;;;;;;;;;;;;;
;;;;;;;;;;;;;;;;;;;;;;;
;;;;;;;;;;;;;;;;;;;;;;;
;;;;;;;;;;;;;;;;;;;;;;;
;;;;;;;;;;;;;;;;;;;;;;;
;;;;;;;;;;;;;;;;;;;;;;;
;;;;;;;;;;;;;;;;;;;;;;;
;;;;;;;;;;;;;;;;;;;;;;;
;;;;;;;;;;;;;;;;;;;;;;;
;;;;;;;;;;;;;;;;;;;;;;;
;;;;;;;;;;;;;;;;;;;;;;;
;;;;;;;;;;;;;;;;;;;;;;;
;;;;;;;;;;;;;;;;;;;;;;;
;;;;;;;;;;;;;;;;;;;;;;;
;;;;;;;;;;;;;;;;;;;;;;;
;;;;;;;;;;;;;;;;;;;;;;;
;;;;;;;;;;;;;;;;;;;;;;;
;;;;;;;;;;;;;;;;;;;;;;;
;;;;;;;;;;;;;;;;;;;;;;;
;;;;;;;;;;;;;;;;;;;;;;;
;;;;;;;;;;;;;;;;;;;;;;;
;;;;;;;;;;;;;;;;;;;;;;;
;;;;;;;;;;;;;;;;;;;;;;;
;;;;;;;;;;;;;;;;;;;;;;;
;;;;;;;;;;;;;;;;;;;;;;;
;;;;;;;;;;;;;;;;;;;;;;;
;;;;;;;;;;;;;;;;;;;;;;;
;;;;;;;;;;;;;;;;;;;;;;;
;;;;;;;;;;;;;;;;;;;;;;;
;;;;;;;;;;;;;;;;;;;;;;;
;;;;;;;;;;;;;;;;;;;;;;;
;;;;;;;;;;;;;;;;;;;;;;;
;;;;;;;;;;;;;;;;;;;;;;;
;;;;;;;;;;;;;;;;;;;;;;;
;;;;;;;;;;;;;;;;;;;;;;;
;;;;;;;;;;;;;;;;;;;;;;;
;;;;;;;;;;;;;;;;;;;;;;;
;;;;;;;;;;;;;;;;;;;;;;;
;;;;;;;;;;;;;;;;;;;;;;;
;;;;;;;;;;;;;;;;;;;;;;;
;;;;;;;;;;;;;;;;;;;;;;;
;;;;;;;;;;;;;;;;;;;;;;;
;;;;;;;;;;;;;;;;;;;;;;;
;;;;;;;;;;;;;;;;;;;;;;;
;;;;;;;;;;;;;;;;;;;;;;;
;;;;;;;;;;;;;;;;;;;;;;;
;;;;;;;;;;;;;;;;;;;;;;;
;;;;;;;;;;;;;;;;;;;;;;;
;;;;;;;;;;;;;;;;;;;;;;;
;;;;;;;;;;;;;;;;;;;;;;;
;;;;;;;;;;;;;;;;;;;;;;;
;;;;;;;;;;;;;;;;;;;;;;;
;;;;;;;;;;;;;;;;;;;;;;;
;;;;;;;;;;;;;;;;;;;;;;;
;;;;;;;;;;;;;;;;;;;;;;;
;;;;;;;;;;;;;;;;;;;;;;;
;;;;;;;;;;;;;;;;;;;;;;;
;;;;;;;;;;;;;;;;;;;;;;;
;;;;;;;;;;;;;;;;;;;;;;;
;;;;;;;;;;;;;;;;;;;;;;;
;;;;;;;;;;;;;;;;;;;;;;;
;;;;;;;;;;;;;;;;;;;;;;;
;;;;;;;;;;;;;;;;;;;;;;;
;;;;;;;;;;;;;;;;;;;;;;;
;;;;;;;;;;;;;;;;;;;;;;;
;;;;;;;;;;;;;;;;;;;;;;;
;;;;;;;;;;;;;;;;;;;;;;;
;;;;;;;;;;;;;;;;;;;;;;;
;;;;;;;;;;;;;;;;;;;;;;;
;;;;;;;;;;;;;;;;;;;;;;;
;;;;;;;;;;;;;;;;;;;;;;;
;;;;;;;;;;;;;;;;;;;;;;;
;;;;;;;;;;;;;;;;;;;;;;;
;;;;;;;;;;;;;;;;;;;;;;;
;;;;;;;;;;;;;;;;;;;;;;;
;;;;;;;;;;;;;;;;;;;;;;;
;;;;;;;;;;;;;;;;;;;;;;;
;;;;;;;;;;;;;;;;;;;;;;;
;;;;;;;;;;;;;;;;;;;;;;;
;;;;;;;;;;;;;;;;;;;;;;;
;;;;;;;;;;;;;;;;;;;;;;;
;;;;;;;;;;;;;;;;;;;;;;;
;;;;;;;;;;;;;;;;;;;;;;;
;;;;;;;;;;;;;;;;;;;;;;;
;;;;;;;;;;;;;;;;;;;;;;;
;;;;;;;;;;;;;;;;;;;;;;;
;;;;;;;;;;;;;;;;;;;;;;;
;;;;;;;;;;;;;;;;;;;;;;;
;;;;;;;;;;;;;;;;;;;;;;;
;;;;;;;;;;;;;;;;;;;;;;;
;;;;;;;;;;;;;;;;;;;;;;;
;;;;;;;;;;;;;;;;;;;;;;;
;;;;;;;;;;;;;;;;;;;;;;;
;;;;;;;;;;;;;;;;;;;;;;;
;;;;;;;;;;;;;;;;;;;;;;;
;;;;;;;;;;;;;;;;;;;;;;;
;;;;;;;;;;;;;;;;;;;;;;;
;;;;;;;;;;;;;;;;;;;;;;;
;;;;;;;;;;;;;;;;;;;;;;;
;;;;;;;;;;;;;;;;;;;;;;;
;;;;;;;;;;;;;;;;;;;;;;;
;;;;;;;;;;;;;;;;;;;;;;;
;;;;;;;;;;;;;;;;;;;;;;;
;;;;;;;;;;;;;;;;;;;;;;;
;;;;;;;;;;;;;;;;;;;;;;;
;;;;;;;;;;;;;;;;;;;;;;;
;;;;;;;;;;;;;;;;;;;;;;;
;;;;;;;;;;;;;;;;;;;;;;;
;;;;;;;;;;;;;;;;;;;;;;;
;;;;;;;;;;;;;;;;;;;;;;;
;;;;;;;;;;;;;;;;;;;;;;;
;;;;;;;;;;;;;;;;;;;;;;;
;;;;;;;;;;;;;;;;;;;;;;;
;;;;;;;;;;;;;;;;;;;;;;;
;;;;;;;;;;;;;;;;;;;;;;;
;;;;;;;;;;;;;;;;;;;;;;;
;;;;;;;;;;;;;;;;;;;;;;;
;;;;;;;;;;;;;;;;;;;;;;;
;;;;;;;;;;;;;;;;;;;;;;;
;;;;;;;;;;;;;;;;;;;;;;;
;;;;;;;;;;;;;;;;;;;;;;;
;;;;;;;;;;;;;;;;;;;;;;;
;;;;;;;;;;;;;;;;;;;;;;;
;;;;;;;;;;;;;;;;;;;;;;;
;;;;;;;;;;;;;;;;;;;;;;;
;;;;;;;;;;;;;;;;;;;;;;;
;;;;;;;;;;;;;;;;;;;;;;;
;;;;;;;;;;;;;;;;;;;;;;;
;;;;;;;;;;;;;;;;;;;;;;;
;;;;;;;;;;;;;;;;;;;;;;;
;;;;;;;;;;;;;;;;;;;;;;;
;;;;;;;;;;;;;;;;;;;;;;;
;;;;;;;;;;;;;;;;;;;;;;;
;;;;;;;;;;;;;;;;;;;;;;;
;;;;;;;;;;;;;;;;;;;;;;;
;;;;;;;;;;;;;;;;;;;;;;;
;;;;;;;;;;;;;;;;;;;;;;;
;;;;;;;;;;;;;;;;;;;;;;;
;;;;;;;;;;;;;;;;;;;;;;;
;;;;;;;;;;;;;;;;;;;;;;;
;;;;;;;;;;;;;;;;;;;;;;;
;;;;;;;;;;;;;;;;;;;;;;;
;;;;;;;;;;;;;;;;;;;;;;;
;;;;;;;;;;;;;;;;;;;;;;;
;;;;;;;;;;;;;;;;;;;;;;;
;;;;;;;;;;;;;;;;;;;;;;;
;;;;;;;;;;;;;;;;;;;;;;;
;;;;;;;;;;;;;;;;;;;;;;;
;;;;;;;;;;;;;;;;;;;;;;;
;;;;;;;;;;;;;;;;;;;;;;;
;;;;;;;;;;;;;;;;;;;;;;;
;;;;;;;;;;;;;;;;;;;;;;;
;;;;;;;;;;;;;;;;;;;;;;;
;;;;;;;;;;;;;;;;;;;;;;;
;;;;;;;;;;;;;;;;;;;;;;;
;;;;;;;;;;;;;;;;;;;;;;;
;;;;;;;;;;;;;;;;;;;;;;;
;;;;;;;;;;;;;;;;;;;;;;;
;;;;;;;;;;;;;;;;;;;;;;;
;;;;;;;;;;;;;;;;;;;;;;;
;;;;;;;;;;;;;;;;;;;;;;;
;;;;;;;;;;;;;;;;;;;;;;;
;;;;;;;;;;;;;;;;;;;;;;;
;;;;;;;;;;;;;;;;;;;;;;;
;;;;;;;;;;;;;;;;;;;;;;;
;;;;;;;;;;;;;;;;;;;;;;;
;;;;;;;;;;;;;;;;;;;;;;;
;;;;;;;;;;;;;;;;;;;;;;;
;;;;;;;;;;;;;;;;;;;;;;;
;;;;;;;;;;;;;;;;;;;;;;;
;;;;;;;;;;;;;;;;;;;;;;;
;;;;;;;;;;;;;;;;;;;;;;;
;;;;;;;;;;;;;;;;;;;;;;;
;;;;;;;;;;;;;;;;;;;;;;;
;;;;;;;;;;;;;;;;;;;;;;;
;;;;;;;;;;;;;;;;;;;;;;;
;;;;;;;;;;;;;;;;;;;;;;;
;;;;;;;;;;;;;;;;;;;;;;;
;;;;;;;;;;;;;;;;;;;;;;;
;;;;;;;;;;;;;;;;;;;;;;;
;;;;;;;;;;;;;;;;;;;;;;;
;;;;;;;;;;;;;;;;;;;;;;;
;;;;;;;;;;;;;;;;;;;;;;;
;;;;;;;;;;;;;;;;;;;;;;;
;;;;;;;;;;;;;;;;;;;;;;;
;;;;;;;;;;;;;;;;;;;;;;;
;;;;;;;;;;;;;;;;;;;;;;;
;;;;;;;;;;;;;;;;;;;;;;;
;;;;;;;;;;;;;;;;;;;;;;;
;;;;;;;;;;;;;;;;;;;;;;;
;;;;;;;;;;;;;;;;;;;;;;;
;;;;;;;;;;;;;;;;;;;;;;;
;;;;;;;;;;;;;;;;;;;;;;;
;;;;;;;;;;;;;;;;;;;;;;;
;;;;;;;;;;;;;;;;;;;;;;;
;;;;;;;;;;;;;;;;;;;;;;;
;;;;;;;;;;;;;;;;;;;;;;;
;;;;;;;;;;;;;;;;;;;;;;;
;;;;;;;;;;;;;;;;;;;;;;;
;;;;;;;;;;;;;;;;;;;;;;;
;;;;;;;;;;;;;;;;;;;;;;;
;;;;;;;;;;;;;;;;;;;;;;;
;;;;;;;;;;;;;;;;;;;;;;;
;;;;;;;;;;;;;;;;;;;;;;;
;;;;;;;;;;;;;;;;;;;;;;;
;;;;;;;;;;;;;;;;;;;;;;;
;;;;;;;;;;;;;;;;;;;;;;;
;;;;;;;;;;;;;;;;;;;;;;;
;;;;;;;;;;;;;;;;;;;;;;;
;;;;;;;;;;;;;;;;;;;;;;;
;;;;;;;;;;;;;;;;;;;;;;;
;;;;;;;;;;;;;;;;;;;;;;;
;;;;;;;;;;;;;;;;;;;;;;;
;;;;;;;;;;;;;;;;;;;;;;;
;;;;;;;;;;;;;;;;;;;;;;;
;;;;;;;;;;;;;;;;;;;;;;;
;;;;;;;;;;;;;;;;;;;;;;;
;;;;;;;;;;;;;;;;;;;;;;;
;;;;;;;;;;;;;;;;;;;;;;;
;;;;;;;;;;;;;;;;;;;;;;;
;;;;;;;;;;;;;;;;;;;;;;;
;;;;;;;;;;;;;;;;;;;;;;;
;;;;;;;;;;;;;;;;;;;;;;;
;;;;;;;;;;;;;;;;;;;;;;;
;;;;;;;;;;;;;;;;;;;;;;;
;;;;;;;;;;;;;;;;;;;;;;;
;;;;;;;;;;;;;;;;;;;;;;;
;;;;;;;;;;;;;;;;;;;;;;;
;;;;;;;;;;;;;;;;;;;;;;;
;;;;;;;;;;;;;;;;;;;;;;;
;;;;;;;;;;;;;;;;;;;;;;;
;;;;;;;;;;;;;;;;;;;;;;;
;;;;;;;;;;;;;;;;;;;;;;;
;;;;;;;;;;;;;;;;;;;;;;;
;;;;;;;;;;;;;;;;;;;;;;;
;;;;;;;;;;;;;;;;;;;;;;;
;;;;;;;;;;;;;;;;;;;;;;;
;;;;;;;;;;;;;;;;;;;;;;;
;;;;;;;;;;;;;;;;;;;;;;;
;;;;;;;;;;;;;;;;;;;;;;;
;;;;;;;;;;;;;;;;;;;;;;;
;;;;;;;;;;;;;;;;;;;;;;;
;;;;;;;;;;;;;;;;;;;;;;;
;;;;;;;;;;;;;;;;;;;;;;;
;;;;;;;;;;;;;;;;;;;;;;;
;;;;;;;;;;;;;;;;;;;;;;;
;;;;;;;;;;;;;;;;;;;;;;;
;;;;;;;;;;;;;;;;;;;;;;;
;;;;;;;;;;;;;;;;;;;;;;;
;;;;;;;;;;;;;;;;;;;;;;;
;;;;;;;;;;;;;;;;;;;;;;;
;;;;;;;;;;;;;;;;;;;;;;;
;;;;;;;;;;;;;;;;;;;;;;;
;;;;;;;;;;;;;;;;;;;;;;;
;;;;;;;;;;;;;;;;;;;;;;;
;;;;;;;;;;;;;;;;;;;;;;;
;;;;;;;;;;;;;;;;;;;;;;;
;;;;;;;;;;;;;;;;;;;;;;;
;;;;;;;;;;;;;;;;;;;;;;;
;;;;;;;;;;;;;;;;;;;;;;;
;;;;;;;;;;;;;;;;;;;;;;;
;;;;;;;;;;;;;;;;;;;;;;;
;;;;;;;;;;;;;;;;;;;;;;;
;;;;;;;;;;;;;;;;;;;;;;;
;;;;;;;;;;;;;;;;;;;;;;;
;;;;;;;;;;;;;;;;;;;;;;;
;;;;;;;;;;;;;;;;;;;;;;;
;;;;;;;;;;;;;;;;;;;;;;;
;;;;;;;;;;;;;;;;;;;;;;;
;;;;;;;;;;;;;;;;;;;;;;;
;;;;;;;;;;;;;;;;;;;;;;;
;;;;;;;;;;;;;;;;;;;;;;;
;;;;;;;;;;;;;;;;;;;;;;;
;;;;;;;;;;;;;;;;;;;;;;;
;;;;;;;;;;;;;;;;;;;;;;;
;;;;;;;;;;;;;;;;;;;;;;;
;;;;;;;;;;;;;;;;;;;;;;;
;;;;;;;;;;;;;;;;;;;;;;;
;;;;;;;;;;;;;;;;;;;;;;;
;;;;;;;;;;;;;;;;;;;;;;;
;;;;;;;;;;;;;;;;;;;;;;;
;;;;;;;;;;;;;;;;;;;;;;;
;;;;;;;;;;;;;;;;;;;;;;;
;;;;;;;;;;;;;;;;;;;;;;;
;;;;;;;;;;;;;;;;;;;;;;;
;;;;;;;;;;;;;;;;;;;;;;;
;;;;;;;;;;;;;;;;;;;;;;;
;;;;;;;;;;;;;;;;;;;;;;;
;;;;;;;;;;;;;;;;;;;;;;;
;;;;;;;;;;;;;;;;;;;;;;;
;;;;;;;;;;;;;;;;;;;;;;;
;;;;;;;;;;;;;;;;;;;;;;;
;;;;;;;;;;;;;;;;;;;;;;;
;;;;;;;;;;;;;;;;;;;;;;;
;;;;;;;;;;;;;;;;;;;;;;;
;;;;;;;;;;;;;;;;;;;;;;;
;;;;;;;;;;;;;;;;;;;;;;;
;;;;;;;;;;;;;;;;;;;;;;;
;;;;;;;;;;;;;;;;;;;;;;;
;;;;;;;;;;;;;;;;;;;;;;;
;;;;;;;;;;;;;;;;;;;;;;;
;;;;;;;;;;;;;;;;;;;;;;;
;;;;;;;;;;;;;;;;;;;;;;;
;;;;;;;;;;;;;;;;;;;;;;;
;;;;;;;;;;;;;;;;;;;;;;;
;;;;;;;;;;;;;;;;;;;;;;;
;;;;;;;;;;;;;;;;;;;;;;;
;;;;;;;;;;;;;;;;;;;;;;;
;;;;;;;;;;;;;;;;;;;;;;;
;;;;;;;;;;;;;;;;;;;;;;;
;;;;;;;;;;;;;;;;;;;;;;;
;;;;;;;;;;;;;;;;;;;;;;;
;;;;;;;;;;;;;;;;;;;;;;;
;;;;;;;;;;;;;;;;;;;;;;;
;;;;;;;;;;;;;;;;;;;;;;;
;;;;;;;;;;;;;;;;;;;;;;;
;;;;;;;;;;;;;;;;;;;;;;;
;;;;;;;;;;;;;;;;;;;;;;;
;;;;;;;;;;;;;;;;;;;;;;;
;;;;;;;;;;;;;;;;;;;;;;;
;;;;;;;;;;;;;;;;;;;;;;;
;;;;;;;;;;;;;;;;;;;;;;;
;;;;;;;;;;;;;;;;;;;;;;;
;;;;;;;;;;;;;;;;;;;;;;;
;;;;;;;;;;;;;;;;;;;;;;;
;;;;;;;;;;;;;;;;;;;;;;;
;;;;;;;;;;;;;;;;;;;;;;;
;;;;;;;;;;;;;;;;;;;;;;;
;;;;;;;;;;;;;;;;;;;;;;;
;;;;;;;;;;;;;;;;;;;;;;;
;;;;;;;;;;;;;;;;;;;;;;;
;;;;;;;;;;;;;;;;;;;;;;;
;;;;;;;;;;;;;;;;;;;;;;;
;;;;;;;;;;;;;;;;;;;;;;;
;;;;;;;;;;;;;;;;;;;;;;;
;;;;;;;;;;;;;;;;;;;;;;;
;;;;;;;;;;;;;;;;;;;;;;;
;;;;;;;;;;;;;;;;;;;;;;;
;;;;;;;;;;;;;;;;;;;;;;;
;;;;;;;;;;;;;;;;;;;;;;;
;;;;;;;;;;;;;;;;;;;;;;;
;;;;;;;;;;;;;;;;;;;;;;;
;;;;;;;;;;;;;;;;;;;;;;;
;;;;;;;;;;;;;;;;;;;;;;;
;;;;;;;;;;;;;;;;;;;;;;;
;;;;;;;;;;;;;;;;;;;;;;;
;;;;;;;;;;;;;;;;;;;;;;;
;;;;;;;;;;;;;;;;;;;;;;;
;;;;;;;;;;;;;;;;;;;;;;;
;;;;;;;;;;;;;;;;;;;;;;;
;;;;;;;;;;;;;;;;;;;;;;;
;;;;;;;;;;;;;;;;;;;;;;;
;;;;;;;;;;;;;;;;;;;;;;;
;;;;;;;;;;;;;;;;;;;;;;;
;;;;;;;;;;;;;;;;;;;;;;;
;;;;;;;;;;;;;;;;;;;;;;;
;;;;;;;;;;;;;;;;;;;;;;;
;;;;;;;;;;;;;;;;;;;;;;;
;;;;;;;;;;;;;;;;;;;;;;;
;;;;;;;;;;;;;;;;;;;;;;;
;;;;;;;;;;;;;;;;;;;;;;;
;;;;;;;;;;;;;;;;;;;;;;;
;;;;;;;;;;;;;;;;;;;;;;;
;;;;;;;;;;;;;;;;;;;;;;;
;;;;;;;;;;;;;;;;;;;;;;;
;;;;;;;;;;;;;;;;;;;;;;;
;;;;;;;;;;;;;;;;;;;;;;;
;;;;;;;;;;;;;;;;;;;;;;;
;;;;;;;;;;;;;;;;;;;;;;;
;;;;;;;;;;;;;;;;;;;;;;;
;;;;;;;;;;;;;;;;;;;;;;;
;;;;;;;;;;;;;;;;;;;;;;;
;;;;;;;;;;;;;;;;;;;;;;;
;;;;;;;;;;;;;;;;;;;;;;;
;;;;;;;;;;;;;;;;;;;;;;;
;;;;;;;;;;;;;;;;;;;;;;;
;;;;;;;;;;;;;;;;;;;;;;;
;;;;;;;;;;;;;;;;;;;;;;;
;;;;;;;;;;;;;;;;;;;;;;;
;;;;;;;;;;;;;;;;;;;;;;;
;;;;;;;;;;;;;;;;;;;;;;;
;;;;;;;;;;;;;;;;;;;;;;;
;;;;;;;;;;;;;;;;;;;;;;;
;;;;;;;;;;;;;;;;;;;;;;;
;;;;;;;;;;;;;;;;;;;;;;;
;;;;;;;;;;;;;;;;;;;;;;;
;;;;;;;;;;;;;;;;;;;;;;;
;;;;;;;;;;;;;;;;;;;;;;;
;;;;;;;;;;;;;;;;;;;;;;;
;;;;;;;;;;;;;;;;;;;;;;;
;;;;;;;;;;;;;;;;;;;;;;;
;;;;;;;;;;;;;;;;;;;;;;;
;;;;;;;;;;;;;;;;;;;;;;;
;;;;;;;;;;;;;;;;;;;;;;;
;;;;;;;;;;;;;;;;;;;;;;;
;;;;;;;;;;;;;;;;;;;;;;;
;;;;;;;;;;;;;;;;;;;;;;;
;;;;;;;;;;;;;;;;;;;;;;;
;;;;;;;;;;;;;;;;;;;;;;;
;;;;;;;;;;;;;;;;;;;;;;;
;;;;;;;;;;;;;;;;;;;;;;;
;;;;;;;;;;;;;;;;;;;;;;;
;;;;;;;;;;;;;;;;;;;;;;;
;;;;;;;;;;;;;;;;;;;;;;;
;;;;;;;;;;;;;;;;;;;;;;;
;;;;;;;;;;;;;;;;;;;;;;;
;;;;;;;;;;;;;;;;;;;;;;;
;;;;;;;;;;;;;;;;;;;;;;;
;;;;;;;;;;;;;;;;;;;;;;;
;;;;;;;;;;;;;;;;;;;;;;;
;;;;;;;;;;;;;;;;;;;;;;;
;;;;;;;;;;;;;;;;;;;;;;;
;;;;;;;;;;;;;;;;;;;;;;;
;;;;;;;;;;;;;;;;;;;;;;;
;;;;;;;;;;;;;;;;;;;;;;;
;;;;;;;;;;;;;;;;;;;;;;;
;;;;;;;;;;;;;;;;;;;;;;;
;;;;;;;;;;;;;;;;;;;;;;;
;;;;;;;;;;;;;;;;;;;;;;;
;;;;;;;;;;;;;;;;;;;;;;;
;;;;;;;;;;;;;;;;;;;;;;;
;;;;;;;;;;;;;;;;;;;;;;;
;;;;;;;;;;;;;;;;;;;;;;;
;;;;;;;;;;;;;;;;;;;;;;;
;;;;;;;;;;;;;;;;;;;;;;;
;;;;;;;;;;;;;;;;;;;;;;;
;;;;;;;;;;;;;;;;;;;;;;;
;;;;;;;;;;;;;;;;;;;;;;;
;;;;;;;;;;;;;;;;;;;;;;;
;;;;;;;;;;;;;;;;;;;;;;;
;;;;;;;;;;;;;;;;;;;;;;;
;;;;;;;;;;;;;;;;;;;;;;;
;;;;;;;;;;;;;;;;;;;;;;;
;;;;;;;;;;;;;;;;;;;;;;;
;;;;;;;;;;;;;;;;;;;;;;;
;;;;;;;;;;;;;;;;;;;;;;;
;;;;;;;;;;;;;;;;;;;;;;;
;;;;;;;;;;;;;;;;;;;;;;;
;;;;;;;;;;;;;;;;;;;;;;;
;;;;;;;;;;;;;;;;;;;;;;;
;;;;;;;;;;;;;;;;;;;;;;;
;;;;;;;;;;;;;;;;;;;;;;;
;;;;;;;;;;;;;;;;;;;;;;;
;;;;;;;;;;;;;;;;;;;;;;;
;;;;;;;;;;;;;;;;;;;;;;;
;;;;;;;;;;;;;;;;;;;;;;;
;;;;;;;;;;;;;;;;;;;;;;;
;;;;;;;;;;;;;;;;;;;;;;;
;;;;;;;;;;;;;;;;;;;;;;;
;;;;;;;;;;;;;;;;;;;;;;;
;;;;;;;;;;;;;;;;;;;;;;;
;;;;;;;;;;;;;;;;;;;;;;;
;;;;;;;;;;;;;;;;;;;;;;;
;;;;;;;;;;;;;;;;;;;;;;;
;;;;;;;;;;;;;;;;;;;;;;;
;;;;;;;;;;;;;;;;;;;;;;;
;;;;;;;;;;;;;;;;;;;;;;;
;;;;;;;;;;;;;;;;;;;;;;;
;;;;;;;;;;;;;;;;;;;;;;;
;;;;;;;;;;;;;;;;;;;;;;;
;;;;;;;;;;;;;;;;;;;;;;;
;;;;;;;;;;;;;;;;;;;;;;;
;;;;;;;;;;;;;;;;;;;;;;;
;;;;;;;;;;;;;;;;;;;;;;;
;;;;;;;;;;;;;;;;;;;;;;;
;;;;;;;;;;;;;;;;;;;;;;;
;;;;;;;;;;;;;;;;;;;;;;;
;;;;;;;;;;;;;;;;;;;;;;;
;;;;;;;;;;;;;;;;;;;;;;;
;;;;;;;;;;;;;;;;;;;;;;;
;;;;;;;;;;;;;;;;;;;;;;;
;;;;;;;;;;;;;;;;;;;;;;;
;;;;;;;;;;;;;;;;;;;;;;;
;;;;;;;;;;;;;;;;;;;;;;;
;;;;;;;;;;;;;;;;;;;;;;;
;;;;;;;;;;;;;;;;;;;;;;;
;;;;;;;;;;;;;;;;;;;;;;;
;;;;;;;;;;;;;;;;;;;;;;;
;;;;;;;;;;;;;;;;;;;;;;;
;;;;;;;;;;;;;;;;;;;;;;;
;;;;;;;;;;;;;;;;;;;;;;;
;;;;;;;;;;;;;;;;;;;;;;;
;;;;;;;;;;;;;;;;;;;;;;;
;;;;;;;;;;;;;;;;;;;;;;;
;;;;;;;;;;;;;;;;;;;;;;;
;;;;;;;;;;;;;;;;;;;;;;;
;;;;;;;;;;;;;;;;;;;;;;;
;;;;;;;;;;;;;;;;;;;;;;;
;;;;;;;;;;;;;;;;;;;;;;;
;;;;;;;;;;;;;;;;;;;;;;;
;;;;;;;;;;;;;;;;;;;;;;;
;;;;;;;;;;;;;;;;;;;;;;;
;;;;;;;;;;;;;;;;;;;;;;;
;;;;;;;;;;;;;;;;;;;;;;;
;;;;;;;;;;;;;;;;;;;;;;;
;;;;;;;;;;;;;;;;;;;;;;;
;;;;;;;;;;;;;;;;;;;;;;;
;;;;;;;;;;;;;;;;;;;;;;;
;;;;;;;;;;;;;;;;;;;;;;;
;;;;;;;;;;;;;;;;;;;;;;;
;;;;;;;;;;;;;;;;;;;;;;;
;;;;;;;;;;;;;;;;;;;;;;;
;;;;;;;;;;;;;;;;;;;;;;;
;;;;;;;;;;;;;;;;;;;;;;;
;;;;;;;;;;;;;;;;;;;;;;;
;;;;;;;;;;;;;;;;;;;;;;;
;;;;;;;;;;;;;;;;;;;;;;;
;;;;;;;;;;;;;;;;;;;;;;;
;;;;;;;;;;;;;;;;;;;;;;;
;;;;;;;;;;;;;;;;;;;;;;;
;;;;;;;;;;;;;;;;;;;;;;;
;;;;;;;;;;;;;;;;;;;;;;;
;;;;;;;;;;;;;;;;;;;;;;;
;;;;;;;;;;;;;;;;;;;;;;;
;;;;;;;;;;;;;;;;;;;;;;;
;;;;;;;;;;;;;;;;;;;;;;;
;;;;;;;;;;;;;;;;;;;;;;;
;;;;;;;;;;;;;;;;;;;;;;;
;;;;;;;;;;;;;;;;;;;;;;;
;;;;;;;;;;;;;;;;;;;;;;;
;;;;;;;;;;;;;;;;;;;;;;;
;;;;;;;;;;;;;;;;;;;;;;;
;;;;;;;;;;;;;;;;;;;;;;;
;;;;;;;;;;;;;;;;;;;;;;;
;;;;;;;;;;;;;;;;;;;;;;;
;;;;;;;;;;;;;;;;;;;;;;;
;;;;;;;;;;;;;;;;;;;;;;;
;;;;;;;;;;;;;;;;;;;;;;;
;;;;;;;;;;;;;;;;;;;;;;;
;;;;;;;;;;;;;;;;;;;;;;;
;;;;;;;;;;;;;;;;;;;;;;;
;;;;;;;;;;;;;;;;;;;;;;;
;;;;;;;;;;;;;;;;;;;;;;;
;;;;;;;;;;;;;;;;;;;;;;;
;;;;;;;;;;;;;;;;;;;;;;;
;;;;;;;;;;;;;;;;;;;;;;;
;;;;;;;;;;;;;;;;;;;;;;;
;;;;;;;;;;;;;;;;;;;;;;;
;;;;;;;;;;;;;;;;;;;;;;;
;;;;;;;;;;;;;;;;;;;;;;;
;;;;;;;;;;;;;;;;;;;;;;;
;;;;;;;;;;;;;;;;;;;;;;;
;;;;;;;;;;;;;;;;;;;;;;;
;;;;;;;;;;;;;;;;;;;;;;;
;;;;;;;;;;;;;;;;;;;;;;;
;;;;;;;;;;;;;;;;;;;;;;;
;;;;;;;;;;;;;;;;;;;;;;;
;;;;;;;;;;;;;;;;;;;;;;;
;;;;;;;;;;;;;;;;;;;;;;;
;;;;;;;;;;;;;;;;;;;;;;;
;;;;;;;;;;;;;;;;;;;;;;;
;;;;;;;;;;;;;;;;;;;;;;;
;;;;;;;;;;;;;;;;;;;;;;;
;;;;;;;;;;;;;;;;;;;;;;;
;;;;;;;;;;;;;;;;;;;;;;;
;;;;;;;;;;;;;;;;;;;;;;;
;;;;;;;;;;;;;;;;;;;;;;;
;;;;;;;;;;;;;;;;;;;;;;;
;;;;;;;;;;;;;;;;;;;;;;;
;;;;;;;;;;;;;;;;;;;;;;;
;;;;;;;;;;;;;;;;;;;;;;;
;;;;;;;;;;;;;;;;;;;;;;;
;;;;;;;;;;;;;;;;;;;;;;;
;;;;;;;;;;;;;;;;;;;;;;;
;;;;;;;;;;;;;;;;;;;;;;;
;;;;;;;;;;;;;;;;;;;;;;;
;;;;;;;;;;;;;;;;;;;;;;;
;;;;;;;;;;;;;;;;;;;;;;;
;;;;;;;;;;;;;;;;;;;;;;;
;;;;;;;;;;;;;;;;;;;;;;;
;;;;;;;;;;;;;;;;;;;;;;;
;;;;;;;;;;;;;;;;;;;;;;;
;;;;;;;;;;;;;;;;;;;;;;;
;;;;;;;;;;;;;;;;;;;;;;;
;;;;;;;;;;;;;;;;;;;;;;;
;;;;;;;;;;;;;;;;;;;;;;;
;;;;;;;;;;;;;;;;;;;;;;;
;;;;;;;;;;;;;;;;;;;;;;;
;;;;;;;;;;;;;;;;;;;;;;;
;;;;;;;;;;;;;;;;;;;;;;;
;;;;;;;;;;;;;;;;;;;;;;;
;;;;;;;;;;;;;;;;;;;;;;;
;;;;;;;;;;;;;;;;;;;;;;;
;;;;;;;;;;;;;;;;;;;;;;;
;;;;;;;;;;;;;;;;;;;;;;;
;;;;;;;;;;;;;;;;;;;;;;;
;;;;;;;;;;;;;;;;;;;;;;;
;;;;;;;;;;;;;;;;;;;;;;;
;;;;;;;;;;;;;;;;;;;;;;;
;;;;;;;;;;;;;;;;;;;;;;;
;;;;;;;;;;;;;;;;;;;;;;;
;;;;;;;;;;;;;;;;;;;;;;;
;;;;;;;;;;;;;;;;;;;;;;;
;;;;;;;;;;;;;;;;;;;;;;;
;;;;;;;;;;;;;;;;;;;;;;;
;;;;;;;;;;;;;;;;;;;;;;;
;;;;;;;;;;;;;;;;;;;;;;;
;;;;;;;;;;;;;;;;;;;;;;;
;;;;;;;;;;;;;;;;;;;;;;;
;;;;;;;;;;;;;;;;;;;;;;;
;;;;;;;;;;;;;;;;;;;;;;;
;;;;;;;;;;;;;;;;;;;;;;;
;;;;;;;;;;;;;;;;;;;;;;;
;;;;;;;;;;;;;;;;;;;;;;;
;;;;;;;;;;;;;;;;;;;;;;;
;;;;;;;;;;;;;;;;;;;;;;;
;;;;;;;;;;;;;;;;;;;;;;;
;;;;;;;;;;;;;;;;;;;;;;;
;;;;;;;;;;;;;;;;;;;;;;;
;;;;;;;;;;;;;;;;;;;;;;;
;;;;;;;;;;;;;;;;;;;;;;;
;;;;;;;;;;;;;;;;;;;;;;;
;;;;;;;;;;;;;;;;;;;;;;;
;;;;;;;;;;;;;;;;;;;;;;;
;;;;;;;;;;;;;;;;;;;;;;;
;;;;;;;;;;;;;;;;;;;;;;;
;;;;;;;;;;;;;;;;;;;;;;;
;;;;;;;;;;;;;;;;;;;;;;;
;;;;;;;;;;;;;;;;;;;;;;;
;;;;;;;;;;;;;;;;;;;;;;;
;;;;;;;;;;;;;;;;;;;;;;;
;;;;;;;;;;;;;;;;;;;;;;;
;;;;;;;;;;;;;;;;;;;;;;;
;;;;;;;;;;;;;;;;;;;;;;;
;;;;;;;;;;;;;;;;;;;;;;;
;;;;;;;;;;;;;;;;;;;;;;;
;;;;;;;;;;;;;;;;;;;;;;;
;;;;;;;;;;;;;;;;;;;;;;;
;;;;;;;;;;;;;;;;;;;;;;;
;;;;;;;;;;;;;;;;;;;;;;;
;;;;;;;;;;;;;;;;;;;;;;;
;;;;;;;;;;;;;;;;;;;;;;;
;;;;;;;;;;;;;;;;;;;;;;;
;;;;;;;;;;;;;;;;;;;;;;;
;;;;;;;;;;;;;;;;;;;;;;;
;;;;;;;;;;;;;;;;;;;;;;;
;;;;;;;;;;;;;;;;;;;;;;;
;;;;;;;;;;;;;;;;;;;;;;;
;;;;;;;;;;;;;;;;;;;;;;;
;;;;;;;;;;;;;;;;;;;;;;;
;;;;;;;;;;;;;;;;;;;;;;;
;;;;;;;;;;;;;;;;;;;;;;;
;;;;;;;;;;;;;;;;;;;;;;;
;;;;;;;;;;;;;;;;;;;;;;;
;;;;;;;;;;;;;;;;;;;;;;;
;;;;;;;;;;;;;;;;;;;;;;;
;;;;;;;;;;;;;;;;;;;;;;;
;;;;;;;;;;;;;;;;;;;;;;;
;;;;;;;;;;;;;;;;;;;;;;;
;;;;;;;;;;;;;;;;;;;;;;;
;;;;;;;;;;;;;;;;;;;;;;;
;;;;;;;;;;;;;;;;;;;;;;;
;;;;;;;;;;;;;;;;;;;;;;;
;;;;;;;;;;;;;;;;;;;;;;;
;;;;;;;;;;;;;;;;;;;;;;;
;;;;;;;;;;;;;;;;;;;;;;;
;;;;;;;;;;;;;;;;;;;;;;;
;;;;;;;;;;;;;;;;;;;;;;;
;;;;;;;;;;;;;;;;;;;;;;;
;;;;;;;;;;;;;;;;;;;;;;;
;;;;;;;;;;;;;;;;;;;;;;;
;;;;;;;;;;;;;;;;;;;;;;;
;;;;;;;;;;;;;;;;;;;;;;;
;;;;;;;;;;;;;;;;;;;;;;;
;;;;;;;;;;;;;;;;;;;;;;;
;;;;;;;;;;;;;;;;;;;;;;;
;;;;;;;;;;;;;;;;;;;;;;;
;;;;;;;;;;;;;;;;;;;;;;;
;;;;;;;;;;;;;;;;;;;;;;;
;;;;;;;;;;;;;;;;;;;;;;;
;;;;;;;;;;;;;;;;;;;;;;;
;;;;;;;;;;;;;;;;;;;;;;;
;;;;;;;;;;;;;;;;;;;;;;;
;;;;;;;;;;;;;;;;;;;;;;;
;;;;;;;;;;;;;;;;;;;;;;;
;;;;;;;;;;;;;;;;;;;;;;;
;;;;;;;;;;;;;;;;;;;;;;;
;;;;;;;;;;;;;;;;;;;;;;;
;;;;;;;;;;;;;;;;;;;;;;;
;;;;;;;;;;;;;;;;;;;;;;;
;;;;;;;;;;;;;;;;;;;;;;;
;;;;;;;;;;;;;;;;;;;;;;;
;;;;;;;;;;;;;;;;;;;;;;;
;;;;;;;;;;;;;;;;;;;;;;;
;;;;;;;;;;;;;;;;;;;;;;;
;;;;;;;;;;;;;;;;;;;;;;;
;;;;;;;;;;;;;;;;;;;;;;;
;;;;;;;;;;;;;;;;;;;;;;;
;;;;;;;;;;;;;;;;;;;;;;;
;;;;;;;;;;;;;;;;;;;;;;;
;;;;;;;;;;;;;;;;;;;;;;;
;;;;;;;;;;;;;;;;;;;;;;;
;;;;;;;;;;;;;;;;;;;;;;;
;;;;;;;;;;;;;;;;;;;;;;;
;;;;;;;;;;;;;;;;;;;;;;;
;;;;;;;;;;;;;;;;;;;;;;;
;;;;;;;;;;;;;;;;;;;;;;;
;;;;;;;;;;;;;;;;;;;;;;;
;;;;;;;;;;;;;;;;;;;;;;;
;;;;;;;;;;;;;;;;;;;;;;;
;;;;;;;;;;;;;;;;;;;;;;;
;;;;;;;;;;;;;;;;;;;;;;;
;;;;;;;;;;;;;;;;;;;;;;;
;;;;;;;;;;;;;;;;;;;;;;;
;;;;;;;;;;;;;;;;;;;;;;;
;;;;;;;;;;;;;;;;;;;;;;;
;;;;;;;;;;;;;;;;;;;;;;;
;;;;;;;;;;;;;;;;;;;;;;;
;;;;;;;;;;;;;;;;;;;;;;;
;;;;;;;;;;;;;;;;;;;;;;;
;;;;;;;;;;;;;;;;;;;;;;;
;;;;;;;;;;;;;;;;;;;;;;;
;;;;;;;;;;;;;;;;;;;;;;;
;;;;;;;;;;;;;;;;;;;;;;;
;;;;;;;;;;;;;;;;;;;;;;;
;;;;;;;;;;;;;;;;;;;;;;;
;;;;;;;;;;;;;;;;;;;;;;;
;;;;;;;;;;;;;;;;;;;;;;;
;;;;;;;;;;;;;;;;;;;;;;;
;;;;;;;;;;;;;;;;;;;;;;;
;;;;;;;;;;;;;;;;;;;;;;;
;;;;;;;;;;;;;;;;;;;;;;;
;;;;;;;;;;;;;;;;;;;;;;;
;;;;;;;;;;;;;;;;;;;;;;;
;;;;;;;;;;;;;;;;;;;;;;;
;;;;;;;;;;;;;;;;;;;;;;;
;;;;;;;;;;;;;;;;;;;;;;;
;;;;;;;;;;;;;;;;;;;;;;;
;;;;;;;;;;;;;;;;;;;;;;;
;;;;;;;;;;;;;;;;;;;;;;;
;;;;;;;;;;;;;;;;;;;;;;;
;;;;;;;;;;;;;;;;;;;;;;;
;;;;;;;;;;;;;;;;;;;;;;;
;;;;;;;;;;;;;;;;;;;;;;;
;;;;;;;;;;;;;;;;;;;;;;;
;;;;;;;;;;;;;;;;;;;;;;;
;;;;;;;;;;;;;;;;;;;;;;;
;;;;;;;;;;;;;;;;;;;;;;;
;;;;;;;;;;;;;;;;;;;;;;;
;;;;;;;;;;;;;;;;;;;;;;;
;;;;;;;;;;;;;;;;;;;;;;;
;;;;;;;;;;;;;;;;;;;;;;;
;;;;;;;;;;;;;;;;;;;;;;;
;;;;;;;;;;;;;;;;;;;;;;;
;;;;;;;;;;;;;;;;;;;;;;;
;;;;;;;;;;;;;;;;;;;;;;;
;;;;;;;;;;;;;;;;;;;;;;;
;;;;;;;;;;;;;;;;;;;;;;;
;;;;;;;;;;;;;;;;;;;;;;;
;;;;;;;;;;;;;;;;;;;;;;;
;;;;;;;;;;;;;;;;;;;;;;;
;;;;;;;;;;;;;;;;;;;;;;;
;;;;;;;;;;;;;;;;;;;;;;;
;;;;;;;;;;;;;;;;;;;;;;;
;;;;;;;;;;;;;;;;;;;;;;;
;;;;;;;;;;;;;;;;;;;;;;;
;;;;;;;;;;;;;;;;;;;;;;;
;;;;;;;;;;;;;;;;;;;;;;;
;;;;;;;;;;;;;;;;;;;;;;;
;;;;;;;;;;;;;;;;;;;;;;;
;;;;;;;;;;;;;;;;;;;;;;;
;;;;;;;;;;;;;;;;;;;;;;;
;;;;;;;;;;;;;;;;;;;;;;;
;;;;;;;;;;;;;;;;;;;;;;;
;;;;;;;;;;;;;;;;;;;;;;;
;;;;;;;;;;;;;;;;;;;;;;;
;;;;;;;;;;;;;;;;;;;;;;;
;;;;;;;;;;;;;;;;;;;;;;;
;;;;;;;;;;;;;;;;;;;;;;;
;;;;;;;;;;;;;;;;;;;;;;;
;;;;;;;;;;;;;;;;;;;;;;;
;;;;;;;;;;;;;;;;;;;;;;;
;;;;;;;;;;;;;;;;;;;;;;;
;;;;;;;;;;;;;;;;;;;;;;;
;;;;;;;;;;;;;;;;;;;;;;;
;;;;;;;;;;;;;;;;;;;;;;;
;;;;;;;;;;;;;;;;;;;;;;;
;;;;;;;;;;;;;;;;;;;;;;;
;;;;;;;;;;;;;;;;;;;;;;;
;;;;;;;;;;;;;;;;;;;;;;;
;;;;;;;;;;;;;;;;;;;;;;;
;;;;;;;;;;;;;;;;;;;;;;;
;;;;;;;;;;;;;;;;;;;;;;;
;;;;;;;;;;;;;;;;;;;;;;;
;;;;;;;;;;;;;;;;;;;;;;;
;;;;;;;;;;;;;;;;;;;;;;;
;;;;;;;;;;;;;;;;;;;;;;;
;;;;;;;;;;;;;;;;;;;;;;;
;;;;;;;;;;;;;;;;;;;;;;;
;;;;;;;;;;;;;;;;;;;;;;;
;;;;;;;;;;;;;;;;;;;;;;;
;;;;;;;;;;;;;;;;;;;;;;;
;;;;;;;;;;;;;;;;;;;;;;;
;;;;;;;;;;;;;;;;;;;;;;;
;;;;;;;;;;;;;;;;;;;;;;;
;;;;;;;;;;;;;;;;;;;;;;;
;;;;;;;;;;;;;;;;;;;;;;;
;;;;;;;;;;;;;;;;;;;;;;;
;;;;;;;;;;;;;;;;;;;;;;;
;;;;;;;;;;;;;;;;;;;;;;;
;;;;;;;;;;;;;;;;;;;;;;;
;;;;;;;;;;;;;;;;;;;;;;;
;;;;;;;;;;;;;;;;;;;;;;;
;;;;;;;;;;;;;;;;;;;;;;;
;;;;;;;;;;;;;;;;;;;;;;;
;;;;;;;;;;;;;;;;;;;;;;;
;;;;;;;;;;;;;;;;;;;;;;;
;;;;;;;;;;;;;;;;;;;;;;;
;;;;;;;;;;;;;;;;;;;;;;;
;;;;;;;;;;;;;;;;;;;;;;;
;;;;;;;;;;;;;;;;;;;;;;;
;;;;;;;;;;;;;;;;;;;;;;;
;;;;;;;;;;;;;;;;;;;;;;;
;;;;;;;;;;;;;;;;;;;;;;;
;;;;;;;;;;;;;;;;;;;;;;;
;;;;;;;;;;;;;;;;;;;;;;;
;;;;;;;;;;;;;;;;;;;;;;;
;;;;;;;;;;;;;;;;;;;;;;;
;;;;;;;;;;;;;;;;;;;;;;;
;;;;;;;;;;;;;;;;;;;;;;;
;;;;;;;;;;;;;;;;;;;;;;;
;;;;;;;;;;;;;;;;;;;;;;;
;;;;;;;;;;;;;;;;;;;;;;;
;;;;;;;;;;;;;;;;;;;;;;;
;;;;;;;;;;;;;;;;;;;;;;;
;;;;;;;;;;;;;;;;;;;;;;;
;;;;;;;;;;;;;;;;;;;;;;;
;;;;;;;;;;;;;;;;;;;;;;;
;;;;;;;;;;;;;;;;;;;;;;;
;;;;;;;;;;;;;;;;;;;;;;;
;;;;;;;;;;;;;;;;;;;;;;;
;;;;;;;;;;;;;;;;;;;;;;;
;;;;;;;;;;;;;;;;;;;;;;;
;;;;;;;;;;;;;;;;;;;;;;;
;;;;;;;;;;;;;;;;;;;;;;;
;;;;;;;;;;;;;;;;;;;;;;;
;;;;;;;;;;;;;;;;;;;;;;;
;;;;;;;;;;;;;;;;;;;;;;;
;;;;;;;;;;;;;;;;;;;;;;;
;;;;;;;;;;;;;;;;;;;;;;;
;;;;;;;;;;;;;;;;;;;;;;;
;;;;;;;;;;;;;;;;;;;;;;;
;;;;;;;;;;;;;;;;;;;;;;;
;;;;;;;;;;;;;;;;;;;;;;;
;;;;;;;;;;;;;;;;;;;;;;;
;;;;;;;;;;;;;;;;;;;;;;;
;;;;;;;;;;;;;;;;;;;;;;;
;;;;;;;;;;;;;;;;;;;;;;;
;;;;;;;;;;;;;;;;;;;;;;;
;;;;;;;;;;;;;;;;;;;;;;;
;;;;;;;;;;;;;;;;;;;;;;;
;;;;;;;;;;;;;;;;;;;;;;;
;;;;;;;;;;;;;;;;;;;;;;;
;;;;;;;;;;;;;;;;;;;;;;;
;;;;;;;;;;;;;;;;;;;;;;;