plant_id,filename,area_pixels,width,height,color_freq_1_hex,color_freq_1_pct,color_freq_2_hex,color_freq_2_pct,color_freq_3_hex,color_freq_3_pct,color_freq_4_hex,color_freq_4_pct,color_freq_5_hex,color_freq_5_pct,color_perceptual_1_hex,color_perceptual_1_pct,color_perceptual_2_hex,color_perceptual_2_pct,color_perceptual_3_hex,color_perceptual_3_pct,color_perceptual_4_hex,color_perceptual_4_pct,color_perceptual_5_hex,color_perceptual_5_pct,color_saliency_1_hex,color_saliency_1_pct,color_saliency_2_hex,color_saliency_2_pct,color_saliency_3_hex,color_saliency_3_pct,color_saliency_4_hex,color_saliency_4_pct,color_saliency_5_hex,color_saliency_5_pct,color_botanical_1_hex,color_botanical_1_pct,color_botanical_2_hex,color_botanical_2_pct,color_botanical_3_hex,color_botanical_3_pct,color_botanical_4_hex,color_botanical_4_pct,color_botanical_5_hex,color_botanical_5_pct,color_visual_1_hex,color_visual_1_pct,color_visual_2_hex,color_visual_2_pct,color_visual_3_hex,color_visual_3_pct,color_visual_4_hex,color_visual_4_pct,color_visual_5_hex,color_visual_5_pct,family,genus,species
KW_T_423_1_0020R,KW_T_423_1_0020R.tif_segmented.png,1203204,2848,3659,#c5bfa6,4.5,#67684e,2.15,#807e5f,1.98,#999471,1.75,#b5af94,1.67,#c5bfa6,4.5,#2d2921,0.51,#b5af94,1.67,#67684e,2.15,#999471,1.75,#2d2921,0.51,#67684e,2.15,#807e5f,1.98,#999471,1.75,#b5af94,1.67,#2d2921,0.51,#807e5f,1.98,#999471,1.75,#b5af94,1.67,#c5bfa6,4.5,#2d2921,0.51,#67684e,2.15,#807e5f,1.98,#999471,1.75,#b5af94,1.67,Plantaginaceae,Veronica,Veronica chamaedrys
KW_T_423_1_0022R,KW_T_423_1_0022R.tif_segmented.png,1615410,2846,3679,#c3bca0,4.8,#817d5e,3.15,#9a946d,2.69,#6e6b50,2.46,#b2a583,1.64,#2e2a20,0.53,#c3bca0,4.8,#b2a583,1.64,#9a946d,2.69,#6e6b50,2.46,#2e2a20,0.53,#6e6b50,2.46,#9a946d,2.69,#817d5e,3.15,#b2a583,1.64,#2e2a20,0.53,#817d5e,3.15,#9a946d,2.69,#b2a583,1.64,#6e6b50,2.46,#2e2a20,0.53,#6e6b50,2.46,#9a946d,2.69,#817d5e,3.15,#b2a583,1.64,,Menyanthes,Menyanthes trifoliata
KW_T_423_1_0024R,KW_T_423_1_0024R.tif_segmented.png,770833,2848,3667,#c3bca0,4.16,#736b55,1.71,#8e8569,1.56,#a6a07f,1.37,#2d2a21,0.71,#c3bca0,4.16,#2d2a21,0.71,#a6a07f,1.37,#736b55,1.71,#8e8569,1.56,#2d2a21,0.71,#736b55,1.71,#8e8569,1.56,#a6a07f,1.37,#c3bca0,4.16,#2d2a21,0.71,#736b55,1.71,#a6a07f,1.37,#8e8569,1.56,#c3bca0,4.16,#2d2a21,0.71,#736b55,1.71,#8e8569,1.56,#a6a07f,1.37,#c3bca0,4.16,,Anagallis,Anagallis arvensis subsp. arvensis
KW_T_423_1_0026R,KW_T_423_1_0026R.tif_segmented.png,853338,2860,3683,#c3bba2,4.67,#a38c75,1.61,#b6a687,1.45,#8a7560,1.35,#70624d,1.27,#c3bba2,4.67,#29251e,0.75,#b6a687,1.45,#70624d,1.27,#a38c75,1.61,#70624d,1.27,#8a7560,1.35,#a38c75,1.61,#29251e,0.75,#b6a687,1.45,#29251e,0.75,#70624d,1.27,#b6a687,1.45,#8a7560,1.35,#c3bba2,4.67,#70624d,1.27,#8a7560,1.35,#a38c75,1.61,#29251e,0.75,#b6a687,1.45,Caryophyllaceae,Silene,Silene flos-cuculi
KW_T_423_1_0028R,KW_T_423_1_0028R.tif_segmented.png,2060823,2856,3659,#c9c1a7,6.44,#707359,4.58,#8c8969,3.99,#595f48,3.46,#aba682,2.42,#d5c96d,1.64,#bca552,1.06,#c9c1a7,6.44,#595f48,3.46,#aba682,2.42,#8c8969,3.99,#707359,4.58,#595f48,3.46,#aba682,2.42,#bca552,1.06,#d5c96d,1.64,#bca552,1.06,#aba682,2.42,#8c8969,3.99,#707359,4.58,#8c8969,3.99,#707359,4.58,#595f48,3.46,#aba682,2.42,#bca552,1.06,,Caltha,Caltha palustris subsp. palustris
KW_T_423_1_0030R,KW_T_423_1_0030R.tif_segmented.png,1080882,2856,3675,#c7c0a6,5.45,#74735a,2.76,#605d4a,2.64,#92916b,2.38,#b1a889,1.16,#c7c0a6,5.45,#26241e,0.62,#b1a889,1.16,#92916b,2.38,#605d4a,2.64,#26241e,0.62,#92916b,2.38,#605d4a,2.64,#74735a,2.76,#b1a889,1.16,#26241e,0.62,#92916b,2.38,#74735a,2.76,#b1a889,1.16,#605d4a,2.64,#26241e,0.62,#92916b,2.38,#605d4a,2.64,#74735a,2.76,#b1a889,1.16,,Convallaria,Convallaria majalis
KW_T_423_1_0032R,KW_T_423_1_0032R.tif_segmented.png,1860993,2854,3667,#bfb79d,4.96,#9d9876,3.22,#807d61,2.4,#9b6364,2.37,#bf8588,2.02,#bf8588,2.02,#bfb79d,4.96,#9b6364,2.37,#635946,1.41,#9d9876,3.22,#635946,1.41,#9b6364,2.37,#bf8588,2.02,#807d61,2.4,#9d9876,3.22,#9b6364,2.37,#bf8588,2.02,#807d61,2.4,#9d9876,3.22,#635946,1.41,#635946,1.41,#9b6364,2.37,#bf8588,2.02,#807d61,2.4,#9d9876,3.22,,Chamaenerion,Chamaenerion angustifolium
KW_T_423_1_0034R,KW_T_423_1_0034R.tif_segmented.png,980552,2860,3675,#c1baa2,5.04,#afa589,2.29,#988470,1.36,#786d5d,1.24,#2b2821,0.59,#c1baa2,5.04,#2b2821,0.59,#afa589,2.29,#988470,1.36,#786d5d,1.24,#786d5d,1.24,#988470,1.36,#2b2821,0.59,#afa589,2.29,#c1baa2,5.04,#2b2821,0.59,#afa589,2.29,#786d5d,1.24,#c1baa2,5.04,#988470,1.36,#786d5d,1.24,#988470,1.36,#2b2821,0.59,#afa589,2.29,#c1baa2,5.04,,Erica,Erica tetralix
KW_T_423_1_0036R,KW_T_423_1_0036R.tif_segmented.png,760662,2856,3679,#c4bda2,4.63,#b7af8e,1.36,#81785e,1.1,#9f9a74,1.08,#605845,0.96,#c4bda2,4.63,#605845,0.96,#b7af8e,1.36,#9f9a74,1.08,#81785e,1.1,#605845,0.96,#81785e,1.1,#9f9a74,1.08,#b7af8e,1.36,#c4bda2,4.63,#9f9a74,1.08,#81785e,1.1,#b7af8e,1.36,#605845,0.96,#c4bda2,4.63,#605845,0.96,#81785e,1.1,#9f9a74,1.08,#b7af8e,1.36,#c4bda2,4.63,,Oxalis,Oxalis acetosella
KW_T_423_1_0038R,KW_T_423_1_0038R.tif_segmented.png,425372,2862,3675,#bcb69c,4.13,#ccc5aa,3.64,#7a725d,0.8,#99947b,0.78,#2a2720,0.69,#ccc5aa,3.64,#2a2720,0.69,#bcb69c,4.13,#7a725d,0.8,#99947b,0.78,#7a725d,0.8,#2a2720,0.69,#99947b,0.78,#bcb69c,4.13,#ccc5aa,3.64,#2a2720,0.69,#7a725d,0.8,#99947b,0.78,#ccc5aa,3.64,#bcb69c,4.13,#7a725d,0.8,#2a2720,0.69,#99947b,0.78,#bcb69c,4.13,#ccc5aa,3.64,,Viola,Viola tricolor
KW_T_423_1_0040R,KW_T_423_1_0040R.tif_segmented.png,619422,2878,3683,#b7b195,5.12,#a29b7b,1.45,#837a60,0.97,#2a2720,0.66,,,#2a2720,0.66,#b7b195,5.12,#a29b7b,1.45,#837a60,0.97,,,#837a60,0.97,#2a2720,0.66,#a29b7b,1.45,#b7b195,5.12,,,#2a2720,0.66,#837a60,0.97,#a29b7b,1.45,#b7b195,5.12,,,#837a60,0.97,#2a2720,0.66,#a29b7b,1.45,#b7b195,5.12,,,,Hippuris,Hippuris vulgaris
KW_T_423_1_0042R,KW_T_423_1_0042R.tif_segmented.png,1441366,2954,3679,#bbb498,3.93,#a5a083,3.02,#686856,2.11,#86846b,2.07,#28251c,0.49,#28251c,0.49,#bbb498,3.93,#a5a083,3.02,#86846b,2.07,#686856,2.11,#686856,2.11,#86846b,2.07,#28251c,0.49,#a5a083,3.02,#bbb498,3.93,#28251c,0.49,#86846b,2.07,#a5a083,3.02,#686856,2.11,#bbb498,3.93,#686856,2.11,#86846b,2.07,#28251c,0.49,#a5a083,3.02,#bbb498,3.93,,Hottonia,Hottonia palustris
KW_T_423_1_0044R,KW_T_423_1_0044R.tif_segmented.png,1336411,2954,3675,#bcb196,3.71,#686a55,3.5,#cec6aa,2.85,#a29a7c,2.82,#858365,2.29,#322d21,0.31,#cec6aa,2.85,#bcb196,3.71,#a29a7c,2.82,#686a55,3.5,#322d21,0.31,#858365,2.29,#686a55,3.5,#a29a7c,2.82,#bcb196,3.71,#322d21,0.31,#858365,2.29,#a29a7c,2.82,#686a55,3.5,#cec6aa,2.85,#322d21,0.31,#858365,2.29,#686a55,3.5,#a29a7c,2.82,#bcb196,3.71,,Convolvulus,Convolvulus arvensis
KW_T_423_1_0046R,KW_T_423_1_0046R.tif_segmented.png,728115,2964,3683,#b9b395,2.62,#a8a382,1.98,#918e6f,1.35,#78775e,1.32,#655f49,0.84,#b9b395,2.62,#655f49,0.84,#a8a382,1.98,#78775e,1.32,#918e6f,1.35,#655f49,0.84,#78775e,1.32,#918e6f,1.35,#a8a382,1.98,#b9b395,2.62,#a8a382,1.98,#78775e,1.32,#918e6f,1.35,#655f49,0.84,#b9b395,2.62,#655f49,0.84,#78775e,1.32,#918e6f,1.35,#a8a382,1.98,#b9b395,2.62,,Galanthus,Galanthus nivalis
KW_T_423_1_0048R,KW_T_423_1_0048R.tif_segmented.png,705683,2968,3671,#bbb596,3.35,#a6a080,1.93,#807c63,1.7,#ae5b50,0.59,#342e24,0.39,#ae5b50,0.59,#342e24,0.39,#bbb596,3.35,#a6a080,1.93,#807c63,1.7,#342e24,0.39,#807c63,1.7,#a6a080,1.93,#bbb596,3.35,#ae5b50,0.59,#ae5b50,0.59,#342e24,0.39,#807c63,1.7,#a6a080,1.93,#bbb596,3.35,#342e24,0.39,#807c63,1.7,#a6a080,1.93,#bbb596,3.35,#ae5b50,0.59,,Papaver,Papaver argemone
KW_T_423_1_0050R,KW_T_423_1_0050R.tif_segmented.png,1220355,2974,3671,#b2ae91,3.82,#7b7b67,2.94,#99967a,2.79,#c9c2a9,2.68,#616352,1.95,#c9c2a9,2.68,#27241d,0.39,#b2ae91,3.82,#99967a,2.79,#616352,1.95,#616352,1.95,#7b7b67,2.94,#27241d,0.39,#99967a,2.79,#b2ae91,3.82,#27241d,0.39,#7b7b67,2.94,#99967a,2.79,#b2ae91,3.82,#616352,1.95,#616352,1.95,#7b7b67,2.94,#27241d,0.39,#99967a,2.79,#b2ae91,3.82,,Ajuga,Ajuga reptans
KW_T_423_1_0052R,KW_T_423_1_0052R.tif_segmented.png,486596,2976,3659,#b9b195,3.1,#89826a,2.0,#a69e82,1.82,#6b6a55,1.72,#26221b,0.44,#26221b,0.44,#b9b195,3.1,#a69e82,1.82,#6b6a55,1.72,#89826a,2.0,#6b6a55,1.72,#89826a,2.0,#26221b,0.44,#a69e82,1.82,#b9b195,3.1,#26221b,0.44,#89826a,2.0,#a69e82,1.82,#6b6a55,1.72,#b9b195,3.1,#6b6a55,1.72,#89826a,2.0,#26221b,0.44,#a69e82,1.82,#b9b195,3.1,Papaveraceae,Corydalis,Corydalis solida
KW_T_423_1_0054R,KW_T_423_1_0054R.tif_segmented.png,139545,2982,3651,#a7a084,2.91,#bab395,2.65,#8e886f,1.16,#6b6957,1.13,#332e21,0.36,#332e21,0.36,#bab395,2.65,#a7a084,2.91,#6b6957,1.13,#8e886f,1.16,#332e21,0.36,#6b6957,1.13,#8e886f,1.16,#a7a084,2.91,#bab395,2.65,#332e21,0.36,#a7a084,2.91,#6b6957,1.13,#8e886f,1.16,#bab395,2.65,#332e21,0.36,#6b6957,1.13,#8e886f,1.16,#a7a084,2.91,#bab395,2.65,,Ornithopus,Ornithopus perpusillus
KW_T_423_1_0056R,KW_T_423_1_0056R.tif_segmented.png,562932,2990,3667,#b8b090,2.24,#5b5c49,1.81,#a19a7b,1.56,#78775b,1.54,#2b281f,0.41,#b8b090,2.24,#2b281f,0.41,#a19a7b,1.56,#5b5c49,1.81,#78775b,1.54,#2b281f,0.41,#78775b,1.54,#5b5c49,1.81,#a19a7b,1.56,#b8b090,2.24,#2b281f,0.41,#78775b,1.54,#a19a7b,1.56,#b8b090,2.24,#5b5c49,1.81,#2b281f,0.41,#78775b,1.54,#5b5c49,1.81,#a19a7b,1.56,#b8b090,2.24,,Bellis,Bellis perennis
KW_T_423_1_0058R,KW_T_423_1_0058R.tif_segmented.png,1637744,2988,3663,#b0a98c,4.65,#837d60,4.18,#9c9674,4.12,#6e664f,2.81,#c7bea2,2.68,#2f2b1f,0.42,#c7bea2,2.68,#b0a98c,4.65,#6e664f,2.81,#9c9674,4.12,#2f2b1f,0.42,#6e664f,2.81,#b0a98c,4.65,#837d60,4.18,#9c9674,4.12,#2f2b1f,0.42,#837d60,4.18,#6e664f,2.81,#9c9674,4.12,#b0a98c,4.65,#2f2b1f,0.42,#6e664f,2.81,#b0a98c,4.65,#837d60,4.18,#9c9674,4.12,,Dactylorhiza,Dactylorhiza praetermissa
KW_T_423_1_0060R,KW_T_423_1_0060R.tif_segmented.png,793699,2990,3659,#a3a281,3.07,#b4af90,2.53,#cac3a6,2.28,#8b8b6d,1.3,#74765d,1.14,#393327,0.34,#cac3a6,2.28,#b4af90,2.53,#a3a281,3.07,#74765d,1.14,#393327,0.34,#74765d,1.14,#8b8b6d,1.3,#a3a281,3.07,#b4af90,2.53,#393327,0.34,#a3a281,3.07,#8b8b6d,1.3,#74765d,1.14,#b4af90,2.53,#393327,0.34,#74765d,1.14,#8b8b6d,1.3,#a3a281,3.07,#b4af90,2.53,,Lycopus,Lycopus europaeus
KW_T_423_1_0062R,KW_T_423_1_0062R.tif_segmented.png,1296878,2996,3663,#aaa289,3.2,#bfb49c,2.38,#968f79,2.32,#7e7c66,1.78,#5c5e4d,0.69,#bfb49c,2.38,#aaa289,3.2,#5c5e4d,0.69,#968f79,2.32,#7e7c66,1.78,#5c5e4d,0.69,#7e7c66,1.78,#968f79,2.32,#aaa289,3.2,#bfb49c,2.38,#7e7c66,1.78,#aaa289,3.2,#5c5e4d,0.69,#968f79,2.32,#bfb49c,2.38,#5c5e4d,0.69,#7e7c66,1.78,#968f79,2.32,#aaa289,3.2,#bfb49c,2.38,,Valeriana,Valeriana officinalis
KW_T_423_1_0064R,KW_T_423_1_0064R.tif_segmented.png,1435672,2992,3651,#b2ab8f,3.76,#9b997e,2.61,#6a6655,1.96,#81806a,1.96,#9a6365,1.07,#be8c8f,0.71,#9a6365,1.07,#b2ab8f,3.76,#9b997e,2.61,#6a6655,1.96,#9a6365,1.07,#be8c8f,0.71,#6a6655,1.96,#81806a,1.96,#b2ab8f,3.76,#9a6365,1.07,#be8c8f,0.71,#81806a,1.96,#9b997e,2.61,#6a6655,1.96,#9a6365,1.07,#be8c8f,0.71,#6a6655,1.96,#81806a,1.96,#b2ab8f,3.76,,Lonicera,Lonicera periclymenum
KW_T_423_1_0066R,KW_T_423_1_0066R.tif_segmented.png,1093876,2992,3639,#a9a285,3.21,#bcb498,2.69,#8f8b73,2.14,#73735f,1.72,#494232,0.18,#494232,0.18,#bcb498,2.69,#a9a285,3.21,#8f8b73,2.14,#73735f,1.72,#494232,0.18,#73735f,1.72,#8f8b73,2.14,#a9a285,3.21,#bcb498,2.69,#494232,0.18,#73735f,1.72,#a9a285,3.21,#8f8b73,2.14,#bcb498,2.69,#494232,0.18,#73735f,1.72,#8f8b73,2.14,#a9a285,3.21,#bcb498,2.69,,Aethusa,Aethusa cynapium
KW_T_423_1_0068R,KW_T_423_1_0068R.tif_segmented.png,711374,2996,3647,#ada88a,2.49,#c3bc9e,2.36,#939472,1.99,#747659,1.39,#353124,0.35,#353124,0.35,#c3bc9e,2.36,#ada88a,2.49,#747659,1.39,#939472,1.99,#353124,0.35,#747659,1.39,#939472,1.99,#ada88a,2.49,#c3bc9e,2.36,#353124,0.35,#939472,1.99,#ada88a,2.49,#747659,1.39,#c3bc9e,2.36,#353124,0.35,#747659,1.39,#939472,1.99,#ada88a,2.49,#c3bc9e,2.36,,Adoxa,Adoxa moschatellina
KW_T_423_1_0070R,KW_T_423_1_0070R.tif_segmented.png,1108647,2998,3647,#9e9c7c,2.95,#b3ad8e,2.43,#c5bf9f,2.24,#87876c,2.14,#6f6f5a,1.44,#dad168,0.99,#c5bf9f,2.24,#b3ad8e,2.43,#6f6f5a,1.44,#9e9c7c,2.95,#6f6f5a,1.44,#87876c,2.14,#9e9c7c,2.95,#b3ad8e,2.43,#dad168,0.99,#dad168,0.99,#9e9c7c,2.95,#87876c,2.14,#6f6f5a,1.44,#b3ad8e,2.43,#6f6f5a,1.44,#87876c,2.14,#9e9c7c,2.95,#b3ad8e,2.43,#dad168,0.99,,Ranunculus,Ranunculus bulbosus
KW_T_423_1_0072R,KW_T_423_1_0072R.tif_segmented.png,1014952,2994,3647,#aaa785,2.83,#beb794,2.5,#9a9779,1.97,#807d64,1.2,#3e392c,0.21,#3e392c,0.21,#beb794,2.5,#aaa785,2.83,#9a9779,1.97,#807d64,1.2,#3e392c,0.21,#807d64,1.2,#9a9779,1.97,#aaa785,2.83,#beb794,2.5,#3e392c,0.21,#aaa785,2.83,#807d64,1.2,#9a9779,1.97,#beb794,2.5,#3e392c,0.21,#807d64,1.2,#9a9779,1.97,#aaa785,2.83,#beb794,2.5,,Cardamine,Cardamine pratensis
KW_T_423_1_0074R,KW_T_423_1_0074R.tif_segmented.png,935072,2994,3651,#b3af8c,2.77,#c6bda0,2.75,#807c65,1.85,#a1997c,1.76,#312c23,0.44,#312c23,0.44,#c6bda0,2.75,#b3af8c,2.77,#a1997c,1.76,#807c65,1.85,#312c23,0.44,#807c65,1.85,#a1997c,1.76,#b3af8c,2.77,#c6bda0,2.75,#312c23,0.44,#807c65,1.85,#b3af8c,2.77,#a1997c,1.76,#c6bda0,2.75,#312c23,0.44,#807c65,1.85,#a1997c,1.76,#b3af8c,2.77,#c6bda0,2.75,,Erodium,Erodium cicutarium
KW_T_423_1_0076R,KW_T_423_1_0076R.tif_segmented.png,947859,2933,3659,#b4ae8d,2.87,#cac2a6,2.66,#a29d77,2.04,#8d8666,1.95,#757355,1.58,#d9d382,1.0,#cac2a6,2.66,#b4ae8d,2.87,#757355,1.58,#a29d77,2.04,#757355,1.58,#8d8666,1.95,#a29d77,2.04,#b4ae8d,2.87,#d9d382,1.0,#d9d382,1.0,#a29d77,2.04,#757355,1.58,#b4ae8d,2.87,#8d8666,1.95,#757355,1.58,#8d8666,1.95,#a29d77,2.04,#b4ae8d,2.87,#d9d382,1.0,,Pilosella,Pilosella officinarum
KW_T_423_1_0078R,KW_T_423_1_0078R.tif_segmented.png,1448768,2933,3655,#6a6f58,2.86,#555b47,2.76,#cbc4a9,2.45,#828166,2.3,#b3ae8b,2.25,#cbc4a9,2.45,#b3ae8b,2.25,#555b47,2.76,#9c9876,2.13,#6a6f58,2.86,#9c9876,2.13,#b3ae8b,2.25,#828166,2.3,#6a6f58,2.86,#555b47,2.76,#828166,2.3,#b3ae8b,2.25,#9c9876,2.13,#6a6f58,2.86,#cbc4a9,2.45,#9c9876,2.13,#b3ae8b,2.25,#828166,2.3,#6a6f58,2.86,#555b47,2.76,,Urtica,Urtica dioica
KW_T_423_1_0080R,KW_T_423_1_0080R.tif_segmented.png,433510,2972,3651,#b8b090,1.9,#a3997d,1.53,#817f68,0.83,#60604f,0.81,#342f23,0.26,#342f23,0.26,#b8b090,1.9,#a3997d,1.53,#60604f,0.81,#817f68,0.83,#342f23,0.26,#60604f,0.81,#817f68,0.83,#a3997d,1.53,#b8b090,1.9,#342f23,0.26,#817f68,0.83,#60604f,0.81,#b8b090,1.9,#a3997d,1.53,#342f23,0.26,#60604f,0.81,#817f68,0.83,#a3997d,1.53,#b8b090,1.9,,Verbena,Verbena officinalis
KW_T_423_1_0082R,KW_T_423_1_0082R.tif_segmented.png,1405361,2976,3647,#b9b195,2.73,#a59c7e,2.59,#8d856c,1.78,#796d57,1.71,#655844,1.0,#b9b195,2.73,#655844,1.0,#a59c7e,2.59,#796d57,1.71,#8d856c,1.78,#655844,1.0,#796d57,1.71,#8d856c,1.78,#a59c7e,2.59,#b9b195,2.73,#796d57,1.71,#a59c7e,2.59,#8d856c,1.78,#655844,1.0,#b9b195,2.73,#655844,1.0,#796d57,1.71,#8d856c,1.78,#a59c7e,2.59,#b9b195,2.73,,Eriophorum,Eriophorum angustifolium
KW_T_423_1_0084R,KW_T_423_1_0084R.tif_segmented.png,822477,2984,3667,#aba083,2.41,#c4bc9e,1.77,#8f8463,1.37,#64604b,1.22,#dbd475,0.83,#dbd475,0.83,#bca957,0.59,#c4bc9e,1.77,#64604b,1.22,#aba083,2.41,#64604b,1.22,#8f8463,1.37,#aba083,2.41,#bca957,0.59,#dbd475,0.83,#dbd475,0.83,#bca957,0.59,#8f8463,1.37,#aba083,2.41,#64604b,1.22,#64604b,1.22,#8f8463,1.37,#aba083,2.41,#bca957,0.59,#dbd475,0.83,,Galium,Galium verum
KW_T_423_1_0086R,KW_T_423_1_0086R.tif_segmented.png,982522,2988,3659,#b1ae94,2.5,#a49c7f,2.2,#615d4d,1.78,#8c8973,1.73,#767360,1.63,#b1ae94,2.5,#a49c7f,2.2,#615d4d,1.78,#767360,1.63,#8c8973,1.73,#615d4d,1.78,#767360,1.63,#8c8973,1.73,#a49c7f,2.2,#b1ae94,2.5,#767360,1.63,#615d4d,1.78,#8c8973,1.73,#a49c7f,2.2,#b1ae94,2.5,#615d4d,1.78,#767360,1.63,#8c8973,1.73,#a49c7f,2.2,#b1ae94,2.5,,Cynoglossum,Cynoglossum officinale
KW_T_423_1_0088R,KW_T_423_1_0088R.tif_segmented.png,1233051,2992,3663,#b4ad8b,2.83,#a29b7a,2.22,#c4bea2,1.81,#8a8265,1.76,#6d654f,1.12,#c4bea2,1.81,#b4ad8b,2.83,#6d654f,1.12,#a29b7a,2.22,#8a8265,1.76,#6d654f,1.12,#8a8265,1.76,#a29b7a,2.22,#b4ad8b,2.83,#c4bea2,1.81,#b4ad8b,2.83,#6d654f,1.12,#a29b7a,2.22,#8a8265,1.76,#c4bea2,1.81,#6d654f,1.12,#8a8265,1.76,#a29b7a,2.22,#b4ad8b,2.83,#c4bea2,1.81,,Scandix,Scandix pecten-veneris
KW_T_423_1_0090R,KW_T_423_1_0090R.tif_segmented.png,1197233,2990,3655,#b1a98a,3.02,#616353,2.54,#989274,2.19,#4e4f4b,2.11,#797864,2.11,#c9c1a1,1.56,#b1a98a,3.02,#989274,2.19,#616353,2.54,#4e4f4b,2.11,#4e4f4b,2.11,#616353,2.54,#797864,2.11,#b1a98a,3.02,#989274,2.19,#4e4f4b,2.11,#797864,2.11,#b1a98a,3.02,#616353,2.54,#989274,2.19,#4e4f4b,2.11,#616353,2.54,#797864,2.11,#b1a98a,3.02,#989274,2.19,,Hyacinthoides,Hyacinthoides × massartiana
KW_T_423_1_0092R,KW_T_423_1_0092R.tif_segmented.png,871990,2992,3651,#afa587,2.99,#c3b99c,2.04,#99906f,1.88,#7b765d,1.4,#5c5d45,1.27,#d2cb75,0.57,#c3b99c,2.04,#afa587,2.99,#5c5d45,1.27,#99906f,1.88,#5c5d45,1.27,#7b765d,1.4,#99906f,1.88,#afa587,2.99,#d2cb75,0.57,#d2cb75,0.57,#7b765d,1.4,#afa587,2.99,#99906f,1.88,#c3b99c,2.04,#5c5d45,1.27,#7b765d,1.4,#99906f,1.88,#afa587,2.99,#d2cb75,0.57,,Agrimonia,Agrimonia eupatoria
KW_T_423_1_0094R,KW_T_423_1_0094R.tif_segmented.png,1189728,2994,3655,#a99b84,3.56,#7c6a5b,2.59,#928b6d,2.42,#bfb595,2.04,#5b5a47,1.95,#bfb595,2.04,#a99b84,3.56,#7c6a5b,2.59,#5b5a47,1.95,#928b6d,2.42,#928b6d,2.42,#a99b84,3.56,#7c6a5b,2.59,#5b5a47,1.95,#bfb595,2.04,#7c6a5b,2.59,#928b6d,2.42,#5b5a47,1.95,#bfb595,2.04,#a99b84,3.56,#928b6d,2.42,#a99b84,3.56,#7c6a5b,2.59,#5b5a47,1.95,#bfb595,2.04,,Malva,Malva sylvestris
KW_T_423_1_0096R,KW_T_423_1_0096R.tif_segmented.png,1013105,3001,3679,#ada484,3.15,#888164,2.04,#625d48,1.96,#d8ca5c,1.14,#b69c4c,0.94,#d8ca5c,1.14,#b69c4c,0.94,#ada484,3.15,#625d48,1.96,#888164,2.04,#625d48,1.96,#888164,2.04,#ada484,3.15,#b69c4c,0.94,#d8ca5c,1.14,#d8ca5c,1.14,#b69c4c,0.94,#ada484,3.15,#888164,2.04,#625d48,1.96,#625d48,1.96,#888164,2.04,#ada484,3.15,#b69c4c,0.94,#d8ca5c,1.14,,Cytisus,Cytisus scoparius
KW_T_423_1_0098R,KW_T_423_1_0098R.tif_segmented.png,1388925,2996,3671,#6f6e55,3.44,#afa789,3.25,#575943,2.78,#908669,1.71,#bfa953,0.5,#bfa953,0.5,#afa789,3.25,#575943,2.78,#6f6e55,3.44,#908669,1.71,#afa789,3.25,#908669,1.71,#6f6e55,3.44,#575943,2.78,#bfa953,0.5,#bfa953,0.5,#afa789,3.25,#6f6e55,3.44,#908669,1.71,#575943,2.78,#afa789,3.25,#908669,1.71,#6f6e55,3.44,#575943,2.78,#bfa953,0.5,Asteraceae,Tussilago,Tussilago farfara
KW_T_423_1_0100R,KW_T_423_1_0100R.tif_segmented.png,1060935,2998,3679,#b6ae8f,2.9,#a09b77,2.53,#847f63,2.19,#64634c,1.47,#2c2921,0.43,#b6ae8f,2.9,#2c2921,0.43,#a09b77,2.53,#847f63,2.19,#64634c,1.47,#64634c,1.47,#2c2921,0.43,#847f63,2.19,#a09b77,2.53,#b6ae8f,2.9,#2c2921,0.43,#a09b77,2.53,#847f63,2.19,#b6ae8f,2.9,#64634c,1.47,#64634c,1.47,#2c2921,0.43,#847f63,2.19,#a09b77,2.53,#b6ae8f,2.9,,Anisantha,Anisantha sterilis
KW_T_423_1_0102R,KW_T_423_1_0102R.tif_segmented.png,1619142,2998,3671,#b1aa8b,3.29,#6f6b51,3.27,#878165,2.83,#575641,2.57,#9e9779,2.03,#b1aa8b,3.29,#575641,2.57,#6f6b51,3.27,#9e9779,2.03,#878165,2.83,#9e9779,2.03,#6f6b51,3.27,#878165,2.83,#575641,2.57,#b1aa8b,3.29,#878165,2.83,#b1aa8b,3.29,#6f6b51,3.27,#575641,2.57,#9e9779,2.03,#9e9779,2.03,#6f6b51,3.27,#878165,2.83,#575641,2.57,#b1aa8b,3.29,,Plantago,Plantago lanceolata
KW_T_423_1_0104R,KW_T_423_1_0104R.tif_segmented.png,585891,3001,3687,#aaa285,1.93,#bfb696,1.69,#958e72,1.36,#7b745c,1.24,#5b5644,0.54,#bfb696,1.69,#5b5644,0.54,#aaa285,1.93,#7b745c,1.24,#958e72,1.36,#5b5644,0.54,#7b745c,1.24,#958e72,1.36,#aaa285,1.93,#bfb696,1.69,#7b745c,1.24,#5b5644,0.54,#aaa285,1.93,#bfb696,1.69,#958e72,1.36,#5b5644,0.54,#7b745c,1.24,#958e72,1.36,#aaa285,1.93,#bfb696,1.69,,Cerastium,Cerastium arvense
KW_T_423_1_0106R,KW_T_423_1_0106R.tif_segmented.png,1968052,2996,3663,#716d4d,4.77,#8a855e,4.05,#a6a074,4.02,#5d5b40,3.43,#bdb495,2.47,#d0c869,1.44,#bdb495,2.47,#5d5b40,3.43,#a6a074,4.02,#716d4d,4.77,#5d5b40,3.43,#716d4d,4.77,#8a855e,4.05,#d0c869,1.44,#a6a074,4.02,#d0c869,1.44,#a6a074,4.02,#8a855e,4.05,#716d4d,4.77,#bdb495,2.47,#5d5b40,3.43,#716d4d,4.77,#8a855e,4.05,#d0c869,1.44,#a6a074,4.02,,Euphorbia,Euphorbia palustris
KW_T_423_1_0108R,KW_T_423_1_0108R.tif_segmented.png,1237102,2998,3663,#aba583,2.67,#7b785f,2.55,#908e70,2.44,#c0b89a,2.07,#66634c,1.75,#c0b89a,2.07,#aba583,2.67,#66634c,1.75,#7b785f,2.55,#908e70,2.44,#66634c,1.75,#7b785f,2.55,#908e70,2.44,#aba583,2.67,#c0b89a,2.07,#7b785f,2.55,#aba583,2.67,#908e70,2.44,#66634c,1.75,#c0b89a,2.07,#66634c,1.75,#7b785f,2.55,#908e70,2.44,#aba583,2.67,#c0b89a,2.07,Brassicaceae,Lepidium,Lepidium ruderale
KW_T_423_1_0110R,KW_T_423_1_0110R.tif_segmented.png,1784045,2996,3679,#6b674d,4.08,#b2ab88,3.03,#837d5c,2.99,#56533f,2.4,#9c976d,2.38,#d4c664,0.66,#b2ab88,3.03,#56533f,2.4,#6b674d,4.08,#9c976d,2.38,#b2ab88,3.03,#9c976d,2.38,#837d5c,2.99,#6b674d,4.08,#56533f,2.4,#d4c664,0.66,#9c976d,2.38,#837d5c,2.99,#b2ab88,3.03,#56533f,2.4,#b2ab88,3.03,#9c976d,2.38,#837d5c,2.99,#6b674d,4.08,#56533f,2.4,,Geum,Geum urbanum
KW_T_423_1_0112R,KW_T_423_1_0112R.tif_segmented.png,1484732,2994,3667,#c7bfa1,2.73,#aea889,2.63,#837e63,2.0,#9b9575,1.94,#6a6651,1.76,#332d22,0.37,#c7bfa1,2.73,#aea889,2.63,#6a6651,1.76,#9b9575,1.94,#332d22,0.37,#6a6651,1.76,#837e63,2.0,#9b9575,1.94,#aea889,2.63,#332d22,0.37,#837e63,2.0,#aea889,2.63,#9b9575,1.94,#6a6651,1.76,#332d22,0.37,#6a6651,1.76,#837e63,2.0,#9b9575,1.94,#aea889,2.63,,Descurainia,Descurainia sophia
KW_T_423_1_0114R,KW_T_423_1_0114R.tif_segmented.png,1542576,3029,3695,#e2dccf,39.31,#796d53,2.95,#a09772,2.69,#8e8061,2.66,#5f5140,1.29,#e2dccf,39.31,#5f5140,1.29,#a09772,2.69,#796d53,2.95,#8e8061,2.66,#5f5140,1.29,#796d53,2.95,#8e8061,2.66,#a09772,2.69,#e2dccf,39.31,#796d53,2.95,#a09772,2.69,#8e8061,2.66,#e2dccf,39.31,#5f5140,1.29,#5f5140,1.29,#796d53,2.95,#8e8061,2.66,#a09772,2.69,#e2dccf,39.31,,Geranium,Geranium robertianum
KW_T_423_1_0116R,KW_T_423_1_0116R.tif_segmented.png,1107895,3027,3671,#aea788,3.36,#6d6a54,2.34,#999272,2.19,#817c62,2.01,#443e2e,0.29,#443e2e,0.29,#aea788,3.36,#999272,2.19,#6d6a54,2.34,#817c62,2.01,#443e2e,0.29,#6d6a54,2.34,#817c62,2.01,#999272,2.19,#aea788,3.36,#443e2e,0.29,#817c62,2.01,#aea788,3.36,#6d6a54,2.34,#999272,2.19,#443e2e,0.29,#6d6a54,2.34,#817c62,2.01,#999272,2.19,#aea788,3.36,,Vicia,Vicia hirsuta
KW_T_423_1_0118R,KW_T_423_1_0118R.tif_segmented.png,1883890,3025,3667,#aca486,3.17,#948f6c,2.73,#7a765b,2.32,#636049,2.09,#b8a44d,0.36,#b8a44d,0.36,#aca486,3.17,#636049,2.09,#948f6c,2.73,#7a765b,2.32,#636049,2.09,#7a765b,2.32,#948f6c,2.73,#aca486,3.17,#b8a44d,0.36,#b8a44d,0.36,#7a765b,2.32,#aca486,3.17,#948f6c,2.73,#636049,2.09,#636049,2.09,#7a765b,2.32,#948f6c,2.73,#aca486,3.17,#b8a44d,0.36,,Leucanthemum,Leucanthemum vulgare
KW_T_423_1_0120R,KW_T_423_1_0120R.tif_segmented.png,4875825,3029,3667,#b3aa8d,2.96,#9e9879,2.68,#898368,2.09,#716d56,1.91,#595440,0.96,#b3aa8d,2.96,#595440,0.96,#9e9879,2.68,#716d56,1.91,#898368,2.09,#595440,0.96,#716d56,1.91,#898368,2.09,#9e9879,2.68,#b3aa8d,2.96,#595440,0.96,#716d56,1.91,#898368,2.09,#9e9879,2.68,#b3aa8d,2.96,#595440,0.96,#716d56,1.91,#898368,2.09,#9e9879,2.68,#b3aa8d,2.96,Poaceae,Poa,Poa annua
KW_T_423_1_0122R,KW_T_423_1_0122R.tif_segmented.png,902100,3029,3659,#aca482,2.32,#978f6d,1.8,#7b7257,1.54,#4b4130,0.41,,,#4b4130,0.41,#aca482,2.32,#7b7257,1.54,#978f6d,1.8,,,#4b4130,0.41,#7b7257,1.54,#978f6d,1.8,#aca482,2.32,,,#7b7257,1.54,#aca482,2.32,#4b4130,0.41,#978f6d,1.8,,,#4b4130,0.41,#7b7257,1.54,#978f6d,1.8,#aca482,2.32,,,,Potamogeton,Potamogeton cf compressus
KW_T_423_1_0124R,KW_T_423_1_0124R.tif_segmented.png,1230797,3031,3667,#9b966b,2.93,#aea682,2.48,#6a6749,2.0,#817c5c,1.85,#3e3629,0.3,#3e3629,0.3,#aea682,2.48,#9b966b,2.93,#6a6749,2.0,#817c5c,1.85,#3e3629,0.3,#6a6749,2.0,#817c5c,1.85,#9b966b,2.93,#aea682,2.48,#3e3629,0.3,#9b966b,2.93,#aea682,2.48,#817c5c,1.85,#6a6749,2.0,#3e3629,0.3,#6a6749,2.0,#817c5c,1.85,#9b966b,2.93,#aea682,2.48,,Samolus,Samolus valerandi
KW_T_423_1_0126R,KW_T_423_1_0126R.tif_segmented.png,2051544,3031,3667,#636149,4.61,#767257,3.4,#4e4f3b,2.81,#a9a280,2.71,#8e876a,2.32,#a9a280,2.71,#4e4f3b,2.81,#636149,4.61,#767257,3.4,#8e876a,2.32,#8e876a,2.32,#767257,3.4,#636149,4.61,#a9a280,2.71,#4e4f3b,2.81,#a9a280,2.71,#767257,3.4,#4e4f3b,2.81,#8e876a,2.32,#636149,4.61,#8e876a,2.32,#767257,3.4,#636149,4.61,#a9a280,2.71,#4e4f3b,2.81,,Chenopodium,Chenopodium album
KW_T_423_1_0128R,KW_T_423_1_0128R.tif_segmented.png,403238,3035,3667,#bcb395,2.64,#a69f80,2.31,#8b8466,1.54,#6c664e,0.96,#3b3327,0.39,#3b3327,0.39,#bcb395,2.64,#a69f80,2.31,#6c664e,0.96,#8b8466,1.54,#3b3327,0.39,#6c664e,0.96,#8b8466,1.54,#a69f80,2.31,#bcb395,2.64,#3b3327,0.39,#a69f80,2.31,#8b8466,1.54,#6c664e,0.96,#bcb395,2.64,#3b3327,0.39,#6c664e,0.96,#8b8466,1.54,#a69f80,2.31,#bcb395,2.64,,Stellaria,Stellaria graminea
KW_T_423_1_0130R,KW_T_423_1_0130R.tif_segmented.png,2644582,3035,3655,#686a4c,6.93,#54573d,6.28,#82815c,4.13,#d4c454,3.69,#a9a280,2.26,#d4c454,3.69,#ac9849,1.73,#54573d,6.28,#686a4c,6.93,#a9a280,2.26,#a9a280,2.26,#ac9849,1.73,#82815c,4.13,#d4c454,3.69,#686a4c,6.93,#d4c454,3.69,#ac9849,1.73,#a9a280,2.26,#82815c,4.13,#686a4c,6.93,#a9a280,2.26,#ac9849,1.73,#82815c,4.13,#d4c454,3.69,#686a4c,6.93,,Nuphar,Nuphar lutea
KW_T_423_1_0132R,KW_T_423_1_0132R.tif_segmented.png,2221965,3035,3663,#686449,4.17,#b2a887,3.39,#817a5d,3.31,#989170,2.97,#52503b,2.43,#b2a887,3.39,#52503b,2.43,#686449,4.17,#989170,2.97,#817a5d,3.31,#817a5d,3.31,#989170,2.97,#686449,4.17,#b2a887,3.39,#52503b,2.43,#817a5d,3.31,#b2a887,3.39,#52503b,2.43,#989170,2.97,#686449,4.17,#817a5d,3.31,#989170,2.97,#686449,4.17,#b2a887,3.39,#52503b,2.43,,Teucrium,Teucrium scorodonia
KW_T_423_1_0134R,KW_T_423_1_0134R.tif_segmented.png,1122406,3035,3671,#b7ac8e,3.09,#a29a7a,2.7,#6f6c53,2.07,#8b8465,1.98,#585440,1.12,#b7ac8e,3.09,#585440,1.12,#a29a7a,2.7,#6f6c53,2.07,#8b8465,1.98,#585440,1.12,#6f6c53,2.07,#8b8465,1.98,#a29a7a,2.7,#b7ac8e,3.09,#8b8465,1.98,#585440,1.12,#a29a7a,2.7,#6f6c53,2.07,#b7ac8e,3.09,#585440,1.12,#6f6c53,2.07,#8b8465,1.98,#a29a7a,2.7,#b7ac8e,3.09,Fabaceae,Trifolium,Trifolium arvense
KW_T_423_1_0136R,KW_T_423_1_0136R.tif_segmented.png,998780,3035,3679,#706a52,3.42,#b7ac92,2.93,#9d9776,2.92,#897f64,2.38,#5d5741,2.13,#b7ac92,2.93,#5d5741,2.13,#9d9776,2.92,#706a52,3.42,#897f64,2.38,#5d5741,2.13,#706a52,3.42,#897f64,2.38,#9d9776,2.92,#b7ac92,2.93,#706a52,3.42,#9d9776,2.92,#5d5741,2.13,#897f64,2.38,#b7ac92,2.93,#5d5741,2.13,#706a52,3.42,#897f64,2.38,#9d9776,2.92,#b7ac92,2.93,,Centaurea,Centaurea jacea
KW_T_423_1_0138R,KW_T_423_1_0138R.tif_segmented.png,770971,3035,3687,#beb497,2.23,#5d5643,2.01,#8c8269,1.96,#746c54,1.67,#a59b7f,1.51,#beb497,2.23,#2b271f,0.57,#a59b7f,1.51,#5d5643,2.01,#746c54,1.67,#5d5643,2.01,#746c54,1.67,#8c8269,1.96,#a59b7f,1.51,#2b271f,0.57,#2b271f,0.57,#746c54,1.67,#5d5643,2.01,#8c8269,1.96,#a59b7f,1.51,#5d5643,2.01,#746c54,1.67,#8c8269,1.96,#a59b7f,1.51,#2b271f,0.57,,Asplenium,Asplenium ruta-muraria
KW_T_423_1_0140R,KW_T_423_1_0140R.tif_segmented.png,1816460,3035,3663,#beb598,2.77,#90876a,2.28,#a8a182,2.25,#786d54,1.67,#524735,0.4,#524735,0.4,#beb598,2.77,#a8a182,2.25,#786d54,1.67,#90876a,2.28,#524735,0.4,#786d54,1.67,#90876a,2.28,#a8a182,2.25,#beb598,2.77,#786d54,1.67,#a8a182,2.25,#524735,0.4,#90876a,2.28,#beb598,2.77,#524735,0.4,#786d54,1.67,#90876a,2.28,#a8a182,2.25,#beb598,2.77,,Deschampsia,Deschampsia cespitosa
KW_T_423_1_0142R,KW_T_423_1_0142R.tif_segmented.png,569596,3033,3667,#beb495,2.01,#a99f7c,1.79,#7a7251,1.64,#938965,1.61,#5b523b,0.51,#beb495,2.01,#5b523b,0.51,#a99f7c,1.79,#7a7251,1.64,#938965,1.61,#5b523b,0.51,#7a7251,1.64,#938965,1.61,#a99f7c,1.79,#beb495,2.01,#7a7251,1.64,#a99f7c,1.79,#938965,1.61,#5b523b,0.51,#beb495,2.01,#5b523b,0.51,#7a7251,1.64,#938965,1.61,#a99f7c,1.79,#beb495,2.01,,Hydrocotyle,Hydrocotyle vulgaris
KW_T_423_1_0144R,KW_T_423_1_0144R.tif_segmented.png,880038,3035,3671,#bdb496,2.22,#746c50,1.87,#a7a07c,1.7,#918a69,1.59,#5c563f,1.3,#bdb496,2.22,#5c563f,1.3,#a7a07c,1.7,#746c50,1.87,#918a69,1.59,#5c563f,1.3,#746c50,1.87,#918a69,1.59,#a7a07c,1.7,#bdb496,2.22,#a7a07c,1.7,#746c50,1.87,#918a69,1.59,#5c563f,1.3,#bdb496,2.22,#5c563f,1.3,#746c50,1.87,#918a69,1.59,#a7a07c,1.7,#bdb496,2.22,,Parnassia,Parnassia palustris
KW_T_423_1_0146R,KW_T_423_1_0146R.tif_segmented.png,1166361,3035,3671,#888367,2.12,#766b55,1.89,#b1a887,1.86,#5b5844,1.84,#9d9577,1.68,#b1a887,1.86,#5b5844,1.84,#766b55,1.89,#9d9577,1.68,#888367,2.12,#5b5844,1.84,#766b55,1.89,#888367,2.12,#9d9577,1.68,#b1a887,1.86,#766b55,1.89,#b1a887,1.86,#888367,2.12,#5b5844,1.84,#9d9577,1.68,#5b5844,1.84,#766b55,1.89,#888367,2.12,#9d9577,1.68,#b1a887,1.86,,Rumex,Rumex acetosella
KW_T_423_1_0148R,KW_T_423_1_0148R.tif_segmented.png,477652,2994,3667,#bab091,1.94,#a69d74,1.56,#897f5a,1.55,#686045,0.9,#d3cc70,0.71,#d3cc70,0.71,#2d291f,0.67,#bab091,1.94,#686045,0.9,#a69d74,1.56,#2d291f,0.67,#686045,0.9,#897f5a,1.55,#a69d74,1.56,#d3cc70,0.71,#d3cc70,0.71,#2d291f,0.67,#a69d74,1.56,#897f5a,1.55,#686045,0.9,#2d291f,0.67,#686045,0.9,#897f5a,1.55,#a69d74,1.56,#d3cc70,0.71,Crassulaceae,Sedum,Sedum acre
KW_T_423_1_0150R,KW_T_423_1_0150R.tif_segmented.png,1545030,2994,3667,#8d8562,3.25,#a19b72,3.07,#726c50,3.01,#b8ad8e,2.56,#574f3b,1.17,#d2c35b,0.43,#574f3b,1.17,#b8ad8e,2.56,#a19b72,3.07,#726c50,3.01,#574f3b,1.17,#726c50,3.01,#8d8562,3.25,#a19b72,3.07,#b8ad8e,2.56,#d2c35b,0.43,#a19b72,3.07,#8d8562,3.25,#726c50,3.01,#574f3b,1.17,#574f3b,1.17,#726c50,3.01,#8d8562,3.25,#a19b72,3.07,#b8ad8e,2.56,,Potentilla,Potentilla reptans
KW_T_423_1_0152R,KW_T_423_1_0152R.tif_segmented.png,886509,2994,3671,#b9b095,2.32,#a29c77,2.16,#8c8564,1.8,#69654e,1.57,#383226,0.58,#383226,0.58,#b9b095,2.32,#a29c77,2.16,#8c8564,1.8,#69654e,1.57,#383226,0.58,#69654e,1.57,#8c8564,1.8,#a29c77,2.16,#b9b095,2.32,#383226,0.58,#a29c77,2.16,#8c8564,1.8,#69654e,1.57,#b9b095,2.32,#383226,0.58,#69654e,1.57,#8c8564,1.8,#a29c77,2.16,#b9b095,2.32,,Thymus,Thymus pulegiodes
KW_T_423_1_0154R,KW_T_423_1_0154R.tif_segmented.png,1694076,2994,3679,#676549,3.79,#c8bfa0,3.16,#97936a,2.77,#b0a981,2.6,#807959,2.51,#c8bfa0,3.16,#b0a981,2.6,#524f3b,1.43,#676549,3.79,#97936a,2.77,#97936a,2.77,#807959,2.51,#b0a981,2.6,#676549,3.79,#524f3b,1.43,#b0a981,2.6,#97936a,2.77,#807959,2.51,#524f3b,1.43,#c8bfa0,3.16,#97936a,2.77,#807959,2.51,#b0a981,2.6,#676549,3.79,#524f3b,1.43,,Thlaspi,Thlaspi arvense
KW_T_423_1_0156R,KW_T_423_1_0156R.tif_segmented.png,1511828,2996,3675,#9d9c77,5.14,#827e5b,4.18,#656446,3.97,#b9b393,3.24,#d7cd5f,1.36,#d7cd5f,1.36,#b6a54b,0.97,#656446,3.97,#b9b393,3.24,#827e5b,4.18,#656446,3.97,#827e5b,4.18,#9d9c77,5.14,#b9b393,3.24,#b6a54b,0.97,#d7cd5f,1.36,#b6a54b,0.97,#9d9c77,5.14,#827e5b,4.18,#b9b393,3.24,#656446,3.97,#827e5b,4.18,#9d9c77,5.14,#b9b393,3.24,#b6a54b,0.97,,Sonchus,Sonchus arvensis
KW_T_423_1_0158R,KW_T_423_1_0158R.tif_segmented.png,1505884,2996,3671,#a59e7a,3.13,#bbb293,2.9,#918a68,2.71,#7a7458,2.65,#636046,2.62,#bbb293,2.9,#636046,2.62,#a59e7a,3.13,#7a7458,2.65,#918a68,2.71,#636046,2.62,#7a7458,2.65,#918a68,2.71,#a59e7a,3.13,#bbb293,2.9,#7a7458,2.65,#a59e7a,3.13,#918a68,2.71,#bbb293,2.9,#636046,2.62,#636046,2.62,#7a7458,2.65,#918a68,2.71,#a59e7a,3.13,#bbb293,2.9,,Conyza,Conyza canadensis
KW_T_423_1_0160R,KW_T_423_1_0160R.tif_segmented.png,1810194,2998,3667,#94916a,4.86,#7d7758,4.09,#b0ab83,3.57,#645e45,2.06,#dad46a,1.73,#dad46a,1.73,#c7ba5e,0.55,#645e45,2.06,#b0ab83,3.57,#7d7758,4.09,#645e45,2.06,#7d7758,4.09,#b0ab83,3.57,#94916a,4.86,#c7ba5e,0.55,#dad46a,1.73,#c7ba5e,0.55,#b0ab83,3.57,#7d7758,4.09,#94916a,4.86,#645e45,2.06,#7d7758,4.09,#b0ab83,3.57,#94916a,4.86,#c7ba5e,0.55,,Verbascum,Verbascum nigrum
KW_T_423_1_0162R,KW_T_423_1_0162R.tif_segmented.png,1045834,2996,3675,#746d55,2.67,#8d8768,2.39,#a9a17e,2.31,#575641,2.09,#c3b999,1.95,#c3b999,1.95,#a9a17e,2.31,#575641,2.09,#746d55,2.67,#8d8768,2.39,#8d8768,2.39,#a9a17e,2.31,#575641,2.09,#746d55,2.67,#c3b999,1.95,#a9a17e,2.31,#746d55,2.67,#8d8768,2.39,#575641,2.09,#c3b999,1.95,#8d8768,2.39,#a9a17e,2.31,#575641,2.09,#746d55,2.67,#c3b999,1.95,,Euonymus,Euonymus europaeus
KW_T_423_1_0164R,KW_T_423_1_0164R.tif_segmented.png,576038,2994,3679,#9c9470,1.48,#b8b188,1.42,#7e785a,1.24,#2d2920,0.64,#615840,0.56,#b8b188,1.42,#2d2920,0.64,#615840,0.56,#9c9470,1.48,#7e785a,1.24,#615840,0.56,#7e785a,1.24,#9c9470,1.48,#2d2920,0.64,#b8b188,1.42,#2d2920,0.64,#b8b188,1.42,#7e785a,1.24,#9c9470,1.48,#615840,0.56,#615840,0.56,#7e785a,1.24,#9c9470,1.48,#2d2920,0.64,#b8b188,1.42,,Myosurus,Myosurus minimus
KW_T_423_1_0166R,KW_T_423_1_0166R.tif_segmented.png,459822,2992,3687,#c1b898,1.47,#a79f7a,1.3,#8b8161,1.25,#6d624a,0.99,#2c2820,0.65,#c1b898,1.47,#2c2820,0.65,#a79f7a,1.3,#6d624a,0.99,#8b8161,1.25,#6d624a,0.99,#8b8161,1.25,#a79f7a,1.3,#2c2820,0.65,#c1b898,1.47,#2c2820,0.65,#a79f7a,1.3,#6d624a,0.99,#8b8161,1.25,#c1b898,1.47,#6d624a,0.99,#8b8161,1.25,#a79f7a,1.3,#2c2820,0.65,#c1b898,1.47,,Triglochin,Triglochin palustris
KW_T_423_1_0168R,KW_T_423_1_0168R.tif_segmented.png,1506551,2990,3671,#7c7452,4.5,#928a61,2.72,#a69e75,2.61,#c6baa2,2.47,#696042,2.25,#c6baa2,2.47,#373026,0.5,#696042,2.25,#a69e75,2.61,#7c7452,4.5,#373026,0.5,#a69e75,2.61,#696042,2.25,#7c7452,4.5,#928a61,2.72,#373026,0.5,#7c7452,4.5,#a69e75,2.61,#928a61,2.72,#696042,2.25,#373026,0.5,#a69e75,2.61,#696042,2.25,#7c7452,4.5,#928a61,2.72,,Persicaria,Persicaria amphibia
KW_T_423_1_0170R,KW_T_423_1_0170R.tif_segmented.png,1099004,2988,3675,#969167,2.5,#7b7857,2.29,#676345,2.23,#cbc2a5,2.19,#aea682,1.56,#cfc461,0.68,#2b271f,0.68,#cbc2a5,2.19,#676345,2.23,#aea682,1.56,#2b271f,0.68,#aea682,1.56,#676345,2.23,#969167,2.5,#7b7857,2.29,#cfc461,0.68,#2b271f,0.68,#969167,2.5,#aea682,1.56,#7b7857,2.29,#2b271f,0.68,#aea682,1.56,#676345,2.23,#969167,2.5,#7b7857,2.29,,Ficaria,Ficaria verna subsp. verna
KW_T_423_1_0172R,KW_T_423_1_0172R.tif_segmented.png,1402826,2986,3683,#797459,3.65,#646149,3.26,#8f8b69,2.75,#a5a178,2.41,#c4bca1,1.87,#c4bca1,1.87,#2c2821,0.61,#a5a178,2.41,#646149,3.26,#797459,3.65,#a5a178,2.41,#646149,3.26,#8f8b69,2.75,#797459,3.65,#2c2821,0.61,#2c2821,0.61,#a5a178,2.41,#797459,3.65,#8f8b69,2.75,#646149,3.26,#a5a178,2.41,#646149,3.26,#8f8b69,2.75,#797459,3.65,#2c2821,0.61,,Prunella,Prunella vulgaris
KW_T_423_1_0174R,KW_T_423_1_0174R.tif_segmented.png,1943155,2980,3683,#6f6e56,4.18,#848165,3.76,#5a5c45,3.2,#b3aa8c,2.11,#9c9877,2.04,#b3aa8c,2.11,#5a5c45,3.2,#9c9877,2.04,#6f6e56,4.18,#848165,3.76,#b3aa8c,2.11,#9c9877,2.04,#848165,3.76,#6f6e56,4.18,#5a5c45,3.2,#848165,3.76,#9c9877,2.04,#6f6e56,4.18,#b3aa8c,2.11,#5a5c45,3.2,#b3aa8c,2.11,#9c9877,2.04,#848165,3.76,#6f6e56,4.18,#5a5c45,3.2,,Eupatorium,Eupatorium cannabinum
KW_T_423_1_0176R,KW_T_423_1_0176R.tif_segmented.png,1351573,2972,3691,#706c4d,2.94,#89835e,2.42,#a39e6f,2.4,#b5af81,2.07,#59543c,1.38,#b5af81,2.07,#59543c,1.38,#a39e6f,2.4,#706c4d,2.94,#89835e,2.42,#b5af81,2.07,#a39e6f,2.4,#89835e,2.42,#706c4d,2.94,#59543c,1.38,#b5af81,2.07,#a39e6f,2.4,#89835e,2.42,#59543c,1.38,#706c4d,2.94,#b5af81,2.07,#a39e6f,2.4,#89835e,2.42,#706c4d,2.94,#59543c,1.38,,Listera,Listera ovata
KW_T_423_1_0178R,KW_T_423_1_0178R.tif_segmented.png,1285467,2958,3675,#767050,2.62,#665f42,2.59,#a09a70,1.89,#8a8360,1.83,#b8b08d,1.82,#b8b08d,1.82,#665f42,2.59,#a09a70,1.89,#767050,2.62,#8a8360,1.83,#a09a70,1.89,#8a8360,1.83,#767050,2.62,#665f42,2.59,#b8b08d,1.82,#a09a70,1.89,#8a8360,1.83,#767050,2.62,#b8b08d,1.82,#665f42,2.59,#a09a70,1.89,#8a8360,1.83,#767050,2.62,#665f42,2.59,#b8b08d,1.82,Salicaceae,Salix,Salix alba
KW_T_423_2_0013R,KW_T_423_2_0013R.tif_segmented.png,1193753,2968,3683,#bcb69e,3.04,#626449,2.79,#9f9c77,2.51,#7f7c5e,2.38,#292620,0.84,#bcb69e,3.04,#292620,0.84,#9f9c77,2.51,#626449,2.79,#7f7c5e,2.38,#292620,0.84,#9f9c77,2.51,#7f7c5e,2.38,#626449,2.79,#bcb69e,3.04,#292620,0.84,#9f9c77,2.51,#7f7c5e,2.38,#bcb69e,3.04,#626449,2.79,#292620,0.84,#9f9c77,2.51,#7f7c5e,2.38,#626449,2.79,#bcb69e,3.04,Plantaginaceae,Veronica,Veronica officinalis
KW_T_423_2_0015R,KW_T_423_2_0015R.tif_segmented.png,1660814,2962,3663,#beb99f,3.29,#67664a,2.84,#817c5c,2.84,#958e6d,2.37,#aca883,2.24,#beb99f,3.29,#67664a,2.84,#aca883,2.24,#817c5c,2.84,#958e6d,2.37,#958e6d,2.37,#817c5c,2.84,#67664a,2.84,#aca883,2.24,#beb99f,3.29,#aca883,2.24,#817c5c,2.84,#958e6d,2.37,#67664a,2.84,#beb99f,3.29,#958e6d,2.37,#817c5c,2.84,#67664a,2.84,#aca883,2.24,#beb99f,3.29,,Glaux,Glaux maritima
KW_T_423_2_0017R,KW_T_423_2_0017R.tif_segmented.png,538841,2966,3671,#b4af96,2.24,#c8c3ad,1.63,#96926f,1.4,#746f53,1.21,#2c2921,0.61,#2c2921,0.61,#c8c3ad,1.63,#b4af96,2.24,#746f53,1.21,#96926f,1.4,#2c2921,0.61,#746f53,1.21,#96926f,1.4,#b4af96,2.24,#c8c3ad,1.63,#2c2921,0.61,#96926f,1.4,#746f53,1.21,#b4af96,2.24,#c8c3ad,1.63,#2c2921,0.61,#746f53,1.21,#96926f,1.4,#b4af96,2.24,#c8c3ad,1.63,,Oenanthe,Oenanthe aquatica
KW_T_423_2_0019R,KW_T_423_2_0019R.tif_segmented.png,934722,2972,3663,#9e9971,2.24,#b2ab90,1.91,#867f60,1.87,#6d644c,1.04,#29261f,0.63,#29261f,0.63,#b2ab90,1.91,#9e9971,2.24,#6d644c,1.04,#867f60,1.87,#29261f,0.63,#6d644c,1.04,#867f60,1.87,#9e9971,2.24,#b2ab90,1.91,#29261f,0.63,#9e9971,2.24,#867f60,1.87,#6d644c,1.04,#b2ab90,1.91,#29261f,0.63,#6d644c,1.04,#867f60,1.87,#9e9971,2.24,#b2ab90,1.91,,Juncus,Juncus effusus
KW_T_423_2_0021R,KW_T_423_2_0021R.tif_segmented.png,264722,2976,3667,#b2ab8f,1.31,#28251e,0.68,#68604b,0.64,#90886e,0.63,,,#28251e,0.68,#b2ab8f,1.31,#68604b,0.64,#90886e,0.63,,,#68604b,0.64,#28251e,0.68,#90886e,0.63,#b2ab8f,1.31,,,#28251e,0.68,#68604b,0.64,#b2ab8f,1.31,#90886e,0.63,,,#68604b,0.64,#28251e,0.68,#90886e,0.63,#b2ab8f,1.31,,,,Prunus,Prunus padus
KW_T_423_2_0023R,KW_T_423_2_0023R.tif_segmented.png,1367500,2980,3687,#aba587,2.62,#c5bea2,2.58,#787257,1.65,#928b6c,1.51,#5b5643,1.03,#c5bea2,2.58,#26231e,0.42,#aba587,2.62,#5b5643,1.03,#787257,1.65,#5b5643,1.03,#787257,1.65,#928b6c,1.51,#26231e,0.42,#aba587,2.62,#26231e,0.42,#787257,1.65,#aba587,2.62,#5b5643,1.03,#928b6c,1.51,#5b5643,1.03,#787257,1.65,#928b6c,1.51,#26231e,0.42,#aba587,2.62,,Cymbalaria,Cymbalaria muralis
KW_T_423_2_0025R,KW_T_423_2_0025R.tif_segmented.png,1522390,2988,3663,#61624d,3.0,#78775d,2.44,#a09f7c,2.33,#8d8c6e,2.25,#b6b090,2.17,#b6b090,2.17,#61624d,3.0,#a09f7c,2.33,#78775d,2.44,#8d8c6e,2.25,#61624d,3.0,#a09f7c,2.33,#78775d,2.44,#8d8c6e,2.25,#b6b090,2.17,#a09f7c,2.33,#78775d,2.44,#8d8c6e,2.25,#b6b090,2.17,#61624d,3.0,#61624d,3.0,#a09f7c,2.33,#78775d,2.44,#8d8c6e,2.25,#b6b090,2.17,,Cakile,Cakile maritima
KW_T_423_2_0027R,KW_T_423_2_0027R.tif_segmented.png,534682,2994,3667,#868164,1.75,#a4a07f,1.46,#b9b399,1.32,#65614a,1.17,#2d2a21,0.44,#2d2a21,0.44,#b9b399,1.32,#a4a07f,1.46,#65614a,1.17,#868164,1.75,#2d2a21,0.44,#65614a,1.17,#868164,1.75,#a4a07f,1.46,#b9b399,1.32,#2d2a21,0.44,#a4a07f,1.46,#868164,1.75,#65614a,1.17,#b9b399,1.32,#2d2a21,0.44,#65614a,1.17,#868164,1.75,#a4a07f,1.46,#b9b399,1.32,,Centaurea,Centaurea calcitrapa
KW_T_423_2_0029R,KW_T_423_2_0029R.tif_segmented.png,1564799,3001,3659,#95946c,4.29,#7c7a5e,3.18,#656549,3.14,#a9a48a,1.76,,,#656549,3.14,#95946c,4.29,#a9a48a,1.76,#7c7a5e,3.18,,,#656549,3.14,#7c7a5e,3.18,#95946c,4.29,#a9a48a,1.76,,,#95946c,4.29,#7c7a5e,3.18,#a9a48a,1.76,#656549,3.14,,,#656549,3.14,#7c7a5e,3.18,#95946c,4.29,#a9a48a,1.76,,,,Humulus,Humulus lupulus
KW_T_423_2_0031R,KW_T_423_2_0031R.tif_segmented.png,1688938,2994,3651,#716f55,3.63,#5a5a45,3.15,#c0bba3,2.85,#8b8669,2.58,#a7a27e,2.11,#c0bba3,2.85,#5a5a45,3.15,#a7a27e,2.11,#716f55,3.63,#8b8669,2.58,#a7a27e,2.11,#8b8669,2.58,#716f55,3.63,#5a5a45,3.15,#c0bba3,2.85,#a7a27e,2.11,#8b8669,2.58,#716f55,3.63,#5a5a45,3.15,#c0bba3,2.85,#a7a27e,2.11,#8b8669,2.58,#716f55,3.63,#5a5a45,3.15,#c0bba3,2.85,,Humulus,Humulus lupulus
KW_T_423_2_0033R,KW_T_423_2_0033R.tif_segmented.png,331046,3003,3655,#b2aa8c,1.93,#81785e,1.19,#9c9072,1.02,#6a604a,0.81,,,#b2aa8c,1.93,#6a604a,0.81,#9c9072,1.02,#81785e,1.19,,,#6a604a,0.81,#81785e,1.19,#9c9072,1.02,#b2aa8c,1.93,,,#81785e,1.19,#6a604a,0.81,#b2aa8c,1.93,#9c9072,1.02,,,#6a604a,0.81,#81785e,1.19,#9c9072,1.02,#b2aa8c,1.93,,,,Alopecurus,Alopecurus bulbosus
KW_T_423_2_0035R,KW_T_423_2_0035R.tif_segmented.png,789118,3007,3679,#c2bc9f,2.26,#ada78c,2.0,#8e886d,1.01,#6f6a53,0.61,#28251f,0.43,#c2bc9f,2.26,#28251f,0.43,#ada78c,2.0,#6f6a53,0.61,#8e886d,1.01,#6f6a53,0.61,#28251f,0.43,#8e886d,1.01,#ada78c,2.0,#c2bc9f,2.26,#28251f,0.43,#ada78c,2.0,#6f6a53,0.61,#8e886d,1.01,#c2bc9f,2.26,#6f6a53,0.61,#28251f,0.43,#8e886d,1.01,#ada78c,2.0,#c2bc9f,2.26,,Anchusa,Anchusa arvensis
KW_T_423_2_0037R,KW_T_423_2_0037R.tif_segmented.png,1609762,3011,3675,#64634c,3.26,#a6a483,2.97,#79765b,2.82,#bfbaa0,2.48,#8f8c6f,2.31,#bfbaa0,2.48,#a6a483,2.97,#52513e,1.83,#64634c,3.26,#79765b,2.82,#a6a483,2.97,#8f8c6f,2.31,#79765b,2.82,#64634c,3.26,#52513e,1.83,#a6a483,2.97,#79765b,2.82,#52513e,1.83,#8f8c6f,2.31,#64634c,3.26,#a6a483,2.97,#8f8c6f,2.31,#79765b,2.82,#64634c,3.26,#52513e,1.83,,Daucus,Daucus carota
KW_T_423_2_0039R,KW_T_423_2_0039R.tif_segmented.png,1044039,3021,3679,#6f6e54,2.43,#9d9b7b,2.41,#b9b297,2.22,#85856a,1.91,#5a5c46,1.34,#b9b297,2.22,#5a5c46,1.34,#9d9b7b,2.41,#6f6e54,2.43,#85856a,1.91,#9d9b7b,2.41,#85856a,1.91,#6f6e54,2.43,#5a5c46,1.34,#b9b297,2.22,#85856a,1.91,#9d9b7b,2.41,#6f6e54,2.43,#b9b297,2.22,#5a5c46,1.34,#9d9b7b,2.41,#85856a,1.91,#6f6e54,2.43,#5a5c46,1.34,#b9b297,2.22,,Polygonatum,Polygonatum odoratum
KW_T_423_2_0041R,KW_T_423_2_0041R.tif_segmented.png,1365053,3021,3687,#999266,3.82,#666445,2.84,#7f7a58,2.64,#b1a886,2.59,#cac3a9,1.96,#d5c965,0.94,#cac3a9,1.96,#666445,2.84,#b1a886,2.59,#999266,3.82,#b1a886,2.59,#999266,3.82,#7f7a58,2.64,#666445,2.84,#d5c965,0.94,#d5c965,0.94,#999266,3.82,#7f7a58,2.64,#b1a886,2.59,#666445,2.84,#b1a886,2.59,#999266,3.82,#7f7a58,2.64,#666445,2.84,#d5c965,0.94,,Polygonatum,Polygonatum multiflorum
KW_T_423_2_0043R,KW_T_423_2_0043R.tif_segmented.png,1781606,3021,3695,#5b5940,4.08,#706b4e,3.89,#8a8060,3.08,#a99f7b,2.85,#d0c870,2.18,#d0c870,2.18,#c2bba0,2.09,#5b5940,4.08,#a99f7b,2.85,#706b4e,3.89,#a99f7b,2.85,#8a8060,3.08,#706b4e,3.89,#5b5940,4.08,#d0c870,2.18,#d0c870,2.18,#a99f7b,2.85,#8a8060,3.08,#706b4e,3.89,#5b5940,4.08,#a99f7b,2.85,#8a8060,3.08,#706b4e,3.89,#5b5940,4.08,#d0c870,2.18,,Rosa,Rosa spinosissima
KW_T_423_2_0045R,KW_T_423_2_0045R.tif_segmented.png,1942483,3023,3667,#6b6a52,4.62,#7f7f62,4.55,#989671,3.64,#555642,2.68,#b6af93,2.49,#b6af93,2.49,#555642,2.68,#989671,3.64,#6b6a52,4.62,#7f7f62,4.55,#989671,3.64,#7f7f62,4.55,#555642,2.68,#6b6a52,4.62,#b6af93,2.49,#989671,3.64,#7f7f62,4.55,#555642,2.68,#6b6a52,4.62,#b6af93,2.49,#989671,3.64,#7f7f62,4.55,#555642,2.68,#6b6a52,4.62,#b6af93,2.49,,Stratiotes,Stratiotes aloides
KW_T_423_2_0047R,KW_T_423_2_0047R.tif_segmented.png,1797538,3029,3671,#7c7b5d,3.56,#67684e,3.39,#aba881,2.71,#93916c,2.2,#c1ba9e,2.1,#c1ba9e,2.1,#aba881,2.71,#52533e,1.24,#67684e,3.39,#7c7b5d,3.56,#93916c,2.2,#aba881,2.71,#7c7b5d,3.56,#67684e,3.39,#52533e,1.24,#aba881,2.71,#93916c,2.2,#7c7b5d,3.56,#52533e,1.24,#c1ba9e,2.1,#93916c,2.2,#aba881,2.71,#7c7b5d,3.56,#67684e,3.39,#52533e,1.24,,Genista,Genista anglica
KW_T_423_2_0049R,KW_T_423_2_0049R.tif_segmented.png,1078847,3033,3675,#bfb89e,2.83,#6a654c,2.75,#8d8364,2.53,#aba382,2.18,#29261f,0.48,#29261f,0.48,#bfb89e,2.83,#aba382,2.18,#6a654c,2.75,#8d8364,2.53,#6a654c,2.75,#8d8364,2.53,#29261f,0.48,#aba382,2.18,#bfb89e,2.83,#29261f,0.48,#aba382,2.18,#8d8364,2.53,#6a654c,2.75,#bfb89e,2.83,#6a654c,2.75,#8d8364,2.53,#29261f,0.48,#aba382,2.18,#bfb89e,2.83,,Onopordum,Onopordum acanthium
KW_T_423_2_0051R,KW_T_423_2_0051R.tif_segmented.png,874025,3037,3675,#c2bca1,2.77,#75735c,2.23,#928f71,1.96,#aea78b,1.83,#5f5f4c,1.41,#c2bca1,2.77,#aea78b,1.83,#5f5f4c,1.41,#75735c,2.23,#928f71,1.96,#5f5f4c,1.41,#75735c,2.23,#928f71,1.96,#aea78b,1.83,#c2bca1,2.77,#75735c,2.23,#928f71,1.96,#aea78b,1.83,#5f5f4c,1.41,#c2bca1,2.77,#5f5f4c,1.41,#75735c,2.23,#928f71,1.96,#aea78b,1.83,#c2bca1,2.77,,Hippophae,Hippophae rhamnoides
KW_T_423_2_0053R,KW_T_423_2_0053R.tif_segmented.png,1491882,3041,3655,#b8b39b,3.44,#a09d88,3.31,#6d6d59,3.0,#888673,2.73,#505041,1.47,#b8b39b,3.44,#505041,1.47,#a09d88,3.31,#6d6d59,3.0,#888673,2.73,#505041,1.47,#6d6d59,3.0,#888673,2.73,#a09d88,3.31,#b8b39b,3.44,#505041,1.47,#888673,2.73,#a09d88,3.31,#6d6d59,3.0,#b8b39b,3.44,#505041,1.47,#6d6d59,3.0,#888673,2.73,#a09d88,3.31,#b8b39b,3.44,Plantaginaceae,Veronica,Veronica triphyllos
KW_T_423_2_0055R,KW_T_423_2_0055R.tif_segmented.png,1848013,3051,3667,#b7b193,3.52,#767256,3.45,#a29c7e,3.0,#8b8667,2.61,#656248,2.1,#b7b193,3.52,#656248,2.1,#a29c7e,3.0,#767256,3.45,#8b8667,2.61,#656248,2.1,#767256,3.45,#8b8667,2.61,#a29c7e,3.0,#b7b193,3.52,#767256,3.45,#8b8667,2.61,#a29c7e,3.0,#b7b193,3.52,#656248,2.1,#656248,2.1,#767256,3.45,#8b8667,2.61,#a29c7e,3.0,#b7b193,3.52,,Dactylis,Dactylis glomerata
KW_T_423_2_0057R,KW_T_423_2_0057R.tif_segmented.png,2101974,3051,3663,#777157,3.76,#646048,3.42,#a09a79,3.27,#b3ac90,3.15,#8b8468,3.08,#b3ac90,3.15,#646048,3.42,#a09a79,3.27,#777157,3.76,#8b8468,3.08,#646048,3.42,#777157,3.76,#8b8468,3.08,#a09a79,3.27,#b3ac90,3.15,#777157,3.76,#a09a79,3.27,#8b8468,3.08,#b3ac90,3.15,#646048,3.42,#646048,3.42,#777157,3.76,#8b8468,3.08,#a09a79,3.27,#b3ac90,3.15,,Verbascum,Verbascum blattaria
KW_T_423_2_0059R,KW_T_423_2_0059R.tif_segmented.png,2149739,3056,3655,#8a8260,3.35,#70674e,3.16,#a29c73,3.03,#b6af94,2.9,#584e3c,1.93,#584e3c,1.93,#b6af94,2.9,#a29c73,3.03,#70674e,3.16,#8a8260,3.35,#70674e,3.16,#584e3c,1.93,#8a8260,3.35,#a29c73,3.03,#b6af94,2.9,#a29c73,3.03,#8a8260,3.35,#70674e,3.16,#584e3c,1.93,#b6af94,2.9,#70674e,3.16,#584e3c,1.93,#8a8260,3.35,#a29c73,3.03,#b6af94,2.9,,Conium,Conium maculatum
KW_T_423_2_0061R,KW_T_423_2_0061R.tif_segmented.png,552605,3060,3671,#aaa17a,2.26,#94896b,1.69,#786f55,1.3,#342f26,0.45,,,#aaa17a,2.26,#342f26,0.45,#786f55,1.3,#94896b,1.69,,,#342f26,0.45,#786f55,1.3,#94896b,1.69,#aaa17a,2.26,,,#342f26,0.45,#aaa17a,2.26,#786f55,1.3,#94896b,1.69,,,#342f26,0.45,#786f55,1.3,#94896b,1.69,#aaa17a,2.26,,,Rosaceae,Rubus,Rubus idaeus
KW_T_423_2_0063R,KW_T_423_2_0063R.tif_segmented.png,1179606,3054,3671,#a8a082,2.48,#948d73,1.97,#7e765f,1.56,#6a5f4c,1.55,,,#a8a082,2.48,#6a5f4c,1.55,#7e765f,1.56,#948d73,1.97,,,#6a5f4c,1.55,#948d73,1.97,#7e765f,1.56,#a8a082,2.48,,,#7e765f,1.56,#a8a082,2.48,#6a5f4c,1.55,#948d73,1.97,,,#6a5f4c,1.55,#948d73,1.97,#7e765f,1.56,#a8a082,2.48,,,,Stachys,Stachys palustris
KW_T_423_2_0065R,KW_T_423_2_0065R.tif_segmented.png,1158964,3054,3655,#9e976e,2.14,#767051,1.85,#b3ab86,1.79,#8b8463,1.71,#5e5b40,1.6,#b3ab86,1.79,#5e5b40,1.6,#9e976e,2.14,#767051,1.85,#8b8463,1.71,#b3ab86,1.79,#5e5b40,1.6,#9e976e,2.14,#8b8463,1.71,#767051,1.85,#9e976e,2.14,#b3ab86,1.79,#767051,1.85,#8b8463,1.71,#5e5b40,1.6,#b3ab86,1.79,#5e5b40,1.6,#9e976e,2.14,#8b8463,1.71,#767051,1.85,,Scrophularia,Scrophularia nodosa
KW_T_423_2_0067R,KW_T_423_2_0067R.tif_segmented.png,1713037,3051,3679,#646241,3.05,#acab8e,3.01,#767250,2.92,#9d9a70,2.51,#89845e,2.46,#302e25,0.37,#646241,3.05,#acab8e,3.01,#9d9a70,2.51,#767250,2.92,#302e25,0.37,#acab8e,3.01,#9d9a70,2.51,#89845e,2.46,#767250,2.92,#302e25,0.37,#9d9a70,2.51,#89845e,2.46,#767250,2.92,#acab8e,3.01,#302e25,0.37,#acab8e,3.01,#9d9a70,2.51,#89845e,2.46,#767250,2.92,,Cochlearia,Cochlearia officinalis
KW_T_423_2_0069R,KW_T_423_2_0069R.tif_segmented.png,1408554,2986,3703,#9e936d,2.48,#c7c0a6,2.15,#615642,2.05,#b3aa8e,2.0,#807257,1.75,#c7c0a6,2.15,#615642,2.05,#9e936d,2.48,#807257,1.75,#b3aa8e,2.0,#615642,2.05,#807257,1.75,#9e936d,2.48,#b3aa8e,2.0,#c7c0a6,2.15,#807257,1.75,#9e936d,2.48,#b3aa8e,2.0,#615642,2.05,#c7c0a6,2.15,#615642,2.05,#807257,1.75,#9e936d,2.48,#b3aa8e,2.0,#c7c0a6,2.15,,Hypericum,Hypericum tetrapterum
KW_T_423_2_0071R,KW_T_423_2_0071R.tif_segmented.png,1421116,2986,3679,#b9b195,2.47,#7a7355,2.04,#a79e7e,2.02,#928968,1.95,#615e45,1.31,#b9b195,2.47,#615e45,1.31,#a79e7e,2.02,#7a7355,2.04,#928968,1.95,#615e45,1.31,#7a7355,2.04,#928968,1.95,#a79e7e,2.02,#b9b195,2.47,#7a7355,2.04,#a79e7e,2.02,#928968,1.95,#615e45,1.31,#b9b195,2.47,#615e45,1.31,#7a7355,2.04,#928968,1.95,#a79e7e,2.02,#b9b195,2.47,,Leontodon,Leontodon autumnalis
KW_T_423_2_0073R,KW_T_423_2_0073R.tif_segmented.png,873368,2990,3659,#aaa382,3.05,#bdb599,2.45,#96906e,2.01,#7c785a,1.95,#636148,1.68,#bdb599,2.45,#aaa382,3.05,#636148,1.68,#7c785a,1.95,#96906e,2.01,#636148,1.68,#7c785a,1.95,#96906e,2.01,#aaa382,3.05,#bdb599,2.45,#7c785a,1.95,#aaa382,3.05,#96906e,2.01,#636148,1.68,#bdb599,2.45,#636148,1.68,#7c785a,1.95,#96906e,2.01,#aaa382,3.05,#bdb599,2.45,,Anthoxanthum,Anthoxanthum odoratum
KW_T_423_2_0075R,KW_T_423_2_0075R.tif_segmented.png,1179360,2992,3679,#7c7957,3.07,#bfb499,2.67,#a99f80,2.49,#656447,2.46,#948f68,2.3,#bfb499,2.67,#656447,2.46,#a99f80,2.49,#7c7957,3.07,#948f68,2.3,#a99f80,2.49,#948f68,2.3,#7c7957,3.07,#656447,2.46,#bfb499,2.67,#948f68,2.3,#7c7957,3.07,#a99f80,2.49,#656447,2.46,#bfb499,2.67,#a99f80,2.49,#948f68,2.3,#7c7957,3.07,#656447,2.46,#bfb499,2.67,,Solanum,Solanum nigrum subsp. nigrum
KW_T_423_2_0077R,KW_T_423_2_0077R.tif_segmented.png,1110548,2996,3663,#aba47f,3.15,#bcb68f,3.01,#7f7b54,2.3,#968f67,1.9,#6a6744,1.54,#bcb68f,3.01,#6a6744,1.54,#aba47f,3.15,#7f7b54,2.3,#968f67,1.9,#aba47f,3.15,#bcb68f,3.01,#968f67,1.9,#7f7b54,2.3,#6a6744,1.54,#aba47f,3.15,#bcb68f,3.01,#968f67,1.9,#7f7b54,2.3,#6a6744,1.54,#aba47f,3.15,#bcb68f,3.01,#968f67,1.9,#7f7b54,2.3,#6a6744,1.54,,Allium,Allium vineale
KW_T_423_2_0079R,KW_T_423_2_0079R.tif_segmented.png,1626056,3003,3667,#7b745a,3.76,#928b6e,3.45,#c2baa1,3.36,#ada387,3.27,#635b45,2.51,#c2baa1,3.36,#635b45,2.51,#ada387,3.27,#7b745a,3.76,#928b6e,3.45,#928b6e,3.45,#635b45,2.51,#7b745a,3.76,#ada387,3.27,#c2baa1,3.36,#7b745a,3.76,#ada387,3.27,#635b45,2.51,#928b6e,3.45,#c2baa1,3.36,#928b6e,3.45,#635b45,2.51,#7b745a,3.76,#ada387,3.27,#c2baa1,3.36,,Potentilla,Potentilla erecta
KW_T_423_2_0081R,KW_T_423_2_0081R.tif_segmented.png,1389209,3005,3663,#9b986d,4.09,#83805f,3.19,#b0a987,2.86,#706d51,2.84,#312d22,0.39,#312d22,0.39,#b0a987,2.86,#9b986d,4.09,#706d51,2.84,#83805f,3.19,#312d22,0.39,#b0a987,2.86,#9b986d,4.09,#706d51,2.84,#83805f,3.19,#312d22,0.39,#9b986d,4.09,#83805f,3.19,#b0a987,2.86,#706d51,2.84,#312d22,0.39,#b0a987,2.86,#9b986d,4.09,#706d51,2.84,#83805f,3.19,Orobanchaceae,Orobanche,Orobanche caryophyllacea
KW_T_423_2_0083R,KW_T_423_2_0083R.tif_segmented.png,1743767,3009,3667,#7a7352,3.5,#938c64,3.41,#615d43,3.21,#a69f7d,2.99,#bab295,2.87,#bab295,2.87,#615d43,3.21,#7a7352,3.5,#938c64,3.41,#a69f7d,2.99,#615d43,3.21,#938c64,3.41,#a69f7d,2.99,#7a7352,3.5,#bab295,2.87,#7a7352,3.5,#938c64,3.41,#a69f7d,2.99,#615d43,3.21,#bab295,2.87,#615d43,3.21,#938c64,3.41,#a69f7d,2.99,#7a7352,3.5,#bab295,2.87,,Sisymbrium,Sisymbrium officinale
KW_T_423_2_0085R,KW_T_423_2_0085R.tif_segmented.png,1195795,3009,3667,#b5ae8f,2.25,#a39c7a,2.11,#8c8461,2.03,#706c52,1.83,#57533f,0.96,#b5ae8f,2.25,#57533f,0.96,#a39c7a,2.11,#8c8461,2.03,#706c52,1.83,#57533f,0.96,#706c52,1.83,#8c8461,2.03,#a39c7a,2.11,#b5ae8f,2.25,#8c8461,2.03,#a39c7a,2.11,#57533f,0.96,#706c52,1.83,#b5ae8f,2.25,#57533f,0.96,#706c52,1.83,#8c8461,2.03,#a39c7a,2.11,#b5ae8f,2.25,,Vicia,Vicia sativa subsp. segetalis
KW_T_423_2_0087R,KW_T_423_2_0087R.tif_segmented.png,1711938,3009,3667,#bcb794,4.29,#aaa47e,3.32,#807957,2.84,#958f69,2.69,#686444,2.61,#bcb794,4.29,#686444,2.61,#aaa47e,3.32,#807957,2.84,#958f69,2.69,#958f69,2.69,#807957,2.84,#686444,2.61,#aaa47e,3.32,#bcb794,4.29,#aaa47e,3.32,#807957,2.84,#958f69,2.69,#bcb794,4.29,#686444,2.61,#958f69,2.69,#807957,2.84,#686444,2.61,#aaa47e,3.32,#bcb794,4.29,Asteraceae,Cirsium,Cirsium palustre
KW_T_423_2_0089R,KW_T_423_2_0089R.tif_segmented.png,975406,3011,3679,#878368,2.51,#aaa384,2.31,#64614a,1.78,#d4c65d,0.52,#2c2920,0.5,#d4c65d,0.52,#2c2920,0.5,#aaa384,2.31,#64614a,1.78,#878368,2.51,#64614a,1.78,#878368,2.51,#2c2920,0.5,#aaa384,2.31,#d4c65d,0.52,#d4c65d,0.52,#2c2920,0.5,#aaa384,2.31,#878368,2.51,#64614a,1.78,#64614a,1.78,#878368,2.51,#2c2920,0.5,#aaa384,2.31,#d4c65d,0.52,,Tephroseris,Tephroseris palustris
KW_T_423_2_0091R,KW_T_423_2_0091R.tif_segmented.png,1319222,3007,3667,#756f57,3.41,#5f5844,2.59,#8c8468,2.53,#a49e7e,2.47,#b8b192,2.23,#b8b192,2.23,#5f5844,2.59,#a49e7e,2.47,#756f57,3.41,#8c8468,2.53,#8c8468,2.53,#756f57,3.41,#5f5844,2.59,#a49e7e,2.47,#b8b192,2.23,#756f57,3.41,#a49e7e,2.47,#5f5844,2.59,#8c8468,2.53,#b8b192,2.23,#8c8468,2.53,#756f57,3.41,#5f5844,2.59,#a49e7e,2.47,#b8b192,2.23,Dryopteridaceae,Dryopteris,Dryopteris filix-mas
KW_T_423_2_0093R,KW_T_423_2_0093R.tif_segmented.png,1785501,3007,3663,#6a6545,4.23,#7d7552,3.81,#908a5f,2.65,#bfb795,2.37,#56513a,1.98,#bfb795,2.37,#6a6545,4.23,#56513a,1.98,#7d7552,3.81,#908a5f,2.65,#a69f7a,1.92,#56513a,1.98,#908a5f,2.65,#7d7552,3.81,#6a6545,4.23,#908a5f,2.65,#7d7552,3.81,#a69f7a,1.92,#56513a,1.98,#bfb795,2.37,#a69f7a,1.92,#56513a,1.98,#908a5f,2.65,#7d7552,3.81,#6a6545,4.23,,Knautia,Knautia arvensis
KW_T_423_2_0095R,KW_T_423_2_0095R.tif_segmented.png,1286111,3007,3659,#656346,2.81,#948f6a,2.46,#aba27f,2.27,#797356,1.93,#51523b,1.7,#aba27f,2.27,#51523b,1.7,#656346,2.81,#948f6a,2.46,#797356,1.93,#948f6a,2.46,#aba27f,2.27,#797356,1.93,#656346,2.81,#51523b,1.7,#797356,1.93,#aba27f,2.27,#948f6a,2.46,#51523b,1.7,#656346,2.81,#948f6a,2.46,#aba27f,2.27,#797356,1.93,#656346,2.81,#51523b,1.7,,Lysimachia,Lysimachia vulgaris
KW_T_423_2_0097R,KW_T_423_2_0097R.tif_segmented.png,1020186,3005,3659,#aeaa86,2.97,#938f6d,2.75,#716f53,2.53,#4e5046,0.94,#667789,0.4,#aeaa86,2.97,#667789,0.4,#716f53,2.53,#938f6d,2.75,#4e5046,0.94,#4e5046,0.94,#667789,0.4,#716f53,2.53,#938f6d,2.75,#aeaa86,2.97,#667789,0.4,#4e5046,0.94,#aeaa86,2.97,#938f6d,2.75,#716f53,2.53,#4e5046,0.94,#667789,0.4,#716f53,2.53,#938f6d,2.75,#aeaa86,2.97,,Luzula,Luzula pilosa
KW_T_423_2_0099R,KW_T_423_2_0099R.tif_segmented.png,628801,3005,3667,#a49d7a,1.83,#b8b091,1.71,#898462,1.39,#6a634c,1.26,,,#b8b091,1.71,#6a634c,1.26,#a49d7a,1.83,#898462,1.39,,,#6a634c,1.26,#898462,1.39,#a49d7a,1.83,#b8b091,1.71,,,#898462,1.39,#a49d7a,1.83,#6a634c,1.26,#b8b091,1.71,,,#6a634c,1.26,#898462,1.39,#a49d7a,1.83,#b8b091,1.71,,,,Persicaria,Persicaria maculosa
KW_T_423_2_0101R,KW_T_423_2_0101R.tif_segmented.png,743457,3005,3663,#b5ab90,2.17,#716750,1.96,#887f62,1.93,#9f9677,1.65,#5c5640,1.43,#b5ab90,2.17,#5c5640,1.43,#716750,1.96,#9f9677,1.65,#887f62,1.93,#9f9677,1.65,#887f62,1.93,#716750,1.96,#5c5640,1.43,#b5ab90,2.17,#716750,1.96,#887f62,1.93,#5c5640,1.43,#9f9677,1.65,#b5ab90,2.17,#9f9677,1.65,#887f62,1.93,#716750,1.96,#5c5640,1.43,#b5ab90,2.17,,Euphrasia,Euphrasia stricta
KW_T_423_2_0103R,KW_T_423_2_0103R.tif_segmented.png,536669,3005,3675,#c3bca0,2.37,#ada788,2.13,#686654,1.92,#837e65,1.87,#999577,1.61,#c3bca0,2.37,#292620,0.61,#ada788,2.13,#999577,1.61,#686654,1.92,#686654,1.92,#837e65,1.87,#999577,1.61,#292620,0.61,#ada788,2.13,#292620,0.61,#837e65,1.87,#ada788,2.13,#686654,1.92,#999577,1.61,#686654,1.92,#837e65,1.87,#999577,1.61,#292620,0.61,#ada788,2.13,,Cardamine,Cardamine flexuosa
KW_T_423_2_0105R,KW_T_423_2_0105R.tif_segmented.png,1471530,3005,3675,#727153,3.14,#5c5b45,2.99,#8a8561,2.5,#a8a07b,2.21,#c2b997,2.14,#c2b997,2.14,#a8a07b,2.21,#3e3f32,0.73,#8a8561,2.5,#5c5b45,2.99,#a8a07b,2.21,#8a8561,2.5,#3e3f32,0.73,#727153,3.14,#5c5b45,2.99,#3e3f32,0.73,#8a8561,2.5,#a8a07b,2.21,#727153,3.14,#c2b997,2.14,#a8a07b,2.21,#8a8561,2.5,#3e3f32,0.73,#727153,3.14,#5c5b45,2.99,,Fumaria,Fumaria officinalis
KW_T_423_2_0107R,KW_T_423_2_0107R.tif_segmented.png,870412,3005,3675,#b19771,2.57,#cbbf94,2.57,#9b7d60,2.42,#b9ab8b,2.4,#7a644d,1.34,#cbbf94,2.57,#b19771,2.57,#7a644d,1.34,#b9ab8b,2.4,#9b7d60,2.42,#7a644d,1.34,#9b7d60,2.42,#b19771,2.57,#b9ab8b,2.4,#cbbf94,2.57,#cbbf94,2.57,#b19771,2.57,#7a644d,1.34,#b9ab8b,2.4,#9b7d60,2.42,#7a644d,1.34,#9b7d60,2.42,#b19771,2.57,#b9ab8b,2.4,#cbbf94,2.57,,Hieracium,Hieracium sect. Vulgata
KW_T_423_2_0109R,KW_T_423_2_0109R.tif_segmented.png,1136998,3007,3667,#78755a,2.85,#c3ba9e,2.7,#aba385,2.41,#918b6e,2.3,#646247,2.03,#c3ba9e,2.7,#2a271f,0.52,#aba385,2.41,#646247,2.03,#78755a,2.85,#2a271f,0.52,#aba385,2.41,#918b6e,2.3,#78755a,2.85,#646247,2.03,#2a271f,0.52,#78755a,2.85,#aba385,2.41,#918b6e,2.3,#646247,2.03,#2a271f,0.52,#aba385,2.41,#918b6e,2.3,#78755a,2.85,#646247,2.03,,Tripolium,Tripolium pannonicum
KW_T_423_2_0111R,KW_T_423_2_0111R.tif_segmented.png,1199127,3009,3671,#bdb599,2.96,#676951,2.76,#817f62,2.19,#51523f,2.08,#a59d7c,1.97,#bdb599,2.96,#a59d7c,1.97,#51523f,2.08,#676951,2.76,#817f62,2.19,#a59d7c,1.97,#817f62,2.19,#51523f,2.08,#676951,2.76,#bdb599,2.96,#817f62,2.19,#a59d7c,1.97,#51523f,2.08,#676951,2.76,#bdb599,2.96,#a59d7c,1.97,#817f62,2.19,#51523f,2.08,#676951,2.76,#bdb599,2.96,,Spiranthes,Spiranthes spiralis
KW_T_423_2_0113R,KW_T_423_2_0113R.tif_segmented.png,935225,3011,3663,#6c6d52,2.75,#a4a37c,2.52,#8b8a69,2.19,#beb597,2.05,#373127,0.41,#373127,0.41,#beb597,2.05,#a4a37c,2.52,#6c6d52,2.75,#8b8a69,2.19,#373127,0.41,#6c6d52,2.75,#8b8a69,2.19,#a4a37c,2.52,#beb597,2.05,#373127,0.41,#a4a37c,2.52,#8b8a69,2.19,#6c6d52,2.75,#beb597,2.05,#373127,0.41,#6c6d52,2.75,#8b8a69,2.19,#a4a37c,2.52,#beb597,2.05,Plantaginaceae,Veronica,Veronica catenata
KW_T_423_2_0115R,KW_T_423_2_0115R.tif_segmented.png,1331199,2964,3679,#69674e,2.67,#999473,2.49,#827c60,2.29,#afa88c,1.88,#52513d,1.46,#afa88c,1.88,#52513d,1.46,#999473,2.49,#69674e,2.67,#827c60,2.29,#999473,2.49,#827c60,2.29,#69674e,2.67,#52513d,1.46,#afa88c,1.88,#827c60,2.29,#999473,2.49,#52513d,1.46,#afa88c,1.88,#69674e,2.67,#999473,2.49,#827c60,2.29,#69674e,2.67,#52513d,1.46,#afa88c,1.88,,Cornus,Cornus sanguinea
KW_T_423_2_0117R,KW_T_423_2_0117R.tif_segmented.png,861953,2966,3667,#a39e73,2.38,#8b8761,2.04,#b7af91,1.82,#747051,1.57,#493f2f,0.3,#493f2f,0.3,#b7af91,1.82,#a39e73,2.38,#747051,1.57,#8b8761,2.04,#493f2f,0.3,#747051,1.57,#8b8761,2.04,#a39e73,2.38,#b7af91,1.82,#a39e73,2.38,#8b8761,2.04,#493f2f,0.3,#747051,1.57,#b7af91,1.82,#493f2f,0.3,#747051,1.57,#8b8761,2.04,#a39e73,2.38,#b7af91,1.82,,Salsola,Salsola kali
KW_T_423_2_0119R,KW_T_423_2_0119R.tif_segmented.png,1809240,2962,3671,#a39e73,2.49,#8d8863,2.29,#767254,2.28,#bfb791,2.19,#605d43,1.59,#bfb791,2.19,#605d43,1.59,#a39e73,2.49,#767254,2.28,#8d8863,2.29,#a39e73,2.49,#8d8863,2.29,#767254,2.28,#605d43,1.59,#bfb791,2.19,#a39e73,2.49,#8d8863,2.29,#bfb791,2.19,#767254,2.28,#605d43,1.59,#a39e73,2.49,#8d8863,2.29,#767254,2.28,#605d43,1.59,#bfb791,2.19,,Stellaria,Stellaria aquatica
KW_T_423_2_0121R,KW_T_423_2_0121R.tif_segmented.png,2053348,2970,3671,#7a7657,5.93,#616045,4.97,#bbb391,2.9,#9b9470,2.88,#b19f4c,1.41,#d0c664,1.13,#b19f4c,1.41,#bbb391,2.9,#616045,4.97,#7a7657,5.93,#9b9470,2.88,#7a7657,5.93,#616045,4.97,#b19f4c,1.41,#d0c664,1.13,#d0c664,1.13,#b19f4c,1.41,#7a7657,5.93,#9b9470,2.88,#bbb391,2.9,#9b9470,2.88,#7a7657,5.93,#616045,4.97,#b19f4c,1.41,#d0c664,1.13,Rosaceae,Comarum,Comarum palustre
KW_T_423_2_0123R,KW_T_423_2_0123R.tif_segmented.png,1234362,2970,3667,#636044,3.24,#7a7656,2.67,#98946c,2.04,#aba582,1.59,#4c4a37,1.42,#aba582,1.59,#4c4a37,1.42,#636044,3.24,#98946c,2.04,#7a7656,2.67,#aba582,1.59,#98946c,2.04,#7a7656,2.67,#4c4a37,1.42,#636044,3.24,#98946c,2.04,#aba582,1.59,#4c4a37,1.42,#7a7656,2.67,#636044,3.24,#aba582,1.59,#98946c,2.04,#7a7656,2.67,#4c4a37,1.42,#636044,3.24,,Scutellaria,Scutellaria galericulata
KW_T_423_2_0125R,KW_T_423_2_0125R.tif_segmented.png,1056945,3001,3671,#817860,2.89,#ada385,2.8,#988f6f,2.59,#6a624d,1.08,,,#ada385,2.8,#6a624d,1.08,#988f6f,2.59,#817860,2.89,,,#6a624d,1.08,#817860,2.89,#988f6f,2.59,#ada385,2.8,,,#817860,2.89,#ada385,2.8,#6a624d,1.08,#988f6f,2.59,,,#6a624d,1.08,#817860,2.89,#988f6f,2.59,#ada385,2.8,,,,Capsella,Capsella bursa-pastoris
KW_T_423_2_0127R,KW_T_423_2_0127R.tif_segmented.png,708649,3007,3675,#b2a989,2.58,#9e9470,1.83,#80775d,1.22,#5f5d49,0.89,#cfbe5f,0.82,#cfbe5f,0.82,#b2a989,2.58,#9e9470,1.83,#5f5d49,0.89,#80775d,1.22,#5f5d49,0.89,#80775d,1.22,#9e9470,1.83,#b2a989,2.58,#cfbe5f,0.82,#cfbe5f,0.82,#80775d,1.22,#b2a989,2.58,#9e9470,1.83,#5f5d49,0.89,#5f5d49,0.89,#80775d,1.22,#9e9470,1.83,#b2a989,2.58,#cfbe5f,0.82,,Securigera,Securigera varia
KW_T_423_2_0129R,KW_T_423_2_0129R.tif_segmented.png,962872,3009,3715,#6b6652,2.22,#90865f,2.1,#a59c7e,1.73,#c3b55d,1.66,,,#c3b55d,1.66,#90865f,2.1,#6b6652,2.22,#a59c7e,1.73,,,#6b6652,2.22,#90865f,2.1,#a59c7e,1.73,#c3b55d,1.66,,,#c3b55d,1.66,#90865f,2.1,#6b6652,2.22,#a59c7e,1.73,,,#6b6652,2.22,#90865f,2.1,#a59c7e,1.73,#c3b55d,1.66,,,,Leontodon,Leontodon hispidus
KW_T_423_2_0131R,KW_T_423_2_0131R.tif_segmented.png,728827,3005,3703,#aca186,3.06,#968e6f,2.97,#7b755b,2.65,#636149,1.78,,,#aca186,3.06,#636149,1.78,#968e6f,2.97,#7b755b,2.65,,,#636149,1.78,#7b755b,2.65,#968e6f,2.97,#aca186,3.06,,,#7b755b,2.65,#aca186,3.06,#968e6f,2.97,#636149,1.78,,,#636149,1.78,#7b755b,2.65,#968e6f,2.97,#aca186,3.06,,,,Bryonia,Bryonia dioica
KW_T_423_2_0133R,KW_T_423_2_0133R.tif_segmented.png,2084268,3001,3727,#a9a57f,3.08,#bdb49b,2.33,#958f6d,2.13,#7c775c,1.83,#2b2821,0.58,#2b2821,0.58,#bdb49b,2.33,#a9a57f,3.08,#7c775c,1.83,#958f6d,2.13,#7c775c,1.83,#2b2821,0.58,#958f6d,2.13,#a9a57f,3.08,#bdb49b,2.33,#2b2821,0.58,#a9a57f,3.08,#7c775c,1.83,#958f6d,2.13,#bdb49b,2.33,#7c775c,1.83,#2b2821,0.58,#958f6d,2.13,#a9a57f,3.08,#bdb49b,2.33,,Festuca,Festuca gigantea
KW_T_423_2_0135R,KW_T_423_2_0135R.tif_segmented.png,8981032,2998,3719,#8f8861,2.66,#a39c72,2.57,#b7ad8f,2.51,#787154,2.13,#5e5e45,1.68,#d5ca64,0.92,#b7ad8f,2.51,#a39c72,2.57,#5e5e45,1.68,#8f8861,2.66,#5e5e45,1.68,#787154,2.13,#8f8861,2.66,#a39c72,2.57,#b7ad8f,2.51,#d5ca64,0.92,#a39c72,2.57,#8f8861,2.66,#787154,2.13,#b7ad8f,2.51,#5e5e45,1.68,#787154,2.13,#8f8861,2.66,#a39c72,2.57,#b7ad8f,2.51,,Sagina,Sagina procumbens
KW_T_423_2_0137R,KW_T_423_2_0137R.tif_segmented.png,8957362,2994,3711,#ada683,2.87,#948e66,2.48,#7d7858,2.39,#c2bc9f,2.39,#646247,2.0,#c8b558,0.63,#c2bc9f,2.39,#646247,2.0,#ada683,2.87,#7d7858,2.39,#646247,2.0,#7d7858,2.39,#948e66,2.48,#ada683,2.87,#c8b558,0.63,#c8b558,0.63,#ada683,2.87,#948e66,2.48,#7d7858,2.39,#c2bc9f,2.39,#646247,2.0,#7d7858,2.39,#948e66,2.48,#ada683,2.87,#c8b558,0.63,,Eryngium,Eryngium maritimum
KW_T_423_2_0139R,KW_T_423_2_0139R.tif_segmented.png,950127,2992,3707,#aba585,3.24,#97926a,2.9,#bdb797,2.6,#807b59,2.45,#6a674a,2.03,#cfbe58,1.4,#bdb797,2.6,#6a674a,2.03,#aba585,3.24,#807b59,2.45,#6a674a,2.03,#807b59,2.45,#97926a,2.9,#aba585,3.24,#bdb797,2.6,#cfbe58,1.4,#97926a,2.9,#aba585,3.24,#807b59,2.45,#bdb797,2.6,#6a674a,2.03,#807b59,2.45,#97926a,2.9,#aba585,3.24,#bdb797,2.6,,Epilobium,Epilobium parviflorum
KW_T_423_2_0141R,KW_T_423_2_0141R.tif_segmented.png,1357841,3005,3735,#706b51,3.83,#9f9a78,3.44,#888163,3.01,#b9b297,2.8,#5b4f3d,1.85,#cabc66,1.08,#5b4f3d,1.85,#b9b297,2.8,#706b51,3.83,#9f9a78,3.44,#5b4f3d,1.85,#9f9a78,3.44,#888163,3.01,#706b51,3.83,#cabc66,1.08,#cabc66,1.08,#9f9a78,3.44,#888163,3.01,#706b51,3.83,#5b4f3d,1.85,#5b4f3d,1.85,#9f9a78,3.44,#888163,3.01,#706b51,3.83,#cabc66,1.08,Crassulaceae,Sedum,Sedum telephium
KW_T_423_2_0143R,KW_T_423_2_0143R.tif_segmented.png,2160941,2996,3707,#6d6454,3.97,#b0a893,3.34,#857766,3.21,#555042,2.84,#9a907b,2.77,#b0a893,3.34,#555042,2.84,#6d6454,3.97,#9a907b,2.77,#857766,3.21,#555042,2.84,#857766,3.21,#6d6454,3.97,#9a907b,2.77,#b0a893,3.34,#555042,2.84,#857766,3.21,#6d6454,3.97,#b0a893,3.34,#9a907b,2.77,#555042,2.84,#857766,3.21,#6d6454,3.97,#9a907b,2.77,#b0a893,3.34,,Chaenorhinum,Chaenorhinum minus
KW_T_423_2_0145R,KW_T_423_2_0145R.tif_segmented.png,1430997,3003,3723,#837c61,3.17,#9a9174,2.76,#c3baa1,2.73,#aea387,2.44,#6c674e,2.41,#c3baa1,2.73,#25231d,0.77,#aea387,2.44,#6c674e,2.41,#9a9174,2.76,#25231d,0.77,#837c61,3.17,#6c674e,2.41,#9a9174,2.76,#aea387,2.44,#25231d,0.77,#837c61,3.17,#aea387,2.44,#6c674e,2.41,#9a9174,2.76,#25231d,0.77,#837c61,3.17,#6c674e,2.41,#9a9174,2.76,#aea387,2.44,,Sinapis,Sinapis arvensis
KW_T_423_2_0147R,KW_T_423_2_0147R.tif_segmented.png,2110477,2992,3679,#a6a48a,5.16,#91907b,4.4,#807b66,3.75,#bfb997,3.67,#6a6652,3.04,#bfb997,3.67,#575440,1.55,#a6a48a,5.16,#6a6652,3.04,#807b66,3.75,#575440,1.55,#6a6652,3.04,#807b66,3.75,#a6a48a,5.16,#91907b,4.4,#807b66,3.75,#a6a48a,5.16,#91907b,4.4,#6a6652,3.04,#bfb997,3.67,#575440,1.55,#6a6652,3.04,#807b66,3.75,#a6a48a,5.16,#91907b,4.4,,Ulex,Ulex europaeus
KW_T_423_2_0149R,KW_T_423_2_0149R.tif_segmented.png,1498351,2992,3703,#7a7557,2.99,#938c6c,2.96,#a6a089,2.57,#636046,2.56,#bfb68b,2.46,#bfb68b,2.46,#636046,2.56,#7a7557,2.99,#a6a089,2.57,#938c6c,2.96,#938c6c,2.96,#7a7557,2.99,#636046,2.56,#a6a089,2.57,#bfb68b,2.46,#bfb68b,2.46,#7a7557,2.99,#a6a089,2.57,#938c6c,2.96,#636046,2.56,#938c6c,2.96,#7a7557,2.99,#636046,2.56,#a6a089,2.57,#bfb68b,2.46,,Pulicaria,Pulicaria dysenterica
KW_T_423_2_0151R,KW_T_423_2_0151R.tif_segmented.png,2338953,2992,3699,#b0aa80,5.01,#a09768,4.96,#8a8159,4.33,#726c4b,3.58,#c6bea3,2.89,#d0c15e,1.72,#c6bea3,2.89,#b0aa80,5.01,#5e583d,1.46,#a09768,4.96,#5e583d,1.46,#b0aa80,5.01,#726c4b,3.58,#a09768,4.96,#8a8159,4.33,#d0c15e,1.72,#a09768,4.96,#b0aa80,5.01,#8a8159,4.33,#726c4b,3.58,#5e583d,1.46,#b0aa80,5.01,#726c4b,3.58,#a09768,4.96,#8a8159,4.33,,Myriophyllum,Myriophyllum spicatum
KW_T_423_2_0153R,KW_T_423_2_0153R.tif_segmented.png,1365821,2998,3687,#777353,3.18,#928b62,2.82,#a6a078,2.64,#beb697,2.58,#5e5d43,1.87,#cbc067,0.92,#beb697,2.58,#5e5d43,1.87,#a6a078,2.64,#777353,3.18,#a6a078,2.64,#5e5d43,1.87,#777353,3.18,#928b62,2.82,#cbc067,0.92,#cbc067,0.92,#a6a078,2.64,#928b62,2.82,#777353,3.18,#beb697,2.58,#a6a078,2.64,#5e5d43,1.87,#777353,3.18,#928b62,2.82,#cbc067,0.92,,Apera,Apera spica-venti
KW_T_423_2_0155R,KW_T_423_2_0155R.tif_segmented.png,1464928,2998,3691,#767058,3.15,#aca384,2.8,#938a6f,2.77,#5c5945,2.54,#c3ba9e,2.33,#c3ba9e,2.33,#2c2821,0.63,#aca384,2.8,#5c5945,2.54,#767058,3.15,#5c5945,2.54,#767058,3.15,#938a6f,2.77,#aca384,2.8,#2c2821,0.63,#2c2821,0.63,#767058,3.15,#aca384,2.8,#5c5945,2.54,#938a6f,2.77,#5c5945,2.54,#767058,3.15,#938a6f,2.77,#aca384,2.8,#2c2821,0.63,,Potamogeton,Potamogeton pectinatus
KW_T_423_2_0157R,KW_T_423_2_0157R.tif_segmented.png,399328,2996,3679,#c5bb9e,2.12,#676149,1.41,#887d60,1.39,#a79f7e,1.27,#2e2b20,0.46,#c5bb9e,2.12,#2e2b20,0.46,#a79f7e,1.27,#676149,1.41,#887d60,1.39,#2e2b20,0.46,#887d60,1.39,#676149,1.41,#a79f7e,1.27,#c5bb9e,2.12,#2e2b20,0.46,#a79f7e,1.27,#887d60,1.39,#676149,1.41,#c5bb9e,2.12,#2e2b20,0.46,#887d60,1.39,#676149,1.41,#a79f7e,1.27,#c5bb9e,2.12,,Asperugo,Asperugo procumbens
KW_T_423_2_0159R,KW_T_423_2_0159R.tif_segmented.png,2027328,2996,3667,#686649,4.78,#7c7856,4.26,#8e8c67,4.05,#56553c,2.68,#c7bd94,2.18,#c7bd94,2.18,#afaa78,1.94,#56553c,2.68,#686649,4.78,#7c7856,4.26,#afaa78,1.94,#8e8c67,4.05,#56553c,2.68,#7c7856,4.26,#686649,4.78,#afaa78,1.94,#8e8c67,4.05,#c7bd94,2.18,#7c7856,4.26,#56553c,2.68,#afaa78,1.94,#8e8c67,4.05,#56553c,2.68,#7c7856,4.26,#686649,4.78,,Datura,Datura stramonium
KW_T_423_2_0161R,KW_T_423_2_0161R.tif_segmented.png,1707105,2992,3671,#b3ae89,2.74,#9e9a77,2.03,#807557,0.89,#353026,0.45,,,#353026,0.45,#b3ae89,2.74,#807557,0.89,#9e9a77,2.03,,,#353026,0.45,#807557,0.89,#9e9a77,2.03,#b3ae89,2.74,,,#353026,0.45,#b3ae89,2.74,#9e9a77,2.03,#807557,0.89,,,#353026,0.45,#807557,0.89,#9e9a77,2.03,#b3ae89,2.74,,,,Asparagus,Asparagus officinalis subsp. officinalis
KW_T_423_2_0163R,KW_T_423_2_0163R.tif_segmented.png,1623676,2992,3659,#5f5f47,4.71,#737356,3.51,#8b8967,2.95,#aaa67e,2.42,#292720,0.69,#aaa67e,2.42,#292720,0.69,#5f5f47,4.71,#8b8967,2.95,#737356,3.51,#292720,0.69,#aaa67e,2.42,#8b8967,2.95,#737356,3.51,#5f5f47,4.71,#292720,0.69,#aaa67e,2.42,#8b8967,2.95,#737356,3.51,#5f5f47,4.71,#292720,0.69,#aaa67e,2.42,#8b8967,2.95,#737356,3.51,#5f5f47,4.71,,Fallopia,Fallopia dumetorum
KW_T_423_2_0165R,KW_T_423_2_0165R.tif_segmented.png,969760,2988,3663,#6d6852,2.75,#a9a27f,2.43,#8b876c,2.42,#c3bc9b,1.64,#9d764d,0.84,#9d764d,0.84,#c3bc9b,1.64,#2d2921,0.6,#a9a27f,2.43,#6d6852,2.75,#6d6852,2.75,#8b876c,2.42,#a9a27f,2.43,#2d2921,0.6,#9d764d,0.84,#2d2921,0.6,#a9a27f,2.43,#6d6852,2.75,#8b876c,2.42,#c3bc9b,1.64,#6d6852,2.75,#8b876c,2.42,#a9a27f,2.43,#2d2921,0.6,#9d764d,0.84,Brassicaceae,Lepidium,Lepidium latifolium
KW_T_423_2_0168R,KW_T_423_2_0168R.tif_segmented.png,2333856,2978,3679,#63654b,5.0,#7d7b5c,2.99,#999470,2.78,#c4be9c,2.62,#4d503b,2.62,#c4be9c,2.62,#b0ac80,2.29,#4d503b,2.62,#63654b,5.0,#999470,2.78,#b0ac80,2.29,#999470,2.78,#7d7b5c,2.99,#63654b,5.0,#4d503b,2.62,#b0ac80,2.29,#7d7b5c,2.99,#999470,2.78,#c4be9c,2.62,#4d503b,2.62,#b0ac80,2.29,#999470,2.78,#7d7b5c,2.99,#63654b,5.0,#4d503b,2.62,,Malva,Malva neglecta
KW_T_423_2_0169R,KW_T_423_2_0169R.tif_segmented.png,1727479,2976,3675,#606145,4.34,#787555,4.15,#908b67,2.99,#aca57d,2.89,#c4bea3,2.44,#c4bea3,2.44,#2b2820,0.65,#aca57d,2.89,#606145,4.34,#787555,4.15,#aca57d,2.89,#2b2820,0.65,#908b67,2.99,#787555,4.15,#606145,4.34,#2b2820,0.65,#aca57d,2.89,#787555,4.15,#908b67,2.99,#c4bea3,2.44,#aca57d,2.89,#2b2820,0.65,#908b67,2.99,#787555,4.15,#606145,4.34,,Carduus,Carduus nutans
KW_T_423_2_0171R,KW_T_423_2_0171R.tif_segmented.png,1520828,2970,3691,#858165,4.38,#716e57,3.87,#9a9576,3.61,#aca888,2.61,#5d5342,1.4,#aca888,2.61,#5d5342,1.4,#9a9576,3.61,#858165,4.38,#716e57,3.87,#5d5342,1.4,#716e57,3.87,#aca888,2.61,#858165,4.38,#9a9576,3.61,#aca888,2.61,#858165,4.38,#716e57,3.87,#9a9576,3.61,#5d5342,1.4,#5d5342,1.4,#716e57,3.87,#aca888,2.61,#858165,4.38,#9a9576,3.61,Aristolochiaceae,Aristolochia,Aristolochia clematitis
KW_T_423_3_0010R,KW_T_423_3_0010R.tif_segmented.png,1204367,2880,3659,#b2ac8c,2.61,#828367,2.06,#c8c3a1,1.95,#999979,1.88,#6c6d57,1.86,#c8c3a1,1.95,#29251f,0.66,#b2ac8c,2.61,#6c6d57,1.86,#999979,1.88,#29251f,0.66,#6c6d57,1.86,#828367,2.06,#b2ac8c,2.61,#999979,1.88,#29251f,0.66,#828367,2.06,#999979,1.88,#b2ac8c,2.61,#c8c3a1,1.95,#29251f,0.66,#6c6d57,1.86,#828367,2.06,#b2ac8c,2.61,#999979,1.88,Poaceae,Poa,Poa trivialis
KW_T_423_3_0012R,KW_T_423_3_0012R.tif_segmented.png,847395,2882,3671,#999579,2.06,#a9a78c,1.91,#605a4b,1.85,#4b4339,1.46,#7f7862,1.43,#4b4339,1.46,#a9a78c,1.91,#999579,2.06,#605a4b,1.85,#7f7862,1.43,#4b4339,1.46,#605a4b,1.85,#7f7862,1.43,#999579,2.06,#a9a78c,1.91,#4b4339,1.46,#7f7862,1.43,#a9a78c,1.91,#605a4b,1.85,#999579,2.06,#4b4339,1.46,#605a4b,1.85,#7f7862,1.43,#999579,2.06,#a9a78c,1.91,,Verbascum,Verbascum thapsus
KW_T_423_3_0014R,KW_T_423_3_0014R.tif_segmented.png,908135,2876,3647,#a09c81,3.17,#beb99f,1.74,#878165,1.6,#6c6951,1.36,#29261f,0.54,#29261f,0.54,#beb99f,1.74,#a09c81,3.17,#6c6951,1.36,#878165,1.6,#29261f,0.54,#6c6951,1.36,#878165,1.6,#a09c81,3.17,#beb99f,1.74,#29261f,0.54,#878165,1.6,#a09c81,3.17,#6c6951,1.36,#beb99f,1.74,#29261f,0.54,#6c6951,1.36,#878165,1.6,#a09c81,3.17,#beb99f,1.74,,Rhamnus,Rhamnus cathartica
KW_T_423_3_0016R,KW_T_423_3_0016R.tif_segmented.png,840767,2876,3631,#bab399,1.99,#d2cbb4,1.65,#a59e83,0.85,#887f66,0.7,#2d2a20,0.48,#d2cbb4,1.65,#2d2a20,0.48,#bab399,1.99,#695f4a,0.43,#a59e83,0.85,#2d2a20,0.48,#695f4a,0.43,#887f66,0.7,#bab399,1.99,#a59e83,0.85,#2d2a20,0.48,#695f4a,0.43,#887f66,0.7,#a59e83,0.85,#d2cbb4,1.65,#2d2a20,0.48,#695f4a,0.43,#887f66,0.7,#bab399,1.99,#a59e83,0.85,,Maianthemum,Maianthemum bifolium
KW_T_423_3_0018R,KW_T_423_3_0018R.tif_segmented.png,1015595,2899,3675,#a5a184,2.06,#bbb698,1.87,#908a6d,1.69,#766a50,0.67,#29261e,0.57,#29261e,0.57,#bbb698,1.87,#766a50,0.67,#a5a184,2.06,#908a6d,1.69,#766a50,0.67,#908a6d,1.69,#29261e,0.57,#a5a184,2.06,#bbb698,1.87,#29261e,0.57,#766a50,0.67,#a5a184,2.06,#908a6d,1.69,#bbb698,1.87,#766a50,0.67,#908a6d,1.69,#29261e,0.57,#a5a184,2.06,#bbb698,1.87,,Mentha,Mentha aquatica
KW_T_423_3_0020R,KW_T_423_3_0020R.tif_segmented.png,170709,2907,3679,#c2bca2,1.75,#928d75,1.39,#a7a189,1.25,#78755f,1.18,#625f4b,0.93,#25231d,0.65,#c2bca2,1.75,#a7a189,1.25,#625f4b,0.93,#928d75,1.39,#625f4b,0.93,#78755f,1.18,#928d75,1.39,#a7a189,1.25,#25231d,0.65,#25231d,0.65,#78755f,1.18,#a7a189,1.25,#625f4b,0.93,#928d75,1.39,#625f4b,0.93,#78755f,1.18,#928d75,1.39,#a7a189,1.25,#25231d,0.65,,Ceratocapnos,Ceratocapnos claviculata
KW_T_423_3_0022R,KW_T_423_3_0022R.tif_segmented.png,871935,2909,3643,#b3ad90,2.32,#cac4aa,2.06,#9c9579,1.33,#69624d,1.09,#867c63,1.02,#2c281f,0.63,#cac4aa,2.06,#b3ad90,2.32,#69624d,1.09,#9c9579,1.33,#69624d,1.09,#867c63,1.02,#2c281f,0.63,#9c9579,1.33,#b3ad90,2.32,#2c281f,0.63,#867c63,1.02,#69624d,1.09,#b3ad90,2.32,#9c9579,1.33,#69624d,1.09,#867c63,1.02,#2c281f,0.63,#9c9579,1.33,#b3ad90,2.32,,Ononis,Ononis spinosa subsp. spinosa
KW_T_423_3_0024R,KW_T_423_3_0024R.tif_segmented.png,2459288,2909,3643,#b0ab92,3.75,#c5c2ae,3.61,#6f6b55,3.33,#5d5946,3.16,#848068,2.82,#c5c2ae,3.61,#5d5946,3.16,#b0ab92,3.75,#6f6b55,3.33,#848068,2.82,#b0ab92,3.75,#9a957f,2.73,#5d5946,3.16,#848068,2.82,#6f6b55,3.33,#848068,2.82,#6f6b55,3.33,#5d5946,3.16,#b0ab92,3.75,#9a957f,2.73,#b0ab92,3.75,#9a957f,2.73,#5d5946,3.16,#848068,2.82,#6f6b55,3.33,,Taraxacum,Taraxacum sect. Ruderalia
KW_T_423_3_0026R,KW_T_423_3_0026R.tif_segmented.png,602507,2923,3651,#b0ac8a,2.02,#989375,1.66,#76735b,1.58,#5b5947,1.52,#c9c4aa,1.12,#c9c4aa,1.12,#b0ac8a,2.02,#5b5947,1.52,#989375,1.66,#76735b,1.58,#5b5947,1.52,#76735b,1.58,#989375,1.66,#b0ac8a,2.02,#c9c4aa,1.12,#b0ac8a,2.02,#76735b,1.58,#5b5947,1.52,#989375,1.66,#c9c4aa,1.12,#5b5947,1.52,#76735b,1.58,#989375,1.66,#b0ac8a,2.02,#c9c4aa,1.12,,Jacobaea,Jacobaea vulgaris subsp. vulgaris
KW_T_423_3_0028R,KW_T_423_3_0028R.tif_segmented.png,1555508,2923,3655,#b4b191,2.8,#726e57,2.62,#8f896a,2.59,#a09d81,2.43,#575240,1.65,#b4b191,2.8,#575240,1.65,#a09d81,2.43,#726e57,2.62,#8f896a,2.59,#575240,1.65,#726e57,2.62,#8f896a,2.59,#a09d81,2.43,#b4b191,2.8,#575240,1.65,#726e57,2.62,#a09d81,2.43,#b4b191,2.8,#8f896a,2.59,#575240,1.65,#726e57,2.62,#8f896a,2.59,#a09d81,2.43,#b4b191,2.8,Poaceae,Hierochloe,Hierochloe odorata
KW_T_423_3_0030R,KW_T_423_3_0030R.tif_segmented.png,1477392,2927,3643,#969673,3.4,#a9a884,2.64,#818165,2.48,#bfbb9d,2.08,#696850,1.86,#bfbb9d,2.08,#696850,1.86,#a9a884,2.64,#969673,3.4,#818165,2.48,#696850,1.86,#a9a884,2.64,#969673,3.4,#818165,2.48,#bfbb9d,2.08,#a9a884,2.64,#969673,3.4,#818165,2.48,#bfbb9d,2.08,#696850,1.86,#696850,1.86,#a9a884,2.64,#969673,3.4,#818165,2.48,#bfbb9d,2.08,,Corynephorus,Corynephorus canescens
KW_T_423_3_0032R,KW_T_423_3_0032R.tif_segmented.png,2533519,2931,3643,#605f4e,4.93,#747460,4.23,#4c4a3d,3.75,#a8a88c,3.37,#8c8c72,3.0,#c6c1a8,2.16,#4c4a3d,3.75,#a8a88c,3.37,#605f4e,4.93,#747460,4.23,#a8a88c,3.37,#8c8c72,3.0,#747460,4.23,#605f4e,4.93,#4c4a3d,3.75,#4c4a3d,3.75,#a8a88c,3.37,#747460,4.23,#8c8c72,3.0,#605f4e,4.93,#a8a88c,3.37,#8c8c72,3.0,#747460,4.23,#605f4e,4.93,#4c4a3d,3.75,,Leymus,Leymus arenarius
KW_T_423_3_0034R,KW_T_423_3_0034R.tif_segmented.png,1291294,2935,3659,#757563,2.61,#908f78,2.52,#cec7af,2.46,#5e5f4d,2.39,#b0aa94,2.16,#cec7af,2.46,#2a271f,0.66,#b0aa94,2.16,#5e5f4d,2.39,#908f78,2.52,#908f78,2.52,#b0aa94,2.16,#5e5f4d,2.39,#757563,2.61,#2a271f,0.66,#2a271f,0.66,#757563,2.61,#908f78,2.52,#5e5f4d,2.39,#b0aa94,2.16,#908f78,2.52,#b0aa94,2.16,#5e5f4d,2.39,#757563,2.61,#2a271f,0.66,,Lysimachia,Lysimachia nummularia
KW_T_423_3_0036R,KW_T_423_3_0036R.tif_segmented.png,1154343,2939,3659,#c6c0aa,2.06,#adaa89,1.98,#928e72,1.63,#6f6a53,1.36,#29261f,0.69,#29261f,0.69,#c6c0aa,2.06,#adaa89,1.98,#6f6a53,1.36,#928e72,1.63,#6f6a53,1.36,#29261f,0.69,#928e72,1.63,#adaa89,1.98,#c6c0aa,2.06,#29261f,0.69,#adaa89,1.98,#6f6a53,1.36,#928e72,1.63,#c6c0aa,2.06,#6f6a53,1.36,#29261f,0.69,#928e72,1.63,#adaa89,1.98,#c6c0aa,2.06,,Armeria,Armeria maritima
KW_T_423_3_0038R,KW_T_423_3_0038R.tif_segmented.png,1058165,2939,3635,#c2bda4,2.24,#ada97e,1.83,#78765a,1.74,#94906c,1.71,#5f5a47,0.92,#c2bda4,2.24,#ada97e,1.83,#5f5a47,0.92,#78765a,1.74,#94906c,1.71,#5f5a47,0.92,#78765a,1.74,#94906c,1.71,#ada97e,1.83,#c2bda4,2.24,#ada97e,1.83,#78765a,1.74,#94906c,1.71,#5f5a47,0.92,#c2bda4,2.24,#5f5a47,0.92,#78765a,1.74,#94906c,1.71,#ada97e,1.83,#c2bda4,2.24,,Berberis,Berberis vulgaris
KW_T_423_3_0040R,KW_T_423_3_0040R.tif_segmented.png,1389026,2943,3631,#64634e,2.82,#c3bfa4,2.73,#4f4d3f,2.57,#7a765e,2.44,#938f73,1.95,#c3bfa4,2.73,#adab86,1.53,#4f4d3f,2.57,#64634e,2.82,#7a765e,2.44,#adab86,1.53,#938f73,1.95,#7a765e,2.44,#64634e,2.82,#4f4d3f,2.57,#adab86,1.53,#4f4d3f,2.57,#7a765e,2.44,#938f73,1.95,#64634e,2.82,#adab86,1.53,#938f73,1.95,#7a765e,2.44,#64634e,2.82,#4f4d3f,2.57,Plantaginaceae,Linaria,Linaria vulgaris
KW_T_423_3_0042R,KW_T_423_3_0042R.tif_segmented.png,1108864,2945,3659,#6f6a5d,2.12,#b9b297,1.92,#a49d81,1.77,#5a5647,1.72,#8f876e,1.6,#b9b297,1.92,#a49d81,1.77,#5a5647,1.72,#8f876e,1.6,#6f6a5d,2.12,#5a5647,1.72,#6f6a5d,2.12,#8f876e,1.6,#a49d81,1.77,#b9b297,1.92,#5a5647,1.72,#a49d81,1.77,#8f876e,1.6,#b9b297,1.92,#6f6a5d,2.12,#5a5647,1.72,#6f6a5d,2.12,#8f876e,1.6,#a49d81,1.77,#b9b297,1.92,Plantaginaceae,Linaria,Linaria vulgaris 'Peloria'
KW_T_423_3_0044R,KW_T_423_3_0044R.tif_segmented.png,738593,2948,3643,#afad90,2.18,#9f9c6f,2.14,#817f5d,1.4,#67684c,1.16,#cdc86a,0.91,#cdc86a,0.91,#2a261f,0.63,#9f9c6f,2.14,#afad90,2.18,#67684c,1.16,#2a261f,0.63,#9f9c6f,2.14,#67684c,1.16,#817f5d,1.4,#afad90,2.18,#cdc86a,0.91,#2a261f,0.63,#9f9c6f,2.14,#817f5d,1.4,#afad90,2.18,#2a261f,0.63,#9f9c6f,2.14,#67684c,1.16,#817f5d,1.4,#afad90,2.18,,Vicia,Vicia cracca
KW_T_423_3_0046R,KW_T_423_3_0046R.tif_segmented.png,1681343,2958,3655,#a9a87f,3.63,#bab59a,3.39,#cdc8b2,3.28,#92906d,2.77,#7b775a,2.64,#cdc8b2,3.28,#5f5b44,1.52,#a9a87f,3.63,#bab59a,3.39,#7b775a,2.64,#5f5b44,1.52,#7b775a,2.64,#a9a87f,3.63,#92906d,2.77,#bab59a,3.39,#a9a87f,3.63,#7b775a,2.64,#92906d,2.77,#5f5b44,1.52,#cdc8b2,3.28,#5f5b44,1.52,#7b775a,2.64,#a9a87f,3.63,#92906d,2.77,#bab59a,3.39,,Hieracium,Hieracium umbellatum
KW_T_423_3_0048R,KW_T_423_3_0048R.tif_segmented.png,1987580,2966,3643,#bbb49a,3.19,#a39e7f,2.7,#d0c9b1,2.53,#887e6c,1.77,#6a6351,0.99,#d0c9b1,2.53,#27241d,0.65,#bbb49a,3.19,#a39e7f,2.7,#6a6351,0.99,#6a6351,0.99,#887e6c,1.77,#27241d,0.65,#a39e7f,2.7,#bbb49a,3.19,#27241d,0.65,#a39e7f,2.7,#6a6351,0.99,#887e6c,1.77,#d0c9b1,2.53,#6a6351,0.99,#887e6c,1.77,#27241d,0.65,#a39e7f,2.7,#bbb49a,3.19,,Achillea,Achillea ptarmica
KW_T_423_3_0050R,KW_T_423_3_0050R.tif_segmented.png,915056,2972,3651,#b4b091,2.18,#9b9679,1.88,#877f69,1.46,#6c6354,1.28,#28261e,0.58,#28261e,0.58,#b4b091,2.18,#9b9679,1.88,#6c6354,1.28,#877f69,1.46,#6c6354,1.28,#877f69,1.46,#9b9679,1.88,#b4b091,2.18,#28261e,0.58,#28261e,0.58,#877f69,1.46,#b4b091,2.18,#9b9679,1.88,#6c6354,1.28,#6c6354,1.28,#877f69,1.46,#9b9679,1.88,#b4b091,2.18,#28261e,0.58,,Milium,Milium effusum
KW_T_423_3_0052R,KW_T_423_3_0052R.tif_segmented.png,1761739,2976,3639,#a8a98f,4.81,#8f8f77,3.68,#757863,2.87,#ddd56a,2.65,#c8c2a7,2.51,#ddd56a,2.65,#c0ac56,0.79,#c8c2a7,2.51,#a8a98f,4.81,#595d4d,1.58,#a8a98f,4.81,#8f8f77,3.68,#757863,2.87,#595d4d,1.58,#c0ac56,0.79,#ddd56a,2.65,#c0ac56,0.79,#757863,2.87,#a8a98f,4.81,#8f8f77,3.68,#a8a98f,4.81,#8f8f77,3.68,#757863,2.87,#595d4d,1.58,#c0ac56,0.79,,Sium,Sium latifolium
KW_T_423_3_0054R,KW_T_423_3_0054R.tif_segmented.png,1362352,2978,3627,#7f7d5d,3.22,#b2af86,3.22,#9b9870,2.81,#64624a,2.32,#cac4aa,1.79,#cac4aa,1.79,#b2af86,3.22,#64624a,2.32,#9b9870,2.81,#7f7d5d,3.22,#64624a,2.32,#7f7d5d,3.22,#b2af86,3.22,#9b9870,2.81,#cac4aa,1.79,#b2af86,3.22,#9b9870,2.81,#7f7d5d,3.22,#cac4aa,1.79,#64624a,2.32,#64624a,2.32,#7f7d5d,3.22,#b2af86,3.22,#9b9870,2.81,#cac4aa,1.79,,Lotus,Lotus corniculatus subsp. corniculatus
KW_T_423_3_0056R,KW_T_423_3_0056R.tif_segmented.png,1167202,2980,3639,#646651,3.15,#b4af96,2.39,#787861,2.34,#4f5241,1.93,#969378,1.62,#b4af96,2.39,#4f5241,1.93,#646651,3.15,#969378,1.62,#787861,2.34,#969378,1.62,#787861,2.34,#646651,3.15,#4f5241,1.93,#b4af96,2.39,#787861,2.34,#4f5241,1.93,#969378,1.62,#b4af96,2.39,#646651,3.15,#969378,1.62,#787861,2.34,#646651,3.15,#4f5241,1.93,#b4af96,2.39,,Bidens,Bidens cernua
KW_T_423_3_0058R,KW_T_423_3_0058R.tif_segmented.png,556629,2937,3639,#b1a98e,2.38,#c2bba0,2.31,#9d967c,1.66,#817b64,1.25,#645d4a,0.85,#c2bba0,2.31,#645d4a,0.85,#b1a98e,2.38,#9d967c,1.66,#817b64,1.25,#645d4a,0.85,#817b64,1.25,#9d967c,1.66,#b1a98e,2.38,#c2bba0,2.31,#817b64,1.25,#645d4a,0.85,#b1a98e,2.38,#9d967c,1.66,#c2bba0,2.31,#645d4a,0.85,#817b64,1.25,#9d967c,1.66,#b1a98e,2.38,#c2bba0,2.31,,Tanacetum,Tanacetum vulgare
KW_T_423_3_0060R,KW_T_423_3_0060R.tif_segmented.png,1481970,2939,3635,#a5a287,4.02,#bbb69a,3.52,#918e74,3.38,#787660,2.78,#5e5b4a,2.12,#bbb69a,3.52,#5e5b4a,2.12,#a5a287,4.02,#787660,2.78,#918e74,3.38,#5e5b4a,2.12,#787660,2.78,#918e74,3.38,#a5a287,4.02,#bbb69a,3.52,#787660,2.78,#a5a287,4.02,#5e5b4a,2.12,#918e74,3.38,#bbb69a,3.52,#5e5b4a,2.12,#787660,2.78,#918e74,3.38,#a5a287,4.02,#bbb69a,3.52,,Schoenus,Schoenus nigricans
KW_T_423_3_0062R,KW_T_423_3_0062R.tif_segmented.png,1447355,2943,3635,#828063,2.82,#979476,2.67,#c2bba0,2.54,#afa88a,2.4,#696750,2.35,#c2bba0,2.54,#524e3c,1.37,#afa88a,2.4,#696750,2.35,#828063,2.82,#524e3c,1.37,#696750,2.35,#828063,2.82,#979476,2.67,#afa88a,2.4,#828063,2.82,#524e3c,1.37,#afa88a,2.4,#979476,2.67,#696750,2.35,#524e3c,1.37,#696750,2.35,#828063,2.82,#979476,2.67,#afa88a,2.4,,Dipsacus,Dipsacus fullonum
KW_T_423_3_0064R,KW_T_423_3_0064R.tif_segmented.png,989374,2948,3635,#a79f80,2.3,#bcb394,2.28,#8d876b,1.88,#6c6751,1.55,#2a261c,0.43,#2a261c,0.43,#bcb394,2.28,#a79f80,2.3,#6c6751,1.55,#8d876b,1.88,#6c6751,1.55,#8d876b,1.88,#2a261c,0.43,#a79f80,2.3,#bcb394,2.28,#2a261c,0.43,#a79f80,2.3,#6c6751,1.55,#8d876b,1.88,#bcb394,2.28,#6c6751,1.55,#8d876b,1.88,#2a261c,0.43,#a79f80,2.3,#bcb394,2.28,,Pyrola,Pyrola rotundifolia
KW_T_423_3_0066R,KW_T_423_3_0066R.tif_segmented.png,292051,2948,3647,#c3b999,2.14,#aca284,1.97,#665e4a,1.26,#887f65,1.07,#28251d,0.52,#c3b999,2.14,#28251d,0.52,#aca284,1.97,#665e4a,1.26,#887f65,1.07,#665e4a,1.26,#887f65,1.07,#28251d,0.52,#aca284,1.97,#c3b999,2.14,#28251d,0.52,#665e4a,1.26,#aca284,1.97,#887f65,1.07,#c3b999,2.14,#665e4a,1.26,#887f65,1.07,#28251d,0.52,#aca284,1.97,#c3b999,2.14,,Melampyrum,Melampyrum arvense
KW_T_423_3_0068R,KW_T_423_3_0068R.tif_segmented.png,954109,2950,3647,#6f6a4a,2.59,#bfb597,2.13,#59573c,2.05,#857d5e,1.75,#a39a7d,1.71,#bfb597,2.13,#59573c,2.05,#6f6a4a,2.59,#a39a7d,1.71,#857d5e,1.75,#a39a7d,1.71,#857d5e,1.75,#6f6a4a,2.59,#59573c,2.05,#bfb597,2.13,#857d5e,1.75,#6f6a4a,2.59,#a39a7d,1.71,#59573c,2.05,#bfb597,2.13,#a39a7d,1.71,#857d5e,1.75,#6f6a4a,2.59,#59573c,2.05,#bfb597,2.13,,Anthyllis,Anthyllis vulneraria
KW_T_423_3_0070R,KW_T_423_3_0070R.tif_segmented.png,773455,2952,3639,#b9af90,2.47,#cac2a7,2.35,#a49c7b,1.88,#8c8265,1.34,#6b644d,1.14,#cac2a7,2.35,#b9af90,2.47,#6b644d,1.14,#a49c7b,1.88,#8c8265,1.34,#6b644d,1.14,#8c8265,1.34,#a49c7b,1.88,#b9af90,2.47,#cac2a7,2.35,#a49c7b,1.88,#6b644d,1.14,#8c8265,1.34,#b9af90,2.47,#cac2a7,2.35,#6b644d,1.14,#8c8265,1.34,#a49c7b,1.88,#b9af90,2.47,#cac2a7,2.35,,Galium,Galium mollugo
KW_T_423_3_0072R,KW_T_423_3_0072R.tif_segmented.png,1069206,2954,3643,#89825f,3.26,#a19772,2.39,#726c50,2.15,#b8af8d,1.62,#d1cb67,1.22,#d1cb67,1.22,#28241c,0.41,#b8af8d,1.62,#a19772,2.39,#89825f,3.26,#28241c,0.41,#b8af8d,1.62,#a19772,2.39,#89825f,3.26,#726c50,2.15,#d1cb67,1.22,#28241c,0.41,#89825f,3.26,#a19772,2.39,#726c50,2.15,#28241c,0.41,#b8af8d,1.62,#a19772,2.39,#89825f,3.26,#726c50,2.15,,Echium,Echium vulgare
KW_T_423_3_0074R,KW_T_423_3_0074R.tif_segmented.png,450788,2958,3663,#60604e,1.68,#a09b7d,1.68,#7e7b62,1.6,#c3b99c,1.56,#28241d,0.64,#c3b99c,1.56,#28241d,0.64,#a09b7d,1.68,#60604e,1.68,#7e7b62,1.6,#60604e,1.68,#7e7b62,1.6,#a09b7d,1.68,#28241d,0.64,#c3b99c,1.56,#28241d,0.64,#7e7b62,1.6,#a09b7d,1.68,#60604e,1.68,#c3b99c,1.56,#60604e,1.68,#7e7b62,1.6,#a09b7d,1.68,#28241d,0.64,#c3b99c,1.56,,Luzula,Luzula campestris
KW_T_423_3_0076R,KW_T_423_3_0076R.tif_segmented.png,656867,2956,3647,#a5a275,1.92,#908d64,1.57,#bbb58a,1.46,#757353,1.21,#554e3a,0.46,#bbb58a,1.46,#554e3a,0.46,#a5a275,1.92,#908d64,1.57,#757353,1.21,#554e3a,0.46,#757353,1.21,#908d64,1.57,#a5a275,1.92,#bbb58a,1.46,#bbb58a,1.46,#908d64,1.57,#a5a275,1.92,#757353,1.21,#554e3a,0.46,#554e3a,0.46,#757353,1.21,#908d64,1.57,#a5a275,1.92,#bbb58a,1.46,,Odontites,Odontites vernus subsp. serotinus
KW_T_423_3_0078R,KW_T_423_3_0078R.tif_segmented.png,345416,2958,3659,#c8be9e,2.07,#aca381,1.23,#918469,1.17,#73644f,0.77,#27241d,0.63,#c8be9e,2.07,#27241d,0.63,#aca381,1.23,#73644f,0.77,#918469,1.17,#73644f,0.77,#918469,1.17,#27241d,0.63,#aca381,1.23,#c8be9e,2.07,#27241d,0.63,#aca381,1.23,#73644f,0.77,#c8be9e,2.07,#918469,1.17,#73644f,0.77,#918469,1.17,#27241d,0.63,#aca381,1.23,#c8be9e,2.07,,Mercurialis,Mercurialis annua
KW_T_423_3_0080R,KW_T_423_3_0080R.tif_segmented.png,767802,2958,3647,#a39780,2.62,#beb598,1.89,#837b63,1.72,#625e49,1.53,#29261e,0.53,#beb598,1.89,#29261e,0.53,#a39780,2.62,#625e49,1.53,#837b63,1.72,#625e49,1.53,#837b63,1.72,#29261e,0.53,#a39780,2.62,#beb598,1.89,#29261e,0.53,#837b63,1.72,#625e49,1.53,#beb598,1.89,#a39780,2.62,#625e49,1.53,#837b63,1.72,#29261e,0.53,#a39780,2.62,#beb598,1.89,,Illecebrum,Illecebrum verticillatum
KW_T_423_3_0082R,KW_T_423_3_0082R.tif_segmented.png,8623081,2960,3655,#919069,2.78,#a3a57d,2.66,#7d7959,2.04,#b8b795,1.92,#676245,1.29,#27241e,0.71,#b8b795,1.92,#a3a57d,2.66,#676245,1.29,#919069,2.78,#27241e,0.71,#676245,1.29,#7d7959,2.04,#a3a57d,2.66,#b8b795,1.92,#27241e,0.71,#919069,2.78,#7d7959,2.04,#a3a57d,2.66,#b8b795,1.92,#27241e,0.71,#676245,1.29,#7d7959,2.04,#a3a57d,2.66,#b8b795,1.92,,Agrostemma,Agrostemma githago
KW_T_423_3_0084R,KW_T_423_3_0084R.tif_segmented.png,1821148,2958,3651,#8e8c6b,4.02,#a9ab81,3.74,#c3c29a,3.26,#716e54,3.25,#594f3f,2.43,#e2d973,0.74,#c3c29a,3.26,#594f3f,2.43,#a9ab81,3.74,#716e54,3.25,#a9ab81,3.74,#8e8c6b,4.02,#594f3f,2.43,#716e54,3.25,#c3c29a,3.26,#e2d973,0.74,#c3c29a,3.26,#a9ab81,3.74,#8e8c6b,4.02,#716e54,3.25,#a9ab81,3.74,#8e8c6b,4.02,#594f3f,2.43,#716e54,3.25,#c3c29a,3.26,,Polygala,Polygala vulgaris
KW_T_423_3_0086R,KW_T_423_3_0086R.tif_segmented.png,938280,2956,3651,#ccc2a3,2.32,#b0a784,1.99,#938966,1.81,#736852,1.57,#d6be55,0.68,#d6be55,0.68,#ccc2a3,2.32,#2c2a24,0.52,#b0a784,1.99,#736852,1.57,#736852,1.57,#2c2a24,0.52,#938966,1.81,#b0a784,1.99,#d6be55,0.68,#d6be55,0.68,#2c2a24,0.52,#736852,1.57,#b0a784,1.99,#938966,1.81,#736852,1.57,#2c2a24,0.52,#938966,1.81,#b0a784,1.99,#d6be55,0.68,,Petasites,Petasites hybridus
KW_T_423_3_0088R,KW_T_423_3_0088R.tif_segmented.png,1031478,2956,3655,#b5b093,2.19,#9b9876,2.18,#807b5f,2.13,#655f4a,1.63,#27241e,0.84,#27241e,0.84,#b5b093,2.19,#9b9876,2.18,#655f4a,1.63,#807b5f,2.13,#655f4a,1.63,#b5b093,2.19,#27241e,0.84,#9b9876,2.18,#807b5f,2.13,#27241e,0.84,#807b5f,2.13,#9b9876,2.18,#655f4a,1.63,#b5b093,2.19,#655f4a,1.63,#b5b093,2.19,#27241e,0.84,#9b9876,2.18,#807b5f,2.13,,Senecio,Senecio vulgaris
KW_T_423_3_0090R,KW_T_423_3_0090R.tif_segmented.png,1110557,2956,3651,#9c9772,2.43,#817b60,2.34,#aba589,2.31,#c1b9a2,2.12,#6c674d,1.87,#26241d,0.62,#c1b9a2,2.12,#9c9772,2.43,#aba589,2.31,#6c674d,1.87,#26241d,0.62,#aba589,2.31,#6c674d,1.87,#817b60,2.34,#9c9772,2.43,#26241d,0.62,#817b60,2.34,#9c9772,2.43,#aba589,2.31,#6c674d,1.87,#26241d,0.62,#aba589,2.31,#6c674d,1.87,#817b60,2.34,#9c9772,2.43,,Lolium,Lolium perenne
KW_T_423_3_0092R,KW_T_423_3_0092R.tif_segmented.png,2258567,2958,3647,#828267,4.23,#6d6d54,3.84,#5a5943,3.8,#b4af94,3.13,#9a997b,3.08,#cec8b1,2.02,#5a5943,3.8,#b4af94,3.13,#6d6d54,3.84,#9a997b,3.08,#b4af94,3.13,#9a997b,3.08,#828267,4.23,#6d6d54,3.84,#5a5943,3.8,#828267,4.23,#9a997b,3.08,#6d6d54,3.84,#b4af94,3.13,#5a5943,3.8,#b4af94,3.13,#9a997b,3.08,#828267,4.23,#6d6d54,3.84,#5a5943,3.8,,Convolvulus,Convolvulus sepium
KW_T_423_3_0094R,KW_T_423_3_0094R.tif_segmented.png,1142820,2962,3667,#b8b098,2.6,#a29e82,2.15,#89856c,2.02,#706d5a,1.89,#585344,1.55,#b8b098,2.6,#29271f,0.66,#a29e82,2.15,#585344,1.55,#89856c,2.02,#585344,1.55,#706d5a,1.89,#89856c,2.02,#a29e82,2.15,#b8b098,2.6,#29271f,0.66,#585344,1.55,#a29e82,2.15,#706d5a,1.89,#89856c,2.02,#585344,1.55,#706d5a,1.89,#89856c,2.02,#a29e82,2.15,#b8b098,2.6,,Campanula,Campanula rapunculus 
KW_T_423_3_0096R,KW_T_423_3_0096R.tif_segmented.png,785378,2958,3671,#b4ac8c,3.92,#9c9377,1.57,#7f7760,1.44,#605a48,0.83,#2d2921,0.65,#b4ac8c,3.92,#2d2921,0.65,#9c9377,1.57,#605a48,0.83,#7f7760,1.44,#605a48,0.83,#7f7760,1.44,#2d2921,0.65,#9c9377,1.57,#b4ac8c,3.92,#2d2921,0.65,#7f7760,1.44,#605a48,0.83,#b4ac8c,3.92,#9c9377,1.57,#605a48,0.83,#7f7760,1.44,#2d2921,0.65,#9c9377,1.57,#b4ac8c,3.92,,Lathyrus,Lathyrus tuberosus
KW_T_423_3_0098R,KW_T_423_3_0098R.tif_segmented.png,1021338,2962,3643,#7b6d5e,2.61,#a69b81,2.24,#90826f,2.17,#645b4a,1.49,,,#a69b81,2.24,#645b4a,1.49,#7b6d5e,2.61,#90826f,2.17,,,#645b4a,1.49,#90826f,2.17,#7b6d5e,2.61,#a69b81,2.24,,,#645b4a,1.49,#7b6d5e,2.61,#a69b81,2.24,#90826f,2.17,,,#645b4a,1.49,#90826f,2.17,#7b6d5e,2.61,#a69b81,2.24,,,,Sparganium,Sparganium erectum subsp. erectum
KW_T_423_3_0100R,KW_T_423_3_0100R.tif_segmented.png,1430208,2968,3643,#a9a57f,3.16,#958f6e,2.28,#78765b,2.13,#5b5743,1.34,,,#a9a57f,3.16,#5b5743,1.34,#958f6e,2.28,#78765b,2.13,,,#5b5743,1.34,#78765b,2.13,#958f6e,2.28,#a9a57f,3.16,,,#a9a57f,3.16,#78765b,2.13,#958f6e,2.28,#5b5743,1.34,,,#5b5743,1.34,#78765b,2.13,#958f6e,2.28,#a9a57f,3.16,,,,Trisetum,Trisetum flavescens
KW_T_423_3_0102R,KW_T_423_3_0102R.tif_segmented.png,851251,2970,3635,#7d7554,2.03,#9b9470,1.76,#575340,1.53,#cac26a,1.4,#ab984e,1.05,#cac26a,1.4,#ab984e,1.05,#575340,1.53,#7d7554,2.03,#9b9470,1.76,#575340,1.53,#7d7554,2.03,#9b9470,1.76,#ab984e,1.05,#cac26a,1.4,#cac26a,1.4,#ab984e,1.05,#7d7554,2.03,#575340,1.53,#9b9470,1.76,#575340,1.53,#7d7554,2.03,#9b9470,1.76,#ab984e,1.05,#cac26a,1.4,,Legousia,Legousia speculum-veneris
KW_T_423_3_0104R,KW_T_423_3_0104R.tif_segmented.png,1548562,2972,3659,#959274,2.08,#7b785f,2.05,#aba687,1.9,#66624e,1.61,#302c23,0.57,#302c23,0.57,#aba687,1.9,#959274,2.08,#66624e,1.61,#7b785f,2.05,#66624e,1.61,#7b785f,2.05,#302c23,0.57,#959274,2.08,#aba687,1.9,#302c23,0.57,#7b785f,2.05,#aba687,1.9,#959274,2.08,#66624e,1.61,#66624e,1.61,#7b785f,2.05,#302c23,0.57,#959274,2.08,#aba687,1.9,Crassulaceae,Sedum,Sedum album
KW_T_423_3_0106R,KW_T_423_3_0106R.tif_segmented.png,1479563,2976,3663,#ece5d6,43.95,#b5af8b,3.11,#77775c,3.08,#959472,3.04,#5d5d47,2.35,#ece5d6,43.95,#dfd96e,0.33,#b5af8b,3.11,#5d5d47,2.35,#77775c,3.08,#77775c,3.08,#5d5d47,2.35,#959472,3.04,#b5af8b,3.11,#dfd96e,0.33,#dfd96e,0.33,#959472,3.04,#b5af8b,3.11,#77775c,3.08,#ece5d6,43.95,#77775c,3.08,#5d5d47,2.35,#959472,3.04,#b5af8b,3.11,#dfd96e,0.33,,Mentha,Mentha suaveolens
KW_T_423_3_0108R,KW_T_423_3_0108R.tif_segmented.png,327395,2976,3655,#aea888,1.93,#969071,1.61,#7a755b,1.55,#636149,1.46,#2d2920,0.53,#2d2920,0.53,#aea888,1.93,#636149,1.46,#969071,1.61,#7a755b,1.55,#636149,1.46,#7a755b,1.55,#2d2920,0.53,#969071,1.61,#aea888,1.93,#2d2920,0.53,#7a755b,1.55,#aea888,1.93,#969071,1.61,#636149,1.46,#636149,1.46,#7a755b,1.55,#2d2920,0.53,#969071,1.61,#aea888,1.93,,Epipactis,Epipactis palustris
KW_T_423_3_0110R,KW_T_423_3_0110R.tif_segmented.png,279292,2976,3659,#afa78c,1.76,#938d75,1.57,#736c57,0.95,#3e3629,0.34,,,#3e3629,0.34,#afa78c,1.76,#736c57,0.95,#938d75,1.57,,,#3e3629,0.34,#736c57,0.95,#938d75,1.57,#afa78c,1.76,,,#3e3629,0.34,#736c57,0.95,#afa78c,1.76,#938d75,1.57,,,#3e3629,0.34,#736c57,0.95,#938d75,1.57,#afa78c,1.76,,,,Deschampsia,Deschampsia flexuosa
KW_T_423_3_0112R,KW_T_423_3_0112R.tif_segmented.png,1049016,2976,3663,#736853,2.28,#a89b80,2.03,#8d836b,1.51,#534d3a,0.88,,,#a89b80,2.03,#534d3a,0.88,#736853,2.28,#8d836b,1.51,,,#534d3a,0.88,#736853,2.28,#8d836b,1.51,#a89b80,2.03,,,#736853,2.28,#534d3a,0.88,#8d836b,1.51,#a89b80,2.03,,,#534d3a,0.88,#736853,2.28,#8d836b,1.51,#a89b80,2.03,,,,Erysimum,Erysimum cheiranthoides
KW_T_423_3_0114R,KW_T_423_3_0114R.tif_segmented.png,8820388,2974,3679,#716e5a,2.06,#beb29c,1.91,#535141,1.79,#918a72,1.58,#aaa186,1.43,#beb29c,1.91,#535141,1.79,#aaa186,1.43,#716e5a,2.06,#918a72,1.58,#535141,1.79,#716e5a,2.06,#918a72,1.58,#aaa186,1.43,#beb29c,1.91,#535141,1.79,#716e5a,2.06,#aaa186,1.43,#918a72,1.58,#beb29c,1.91,#535141,1.79,#716e5a,2.06,#918a72,1.58,#aaa186,1.43,#beb29c,1.91,,Lathyrus,Lathyrus pratensis
KW_T_423_3_0116R,KW_T_423_3_0116R.tif_segmented.png,8785837,2974,3667,#b4af95,2.82,#817a60,2.18,#9f987b,2.1,#665f4b,1.25,#28261f,0.6,#cbc06d,0.52,#28261f,0.6,#b4af95,2.82,#665f4b,1.25,#9f987b,2.1,#665f4b,1.25,#817a60,2.18,#28261f,0.6,#9f987b,2.1,#cbc06d,0.52,#cbc06d,0.52,#28261f,0.6,#817a60,2.18,#665f4b,1.25,#9f987b,2.1,#665f4b,1.25,#817a60,2.18,#28261f,0.6,#9f987b,2.1,#cbc06d,0.52,,Picris,Picris hieracioides
KW_T_423_3_0118R,KW_T_423_3_0118R.tif_segmented.png,581540,2976,3675,#c6baa1,3.05,#aca184,2.91,#92876e,2.4,#787059,2.18,#605744,1.36,#c6baa1,3.05,#29261f,0.83,#aca184,2.91,#605744,1.36,#92876e,2.4,#605744,1.36,#787059,2.18,#92876e,2.4,#29261f,0.83,#aca184,2.91,#29261f,0.83,#787059,2.18,#aca184,2.91,#605744,1.36,#92876e,2.4,#605744,1.36,#787059,2.18,#92876e,2.4,#29261f,0.83,#aca184,2.91,,Logfia,Logfia minima
KW_T_423_3_0120R,KW_T_423_3_0120R.tif_segmented.png,477527,2976,3655,#bab396,2.43,#9f997b,1.99,#7a745c,1.88,#5b5845,1.79,#dbcb5d,0.58,#dbcb5d,0.58,#ab8f48,0.41,#bab396,2.43,#5b5845,1.79,#7a745c,1.88,#5b5845,1.79,#7a745c,1.88,#9f997b,1.99,#bab396,2.43,#ab8f48,0.41,#dbcb5d,0.58,#ab8f48,0.41,#7a745c,1.88,#5b5845,1.79,#9f997b,1.99,#5b5845,1.79,#7a745c,1.88,#9f997b,1.99,#bab396,2.43,#ab8f48,0.41,,Myosotis,Myosotis scorpioides
KW_T_423_3_0122R,KW_T_423_3_0122R.tif_segmented.png,147036,2978,3651,#a6a37f,3.34,#928f6a,2.97,#797659,2.25,#636049,1.78,#2c2821,0.64,#2c2821,0.64,#a6a37f,3.34,#928f6a,2.97,#636049,1.78,#797659,2.25,#636049,1.78,#797659,2.25,#928f6a,2.97,#2c2821,0.64,#a6a37f,3.34,#2c2821,0.64,#a6a37f,3.34,#928f6a,2.97,#797659,2.25,#636049,1.78,#636049,1.78,#797659,2.25,#928f6a,2.97,#2c2821,0.64,#a6a37f,3.34,,Symphytum,Symphytum officinale
KW_T_423_3_0124R,KW_T_423_3_0124R.tif_segmented.png,502023,2978,3643,#a09c77,3.17,#b4b08d,2.51,#898465,2.13,#6b6851,1.73,#2a271f,0.62,#cbc065,0.54,#2a271f,0.62,#b4b08d,2.51,#a09c77,3.17,#6b6851,1.73,#6b6851,1.73,#898465,2.13,#2a271f,0.62,#a09c77,3.17,#b4b08d,2.51,#cbc065,0.54,#2a271f,0.62,#a09c77,3.17,#b4b08d,2.51,#898465,2.13,#6b6851,1.73,#898465,2.13,#2a271f,0.62,#a09c77,3.17,#b4b08d,2.51,,Polygonum,Polygonum aviculare
KW_T_423_3_0126R,KW_T_423_3_0126R.tif_segmented.png,558339,2970,3627,#c8c1a9,2.46,#51544b,2.1,#666a62,2.05,#aba38a,1.48,#8c846c,1.11,#cfc35c,0.33,#c8c1a9,2.46,#aba38a,1.48,#51544b,2.1,#8c846c,1.11,#51544b,2.1,#666a62,2.05,#8c846c,1.11,#aba38a,1.48,#cfc35c,0.33,#cfc35c,0.33,#51544b,2.1,#aba38a,1.48,#8c846c,1.11,#c8c1a9,2.46,#51544b,2.1,#666a62,2.05,#8c846c,1.11,#aba38a,1.48,#cfc35c,0.33,,Ononis,Ononis spinosa subsp. repens
KW_T_423_3_0128R,KW_T_423_3_0128R.tif_segmented.png,636110,2970,3623,#808265,1.79,#999977,1.7,#b4af8e,1.65,#656651,1.35,#383227,0.39,#383227,0.39,#b4af8e,1.65,#999977,1.7,#656651,1.35,#808265,1.79,#383227,0.39,#656651,1.35,#808265,1.79,#999977,1.7,#b4af8e,1.65,#383227,0.39,#999977,1.7,#808265,1.79,#b4af8e,1.65,#656651,1.35,#383227,0.39,#656651,1.35,#808265,1.79,#999977,1.7,#b4af8e,1.65,,Lapsana,Lapsana communis
KW_T_423_3_0130R,KW_T_423_3_0130R.tif_segmented.png,1223207,2970,3623,#595641,2.53,#746e53,2.39,#a8a580,2.09,#938860,2.04,#bfb997,1.75,#cabd5f,1.09,#bfb997,1.75,#595641,2.53,#938860,2.04,#746e53,2.39,#595641,2.53,#746e53,2.39,#938860,2.04,#a8a580,2.09,#cabd5f,1.09,#cabd5f,1.09,#a8a580,2.09,#938860,2.04,#746e53,2.39,#bfb997,1.75,#595641,2.53,#746e53,2.39,#938860,2.04,#a8a580,2.09,#cabd5f,1.09,,Succisa,Succisa pratensis
KW_T_423_3_0132R,KW_T_423_3_0132R.tif_segmented.png,3294720,2933,3663,#717361,4.42,#a4a48b,4.14,#5d5e4e,3.72,#8a8c76,3.65,#beb99d,3.56,#dfdc87,0.58,#beb99d,3.56,#5d5e4e,3.72,#a4a48b,4.14,#717361,4.42,#5d5e4e,3.72,#717361,4.42,#8a8c76,3.65,#a4a48b,4.14,#beb99d,3.56,#dfdc87,0.58,#a4a48b,4.14,#8a8c76,3.65,#717361,4.42,#5d5e4e,3.72,#5d5e4e,3.72,#717361,4.42,#8a8c76,3.65,#a4a48b,4.14,#beb99d,3.56,,Narthecium,Narthecium ossifragum
KW_T_423_3_0134R,KW_T_423_3_0134R.tif_segmented.png,1617291,2933,3647,#6e6c51,3.84,#a09a6f,3.46,#868160,3.44,#b7af90,3.06,#5a5640,1.57,#d0c86b,0.81,#b7af90,3.06,#a09a6f,3.46,#5a5640,1.57,#6e6c51,3.84,#5a5640,1.57,#a09a6f,3.46,#6e6c51,3.84,#868160,3.44,#d0c86b,0.81,#d0c86b,0.81,#a09a6f,3.46,#868160,3.44,#5a5640,1.57,#b7af90,3.06,#5a5640,1.57,#a09a6f,3.46,#6e6c51,3.84,#868160,3.44,#d0c86b,0.81,,Origanum,Origanum vulgare
KW_T_423_3_0136R,KW_T_423_3_0136R.tif_segmented.png,1134281,2943,3667,#8a8361,2.31,#d1c25b,2.22,#a19c7b,2.16,#6c6952,1.52,#312c23,0.58,#d1c25b,2.22,#312c23,0.58,#a19c7b,2.16,#8a8361,2.31,#6c6952,1.52,#6c6952,1.52,#312c23,0.58,#8a8361,2.31,#a19c7b,2.16,#d1c25b,2.22,#d1c25b,2.22,#312c23,0.58,#8a8361,2.31,#a19c7b,2.16,#6c6952,1.52,#6c6952,1.52,#312c23,0.58,#8a8361,2.31,#a19c7b,2.16,#d1c25b,2.22,,Achillea,Achillea millefolium
KW_T_423_3_0138R,KW_T_423_3_0138R.tif_segmented.png,1339442,2945,3663,#797861,3.3,#61604e,3.09,#afa888,2.13,#959073,1.92,#4d4a3d,1.88,#afa888,2.13,#4d4a3d,1.88,#959073,1.92,#61604e,3.09,#797861,3.3,#959073,1.92,#797861,3.3,#4d4a3d,1.88,#61604e,3.09,#afa888,2.13,#797861,3.3,#4d4a3d,1.88,#afa888,2.13,#61604e,3.09,#959073,1.92,#959073,1.92,#797861,3.3,#4d4a3d,1.88,#61604e,3.09,#afa888,2.13,,Platanthera,Platanthera bifolia
KW_T_423_3_0140R,KW_T_423_3_0140R.tif_segmented.png,1630936,2937,3651,#b5b195,3.29,#9b9881,2.97,#6a6a5b,2.95,#545446,2.43,#82816d,2.16,#b5b195,3.29,#545446,2.43,#9b9881,2.97,#6a6a5b,2.95,#82816d,2.16,#82816d,2.16,#9b9881,2.97,#6a6a5b,2.95,#545446,2.43,#b5b195,3.29,#82816d,2.16,#545446,2.43,#9b9881,2.97,#b5b195,3.29,#6a6a5b,2.95,#82816d,2.16,#9b9881,2.97,#6a6a5b,2.95,#545446,2.43,#b5b195,3.29,,Prunus,Prunus avium
KW_T_423_3_0142R,KW_T_423_3_0142R.tif_segmented.png,2058194,2941,3643,#e9e2d5,39.56,#716e58,4.19,#a59c7c,3.45,#898268,3.45,#5c5947,2.19,#e9e2d5,39.56,#a59c7c,3.45,#5c5947,2.19,#716e58,4.19,#898268,3.45,#a59c7c,3.45,#898268,3.45,#716e58,4.19,#5c5947,2.19,#e9e2d5,39.56,#716e58,4.19,#5c5947,2.19,#898268,3.45,#a59c7c,3.45,#e9e2d5,39.56,#a59c7c,3.45,#898268,3.45,#716e58,4.19,#5c5947,2.19,#e9e2d5,39.56,Brassicaceae,Lepidium,Lepidium coronopus
KW_T_423_3_0144R,KW_T_423_3_0144R.tif_segmented.png,1361139,2941,3655,#d8d5c6,25.28,#716f52,3.42,#8c8868,2.91,#53533f,2.81,#beb154,0.63,#d8d5c6,25.28,#beb154,0.63,#53533f,2.81,#716f52,3.42,#8c8868,2.91,#8c8868,2.91,#716f52,3.42,#53533f,2.81,#beb154,0.63,#d8d5c6,25.28,#beb154,0.63,#8c8868,2.91,#53533f,2.81,#716f52,3.42,#d8d5c6,25.28,#8c8868,2.91,#716f52,3.42,#53533f,2.81,#beb154,0.63,#d8d5c6,25.28,,Medicago,Medicago falcata
KW_T_423_3_0146R,KW_T_423_3_0146R.tif_segmented.png,1607540,2939,3663,#918b67,3.53,#746f52,2.63,#a6a27e,2.48,#59533e,2.06,#cfc45f,0.69,#cfc45f,0.69,#59533e,2.06,#a6a27e,2.48,#746f52,2.63,#918b67,3.53,#59533e,2.06,#746f52,2.63,#918b67,3.53,#a6a27e,2.48,#cfc45f,0.69,#cfc45f,0.69,#a6a27e,2.48,#918b67,3.53,#746f52,2.63,#59533e,2.06,#59533e,2.06,#746f52,2.63,#918b67,3.53,#a6a27e,2.48,#cfc45f,0.69,,Medicago,Medicago lupulina
KW_T_423_3_0148R,KW_T_423_3_0148R.tif_segmented.png,783646,2941,3647,#b1af98,1.97,#9a9782,1.53,#7e7c6a,1.19,#656152,0.88,#2d2a22,0.44,#2d2a22,0.44,#b1af98,1.97,#9a9782,1.53,#656152,0.88,#7e7c6a,1.19,#656152,0.88,#2d2a22,0.44,#7e7c6a,1.19,#9a9782,1.53,#b1af98,1.97,#2d2a22,0.44,#7e7c6a,1.19,#9a9782,1.53,#656152,0.88,#b1af98,1.97,#656152,0.88,#2d2a22,0.44,#7e7c6a,1.19,#9a9782,1.53,#b1af98,1.97,,Carduus,Carduus crispus
KW_T_423_3_0150R,KW_T_423_3_0150R.tif_segmented.png,1816519,2933,3639,#b6b77c,3.63,#a59e78,3.48,#8f8b61,2.97,#776a57,2.92,#c8bda4,2.48,#b6b77c,3.63,#c8bda4,2.48,#614f44,1.41,#a59e78,3.48,#8f8b61,2.97,#614f44,1.41,#776a57,2.92,#937a79,1.47,#a59e78,3.48,#8f8b61,2.97,#b6b77c,3.63,#8f8b61,2.97,#a59e78,3.48,#937a79,1.47,#776a57,2.92,#614f44,1.41,#776a57,2.92,#937a79,1.47,#a59e78,3.48,#8f8b61,2.97,,Phragmites,Phragmites australis
KW_T_423_3_0152R,KW_T_423_3_0152R.tif_segmented.png,1283792,2931,3639,#bab48e,2.34,#837d5f,1.84,#a19e75,1.83,#686149,1.36,#2b2721,0.61,#bab48e,2.34,#2b2721,0.61,#a19e75,1.83,#686149,1.36,#837d5f,1.84,#686149,1.36,#2b2721,0.61,#837d5f,1.84,#a19e75,1.83,#bab48e,2.34,#2b2721,0.61,#a19e75,1.83,#837d5f,1.84,#bab48e,2.34,#686149,1.36,#686149,1.36,#2b2721,0.61,#837d5f,1.84,#a19e75,1.83,#bab48e,2.34,,Rhamnus,Rhamnus frangula
KW_T_423_3_0154R,KW_T_423_3_0154R.tif_segmented.png,1512026,2925,3635,#756c53,2.97,#a8a37a,2.81,#908763,2.58,#5c5542,2.55,#bdb69b,1.75,#d1cb6e,1.17,#5c5542,2.55,#bdb69b,1.75,#a8a37a,2.81,#756c53,2.97,#5c5542,2.55,#756c53,2.97,#908763,2.58,#a8a37a,2.81,#d1cb6e,1.17,#d1cb6e,1.17,#a8a37a,2.81,#756c53,2.97,#908763,2.58,#5c5542,2.55,#5c5542,2.55,#756c53,2.97,#908763,2.58,#a8a37a,2.81,#d1cb6e,1.17,,Beta,Beta vulgaris subsp. maritima
KW_T_423_3_0156R,KW_T_423_3_0156R.tif_segmented.png,843689,2923,3639,#928f70,1.82,#77735c,1.55,#aba789,1.28,#5d5a48,1.24,#2d2921,0.55,#2d2921,0.55,#aba789,1.28,#928f70,1.82,#5d5a48,1.24,#77735c,1.55,#5d5a48,1.24,#77735c,1.55,#928f70,1.82,#2d2921,0.55,#aba789,1.28,#2d2921,0.55,#77735c,1.55,#aba789,1.28,#928f70,1.82,#5d5a48,1.24,#5d5a48,1.24,#77735c,1.55,#928f70,1.82,#2d2921,0.55,#aba789,1.28,,Ballota,Ballota nigra subsp. meridionalis
KW_T_423_3_0158R,KW_T_423_3_0158R.tif_segmented.png,1162911,2921,3627,#aaa68a,1.87,#746f5a,1.67,#8f8a73,1.66,#575445,1.56,#c0bc9a,1.39,#c0bc9a,1.39,#29251e,0.77,#aaa68a,1.87,#575445,1.56,#746f5a,1.67,#575445,1.56,#746f5a,1.67,#8f8a73,1.66,#aaa68a,1.87,#29251e,0.77,#29251e,0.77,#575445,1.56,#746f5a,1.67,#aaa68a,1.87,#c0bc9a,1.39,#575445,1.56,#746f5a,1.67,#8f8a73,1.66,#aaa68a,1.87,#29251e,0.77,,Sonchus,Sonchus oleraceus
KW_T_423_3_0160R,KW_T_423_3_0160R.tif_segmented.png,1230566,2915,3635,#75735a,2.32,#8f8e6e,2.08,#a5a384,1.99,#605b47,1.95,#bfbb9d,1.52,#bfbb9d,1.52,#2b2922,0.69,#a5a384,1.99,#605b47,1.95,#75735a,2.32,#a5a384,1.99,#605b47,1.95,#8f8e6e,2.08,#75735a,2.32,#2b2922,0.69,#2b2922,0.69,#a5a384,1.99,#8f8e6e,2.08,#75735a,2.32,#605b47,1.95,#a5a384,1.99,#605b47,1.95,#8f8e6e,2.08,#75735a,2.32,#2b2922,0.69,Caprifoliaceae,Valerianella,Valerianella locusta
KW_T_423_3_0162R,KW_T_423_3_0162R.tif_segmented.png,1109138,2903,3615,#827962,2.45,#9c9679,2.37,#69614e,2.19,#bab489,1.91,#332f26,0.61,#bab489,1.91,#332f26,0.61,#9c9679,2.37,#69614e,2.19,#827962,2.45,#332f26,0.61,#69614e,2.19,#bab489,1.91,#827962,2.45,#9c9679,2.37,#332f26,0.61,#bab489,1.91,#827962,2.45,#69614e,2.19,#9c9679,2.37,#332f26,0.61,#69614e,2.19,#bab489,1.91,#827962,2.45,#9c9679,2.37,,Scabiosa,Scabiosa columbaria
KW_T_423_3_0164R,KW_T_423_3_0164R.tif_segmented.png,1046609,2892,3627,#6f6a52,2.1,#575141,2.0,#878365,1.92,#a09c78,1.73,#bdb889,1.61,#bdb889,1.61,#575141,2.0,#a09c78,1.73,#6f6a52,2.1,#878365,1.92,#575141,2.0,#6f6a52,2.1,#bdb889,1.61,#878365,1.92,#a09c78,1.73,#bdb889,1.61,#a09c78,1.73,#878365,1.92,#575141,2.0,#6f6a52,2.1,#575141,2.0,#6f6a52,2.1,#bdb889,1.61,#878365,1.92,#a09c78,1.73,,Chelidonium,Chelidonium majus
KW_T_423_3_0166R,KW_T_423_3_0166R.tif_segmented.png,1489569,2878,3603,#a4a474,3.27,#84815e,2.86,#676449,2.54,#bab68f,2.2,#2d2a22,0.65,#bab68f,2.2,#2d2a22,0.65,#a4a474,3.27,#676449,2.54,#84815e,2.86,#676449,2.54,#2d2a22,0.65,#bab68f,2.2,#84815e,2.86,#a4a474,3.27,#2d2a22,0.65,#bab68f,2.2,#84815e,2.86,#a4a474,3.27,#676449,2.54,#676449,2.54,#2d2a22,0.65,#bab68f,2.2,#84815e,2.86,#a4a474,3.27,,Ranunculus,Ranunculus flammula
KW_T_423_3_0167R,KW_T_423_3_0167R.tif_segmented.png,779194,2866,3599,#e8e1d3,2.26,#a6a381,2.15,#746e53,1.86,#928a6a,1.85,#2e2a21,0.5,#e8e1d3,2.26,#2e2a21,0.5,#a6a381,2.15,#746e53,1.86,#928a6a,1.85,#746e53,1.86,#928a6a,1.85,#2e2a21,0.5,#a6a381,2.15,#e8e1d3,2.26,#2e2a21,0.5,#a6a381,2.15,#746e53,1.86,#928a6a,1.85,#e8e1d3,2.26,#746e53,1.86,#928a6a,1.85,#2e2a21,0.5,#a6a381,2.15,#e8e1d3,2.26,Asteraceae,Cirsium,Cirsium dissectum
KW_T_423_4_0009L,KW_T_423_4_0009L.tif_segmented.png,1023552,2935,3659,#a3a386,2.33,#8e8e75,1.49,#747460,1.46,#5f5d4c,1.35,#c4bc9d,1.25,#c4bc9d,1.25,#2a2722,0.57,#a3a386,2.33,#5f5d4c,1.35,#8e8e75,1.49,#5f5d4c,1.35,#747460,1.46,#a3a386,2.33,#8e8e75,1.49,#2a2722,0.57,#2a2722,0.57,#a3a386,2.33,#747460,1.46,#8e8e75,1.49,#5f5d4c,1.35,#5f5d4c,1.35,#747460,1.46,#a3a386,2.33,#8e8e75,1.49,#2a2722,0.57,Poaceae,Phleum,Phleum arenarium
KW_T_423_4_0011L,KW_T_423_4_0011L.tif_segmented.png,630028,2939,3663,#c6c09f,1.95,#adac8c,1.74,#919074,1.54,#72735b,1.49,#2f2b22,0.51,#2f2b22,0.51,#c6c09f,1.95,#adac8c,1.74,#72735b,1.49,#919074,1.54,#72735b,1.49,#919074,1.54,#2f2b22,0.51,#adac8c,1.74,#c6c09f,1.95,#2f2b22,0.51,#adac8c,1.74,#919074,1.54,#72735b,1.49,#c6c09f,1.95,#72735b,1.49,#919074,1.54,#2f2b22,0.51,#adac8c,1.74,#c6c09f,1.95,,Ulmus,Ulmus glabra
KW_T_423_4_0013L,KW_T_423_4_0013L.tif_segmented.png,405828,2941,3663,#c8be98,3.18,#e1d371,1.38,#b1a279,1.37,#2e2b25,0.43,#776b52,0.26,#e1d371,1.38,#c8be98,3.18,#2e2b25,0.43,#b1a279,1.37,#776b52,0.26,#776b52,0.26,#2e2b25,0.43,#b1a279,1.37,#c8be98,3.18,#e1d371,1.38,#e1d371,1.38,#2e2b25,0.43,#b1a279,1.37,#776b52,0.26,#c8be98,3.18,#776b52,0.26,#2e2b25,0.43,#b1a279,1.37,#c8be98,3.18,#e1d371,1.38,,Ornithogalum,Ornithogalum nutans
KW_T_423_4_0015L,KW_T_423_4_0015L.tif_segmented.png,1625117,2950,3679,#575748,3.55,#cbc2a5,3.31,#686956,3.01,#7e7f66,2.86,#aeac8e,2.16,#cbc2a5,3.31,#aeac8e,2.16,#575748,3.55,#686956,3.01,#7e7f66,2.86,#94957d,2.13,#575748,3.55,#7e7f66,2.86,#686956,3.01,#aeac8e,2.16,#7e7f66,2.86,#575748,3.55,#94957d,2.13,#aeac8e,2.16,#686956,3.01,#94957d,2.13,#575748,3.55,#7e7f66,2.86,#686956,3.01,#aeac8e,2.16,,Triglochin,Triglochin maritima
KW_T_423_4_0017L,KW_T_423_4_0017L.tif_segmented.png,521270,2956,3691,#c7be9e,2.51,#afa787,2.05,#928c6b,1.42,#736b51,1.11,#2b2822,0.68,#c7be9e,2.51,#2b2822,0.68,#afa787,2.05,#736b51,1.11,#928c6b,1.42,#736b51,1.11,#928c6b,1.42,#afa787,2.05,#2b2822,0.68,#c7be9e,2.51,#2b2822,0.68,#afa787,2.05,#736b51,1.11,#928c6b,1.42,#c7be9e,2.51,#736b51,1.11,#928c6b,1.42,#afa787,2.05,#2b2822,0.68,#c7be9e,2.51,,Liparis,Liparis loeselii
KW_T_423_4_0019L,KW_T_423_4_0019L.tif_segmented.png,1231066,2968,3679,#bfb893,4.54,#d1caa6,3.96,#a5a17c,3.46,#898566,2.53,#6e6b52,1.71,#d1caa6,3.96,#bfb893,4.54,#312d25,0.44,#a5a17c,3.46,#6e6b52,1.71,#312d25,0.44,#6e6b52,1.71,#898566,2.53,#a5a17c,3.46,#bfb893,4.54,#312d25,0.44,#a5a17c,3.46,#d1caa6,3.96,#bfb893,4.54,#898566,2.53,#312d25,0.44,#6e6b52,1.71,#898566,2.53,#a5a17c,3.46,#bfb893,4.54,,Narcissus,Narcissus pseudonarcissus subsp. pseudonarcissus
KW_T_423_4_0021L,KW_T_423_4_0021L.tif_segmented.png,585360,2970,3675,#b9b08f,2.94,#ccc3a4,2.8,#9f9778,1.71,#675d4a,1.41,#80775f,1.13,#ccc3a4,2.8,#27241e,0.61,#b9b08f,2.94,#675d4a,1.41,#9f9778,1.71,#675d4a,1.41,#80775f,1.13,#9f9778,1.71,#b9b08f,2.94,#27241e,0.61,#27241e,0.61,#80775f,1.13,#675d4a,1.41,#b9b08f,2.94,#9f9778,1.71,#675d4a,1.41,#80775f,1.13,#9f9778,1.71,#b9b08f,2.94,#27241e,0.61,,Alisma,Alisma plantago-aquatica
KW_T_423_4_0023L,KW_T_423_4_0023L.tif_segmented.png,512909,2972,3667,#b9b192,3.12,#ccc3a6,2.41,#a19c80,1.51,#858068,1.46,#635b48,0.88,#ccc3a6,2.41,#b9b192,3.12,#635b48,0.88,#a19c80,1.51,#858068,1.46,#635b48,0.88,#858068,1.46,#a19c80,1.51,#b9b192,3.12,#ccc3a6,2.41,#858068,1.46,#635b48,0.88,#a19c80,1.51,#b9b192,3.12,#ccc3a6,2.41,#635b48,0.88,#858068,1.46,#a19c80,1.51,#b9b192,3.12,#ccc3a6,2.41,Ranunculaceae,Anemone,Anemone nemorosa
KW_T_423_4_0025L,KW_T_423_4_0025L.tif_segmented.png,525910,2976,3675,#c0b796,3.21,#d1caae,3.05,#a8a082,1.96,#908569,1.47,#6b6551,0.9,#d1caae,3.05,#2a2620,0.64,#c0b796,3.21,#a8a082,1.96,#6b6551,0.9,#6b6551,0.9,#908569,1.47,#a8a082,1.96,#2a2620,0.64,#c0b796,3.21,#2a2620,0.64,#6b6551,0.9,#a8a082,1.96,#d1caae,3.05,#c0b796,3.21,#6b6551,0.9,#908569,1.47,#a8a082,1.96,#2a2620,0.64,#c0b796,3.21,,Nepeta,Nepeta cataria
KW_T_423_4_0027L,KW_T_423_4_0027L.tif_segmented.png,1791861,2976,3679,#9d9d79,4.33,#b7b28c,3.78,#878769,3.66,#cbc2a5,3.42,#707056,3.18,#cbc2a5,3.42,#b7b28c,3.78,#5b5943,2.21,#9d9d79,4.33,#707056,3.18,#5b5943,2.21,#707056,3.18,#878769,3.66,#9d9d79,4.33,#b7b28c,3.78,#9d9d79,4.33,#b7b28c,3.78,#878769,3.66,#707056,3.18,#5b5943,2.21,#5b5943,2.21,#707056,3.18,#878769,3.66,#9d9d79,4.33,#b7b28c,3.78,,Brassica,Brassica nigra
KW_T_423_4_0029L,KW_T_423_4_0029L.tif_segmented.png,1135035,2978,3671,#b1af91,4.47,#c8c0a1,3.6,#9f9d7e,2.91,#88866d,2.34,#6d6a54,1.32,#c8c0a1,3.6,#2f2b22,0.46,#b1af91,4.47,#9f9d7e,2.91,#6d6a54,1.32,#2f2b22,0.46,#6d6a54,1.32,#88866d,2.34,#9f9d7e,2.91,#b1af91,4.47,#2f2b22,0.46,#9f9d7e,2.91,#88866d,2.34,#b1af91,4.47,#6d6a54,1.32,#2f2b22,0.46,#6d6a54,1.32,#88866d,2.34,#9f9d7e,2.91,#b1af91,4.47,,Salvia,Salvia pratensis
KW_T_423_4_0031L,KW_T_423_4_0031L.tif_segmented.png,710124,2980,3683,#d0caa9,2.88,#bfb695,2.75,#8b856b,2.27,#a9a283,2.09,#6a644f,1.36,#d0caa9,2.88,#bfb695,2.75,#6a644f,1.36,#a9a283,2.09,#8b856b,2.27,#6a644f,1.36,#8b856b,2.27,#a9a283,2.09,#bfb695,2.75,#d0caa9,2.88,#d0caa9,2.88,#a9a283,2.09,#6a644f,1.36,#8b856b,2.27,#bfb695,2.75,#6a644f,1.36,#8b856b,2.27,#a9a283,2.09,#bfb695,2.75,#d0caa9,2.88,,Cicuta,Cicuta virosa
KW_T_423_4_0033L,KW_T_423_4_0033L.tif_segmented.png,625525,2954,3655,#d0c8ab,2.85,#bbb398,2.55,#84806b,1.17,#a49e82,0.97,#676353,0.91,#d0c8ab,2.85,#302c22,0.61,#bbb398,2.55,#a49e82,0.97,#676353,0.91,#302c22,0.61,#676353,0.91,#84806b,1.17,#a49e82,0.97,#bbb398,2.55,#302c22,0.61,#84806b,1.17,#a49e82,0.97,#d0c8ab,2.85,#676353,0.91,#302c22,0.61,#676353,0.91,#84806b,1.17,#a49e82,0.97,#bbb398,2.55,,Stellaria,Stellaria holostea
KW_T_423_4_0035L,KW_T_423_4_0035L.tif_segmented.png,1748228,2956,3675,#989c87,4.29,#cac4a7,4.19,#b4b093,2.99,#838772,2.71,#676d5d,2.26,#d9c76c,1.88,#cac4a7,4.19,#b4b093,2.99,#676d5d,2.26,#989c87,4.29,#676d5d,2.26,#989c87,4.29,#838772,2.71,#b4b093,2.99,#d9c76c,1.88,#d9c76c,1.88,#838772,2.71,#989c87,4.29,#676d5d,2.26,#b4b093,2.99,#676d5d,2.26,#989c87,4.29,#838772,2.71,#b4b093,2.99,#d9c76c,1.88,,Arctium,Arctium lappa
KW_T_423_4_0037L,KW_T_423_4_0037L.tif_segmented.png,485507,2962,3675,#c2b998,2.83,#aba082,1.56,#8c8166,1.53,#6e644e,1.08,#29251f,0.7,#c2b998,2.83,#29251f,0.7,#aba082,1.56,#6e644e,1.08,#8c8166,1.53,#6e644e,1.08,#8c8166,1.53,#aba082,1.56,#29251f,0.7,#c2b998,2.83,#29251f,0.7,#6e644e,1.08,#aba082,1.56,#c2b998,2.83,#8c8166,1.53,#6e644e,1.08,#8c8166,1.53,#aba082,1.56,#29251f,0.7,#c2b998,2.83,,Sparganium,Sparganium emersum
KW_T_423_4_0039L,KW_T_423_4_0039L.tif_segmented.png,1086549,2970,3699,#9ba081,3.86,#ccc3a3,3.74,#b6b28c,2.97,#898a6f,2.76,#72735d,1.8,#ccc3a3,3.74,#2c2922,0.69,#b6b28c,2.97,#9ba081,3.86,#72735d,1.8,#2c2922,0.69,#72735d,1.8,#9ba081,3.86,#898a6f,2.76,#b6b28c,2.97,#2c2922,0.69,#9ba081,3.86,#b6b28c,2.97,#898a6f,2.76,#72735d,1.8,#2c2922,0.69,#72735d,1.8,#9ba081,3.86,#898a6f,2.76,#b6b28c,2.97,,Briza,Briza media
KW_T_423_4_0041L,KW_T_423_4_0041L.tif_segmented.png,1299180,2972,3699,#c9c09f,4.54,#76745a,4.05,#616148,3.69,#b1a789,2.26,#918c70,1.88,#c9c09f,4.54,#2a271f,0.71,#b1a789,2.26,#616148,3.69,#76745a,4.05,#2a271f,0.71,#918c70,1.88,#b1a789,2.26,#76745a,4.05,#616148,3.69,#2a271f,0.71,#76745a,4.05,#b1a789,2.26,#c9c09f,4.54,#918c70,1.88,#2a271f,0.71,#918c70,1.88,#b1a789,2.26,#76745a,4.05,#616148,3.69,,Plantago,Plantago maritima
KW_T_423_4_0043L,KW_T_423_4_0043L.tif_segmented.png,1124208,2976,3695,#c6be9f,3.63,#989777,2.66,#b1ad8d,2.54,#777760,1.23,#393329,0.66,#c6be9f,3.63,#393329,0.66,#b1ad8d,2.54,#989777,2.66,#777760,1.23,#393329,0.66,#777760,1.23,#989777,2.66,#b1ad8d,2.54,#c6be9f,3.63,#393329,0.66,#777760,1.23,#989777,2.66,#b1ad8d,2.54,#c6be9f,3.63,#393329,0.66,#777760,1.23,#989777,2.66,#b1ad8d,2.54,#c6be9f,3.63,,Anthriscus,Anthriscus caucalis
KW_T_423_4_0045L,KW_T_423_4_0045L.tif_segmented.png,2324393,2978,3659,#c0b999,4.56,#9a9a7a,4.13,#abaa8a,3.76,#878569,2.74,#726d55,1.25,#c0b999,4.56,#abaa8a,3.76,#726d55,1.25,#9a9a7a,4.13,#878569,2.74,#726d55,1.25,#878569,2.74,#9a9a7a,4.13,#abaa8a,3.76,#c0b999,4.56,#abaa8a,3.76,#9a9a7a,4.13,#878569,2.74,#726d55,1.25,#c0b999,4.56,#726d55,1.25,#878569,2.74,#9a9a7a,4.13,#abaa8a,3.76,#c0b999,4.56,,Cerastium,Cerastium fontanum subsp. vulgare
KW_T_423_4_0047L,KW_T_423_4_0047L.tif_segmented.png,2546376,2984,3647,#b3a78a,4.01,#c5ba9c,3.86,#a19c76,3.55,#8e8768,3.38,#7a7459,3.22,#c5ba9c,3.86,#b3a78a,4.01,#635c48,2.08,#a19c76,3.55,#7a7459,3.22,#635c48,2.08,#7a7459,3.22,#8e8768,3.38,#a19c76,3.55,#b3a78a,4.01,#a19c76,3.55,#7a7459,3.22,#635c48,2.08,#8e8768,3.38,#b3a78a,4.01,#635c48,2.08,#7a7459,3.22,#8e8768,3.38,#a19c76,3.55,#b3a78a,4.01,,Ranunculus,Ranunculus sceleratus
KW_T_423_4_0049L,KW_T_423_4_0049L.tif_segmented.png,1339679,2986,3659,#c8bea0,3.6,#b3ab8d,3.12,#9e9b7e,1.91,#76705a,1.6,#8b856c,1.57,#c8bea0,3.6,#b3ab8d,3.12,#5e5845,0.7,#76705a,1.6,#9e9b7e,1.91,#5e5845,0.7,#76705a,1.6,#8b856c,1.57,#9e9b7e,1.91,#b3ab8d,3.12,#76705a,1.6,#5e5845,0.7,#9e9b7e,1.91,#b3ab8d,3.12,#8b856c,1.57,#5e5845,0.7,#76705a,1.6,#8b856c,1.57,#9e9b7e,1.91,#b3ab8d,3.12,,Glyceria,Glyceria maxima
KW_T_423_4_0051L,KW_T_423_4_0051L.tif_segmented.png,1887362,2986,3667,#79745c,3.94,#c0b696,3.69,#8e896d,3.32,#a9a183,3.31,#615c47,2.67,#c0b696,3.69,#29261f,0.7,#a9a183,3.31,#615c47,2.67,#79745c,3.94,#615c47,2.67,#29261f,0.7,#79745c,3.94,#8e896d,3.32,#a9a183,3.31,#29261f,0.7,#79745c,3.94,#a9a183,3.31,#8e896d,3.32,#615c47,2.67,#615c47,2.67,#29261f,0.7,#79745c,3.94,#8e896d,3.32,#a9a183,3.31,,Plantago,Plantago major
KW_T_423_4_0053L,KW_T_423_4_0053L.tif_segmented.png,430108,2990,3667,#cbc1a2,2.83,#bab194,2.66,#a8a283,1.46,#666552,0.95,#87856c,0.92,#cbc1a2,2.83,#282520,0.58,#bab194,2.66,#a8a283,1.46,#666552,0.95,#666552,0.95,#87856c,0.92,#282520,0.58,#a8a283,1.46,#bab194,2.66,#282520,0.58,#a8a283,1.46,#87856c,0.92,#666552,0.95,#cbc1a2,2.83,#666552,0.95,#87856c,0.92,#282520,0.58,#a8a283,1.46,#bab194,2.66,,Leonurus,Leonurus cardiaca
KW_T_423_4_0055L,KW_T_423_4_0055L.tif_segmented.png,1726300,2992,3651,#c2b998,4.76,#a9a480,4.34,#8d8668,3.53,#696651,3.34,#d6cb6a,1.59,#d6cb6a,1.59,#e0dc8e,1.51,#c2b998,4.76,#696651,3.34,#a9a480,4.34,#696651,3.34,#8d8668,3.53,#a9a480,4.34,#c2b998,4.76,#e0dc8e,1.51,#d6cb6a,1.59,#e0dc8e,1.51,#a9a480,4.34,#8d8668,3.53,#696651,3.34,#696651,3.34,#8d8668,3.53,#a9a480,4.34,#c2b998,4.76,#e0dc8e,1.51,,Tragopogon,Tragopogon porrifolius
KW_T_423_4_0057L,KW_T_423_4_0057L.tif_segmented.png,1643553,3001,3671,#bab294,4.65,#cdc7af,4.34,#a19d78,3.31,#8a8565,2.91,#747153,2.59,#cdc7af,4.34,#bab294,4.65,#5d5a43,1.84,#a19d78,3.31,#747153,2.59,#5d5a43,1.84,#747153,2.59,#8a8565,2.91,#a19d78,3.31,#bab294,4.65,#a19d78,3.31,#8a8565,2.91,#747153,2.59,#bab294,4.65,#cdc7af,4.34,#5d5a43,1.84,#747153,2.59,#8a8565,2.91,#a19d78,3.31,#bab294,4.65,,Erigeron,Erigeron acris
KW_T_423_4_0059L,KW_T_423_4_0059L.tif_segmented.png,869178,3005,3675,#c7bf9c,3.1,#b2aa8a,2.93,#989579,2.75,#7f7a63,1.97,#5c5848,1.45,#c7bf9c,3.1,#b2aa8a,2.93,#5c5848,1.45,#989579,2.75,#7f7a63,1.97,#5c5848,1.45,#7f7a63,1.97,#989579,2.75,#b2aa8a,2.93,#c7bf9c,3.1,#7f7a63,1.97,#5c5848,1.45,#b2aa8a,2.93,#c7bf9c,3.1,#989579,2.75,#5c5848,1.45,#7f7a63,1.97,#989579,2.75,#b2aa8a,2.93,#c7bf9c,3.1,,Elymus,Elymus farctus subsp. boreoatlanticus
KW_T_423_4_0061L,KW_T_423_4_0061L.tif_segmented.png,2084001,3009,3675,#777758,4.15,#626146,4.05,#bfb593,3.81,#d0c7a9,3.78,#918c6b,3.5,#d0c7a9,3.78,#bfb593,3.81,#626146,4.05,#aaa482,3.43,#777758,4.15,#aaa482,3.43,#918c6b,3.5,#bfb593,3.81,#777758,4.15,#626146,4.05,#aaa482,3.43,#777758,4.15,#918c6b,3.5,#bfb593,3.81,#d0c7a9,3.78,#aaa482,3.43,#918c6b,3.5,#bfb593,3.81,#777758,4.15,#626146,4.05,,Carum,Carum carvi
KW_T_423_4_0063L,KW_T_423_4_0063L.tif_segmented.png,754207,3013,3667,#bfb899,3.73,#ada689,3.43,#8f8b72,1.94,#726e5a,1.42,#3b3428,0.31,#3b3428,0.31,#bfb899,3.73,#ada689,3.43,#726e5a,1.42,#8f8b72,1.94,#3b3428,0.31,#726e5a,1.42,#8f8b72,1.94,#ada689,3.43,#bfb899,3.73,#3b3428,0.31,#726e5a,1.42,#ada689,3.43,#8f8b72,1.94,#bfb899,3.73,#3b3428,0.31,#726e5a,1.42,#8f8b72,1.94,#ada689,3.43,#bfb899,3.73,,Apium,Apium graveolens
KW_T_423_4_0065L,KW_T_423_4_0065L.tif_segmented.png,648436,2950,3683,#bdb597,2.91,#665e4b,2.37,#847e67,1.3,#a49d7e,1.21,#2a2721,0.68,#bdb597,2.91,#2a2721,0.68,#a49d7e,1.21,#665e4b,2.37,#847e67,1.3,#a49d7e,1.21,#847e67,1.3,#665e4b,2.37,#bdb597,2.91,#2a2721,0.68,#2a2721,0.68,#665e4b,2.37,#847e67,1.3,#a49d7e,1.21,#bdb597,2.91,#a49d7e,1.21,#847e67,1.3,#665e4b,2.37,#bdb597,2.91,#2a2721,0.68,,Vicia,Vicia tetrasperma subsp. gracilis
KW_T_423_4_0067L,KW_T_423_4_0067L.tif_segmented.png,1358776,2946,3655,#ada68b,3.43,#978f76,1.7,#817a63,1.65,#6a624c,1.15,#2c2921,0.58,#2c2921,0.58,#ada68b,3.43,#6a624c,1.15,#978f76,1.7,#817a63,1.65,#6a624c,1.15,#2c2921,0.58,#817a63,1.65,#978f76,1.7,#ada68b,3.43,#2c2921,0.58,#817a63,1.65,#6a624c,1.15,#ada68b,3.43,#978f76,1.7,#6a624c,1.15,#2c2921,0.58,#817a63,1.65,#978f76,1.7,#ada68b,3.43,,Senecio,Senecio viscosus
KW_T_423_4_0069L,KW_T_423_4_0069L.tif_segmented.png,1280212,2956,3663,#cbc4aa,3.22,#b5b194,2.74,#9e9a84,2.08,#857f6b,2.06,#6a6250,1.63,#cbc4aa,3.22,#2c2a22,0.62,#b5b194,2.74,#6a6250,1.63,#9e9a84,2.08,#6a6250,1.63,#857f6b,2.06,#9e9a84,2.08,#2c2a22,0.62,#b5b194,2.74,#2c2a22,0.62,#6a6250,1.63,#857f6b,2.06,#9e9a84,2.08,#b5b194,2.74,#6a6250,1.63,#857f6b,2.06,#9e9a84,2.08,#2c2a22,0.62,#b5b194,2.74,,Festuca,Festuca ovina-groep
KW_T_423_4_0071L,KW_T_423_4_0071L.tif_segmented.png,408413,2962,3655,#d2cbb1,2.8,#bfb799,2.45,#a8a387,1.32,#8a866d,0.93,#6f654e,0.7,#d2cbb1,2.8,#2f2c26,0.6,#bfb799,2.45,#6f654e,0.7,#a8a387,1.32,#6f654e,0.7,#8a866d,0.93,#2f2c26,0.6,#a8a387,1.32,#bfb799,2.45,#2f2c26,0.6,#a8a387,1.32,#6f654e,0.7,#8a866d,0.93,#d2cbb1,2.8,#6f654e,0.7,#8a866d,0.93,#2f2c26,0.6,#a8a387,1.32,#bfb799,2.45,,Scleranthus,Scleranthus annuus subsp. polycarpos
KW_T_423_4_0073L,KW_T_423_4_0073L.tif_segmented.png,689024,2966,3647,#d1ccaf,3.38,#c3bc9d,3.31,#afab8c,1.94,#989678,1.33,#2f2a22,0.58,#2f2a22,0.58,#d1ccaf,3.38,#c3bc9d,3.31,#786d53,0.43,#afab8c,1.94,#786d53,0.43,#2f2a22,0.58,#989678,1.33,#afab8c,1.94,#c3bc9d,3.31,#2f2a22,0.58,#786d53,0.43,#afab8c,1.94,#989678,1.33,#d1ccaf,3.38,#786d53,0.43,#2f2a22,0.58,#989678,1.33,#afab8c,1.94,#c3bc9d,3.31,Asteraceae,Cirsium,Cirsium vulgare
KW_T_423_4_0075L,KW_T_423_4_0075L.tif_segmented.png,407232,2966,3651,#cfc7aa,2.2,#bcb494,2.03,#a19b7b,1.4,#827d60,0.98,#2b2820,0.64,#cfc7aa,2.2,#2b2820,0.64,#bcb494,2.03,#685e47,0.46,#a19b7b,1.4,#685e47,0.46,#827d60,0.98,#a19b7b,1.4,#2b2820,0.64,#bcb494,2.03,#2b2820,0.64,#827d60,0.98,#685e47,0.46,#a19b7b,1.4,#cfc7aa,2.2,#685e47,0.46,#827d60,0.98,#a19b7b,1.4,#2b2820,0.64,#bcb494,2.03,,Herminium,Herminium monorchis
KW_T_423_4_0077L,KW_T_423_4_0077L.tif_segmented.png,598088,2968,3655,#c5bf9f,3.58,#b3ac8e,2.42,#969076,1.48,#756d57,0.88,#2b2820,0.54,#c5bf9f,3.58,#2b2820,0.54,#b3ac8e,2.42,#756d57,0.88,#969076,1.48,#756d57,0.88,#969076,1.48,#2b2820,0.54,#b3ac8e,2.42,#c5bf9f,3.58,#2b2820,0.54,#756d57,0.88,#b3ac8e,2.42,#c5bf9f,3.58,#969076,1.48,#756d57,0.88,#969076,1.48,#2b2820,0.54,#b3ac8e,2.42,#c5bf9f,3.58,,Typha,Typha angustifolia
KW_T_423_4_0079L,KW_T_423_4_0079L.tif_segmented.png,1623117,2972,3655,#a3a289,4.24,#beb798,2.68,#908b75,2.48,#7c7361,2.45,#625b4a,1.64,#beb798,2.68,#2a2721,0.61,#a3a289,4.24,#625b4a,1.64,#7c7361,2.45,#2a2721,0.61,#625b4a,1.64,#7c7361,2.45,#908b75,2.48,#a3a289,4.24,#2a2721,0.61,#a3a289,4.24,#7c7361,2.45,#625b4a,1.64,#908b75,2.48,#2a2721,0.61,#625b4a,1.64,#7c7361,2.45,#908b75,2.48,#a3a289,4.24,,Centaureum,Centaureum littorale
KW_T_423_4_0081L,KW_T_423_4_0081L.tif_segmented.png,1071730,2980,3659,#aaab87,3.38,#c5c09b,2.62,#979775,2.23,#76785e,1.7,#2a2720,0.79,#c5c09b,2.62,#2a2720,0.79,#aaab87,3.38,#979775,2.23,#76785e,1.7,#76785e,1.7,#2a2720,0.79,#979775,2.23,#aaab87,3.38,#c5c09b,2.62,#2a2720,0.79,#aaab87,3.38,#979775,2.23,#c5c09b,2.62,#76785e,1.7,#76785e,1.7,#2a2720,0.79,#979775,2.23,#aaab87,3.38,#c5c09b,2.62,,Persicaria,Persicaria bistorta
KW_T_423_4_0083L,KW_T_423_4_0083L.tif_segmented.png,560745,2976,3663,#a9a884,2.27,#bbbe8c,2.15,#c9c1a4,1.93,#939372,1.85,#767156,0.83,#2a2720,0.54,#bbbe8c,2.15,#c9c1a4,1.93,#a9a884,2.27,#767156,0.83,#767156,0.83,#2a2720,0.54,#939372,1.85,#a9a884,2.27,#bbbe8c,2.15,#2a2720,0.54,#bbbe8c,2.15,#a9a884,2.27,#939372,1.85,#767156,0.83,#767156,0.83,#2a2720,0.54,#939372,1.85,#a9a884,2.27,#bbbe8c,2.15,,Althaea,Althaea officinalis
KW_T_423_4_0085L,KW_T_423_4_0085L.tif_segmented.png,1300492,2974,3675,#b1b38e,4.44,#c5c39c,3.41,#9c9e7e,3.06,#898b6d,2.52,#726e55,0.76,#c5c39c,3.41,#2c2822,0.7,#b1b38e,4.44,#9c9e7e,3.06,#726e55,0.76,#2c2822,0.7,#726e55,0.76,#898b6d,2.52,#9c9e7e,3.06,#b1b38e,4.44,#2c2822,0.7,#b1b38e,4.44,#c5c39c,3.41,#9c9e7e,3.06,#898b6d,2.52,#2c2822,0.7,#726e55,0.76,#898b6d,2.52,#9c9e7e,3.06,#b1b38e,4.44,,Leontodon,Leontodon saxatilis
KW_T_423_4_0087L,KW_T_423_4_0087L.tif_segmented.png,1901909,2978,3683,#bbb998,5.12,#a7a688,4.95,#929478,3.26,#80836a,3.05,#6d6650,0.8,#ad6b5a,0.45,#bbb998,5.12,#a7a688,4.95,#6d6650,0.8,#929478,3.26,#929478,3.26,#80836a,3.05,#6d6650,0.8,#a7a688,4.95,#ad6b5a,0.45,#ad6b5a,0.45,#80836a,3.05,#a7a688,4.95,#929478,3.26,#bbb998,5.12,#929478,3.26,#80836a,3.05,#6d6650,0.8,#a7a688,4.95,#ad6b5a,0.45,,Atriplex,Atriplex laciniata
KW_T_423_4_0089L,KW_T_423_4_0089L.tif_segmented.png,4890044,2982,3647,#b8b499,5.32,#8c8d74,3.04,#a4a186,2.62,#75715c,1.39,#292620,0.84,#292620,0.84,#b8b499,5.32,#a4a186,2.62,#75715c,1.39,#8c8d74,3.04,#292620,0.84,#75715c,1.39,#8c8d74,3.04,#a4a186,2.62,#b8b499,5.32,#292620,0.84,#75715c,1.39,#a4a186,2.62,#8c8d74,3.04,#b8b499,5.32,#292620,0.84,#75715c,1.39,#8c8d74,3.04,#a4a186,2.62,#b8b499,5.32,,Campanula,Campanula rotundifolia
KW_T_423_4_0091L,KW_T_423_4_0091L.tif_segmented.png,1692475,2986,3643,#b9b899,4.02,#a6a788,3.87,#92947a,3.21,#7d7e68,3.16,#666854,2.21,#292620,0.76,#b9b899,4.02,#a6a788,3.87,#666854,2.21,#92947a,3.21,#292620,0.76,#666854,2.21,#7d7e68,3.16,#92947a,3.21,#a6a788,3.87,#292620,0.76,#7d7e68,3.16,#a6a788,3.87,#92947a,3.21,#b9b899,4.02,#292620,0.76,#666854,2.21,#7d7e68,3.16,#92947a,3.21,#a6a788,3.87,,Stellaria,Stellaria media
KW_T_423_4_0093L,KW_T_423_4_0093L.tif_segmented.png,1176359,3001,3659,#bfbe9c,4.12,#aaac8d,3.91,#96977a,2.64,#7c7b64,1.29,#2c2921,0.84,#e6df71,0.56,#2c2921,0.84,#bfbe9c,4.12,#aaac8d,3.91,#96977a,2.64,#7c7b64,1.29,#2c2921,0.84,#96977a,2.64,#aaac8d,3.91,#bfbe9c,4.12,#e6df71,0.56,#2c2921,0.84,#7c7b64,1.29,#aaac8d,3.91,#96977a,2.64,#7c7b64,1.29,#2c2921,0.84,#96977a,2.64,#aaac8d,3.91,#bfbe9c,4.12,,Alisma,Alisma (gramineum of lanceolatum)
KW_T_423_4_0095L,KW_T_423_4_0095L.tif_segmented.png,1860824,2999,3639,#c0bc95,4.75,#a6a280,2.96,#a45c51,2.57,#c5826d,2.48,#888266,2.3,#c5826d,2.48,#a45c51,2.57,#c0bc95,4.75,#a6a280,2.96,#685e4d,1.68,#685e4d,1.68,#888266,2.3,#a6a280,2.96,#c0bc95,4.75,#c5826d,2.48,#a45c51,2.57,#c5826d,2.48,#c0bc95,4.75,#a6a280,2.96,#888266,2.3,#685e4d,1.68,#888266,2.3,#a6a280,2.96,#c0bc95,4.75,#c5826d,2.48,Asteraceae,Anthemis,Anthemis cotula
KW_T_423_4_0097L,KW_T_423_4_0097L.tif_segmented.png,1044194,3003,3651,#c6be9f,2.71,#b7b084,2.69,#9d9572,1.95,#83785d,1.57,#625849,1.16,#c6be9f,2.71,#b7b084,2.69,#625849,1.16,#83785d,1.57,#9d9572,1.95,#625849,1.16,#83785d,1.57,#9d9572,1.95,#b7b084,2.69,#c6be9f,2.71,#b7b084,2.69,#83785d,1.57,#9d9572,1.95,#625849,1.16,#c6be9f,2.71,#625849,1.16,#83785d,1.57,#9d9572,1.95,#b7b084,2.69,#c6be9f,2.71,,Sagittaria,Sagittaria sagittifolia
KW_T_423_4_0099L,KW_T_423_4_0099L.tif_segmented.png,1104458,3009,3655,#cdc7a8,4.16,#b7b490,3.08,#9d9b7e,2.41,#848167,2.15,#6b6852,1.43,#cdc7a8,4.16,#2b2821,0.66,#b7b490,3.08,#6b6852,1.43,#9d9b7e,2.41,#2b2821,0.66,#6b6852,1.43,#848167,2.15,#9d9b7e,2.41,#b7b490,3.08,#2b2821,0.66,#b7b490,3.08,#848167,2.15,#9d9b7e,2.41,#cdc7a8,4.16,#2b2821,0.66,#6b6852,1.43,#848167,2.15,#9d9b7e,2.41,#b7b490,3.08,Plantaginaceae,Veronica,Veronica scutellata
KW_T_423_4_0101L,KW_T_423_4_0101L.tif_segmented.png,1153717,3009,3667,#c4c19a,5.1,#ada985,3.04,#8f896a,1.55,#d5d585,1.06,#6a6049,0.77,#d5d585,1.06,#c4c19a,5.1,#2a261f,0.66,#ada985,3.04,#6a6049,0.77,#6a6049,0.77,#8f896a,1.55,#2a261f,0.66,#ada985,3.04,#c4c19a,5.1,#d5d585,1.06,#2a261f,0.66,#c4c19a,5.1,#ada985,3.04,#6a6049,0.77,#6a6049,0.77,#8f896a,1.55,#2a261f,0.66,#ada985,3.04,#c4c19a,5.1,,Butomus,Butomus umbellatus
KW_T_423_4_0103L,KW_T_423_4_0103L.tif_segmented.png,771413,3009,3671,#bfb999,3.54,#a59f87,2.41,#8c8771,1.54,#746d5a,1.24,#25231d,0.79,#bfb999,3.54,#25231d,0.79,#574c3b,0.46,#a59f87,2.41,#746d5a,1.24,#574c3b,0.46,#746d5a,1.24,#8c8771,1.54,#25231d,0.79,#a59f87,2.41,#25231d,0.79,#746d5a,1.24,#a59f87,2.41,#8c8771,1.54,#bfb999,3.54,#574c3b,0.46,#746d5a,1.24,#8c8771,1.54,#25231d,0.79,#a59f87,2.41,Rosaceae,Rubus,Rubus caesius
KW_T_423_4_0105L,KW_T_423_4_0105L.tif_segmented.png,982571,3013,3667,#ccc4a7,3.07,#b9b295,2.76,#a09b83,2.33,#837e69,2.09,#67604c,1.57,#ccc4a7,3.07,#2e2a22,0.66,#b9b295,2.76,#67604c,1.57,#a09b83,2.33,#67604c,1.57,#837e69,2.09,#2e2a22,0.66,#a09b83,2.33,#b9b295,2.76,#2e2a22,0.66,#837e69,2.09,#67604c,1.57,#a09b83,2.33,#ccc4a7,3.07,#67604c,1.57,#837e69,2.09,#2e2a22,0.66,#a09b83,2.33,#b9b295,2.76,,Ranunculus,Ranunculus arvensis
KW_T_423_4_0107L,KW_T_423_4_0107L.tif_segmented.png,1124457,3015,3675,#acac8a,3.99,#c5bda0,3.43,#97997c,2.87,#7b7861,2.25,#5b5946,1.94,#c5bda0,3.43,#25231d,0.9,#acac8a,3.99,#5b5946,1.94,#97997c,2.87,#5b5946,1.94,#7b7861,2.25,#97997c,2.87,#25231d,0.9,#acac8a,3.99,#25231d,0.9,#7b7861,2.25,#acac8a,3.99,#97997c,2.87,#5b5946,1.94,#5b5946,1.94,#7b7861,2.25,#97997c,2.87,#25231d,0.9,#acac8a,3.99,,Matricaria,Matricaria chamomilla
KW_T_423_4_0109L,KW_T_423_4_0109L.tif_segmented.png,1361611,3019,3671,#b3b190,4.0,#c4bf9e,3.58,#89896b,3.03,#9c9b7d,2.5,#737259,1.83,#c4bf9e,3.58,#5a523e,0.72,#b3b190,4.0,#737259,1.83,#9c9b7d,2.5,#5a523e,0.72,#737259,1.83,#89896b,3.03,#b3b190,4.0,#9c9b7d,2.5,#89896b,3.03,#9c9b7d,2.5,#b3b190,4.0,#737259,1.83,#c4bf9e,3.58,#5a523e,0.72,#737259,1.83,#89896b,3.03,#b3b190,4.0,#9c9b7d,2.5,Onagraceae,Circaea,Circaea lutetiana
KW_T_423_4_0111L,KW_T_423_4_0111L.tif_segmented.png,1107198,3021,3663,#cfc7ab,3.95,#bab291,3.43,#969278,3.23,#7b7761,2.66,#63604c,2.6,#cfc7ab,3.95,#2c2821,0.84,#bab291,3.43,#63604c,2.6,#969278,3.23,#2c2821,0.84,#63604c,2.6,#7b7761,2.66,#969278,3.23,#bab291,3.43,#2c2821,0.84,#7b7761,2.66,#bab291,3.43,#969278,3.23,#63604c,2.6,#2c2821,0.84,#63604c,2.6,#7b7761,2.66,#969278,3.23,#bab291,3.43,,Sorbus,Sorbus aucuparia
KW_T_423_4_0113L,KW_T_423_4_0113L.tif_segmented.png,2324080,3023,3667,#a1a68a,7.13,#b7b797,6.43,#8e9176,4.65,#73715b,2.13,#2b2820,0.94,#2b2820,0.94,#b7b797,6.43,#a1a68a,7.13,#8e9176,4.65,#73715b,2.13,#2b2820,0.94,#73715b,2.13,#8e9176,4.65,#a1a68a,7.13,#b7b797,6.43,#2b2820,0.94,#a1a68a,7.13,#8e9176,4.65,#b7b797,6.43,#73715b,2.13,#2b2820,0.94,#73715b,2.13,#8e9176,4.65,#a1a68a,7.13,#b7b797,6.43,,Papaver,Papaver rhoeas
KW_T_423_4_0115L,KW_T_423_4_0115L.tif_segmented.png,1369679,3023,3663,#bebb9b,4.89,#8f8c72,2.95,#a8a486,2.93,#746b54,0.91,#2f2b21,0.83,#ded876,0.36,#2f2b21,0.83,#bebb9b,4.89,#a8a486,2.93,#746b54,0.91,#746b54,0.91,#2f2b21,0.83,#8f8c72,2.95,#a8a486,2.93,#bebb9b,4.89,#ded876,0.36,#2f2b21,0.83,#a8a486,2.93,#746b54,0.91,#bebb9b,4.89,#746b54,0.91,#2f2b21,0.83,#8f8c72,2.95,#a8a486,2.93,#bebb9b,4.89,,Lamium,Lamium purpureum
KW_T_423_4_0117L,KW_T_423_4_0117L.tif_segmented.png,967239,3025,3671,#bab392,3.4,#a49c76,2.43,#888566,2.4,#d6ca6b,1.69,#6d674e,1.41,#d6ca6b,1.69,#322c23,0.78,#bab392,3.4,#a49c76,2.43,#6d674e,1.41,#6d674e,1.41,#322c23,0.78,#888566,2.4,#a49c76,2.43,#bab392,3.4,#d6ca6b,1.69,#322c23,0.78,#a49c76,2.43,#888566,2.4,#bab392,3.4,#6d674e,1.41,#322c23,0.78,#888566,2.4,#a49c76,2.43,#bab392,3.4,,Erysimum,Erysimum cheiri
KW_T_423_4_0119L,KW_T_423_4_0119L.tif_segmented.png,1234205,3027,3667,#b0ae8e,4.8,#c7c39f,4.41,#9a9a7d,3.15,#84856b,2.33,#27241d,0.75,#c7c39f,4.41,#27241d,0.75,#b0ae8e,4.8,#69614a,0.66,#9a9a7d,3.15,#69614a,0.66,#84856b,2.33,#27241d,0.75,#9a9a7d,3.15,#b0ae8e,4.8,#27241d,0.75,#84856b,2.33,#c7c39f,4.41,#9a9a7d,3.15,#b0ae8e,4.8,#69614a,0.66,#84856b,2.33,#27241d,0.75,#9a9a7d,3.15,#b0ae8e,4.8,,Lythrum,Lythrum salicaria
KW_T_423_4_0121L,KW_T_423_4_0121L.tif_segmented.png,1496659,3035,3679,#878263,3.86,#b7af91,3.84,#a09978,3.72,#ccc5a8,3.46,#6b654d,2.12,#d9cf67,0.65,#ccc5a8,3.46,#6b654d,2.12,#b7af91,3.84,#878263,3.86,#6b654d,2.12,#878263,3.86,#a09978,3.72,#b7af91,3.84,#d9cf67,0.65,#d9cf67,0.65,#878263,3.86,#a09978,3.72,#6b654d,2.12,#ccc5a8,3.46,#6b654d,2.12,#878263,3.86,#a09978,3.72,#b7af91,3.84,#d9cf67,0.65,,Euphorbia,Euphorbia helioscopia
KW_T_423_4_0123L,KW_T_423_4_0123L.tif_segmented.png,1749612,2986,3707,#646149,4.12,#4f4c3b,3.29,#bfb69a,2.5,#807a60,2.43,#a0997c,2.01,#bfb69a,2.5,#25231e,0.96,#a0997c,2.01,#4f4c3b,3.29,#646149,4.12,#a0997c,2.01,#807a60,2.43,#bfb69a,2.5,#646149,4.12,#25231e,0.96,#25231e,0.96,#807a60,2.43,#4f4c3b,3.29,#a0997c,2.01,#646149,4.12,#a0997c,2.01,#807a60,2.43,#bfb69a,2.5,#646149,4.12,#25231e,0.96,,Hyssopus,Hyssopus officinalis
KW_T_423_4_0125L,KW_T_423_4_0125L.tif_segmented.png,750922,2988,3715,#b3b391,3.03,#cbc4a9,2.69,#a09f82,2.38,#8c8b70,1.71,#2b2722,1.01,#cbc4a9,2.69,#2b2722,1.01,#b3b391,3.03,#716a55,0.8,#a09f82,2.38,#716a55,0.8,#8c8b70,1.71,#a09f82,2.38,#b3b391,3.03,#2b2722,1.01,#2b2722,1.01,#a09f82,2.38,#b3b391,3.03,#716a55,0.8,#8c8b70,1.71,#716a55,0.8,#8c8b70,1.71,#a09f82,2.38,#b3b391,3.03,#2b2722,1.01,Asteraceae,Anthemis,Anthemis tinctoria
KW_T_423_4_0127L,KW_T_423_4_0127L.tif_segmented.png,312482,2988,3703,#cec6a8,2.4,#bab38e,2.19,#a39c77,1.26,#272520,1.0,#6c6046,0.34,#cec6a8,2.4,#bab38e,2.19,#272520,1.0,#6c6046,0.34,#a39c77,1.26,#6c6046,0.34,#a39c77,1.26,#bab38e,2.19,#272520,1.0,#cec6a8,2.4,#272520,1.0,#a39c77,1.26,#bab38e,2.19,#6c6046,0.34,#cec6a8,2.4,#6c6046,0.34,#a39c77,1.26,#bab38e,2.19,#272520,1.0,#cec6a8,2.4,Sapindaceae,Acer,Acer pseudoplatanus
KW_T_423_4_0129L,KW_T_423_4_0129L.tif_segmented.png,1432254,2992,3719,#a8a483,3.88,#c1b898,3.04,#8f896a,2.62,#706b54,1.98,#2d2a23,1.02,#ddd06d,0.7,#2d2a23,1.02,#c1b898,3.04,#a8a483,3.88,#706b54,1.98,#706b54,1.98,#8f896a,2.62,#a8a483,3.88,#c1b898,3.04,#2d2a23,1.02,#ddd06d,0.7,#2d2a23,1.02,#a8a483,3.88,#706b54,1.98,#8f896a,2.62,#706b54,1.98,#8f896a,2.62,#a8a483,3.88,#c1b898,3.04,#2d2a23,1.02,,Euphorbia,Euphorbia peplus
KW_T_423_4_0131L,KW_T_423_4_0131L.tif_segmented.png,476007,2992,3719,#c3bc9c,2.78,#afa985,1.96,#968b6b,1.32,#282620,1.03,#75694f,0.78,#dad47a,0.33,#282620,1.03,#c3bc9c,2.78,#75694f,0.78,#afa985,1.96,#75694f,0.78,#968b6b,1.32,#afa985,1.96,#282620,1.03,#c3bc9c,2.78,#dad47a,0.33,#282620,1.03,#afa985,1.96,#75694f,0.78,#c3bc9c,2.78,#75694f,0.78,#968b6b,1.32,#afa985,1.96,#282620,1.03,#c3bc9c,2.78,,Stachys,Stachys sylvatica
KW_T_423_4_0133L,KW_T_423_4_0133L.tif_segmented.png,886885,2990,3711,#837f69,2.77,#64614d,2.55,#bcb597,2.44,#a29c81,2.34,#282620,1.1,#bcb597,2.44,#282620,1.1,#a29c81,2.34,#64614d,2.55,#837f69,2.77,#64614d,2.55,#837f69,2.77,#a29c81,2.34,#bcb597,2.44,#282620,1.1,#282620,1.1,#837f69,2.77,#a29c81,2.34,#64614d,2.55,#bcb597,2.44,#64614d,2.55,#837f69,2.77,#a29c81,2.34,#bcb597,2.44,#282620,1.1,,Armoracia,Armoracia rusticana
KW_T_423_4_0135L,KW_T_423_4_0135L.tif_segmented.png,1014926,2982,3675,#8a886b,3.02,#a6a482,2.9,#bdb897,2.75,#6d6951,2.29,#2e2a24,0.83,#dbd87e,0.4,#2e2a24,0.83,#bdb897,2.75,#a6a482,2.9,#6d6951,2.29,#6d6951,2.29,#8a886b,3.02,#a6a482,2.9,#2e2a24,0.83,#bdb897,2.75,#dbd87e,0.4,#2e2a24,0.83,#a6a482,2.9,#8a886b,3.02,#bdb897,2.75,#6d6951,2.29,#8a886b,3.02,#a6a482,2.9,#2e2a24,0.83,#bdb897,2.75,,Jacobaea,Jacobaea paludosa
KW_T_423_4_0137L,KW_T_423_4_0137L.tif_segmented.png,1817821,2990,3675,#6f6d58,4.86,#5c5b48,3.75,#bbb698,3.16,#84826a,2.97,#a29e83,2.82,#cec7ab,2.48,#bbb698,3.16,#5c5b48,3.75,#6f6d58,4.86,#a29e83,2.82,#a29e83,2.82,#bbb698,3.16,#84826a,2.97,#6f6d58,4.86,#5c5b48,3.75,#84826a,2.97,#6f6d58,4.86,#a29e83,2.82,#5c5b48,3.75,#cec7ab,2.48,#a29e83,2.82,#bbb698,3.16,#84826a,2.97,#6f6d58,4.86,#5c5b48,3.75,,Alnus,Alnus glutinosa
KW_T_423_4_0139L,KW_T_423_4_0139L.tif_segmented.png,2245017,2992,3679,#6e6f5b,4.14,#585947,3.85,#86866e,2.75,#beb89f,2.54,#a29e84,2.31,#beb89f,2.54,#585947,3.85,#a29e84,2.31,#6e6f5b,4.14,#86866e,2.75,#86866e,2.75,#a29e84,2.31,#6e6f5b,4.14,#585947,3.85,#beb89f,2.54,#86866e,2.75,#6e6f5b,4.14,#a29e84,2.31,#585947,3.85,#beb89f,2.54,#86866e,2.75,#a29e84,2.31,#6e6f5b,4.14,#585947,3.85,#beb89f,2.54,,Utricularia,"Utricularia australis (plant), U. vulgaris (vrucht)"
KW_T_423_4_0141L,KW_T_423_4_0141L.tif_segmented.png,529058,2992,3683,#ccc3a5,2.97,#b7ae8e,2.62,#9a9273,1.62,#7b725a,1.07,#2a2720,0.84,#ccc3a5,2.97,#2a2720,0.84,#b7ae8e,2.62,#7b725a,1.07,#9a9273,1.62,#7b725a,1.07,#9a9273,1.62,#2a2720,0.84,#b7ae8e,2.62,#ccc3a5,2.97,#2a2720,0.84,#7b725a,1.07,#b7ae8e,2.62,#9a9273,1.62,#ccc3a5,2.97,#7b725a,1.07,#9a9273,1.62,#2a2720,0.84,#b7ae8e,2.62,#ccc3a5,2.97,,Plantago,Plantago media
KW_T_423_4_0143L,KW_T_423_4_0143L.tif_segmented.png,1217392,2992,3687,#c5bc9a,3.03,#aaa683,2.26,#747057,2.09,#908c6d,2.05,#342f27,0.66,#c5bc9a,3.03,#342f27,0.66,#aaa683,2.26,#747057,2.09,#908c6d,2.05,#747057,2.09,#908c6d,2.05,#342f27,0.66,#aaa683,2.26,#c5bc9a,3.03,#342f27,0.66,#aaa683,2.26,#747057,2.09,#908c6d,2.05,#c5bc9a,3.03,#747057,2.09,#908c6d,2.05,#342f27,0.66,#aaa683,2.26,#c5bc9a,3.03,,Reseda,Reseda luteola
KW_T_423_4_0145L,KW_T_423_4_0145L.tif_segmented.png,1196947,2990,3679,#bdbc9c,4.96,#8a876c,2.79,#a7a283,2.65,#6d674f,1.23,#dbd27c,1.16,#dbd27c,1.16,#2b2821,0.81,#bdbc9c,4.96,#a7a283,2.65,#6d674f,1.23,#6d674f,1.23,#8a876c,2.79,#2b2821,0.81,#a7a283,2.65,#bdbc9c,4.96,#dbd27c,1.16,#2b2821,0.81,#a7a283,2.65,#8a876c,2.79,#bdbc9c,4.96,#6d674f,1.23,#8a876c,2.79,#2b2821,0.81,#a7a283,2.65,#bdbc9c,4.96,,Rosa,Rosa canina
KW_T_423_4_0147L,KW_T_423_4_0147L.tif_segmented.png,2137709,2990,3679,#c4bd9d,3.57,#979471,3.37,#aeaa87,3.21,#817b5c,1.3,#49402f,0.71,#cebb55,0.32,#49402f,0.71,#c4bd9d,3.57,#aeaa87,3.21,#817b5c,1.3,#49402f,0.71,#817b5c,1.3,#979471,3.37,#aeaa87,3.21,#c4bd9d,3.57,#cebb55,0.32,#aeaa87,3.21,#817b5c,1.3,#979471,3.37,#49402f,0.71,#49402f,0.71,#817b5c,1.3,#979471,3.37,#aeaa87,3.21,#c4bd9d,3.57,,Diplotaxis,Diplotaxis tenuifolia
KW_T_423_4_0149L,KW_T_423_4_0149L.tif_segmented.png,797193,2990,3695,#c2bc9d,2.98,#aca88a,2.4,#938f73,1.66,#77735c,1.26,#2a2720,0.87,#c2bc9d,2.98,#2a2720,0.87,#aca88a,2.4,#5b5440,0.51,#938f73,1.66,#5b5440,0.51,#77735c,1.26,#938f73,1.66,#aca88a,2.4,#2a2720,0.87,#2a2720,0.87,#77735c,1.26,#aca88a,2.4,#5b5440,0.51,#938f73,1.66,#5b5440,0.51,#77735c,1.26,#938f73,1.66,#aca88a,2.4,#2a2720,0.87,,Angelica,Angelica sylvestris
KW_T_423_4_0151L,KW_T_423_4_0151L.tif_segmented.png,1107585,2982,3683,#b9b595,4.21,#cdc7ab,2.9,#a79d7c,2.79,#8e8165,1.82,#dacb61,1.43,#dacb61,1.43,#cdc7ab,2.9,#695d46,0.88,#b9b595,4.21,#a79d7c,2.79,#695d46,0.88,#8e8165,1.82,#a79d7c,2.79,#b9b595,4.21,#dacb61,1.43,#dacb61,1.43,#a79d7c,2.79,#b9b595,4.21,#695d46,0.88,#cdc7ab,2.9,#695d46,0.88,#8e8165,1.82,#a79d7c,2.79,#b9b595,4.21,#dacb61,1.43,Caryophyllaceae,Silene,Silene conica
KW_T_423_4_0153L,KW_T_423_4_0153L.tif_segmented.png,324398,2978,3683,#c7c1a3,2.35,#b2aa8a,2.1,#948f70,1.5,#776e55,1.22,#2d2b23,0.82,#c7c1a3,2.35,#2d2b23,0.82,#b2aa8a,2.1,#776e55,1.22,#948f70,1.5,#776e55,1.22,#948f70,1.5,#2d2b23,0.82,#b2aa8a,2.1,#c7c1a3,2.35,#2d2b23,0.82,#776e55,1.22,#b2aa8a,2.1,#948f70,1.5,#c7c1a3,2.35,#776e55,1.22,#948f70,1.5,#2d2b23,0.82,#b2aa8a,2.1,#c7c1a3,2.35,,Potentilla,Potentilla anserina
KW_T_423_4_0155L,KW_T_423_4_0155L.tif_segmented.png,670598,2980,3671,#c7c19e,2.7,#b1aa89,2.61,#807b5b,1.81,#9c956f,1.71,#656146,1.12,#c7c19e,2.7,#2a2720,0.67,#b1aa89,2.61,#656146,1.12,#9c956f,1.71,#2a2720,0.67,#9c956f,1.71,#807b5b,1.81,#b1aa89,2.61,#656146,1.12,#2a2720,0.67,#807b5b,1.81,#9c956f,1.71,#b1aa89,2.61,#c7c19e,2.7,#2a2720,0.67,#9c956f,1.71,#807b5b,1.81,#b1aa89,2.61,#656146,1.12,,Brassica,Brassica napus
KW_T_423_4_0157L,KW_T_423_4_0157L.tif_segmented.png,807243,2978,3687,#86765c,2.43,#70604a,2.37,#c4bd9e,2.28,#9b8e6f,1.98,#b1aa89,1.88,#c4bd9e,2.28,#322d24,0.52,#70604a,2.37,#b1aa89,1.88,#86765c,2.43,#322d24,0.52,#9b8e6f,1.98,#86765c,2.43,#70604a,2.37,#b1aa89,1.88,#322d24,0.52,#b1aa89,1.88,#70604a,2.37,#86765c,2.43,#c4bd9e,2.28,#322d24,0.52,#9b8e6f,1.98,#86765c,2.43,#70604a,2.37,#b1aa89,1.88,,Vicia,Vicia sepium
KW_T_423_4_0159L,KW_T_423_4_0159L.tif_segmented.png,1078576,2970,3671,#c8c1a2,3.03,#625e4b,2.88,#b1ab8c,2.84,#968f77,2.48,#7b7561,2.37,#c8c1a2,3.03,#27241d,0.65,#b1ab8c,2.84,#625e4b,2.88,#968f77,2.48,#625e4b,2.88,#7b7561,2.37,#968f77,2.48,#b1ab8c,2.84,#27241d,0.65,#27241d,0.65,#7b7561,2.37,#b1ab8c,2.84,#625e4b,2.88,#c8c1a2,3.03,#625e4b,2.88,#7b7561,2.37,#968f77,2.48,#b1ab8c,2.84,#27241d,0.65,,Impatiens,Impatiens noli-tangere
KW_T_423_4_0161L,KW_T_423_4_0161L.tif_segmented.png,1218841,2958,3683,#c6c09e,3.24,#6d6d57,2.86,#adaa86,2.77,#7e7f66,2.73,#959574,2.43,#c6c09e,3.24,#adaa86,2.77,#5c5844,1.24,#6d6d57,2.86,#959574,2.43,#5c5844,1.24,#7e7f66,2.73,#6d6d57,2.86,#959574,2.43,#adaa86,2.77,#7e7f66,2.73,#adaa86,2.77,#959574,2.43,#c6c09e,3.24,#5c5844,1.24,#5c5844,1.24,#7e7f66,2.73,#6d6d57,2.86,#959574,2.43,#adaa86,2.77,,Chenopodium,Chenopodium polyspermum
KW_T_423_4_0163L,KW_T_423_4_0163L.tif_segmented.png,2263495,2941,3687,#b8b993,4.57,#a4a182,4.18,#75755e,4.13,#61604c,3.68,#8c8b70,3.33,#b8b993,4.57,#302d25,0.47,#a4a182,4.18,#61604c,3.68,#75755e,4.13,#61604c,3.68,#75755e,4.13,#8c8b70,3.33,#302d25,0.47,#a4a182,4.18,#302d25,0.47,#b8b993,4.57,#a4a182,4.18,#75755e,4.13,#8c8b70,3.33,#61604c,3.68,#75755e,4.13,#8c8b70,3.33,#302d25,0.47,#a4a182,4.18,,Petrorhagia,Petrorhagia prolifera
KW_T_423_4_0165L,KW_T_423_4_0165L.tif_segmented.png,591009,2929,3655,#b7b090,2.27,#9b957a,1.92,#d0c8aa,1.89,#827d66,1.83,#676453,1.23,#d0c8aa,1.89,#28241d,0.52,#b7b090,2.27,#9b957a,1.92,#676453,1.23,#676453,1.23,#827d66,1.83,#9b957a,1.92,#b7b090,2.27,#28241d,0.52,#28241d,0.52,#827d66,1.83,#676453,1.23,#b7b090,2.27,#d0c8aa,1.89,#676453,1.23,#827d66,1.83,#9b957a,1.92,#b7b090,2.27,#28241d,0.52,,Melilotus,Melilotus officinalis
KW_T_423_4_0167L,KW_T_423_4_0167L.tif_segmented.png,1666079,2921,3651,#999b7e,3.79,#aaac91,3.32,#6a6e59,3.09,#858a6f,3.07,#c3be9f,1.93,#c3be9f,1.93,#535744,1.2,#aaac91,3.32,#999b7e,3.79,#6a6e59,3.09,#999b7e,3.79,#aaac91,3.32,#858a6f,3.07,#6a6e59,3.09,#535744,1.2,#858a6f,3.07,#999b7e,3.79,#aaac91,3.32,#6a6e59,3.09,#c3be9f,1.93,#999b7e,3.79,#aaac91,3.32,#858a6f,3.07,#6a6e59,3.09,#535744,1.2,Fabaceae,Trifolium,Trifolium campestre
KW_T_423_5_0010R,KW_T_423_5_0010R.tif_segmented.png,1512772,2921,3671,#c0bb9e,2.9,#8f8a72,2.81,#b4a887,2.8,#767662,2.52,#9da28c,2.28,#c0bb9e,2.9,#b4a887,2.8,#615c4b,0.91,#8f8a72,2.81,#767662,2.52,#615c4b,0.91,#767662,2.52,#8f8a72,2.81,#9da28c,2.28,#b4a887,2.8,#9da28c,2.28,#767662,2.52,#b4a887,2.8,#615c4b,0.91,#8f8a72,2.81,#615c4b,0.91,#767662,2.52,#8f8a72,2.81,#9da28c,2.28,#b4a887,2.8,Apiaceae,Torilis,Torilis japonica
KW_T_423_5_0012R,KW_T_423_5_0012R.tif_segmented.png,165684,2921,3647,#ccc2a1,1.82,#b9ad8e,1.76,#9b8d70,0.74,#776853,0.5,#2e291f,0.41,#ccc2a1,1.82,#2e291f,0.41,#b9ad8e,1.76,#776853,0.5,#9b8d70,0.74,#776853,0.5,#9b8d70,0.74,#2e291f,0.41,#b9ad8e,1.76,#ccc2a1,1.82,#2e291f,0.41,#776853,0.5,#ccc2a1,1.82,#b9ad8e,1.76,#9b8d70,0.74,#776853,0.5,#9b8d70,0.74,#2e291f,0.41,#b9ad8e,1.76,#ccc2a1,1.82,,Saxifraga,Saxifraga tridactylites
KW_T_423_5_0014R,KW_T_423_5_0014R.tif_segmented.png,1296065,2927,3655,#c9c29b,3.27,#b3af8c,2.96,#9c9a79,2.29,#7f7760,1.0,#2b271f,0.42,#c9c29b,3.27,#2b271f,0.42,#b3af8c,2.96,#9c9a79,2.29,#7f7760,1.0,#7f7760,1.0,#2b271f,0.42,#9c9a79,2.29,#b3af8c,2.96,#c9c29b,3.27,#2b271f,0.42,#c9c29b,3.27,#7f7760,1.0,#b3af8c,2.96,#9c9a79,2.29,#7f7760,1.0,#2b271f,0.42,#9c9a79,2.29,#b3af8c,2.96,#c9c29b,3.27,,Thalictrum,Thalictrum flavum
KW_T_423_5_0016R,KW_T_423_5_0016R.tif_segmented.png,1534734,2935,3639,#82846b,3.23,#aaab90,3.1,#c2ba9d,3.04,#98967d,2.93,#726a52,0.74,#c2ba9d,3.04,#726a52,0.74,#aaab90,3.1,#82846b,3.23,#98967d,2.93,#726a52,0.74,#82846b,3.23,#98967d,2.93,#aaab90,3.1,#c2ba9d,3.04,#82846b,3.23,#aaab90,3.1,#726a52,0.74,#98967d,2.93,#c2ba9d,3.04,#726a52,0.74,#82846b,3.23,#98967d,2.93,#aaab90,3.1,#c2ba9d,3.04,Fabaceae,Trifolium,Trifolium pratense
KW_T_423_5_0018R,KW_T_423_5_0018R.tif_segmented.png,468228,2941,3639,#c9c5a6,3.81,#b7b292,2.78,#9d977c,1.7,#9aa3ac,1.03,#73787b,0.94,#c9c5a6,3.81,#343026,0.51,#b7b292,2.78,#9d977c,1.7,#9aa3ac,1.03,#343026,0.51,#73787b,0.94,#9aa3ac,1.03,#9d977c,1.7,#b7b292,2.78,#343026,0.51,#9aa3ac,1.03,#c9c5a6,3.81,#b7b292,2.78,#9d977c,1.7,#343026,0.51,#73787b,0.94,#9aa3ac,1.03,#9d977c,1.7,#b7b292,2.78,,Centaurea,Centaurea cyanus
KW_T_423_5_0020R,KW_T_423_5_0020R.tif_segmented.png,2290786,2945,3631,#b6bc99,6.98,#a7ae8f,5.49,#93987f,3.58,#7e846e,2.86,#ccc5a8,2.43,#ccc5a8,2.43,#b6bc99,6.98,#a7ae8f,5.49,#696b5a,1.8,#7e846e,2.86,#696b5a,1.8,#7e846e,2.86,#b6bc99,6.98,#a7ae8f,5.49,#93987f,3.58,#a7ae8f,5.49,#b6bc99,6.98,#7e846e,2.86,#93987f,3.58,#696b5a,1.8,#696b5a,1.8,#7e846e,2.86,#b6bc99,6.98,#a7ae8f,5.49,#93987f,3.58,,Hyoscyamus,Hyoscyamus niger
KW_T_423_5_0022R,KW_T_423_5_0022R.tif_segmented.png,502819,2952,3631,#cac2a4,3.01,#bab294,2.17,#a19779,1.28,#312d24,0.62,#83775c,0.62,#cac2a4,3.01,#312d24,0.62,#bab294,2.17,#83775c,0.62,#a19779,1.28,#312d24,0.62,#83775c,0.62,#a19779,1.28,#bab294,2.17,#cac2a4,3.01,#312d24,0.62,#83775c,0.62,#cac2a4,3.01,#bab294,2.17,#a19779,1.28,#312d24,0.62,#83775c,0.62,#a19779,1.28,#bab294,2.17,#cac2a4,3.01,,Lobelia,Lobelia dortmanna
KW_T_423_5_0024R,KW_T_423_5_0024R.tif_segmented.png,746229,2960,3631,#b2b088,2.47,#c9bf9e,2.14,#999a74,1.88,#7d7c61,1.5,#2a261e,0.5,#2a261e,0.5,#c9bf9e,2.14,#b2b088,2.47,#999a74,1.88,#7d7c61,1.5,#2a261e,0.5,#7d7c61,1.5,#999a74,1.88,#b2b088,2.47,#c9bf9e,2.14,#2a261e,0.5,#b2b088,2.47,#7d7c61,1.5,#999a74,1.88,#c9bf9e,2.14,#2a261e,0.5,#7d7c61,1.5,#999a74,1.88,#b2b088,2.47,#c9bf9e,2.14,,Ranunculus,Ranunculus hederaceus
KW_T_423_5_0026R,KW_T_423_5_0026R.tif_segmented.png,1426712,2962,3627,#9da387,4.61,#b9b798,3.44,#85876f,2.25,#6c6d59,1.59,#ded568,0.54,#ded568,0.54,#b9b798,3.44,#9da387,4.61,#6c6d59,1.59,#85876f,2.25,#6c6d59,1.59,#85876f,2.25,#9da387,4.61,#b9b798,3.44,#ded568,0.54,#ded568,0.54,#9da387,4.61,#85876f,2.25,#b9b798,3.44,#6c6d59,1.59,#6c6d59,1.59,#85876f,2.25,#9da387,4.61,#b9b798,3.44,#ded568,0.54,,Mycelis,Mycelis muralis
KW_T_423_5_0028R,KW_T_423_5_0028R.tif_segmented.png,1558349,2960,3627,#ccc6a4,4.55,#9da78a,4.29,#b4b596,3.48,#8c9378,2.2,#72755f,1.12,#ccc6a4,4.55,#2e2a22,0.56,#b4b596,3.48,#9da78a,4.29,#72755f,1.12,#2e2a22,0.56,#72755f,1.12,#b4b596,3.48,#8c9378,2.2,#9da78a,4.29,#2e2a22,0.56,#9da78a,4.29,#8c9378,2.2,#ccc6a4,4.55,#72755f,1.12,#2e2a22,0.56,#72755f,1.12,#b4b596,3.48,#8c9378,2.2,#9da78a,4.29,,Urtica,Urtica urens
KW_T_423_5_0030L,KW_T_423_5_0030L.tif_segmented.png,1490016,2972,3651,#75745b,3.96,#8e8d6d,3.8,#aaa87b,3.21,#c5bd9b,2.81,#5a5a47,1.74,#decd6d,1.14,#c5bd9b,2.81,#aaa87b,3.21,#5a5a47,1.74,#75745b,3.96,#decd6d,1.14,#aaa87b,3.21,#5a5a47,1.74,#75745b,3.96,#8e8d6d,3.8,#decd6d,1.14,#aaa87b,3.21,#8e8d6d,3.8,#75745b,3.96,#c5bd9b,2.81,#decd6d,1.14,#aaa87b,3.21,#5a5a47,1.74,#75745b,3.96,#8e8d6d,3.8,,Nymphoides,Nymphoides peltata
KW_T_423_5_0032L,KW_T_423_5_0032L.tif_segmented.png,1651986,2966,3631,#cbc4a2,4.08,#b6b690,3.48,#9ea082,3.01,#6f7561,2.96,#868c74,2.92,#cbc4a2,4.08,#b6b690,3.48,#565e4d,2.09,#9ea082,3.01,#6f7561,2.96,#868c74,2.92,#9ea082,3.01,#6f7561,2.96,#565e4d,2.09,#b6b690,3.48,#868c74,2.92,#b6b690,3.48,#9ea082,3.01,#6f7561,2.96,#cbc4a2,4.08,#868c74,2.92,#9ea082,3.01,#6f7561,2.96,#565e4d,2.09,#b6b690,3.48,,Chenopodium,Chenopodium hybridum
KW_T_423_5_0034L,KW_T_423_5_0034L.tif_segmented.png,1521575,2978,3663,#75775f,4.07,#ccc4a4,3.92,#89896e,2.82,#9f9e81,2.73,#b8b090,2.68,#ccc4a4,3.92,#b8b090,2.68,#646550,2.32,#75775f,4.07,#9f9e81,2.73,#9f9e81,2.73,#89896e,2.82,#b8b090,2.68,#75775f,4.07,#646550,2.32,#75775f,4.07,#9f9e81,2.73,#89896e,2.82,#ccc4a4,3.92,#b8b090,2.68,#9f9e81,2.73,#89896e,2.82,#b8b090,2.68,#75775f,4.07,#646550,2.32,,Galeopsis,Galeopsis tetrahit
KW_T_423_5_0036L,KW_T_423_5_0036L.tif_segmented.png,1401991,2982,3671,#c6bd9f,3.87,#afa98b,3.49,#949178,2.76,#787661,1.87,#2d2922,0.68,#dbd482,0.57,#2d2922,0.68,#c6bd9f,3.87,#afa98b,3.49,#787661,1.87,#787661,1.87,#949178,2.76,#2d2922,0.68,#afa98b,3.49,#c6bd9f,3.87,#dbd482,0.57,#2d2922,0.68,#787661,1.87,#afa98b,3.49,#949178,2.76,#787661,1.87,#949178,2.76,#2d2922,0.68,#afa98b,3.49,#c6bd9f,3.87,,Artemisia,Artemisia vulgaris
KW_T_423_5_0038L,KW_T_423_5_0038L.tif_segmented.png,1294900,2986,3671,#bbb690,3.77,#cbc4a1,3.65,#a7a47a,2.57,#8f8664,1.2,#2e2a23,0.63,#cbc4a1,3.65,#2e2a23,0.63,#bbb690,3.77,#a7a47a,2.57,#8f8664,1.2,#8f8664,1.2,#2e2a23,0.63,#a7a47a,2.57,#bbb690,3.77,#cbc4a1,3.65,#2e2a23,0.63,#a7a47a,2.57,#bbb690,3.77,#cbc4a1,3.65,#8f8664,1.2,#8f8664,1.2,#2e2a23,0.63,#a7a47a,2.57,#bbb690,3.77,#cbc4a1,3.65,,Myriophyllum,Myriophyllum verticillatum
KW_T_423_5_0040L,KW_T_423_5_0040L.tif_segmented.png,3864365,2980,3643,#d0c9aa,7.73,#999a7c,7.42,#b9b290,6.83,#7b7f6a,6.32,#e2d26b,5.03,#e2d26b,5.03,#c7a959,1.53,#d0c9aa,7.73,#b9b290,6.83,#999a7c,7.42,#b9b290,6.83,#999a7c,7.42,#606254,3.74,#7b7f6a,6.32,#c7a959,1.53,#e2d26b,5.03,#c7a959,1.53,#7b7f6a,6.32,#999a7c,7.42,#d0c9aa,7.73,#b9b290,6.83,#999a7c,7.42,#606254,3.74,#7b7f6a,6.32,#c7a959,1.53,,Iris,Iris pseudacorus
KW_T_423_5_0042L,KW_T_423_5_0042L.tif_segmented.png,1389440,2939,3643,#9da184,4.67,#b5b593,3.48,#ccc7a8,3.04,#82866d,2.52,#6a6b58,0.91,#ccc7a8,3.04,#2a2720,0.63,#b5b593,3.48,#9da184,4.67,#82866d,2.52,#2a2720,0.63,#6a6b58,0.91,#82866d,2.52,#9da184,4.67,#b5b593,3.48,#2a2720,0.63,#9da184,4.67,#82866d,2.52,#b5b593,3.48,#ccc7a8,3.04,#2a2720,0.63,#6a6b58,0.91,#82866d,2.52,#9da184,4.67,#b5b593,3.48,,Chenopodium,Chenopodium glaucum
KW_T_423_5_0044L,KW_T_423_5_0044L.tif_segmented.png,671630,2944,3647,#c5bb9c,2.64,#ada887,2.55,#989575,1.48,#7a7a5d,1.26,#312c23,0.53,#312c23,0.53,#c5bb9c,2.64,#ada887,2.55,#7a7a5d,1.26,#989575,1.48,#312c23,0.53,#7a7a5d,1.26,#989575,1.48,#ada887,2.55,#c5bb9c,2.64,#312c23,0.53,#ada887,2.55,#7a7a5d,1.26,#989575,1.48,#c5bb9c,2.64,#312c23,0.53,#7a7a5d,1.26,#989575,1.48,#ada887,2.55,#c5bb9c,2.64,,Epilobium,Epilobium montanum
KW_T_423_5_0046L,KW_T_423_5_0046L.tif_segmented.png,1625987,2948,3643,#7a7d6b,3.62,#c6c09f,3.61,#b0a98a,3.29,#939477,3.23,#656450,1.41,#c6c09f,3.61,#b0a98a,3.29,#656450,1.41,#939477,3.23,#8f949f,0.9,#656450,1.41,#939477,3.23,#7a7d6b,3.62,#b0a98a,3.29,#8f949f,0.9,#7a7d6b,3.62,#939477,3.23,#b0a98a,3.29,#c6c09f,3.61,#8f949f,0.9,#656450,1.41,#939477,3.23,#7a7d6b,3.62,#b0a98a,3.29,#8f949f,0.9,,Geranium,Geranium pratense
KW_T_423_5_0048L,KW_T_423_5_0048L.tif_segmented.png,418228,2956,3663,#d3caac,2.36,#c2b795,2.17,#ada486,1.42,#929074,1.19,#7b7056,0.73,#d3caac,2.36,#2f2c24,0.59,#c2b795,2.17,#7b7056,0.73,#ada486,1.42,#7b7056,0.73,#929074,1.19,#2f2c24,0.59,#ada486,1.42,#c2b795,2.17,#2f2c24,0.59,#7b7056,0.73,#ada486,1.42,#929074,1.19,#d3caac,2.36,#7b7056,0.73,#929074,1.19,#2f2c24,0.59,#ada486,1.42,#c2b795,2.17,,Littorella,Littorella uniflora
KW_T_423_5_0050L,KW_T_423_5_0050L.tif_segmented.png,751746,2958,3655,#d0c6a8,2.76,#bab390,2.29,#878563,2.21,#a49e78,2.16,#6a684d,1.82,#d0c6a8,2.76,#2d2a22,0.66,#bab390,2.29,#a49e78,2.16,#6a684d,1.82,#2d2a22,0.66,#6a684d,1.82,#878563,2.21,#a49e78,2.16,#bab390,2.29,#2d2a22,0.66,#a49e78,2.16,#878563,2.21,#bab390,2.29,#d0c6a8,2.76,#2d2a22,0.66,#6a684d,1.82,#878563,2.21,#a49e78,2.16,#bab390,2.29,Plantaginaceae,Veronica,Veronica hederifolia
KW_T_423_5_0052L,KW_T_423_5_0052L.tif_segmented.png,2079888,2964,3667,#a2a388,4.46,#c1b99a,4.12,#75735e,3.31,#8f8c70,3.0,#5e5c4b,2.57,#d9ca63,0.91,#c1b99a,4.12,#5e5c4b,2.57,#a2a388,4.46,#75735e,3.31,#5e5c4b,2.57,#75735e,3.31,#8f8c70,3.0,#a2a388,4.46,#d9ca63,0.91,#d9ca63,0.91,#a2a388,4.46,#75735e,3.31,#8f8c70,3.0,#5e5c4b,2.57,#5e5c4b,2.57,#75735e,3.31,#8f8c70,3.0,#a2a388,4.46,#d9ca63,0.91,,Tragopogon,Tragopogon pratensis subsp. pratensis
KW_T_423_5_0054L,KW_T_423_5_0054L.tif_segmented.png,1495556,2970,3655,#c3bd9c,3.49,#b2a98b,3.09,#d4ccae,3.0,#7c7863,2.67,#969179,2.46,#d4ccae,3.0,#c3bd9c,3.49,#b2a98b,3.09,#63604e,1.24,#7c7863,2.67,#63604e,1.24,#7c7863,2.67,#969179,2.46,#b2a98b,3.09,#c3bd9c,3.49,#7c7863,2.67,#d4ccae,3.0,#b2a98b,3.09,#63604e,1.24,#c3bd9c,3.49,#63604e,1.24,#7c7863,2.67,#969179,2.46,#b2a98b,3.09,#c3bd9c,3.49,Asteraceae,Cirsium,Cirsium arvense
KW_T_423_5_0056L,KW_T_423_5_0056L.tif_segmented.png,1211189,2970,3655,#d1c8ab,3.78,#bbb291,3.28,#9b9979,2.67,#686450,2.48,#837e64,2.48,#ded464,1.02,#d1c8ab,3.78,#292720,0.73,#bbb291,3.28,#686450,2.48,#686450,2.48,#837e64,2.48,#292720,0.73,#9b9979,2.67,#ded464,1.02,#ded464,1.02,#292720,0.73,#837e64,2.48,#9b9979,2.67,#686450,2.48,#686450,2.48,#837e64,2.48,#292720,0.73,#9b9979,2.67,#ded464,1.02,,Solidago,Solidago virgaurea
KW_T_423_5_0058L,KW_T_423_5_0058L.tif_segmented.png,2215370,2978,3655,#8b9077,5.61,#777963,4.4,#9fa184,3.92,#cdc4a1,3.73,#bab18f,3.53,#cdc4a1,3.73,#bab18f,3.53,#616451,2.92,#9fa184,3.92,#8b9077,5.61,#616451,2.92,#bab18f,3.53,#777963,4.4,#8b9077,5.61,#9fa184,3.92,#9fa184,3.92,#8b9077,5.61,#777963,4.4,#cdc4a1,3.73,#bab18f,3.53,#616451,2.92,#bab18f,3.53,#777963,4.4,#8b9077,5.61,#9fa184,3.92,,Corylus,Corylus avellana
KW_T_423_5_0060L,KW_T_423_5_0060L.tif_segmented.png,499357,2982,3663,#b7af8c,2.89,#cbc2a3,2.76,#a19872,1.55,#837e5d,1.27,#6a6247,1.02,#cbc2a3,2.76,#2b2821,0.75,#b7af8c,2.89,#6a6247,1.02,#a19872,1.55,#6a6247,1.02,#837e5d,1.27,#a19872,1.55,#2b2821,0.75,#b7af8c,2.89,#2b2821,0.75,#837e5d,1.27,#a19872,1.55,#b7af8c,2.89,#6a6247,1.02,#6a6247,1.02,#837e5d,1.27,#a19872,1.55,#2b2821,0.75,#b7af8c,2.89,,Cruciata,Cruciata laevipes
KW_T_423_5_0062L,KW_T_423_5_0062L.tif_segmented.png,838873,2990,3683,#b6ae90,2.94,#c9c1a3,2.75,#a09a79,2.04,#75715c,1.78,#838984,1.61,#c9c1a3,2.75,#b6ae90,2.94,#a09a79,2.04,#75715c,1.78,#52544e,1.44,#75715c,1.78,#52544e,1.44,#838984,1.61,#a09a79,2.04,#b6ae90,2.94,#75715c,1.78,#52544e,1.44,#a09a79,2.04,#b6ae90,2.94,#c9c1a3,2.75,#75715c,1.78,#52544e,1.44,#838984,1.61,#a09a79,2.04,#b6ae90,2.94,,Gentiana,Gentiana pneumonanthe
KW_T_423_5_0064L,KW_T_423_5_0064L.tif_segmented.png,1344156,2988,3663,#c2bf98,5.36,#9a9675,4.95,#afaa89,4.81,#847f61,4.09,#6c654d,2.09,#c2bf98,5.36,#2d2a22,0.79,#afaa89,4.81,#6c654d,2.09,#9a9675,4.95,#2d2a22,0.79,#6c654d,2.09,#847f61,4.09,#9a9675,4.95,#afaa89,4.81,#2d2a22,0.79,#c2bf98,5.36,#847f61,4.09,#afaa89,4.81,#9a9675,4.95,#2d2a22,0.79,#6c654d,2.09,#847f61,4.09,#9a9675,4.95,#afaa89,4.81,,Pastinaca,Pastinaca sativa subsp. sativa
KW_T_423_5_0066L,KW_T_423_5_0066L.tif_segmented.png,1234099,2988,3655,#b4ac8e,3.31,#c8c2a4,2.85,#9e977b,2.36,#897f65,1.56,#6e604a,0.93,#c8c2a4,2.85,#2a2621,0.68,#b4ac8e,3.31,#6e604a,0.93,#9e977b,2.36,#6e604a,0.93,#897f65,1.56,#2a2621,0.68,#9e977b,2.36,#b4ac8e,3.31,#2a2621,0.68,#6e604a,0.93,#897f65,1.56,#b4ac8e,3.31,#c8c2a4,2.85,#6e604a,0.93,#897f65,1.56,#2a2621,0.68,#9e977b,2.36,#b4ac8e,3.31,,Juncus,Juncus articulatus
KW_T_423_5_0068L,KW_T_423_5_0068L.tif_segmented.png,1720056,2992,3659,#b4b491,5.63,#cbc7aa,4.13,#a0a07c,4.01,#8a8867,3.82,#726f52,2.7,#d8c861,0.63,#cbc7aa,4.13,#302c25,0.77,#b4b491,5.63,#726f52,2.7,#302c25,0.77,#726f52,2.7,#8a8867,3.82,#a0a07c,4.01,#b4b491,5.63,#d8c861,0.63,#302c25,0.77,#a0a07c,4.01,#b4b491,5.63,#8a8867,3.82,#302c25,0.77,#726f52,2.7,#8a8867,3.82,#a0a07c,4.01,#b4b491,5.63,Asteraceae,Hypochaeris,Hypochaeris radicata
KW_T_423_5_0070L,KW_T_423_5_0070L.tif_segmented.png,1126307,2992,3683,#bab190,3.11,#a49b7a,2.33,#8c8365,1.92,#ccc4a8,1.8,#74684e,1.44,#ccc4a8,1.8,#2e2a24,0.73,#bab190,3.11,#74684e,1.44,#a49b7a,2.33,#74684e,1.44,#8c8365,1.92,#a49b7a,2.33,#bab190,3.11,#2e2a24,0.73,#2e2a24,0.73,#74684e,1.44,#a49b7a,2.33,#8c8365,1.92,#bab190,3.11,#74684e,1.44,#8c8365,1.92,#a49b7a,2.33,#bab190,3.11,#2e2a24,0.73,,Bassia,Bassia hirsuta
KW_T_423_5_0072L,KW_T_423_5_0072L.tif_segmented.png,1511091,2995,3655,#bab394,3.9,#a8a083,2.93,#928a6d,2.81,#79745c,2.59,#665f49,1.82,#bab394,3.9,#665f49,1.82,#a8a083,2.93,#79745c,2.59,#928a6d,2.81,#665f49,1.82,#79745c,2.59,#928a6d,2.81,#a8a083,2.93,#bab394,3.9,#79745c,2.59,#a8a083,2.93,#665f49,1.82,#bab394,3.9,#928a6d,2.81,#665f49,1.82,#79745c,2.59,#928a6d,2.81,#a8a083,2.93,#bab394,3.9,,Atriplex,Atriplex littoralis
KW_T_423_5_0074L,KW_T_423_5_0074L.tif_segmented.png,711387,2995,3679,#b3ab89,3.19,#c7bf9d,3.02,#a09772,2.16,#8b7f5e,1.48,#2a2720,0.86,#c7bf9d,3.02,#2a2720,0.86,#756242,0.75,#b3ab89,3.19,#a09772,2.16,#756242,0.75,#8b7f5e,1.48,#a09772,2.16,#2a2720,0.86,#b3ab89,3.19,#2a2720,0.86,#b3ab89,3.19,#a09772,2.16,#c7bf9d,3.02,#8b7f5e,1.48,#756242,0.75,#8b7f5e,1.48,#a09772,2.16,#2a2720,0.86,#b3ab89,3.19,,Juncus,Juncus compressus
KW_T_423_5_0076L,KW_T_423_5_0076L.tif_segmented.png,770058,2997,3647,#b7ae8e,3.51,#cbc4a8,3.02,#9f9473,2.33,#867b5d,1.61,#706449,1.25,#cbc4a8,3.02,#2a2721,0.75,#b7ae8e,3.51,#706449,1.25,#9f9473,2.33,#706449,1.25,#867b5d,1.61,#2a2721,0.75,#9f9473,2.33,#b7ae8e,3.51,#2a2721,0.75,#706449,1.25,#867b5d,1.61,#b7ae8e,3.51,#9f9473,2.33,#706449,1.25,#867b5d,1.61,#2a2721,0.75,#9f9473,2.33,#b7ae8e,3.51,,Spergularia,Spergularia media
KW_T_423_5_0078L,KW_T_423_5_0078L.tif_segmented.png,1572635,2956,3655,#7c7c65,3.42,#b3ac92,3.25,#96957b,2.93,#c6bfa5,2.9,#605f4d,2.62,#c6bfa5,2.9,#2d2a23,0.84,#b3ac92,3.25,#605f4d,2.62,#96957b,2.93,#2d2a23,0.84,#605f4d,2.62,#7c7c65,3.42,#96957b,2.93,#b3ac92,3.25,#2d2a23,0.84,#7c7c65,3.42,#96957b,2.93,#605f4d,2.62,#b3ac92,3.25,#2d2a23,0.84,#605f4d,2.62,#7c7c65,3.42,#96957b,2.93,#b3ac92,3.25,,Symphyotrichum,Symphyotrichum puniceum
KW_T_423_5_0080L,KW_T_423_5_0080L.tif_segmented.png,538487,2964,3655,#b8b394,2.22,#cbc5a9,2.03,#a4a080,1.85,#89876b,1.61,#6e6a53,0.88,#cbc5a9,2.03,#2e2a24,0.75,#b8b394,2.22,#a4a080,1.85,#6e6a53,0.88,#6e6a53,0.88,#89876b,1.61,#a4a080,1.85,#2e2a24,0.75,#b8b394,2.22,#2e2a24,0.75,#a4a080,1.85,#89876b,1.61,#6e6a53,0.88,#b8b394,2.22,#6e6a53,0.88,#89876b,1.61,#a4a080,1.85,#2e2a24,0.75,#b8b394,2.22,,Salicornia,Salicornia europaea
KW_T_423_5_0082L,KW_T_423_5_0082L.tif_segmented.png,284382,2966,3647,#bcb897,3.68,#ccc8a8,3.33,#aca484,1.91,#91896c,1.56,#746b53,0.71,#ccc8a8,3.33,#2d2922,0.62,#bcb897,3.68,#aca484,1.91,#746b53,0.71,#746b53,0.71,#91896c,1.56,#2d2922,0.62,#aca484,1.91,#bcb897,3.68,#2d2922,0.62,#aca484,1.91,#746b53,0.71,#ccc8a8,3.33,#bcb897,3.68,#746b53,0.71,#91896c,1.56,#2d2922,0.62,#aca484,1.91,#bcb897,3.68,,Hordeum,Hordeum murinum
KW_T_423_5_0084L,KW_T_423_5_0084L.tif_segmented.png,479859,2970,3647,#b8b293,2.4,#a7a082,1.92,#cbc4a7,1.81,#91896e,1.42,#786b51,1.12,#cbc4a7,1.81,#2c2a23,0.76,#b8b293,2.4,#786b51,1.12,#a7a082,1.92,#786b51,1.12,#91896e,1.42,#a7a082,1.92,#2c2a23,0.76,#b8b293,2.4,#2c2a23,0.76,#786b51,1.12,#a7a082,1.92,#b8b293,2.4,#cbc4a7,1.81,#786b51,1.12,#91896e,1.42,#a7a082,1.92,#2c2a23,0.76,#b8b293,2.4,,Hordeum,Hordeum secalinum
KW_T_423_5_0086L,KW_T_423_5_0086L.tif_segmented.png,626336,2978,3655,#d2cbab,2.83,#beb695,2.66,#a79f80,2.32,#8c8366,1.66,#6c6047,0.78,#d2cbab,2.83,#2a2722,0.75,#beb695,2.66,#6c6047,0.78,#a79f80,2.32,#6c6047,0.78,#8c8366,1.66,#a79f80,2.32,#2a2722,0.75,#beb695,2.66,#2a2722,0.75,#d2cbab,2.83,#6c6047,0.78,#a79f80,2.32,#8c8366,1.66,#6c6047,0.78,#8c8366,1.66,#a79f80,2.32,#2a2722,0.75,#beb695,2.66,,Hordeum,Hordeum marinum
KW_T_423_5_0088L,KW_T_423_5_0088L.tif_segmented.png,1092742,2982,3659,#969278,2.82,#b3ab8e,2.67,#797863,2.56,#cbc4a3,2.14,#615e4e,2.01,#cbc4a3,2.14,#b3ab8e,2.67,#35322c,0.7,#969278,2.82,#615e4e,2.01,#615e4e,2.01,#797863,2.56,#35322c,0.7,#969278,2.82,#b3ab8e,2.67,#35322c,0.7,#797863,2.56,#615e4e,2.01,#cbc4a3,2.14,#b3ab8e,2.67,#615e4e,2.01,#797863,2.56,#35322c,0.7,#969278,2.82,#b3ab8e,2.67,Asteraceae,Inula,Inula conyzae
KW_T_423_5_0090L,KW_T_423_5_0090L.tif_segmented.png,2586962,2976,3639,#bcb698,2.94,#cfc9b3,2.75,#a59f82,2.72,#8f8a6e,2.51,#7a6f54,1.06,#cfc9b3,2.75,#302c25,0.7,#bcb698,2.94,#7a6f54,1.06,#a59f82,2.72,#7a6f54,1.06,#8f8a6e,2.51,#302c25,0.7,#a59f82,2.72,#bcb698,2.94,#302c25,0.7,#7a6f54,1.06,#a59f82,2.72,#8f8a6e,2.51,#bcb698,2.94,#7a6f54,1.06,#8f8a6e,2.51,#302c25,0.7,#a59f82,2.72,#bcb698,2.94,,Ruppia,Ruppia maritima
KW_T_423_5_0092L,KW_T_423_5_0092L.tif_segmented.png,1018627,2982,3635,#bbb595,2.75,#ccc7a7,2.44,#a7a284,2.12,#928a6d,1.74,#736750,1.45,#ccc7a7,2.44,#2c2822,0.83,#bbb595,2.75,#736750,1.45,#a7a284,2.12,#736750,1.45,#928a6d,1.74,#2c2822,0.83,#a7a284,2.12,#bbb595,2.75,#2c2822,0.83,#736750,1.45,#a7a284,2.12,#ccc7a7,2.44,#bbb595,2.75,#736750,1.45,#928a6d,1.74,#2c2822,0.83,#a7a284,2.12,#bbb595,2.75,,Ornithogalum,Ornithogalum umbellatum
KW_T_423_5_0094L,KW_T_423_5_0094L.tif_segmented.png,788150,2982,3639,#a6a17b,2.54,#cfc7ad,2.48,#706c54,2.43,#8e8969,2.35,#bab194,2.28,#cfc7ad,2.48,#332f27,0.72,#bab194,2.28,#a6a17b,2.54,#706c54,2.43,#706c54,2.43,#8e8969,2.35,#332f27,0.72,#a6a17b,2.54,#bab194,2.28,#332f27,0.72,#a6a17b,2.54,#8e8969,2.35,#706c54,2.43,#cfc7ad,2.48,#706c54,2.43,#8e8969,2.35,#332f27,0.72,#a6a17b,2.54,#bab194,2.28,,Epilobium,Epilobium palustre
KW_T_423_5_0096L,KW_T_423_5_0096L.tif_segmented.png,1244150,2988,3639,#aaa57a,3.32,#beb695,2.79,#7a7453,2.74,#938c66,2.67,#5d5941,1.89,#dfd977,0.66,#beb695,2.79,#5d5941,1.89,#aaa57a,3.32,#7a7453,2.74,#5d5941,1.89,#7a7453,2.74,#938c66,2.67,#aaa57a,3.32,#beb695,2.79,#dfd977,0.66,#aaa57a,3.32,#7a7453,2.74,#938c66,2.67,#beb695,2.79,#5d5941,1.89,#7a7453,2.74,#938c66,2.67,#aaa57a,3.32,#beb695,2.79,Asteraceae,Crepis,Crepis biennis
KW_T_423_5_0098L,KW_T_423_5_0098L.tif_segmented.png,1301443,3003,3631,#c9c39f,2.92,#998e74,2.67,#7f745f,2.66,#b4aa8b,2.58,#685b4b,1.79,#c9c39f,2.92,#b4aa8b,2.58,#4c4037,1.14,#685b4b,1.79,#998e74,2.67,#685b4b,1.79,#7f745f,2.66,#4c4037,1.14,#998e74,2.67,#b4aa8b,2.58,#7f745f,2.66,#4c4037,1.14,#c9c39f,2.92,#b4aa8b,2.58,#685b4b,1.79,#685b4b,1.79,#7f745f,2.66,#4c4037,1.14,#998e74,2.67,#b4aa8b,2.58,Cyperaceae,Carex,Carex riparia/acutiformis
KW_T_423_5_0100L,KW_T_423_5_0100L.tif_segmented.png,847797,3009,3639,#b6b294,2.4,#9a987e,2.05,#7f7e68,1.78,#656351,0.99,#2d2a25,0.84,#b6b294,2.4,#2d2a25,0.84,#9a987e,2.05,#656351,0.99,#7f7e68,1.78,#656351,0.99,#7f7e68,1.78,#9a987e,2.05,#b6b294,2.4,#2d2a25,0.84,#2d2a25,0.84,#7f7e68,1.78,#9a987e,2.05,#656351,0.99,#b6b294,2.4,#656351,0.99,#7f7e68,1.78,#9a987e,2.05,#b6b294,2.4,#2d2a25,0.84,,Puccinellia,Puccinellia rupestris
KW_T_423_5_0102L,KW_T_423_5_0102L.tif_segmented.png,709825,3011,3643,#c0ba97,2.07,#aba483,2.02,#8f896f,1.84,#2a2722,1.1,#6f644c,0.54,#c0ba97,2.07,#2a2722,1.1,#aba483,2.02,#6f644c,0.54,#8f896f,1.84,#6f644c,0.54,#8f896f,1.84,#aba483,2.02,#c0ba97,2.07,#2a2722,1.1,#2a2722,1.1,#aba483,2.02,#6f644c,0.54,#c0ba97,2.07,#8f896f,1.84,#6f644c,0.54,#8f896f,1.84,#aba483,2.02,#c0ba97,2.07,#2a2722,1.1,,Spergularia,Spergularia salina
KW_T_423_5_0104L,KW_T_423_5_0104L.tif_segmented.png,0,3013,3643,#ccc3a5,1.19,#baaf91,1.17,#292722,0.92,#a19576,0.68,#817357,0.67,#ccc3a5,1.19,#292722,0.92,#baaf91,1.17,#817357,0.67,#a19576,0.68,#817357,0.67,#a19576,0.68,#baaf91,1.17,#292722,0.92,#ccc3a5,1.19,#292722,0.92,#817357,0.67,#ccc3a5,1.19,#baaf91,1.17,#a19576,0.68,#817357,0.67,#a19576,0.68,#baaf91,1.17,#292722,0.92,#ccc3a5,1.19,Fabaceae,Trifolium,Trifolium repens
KW_T_423_5_0106L,KW_T_423_5_0106L.tif_segmented.png,837452,3011,3647,#beb998,3.4,#a6a485,2.58,#8a886d,2.13,#73705b,1.85,#2d2a25,0.81,#beb998,3.4,#2d2a25,0.81,#a6a485,2.58,#73705b,1.85,#8a886d,2.13,#73705b,1.85,#8a886d,2.13,#a6a485,2.58,#beb998,3.4,#2d2a25,0.81,#2d2a25,0.81,#a6a485,2.58,#73705b,1.85,#8a886d,2.13,#beb998,3.4,#73705b,1.85,#8a886d,2.13,#a6a485,2.58,#beb998,3.4,#2d2a25,0.81,Fabaceae,Trifolium,Trifolium fragiferum
KW_T_423_5_0108L,KW_T_423_5_0108L.tif_segmented.png,1194589,3013,3655,#c0ba99,3.3,#cfc8af,2.93,#aca587,2.16,#978f74,1.95,#7a715e,1.61,#cfc8af,2.93,#2f2b25,0.91,#c0ba99,3.3,#aca587,2.16,#7a715e,1.61,#7a715e,1.61,#978f74,1.95,#aca587,2.16,#2f2b25,0.91,#c0ba99,3.3,#2f2b25,0.91,#aca587,2.16,#7a715e,1.61,#c0ba99,3.3,#cfc8af,2.93,#7a715e,1.61,#978f74,1.95,#aca587,2.16,#2f2b25,0.91,#c0ba99,3.3,,Carlina,Carlina vulgaris
KW_T_423_5_0110L,KW_T_423_5_0110L.tif_segmented.png,735411,3015,3647,#ccc4a5,2.52,#b9b38d,2.46,#898167,1.96,#a39b79,1.93,#6e6752,1.59,#ccc4a5,2.52,#292721,1.05,#b9b38d,2.46,#a39b79,1.93,#6e6752,1.59,#6e6752,1.59,#898167,1.96,#a39b79,1.93,#b9b38d,2.46,#292721,1.05,#292721,1.05,#b9b38d,2.46,#6e6752,1.59,#a39b79,1.93,#898167,1.96,#6e6752,1.59,#898167,1.96,#a39b79,1.93,#b9b38d,2.46,#292721,1.05,,Schedonorus,Schedonorus arundinaceus
KW_T_423_5_0112L,KW_T_423_5_0112L.tif_segmented.png,348863,3017,3647,#c2b999,2.31,#aca383,1.71,#d3cbb1,1.64,#8c856d,1.15,#2d2924,0.87,#d3cbb1,1.64,#2d2924,0.87,#c2b999,2.31,#aca383,1.71,#6d6a55,0.7,#6d6a55,0.7,#8c856d,1.15,#aca383,1.71,#2d2924,0.87,#c2b999,2.31,#2d2924,0.87,#aca383,1.71,#6d6a55,0.7,#8c856d,1.15,#d3cbb1,1.64,#6d6a55,0.7,#8c856d,1.15,#aca383,1.71,#2d2924,0.87,#c2b999,2.31,,Gentianella,Gentianella amarella
KW_T_423_5_0114L,KW_T_423_5_0114L.tif_segmented.png,1939151,3017,3639,#95966c,5.34,#7f7f5b,4.7,#c7bfa2,3.32,#666548,2.84,#aea986,2.55,#c7bfa2,3.32,#302d26,0.66,#aea986,2.55,#95966c,5.34,#666548,2.84,#302d26,0.66,#aea986,2.55,#666548,2.84,#95966c,5.34,#7f7f5b,4.7,#302d26,0.66,#95966c,5.34,#aea986,2.55,#7f7f5b,4.7,#c7bfa2,3.32,#302d26,0.66,#aea986,2.55,#666548,2.84,#95966c,5.34,#7f7f5b,4.7,,Aegopodium,Aegopodium podagraria
KW_T_423_5_0116L,KW_T_423_5_0116L.tif_segmented.png,672832,3019,3627,#c8bc9e,3.01,#b2a787,2.48,#938f6c,2.16,#766f57,1.37,#343027,0.51,#c8bc9e,3.01,#343027,0.51,#b2a787,2.48,#766f57,1.37,#938f6c,2.16,#343027,0.51,#766f57,1.37,#938f6c,2.16,#b2a787,2.48,#c8bc9e,3.01,#343027,0.51,#766f57,1.37,#938f6c,2.16,#b2a787,2.48,#c8bc9e,3.01,#343027,0.51,#766f57,1.37,#938f6c,2.16,#b2a787,2.48,#c8bc9e,3.01,,Rumex,Rumex acetosa
KW_T_423_5_0118L,KW_T_423_5_0118L.tif_segmented.png,757277,3021,3631,#c4bb9f,2.31,#808068,1.89,#b0a88b,1.88,#9a9579,1.72,#6b6852,1.25,#c4bb9f,2.31,#2a2721,0.7,#b0a88b,1.88,#6b6852,1.25,#9a9579,1.72,#6b6852,1.25,#808068,1.89,#2a2721,0.7,#9a9579,1.72,#b0a88b,1.88,#2a2721,0.7,#808068,1.89,#b0a88b,1.88,#6b6852,1.25,#9a9579,1.72,#6b6852,1.25,#808068,1.89,#2a2721,0.7,#9a9579,1.72,#b0a88b,1.88,,Glechoma,Glechoma hederacea
KW_T_423_5_0120L,KW_T_423_5_0120L.tif_segmented.png,375795,3021,3623,#c4bd95,2.6,#aaa27f,1.48,#888063,1.23,#2d2a22,0.8,#655f49,0.72,#c4bd95,2.6,#2d2a22,0.8,#aaa27f,1.48,#655f49,0.72,#888063,1.23,#655f49,0.72,#888063,1.23,#2d2a22,0.8,#aaa27f,1.48,#c4bd95,2.6,#2d2a22,0.8,#c4bd95,2.6,#aaa27f,1.48,#888063,1.23,#655f49,0.72,#655f49,0.72,#888063,1.23,#2d2a22,0.8,#aaa27f,1.48,#c4bd95,2.6,Plantaginaceae,Veronica,Veronica peregrina
KW_T_423_5_0122L,KW_T_423_5_0122L.tif_segmented.png,799889,3019,3631,#cfc8aa,2.99,#bab290,2.72,#9f9c75,2.22,#898260,2.15,#6c644d,1.75,#d9c357,0.69,#cfc8aa,2.99,#322e26,0.78,#bab290,2.72,#6c644d,1.75,#6c644d,1.75,#898260,2.15,#322e26,0.78,#9f9c75,2.22,#bab290,2.72,#d9c357,0.69,#322e26,0.78,#9f9c75,2.22,#898260,2.15,#6c644d,1.75,#6c644d,1.75,#898260,2.15,#322e26,0.78,#9f9c75,2.22,#bab290,2.72,,Tulipa,Tulipa sylvestris
KW_T_423_5_0124L,KW_T_423_5_0124L.tif_segmented.png,695404,3019,3635,#bdb394,2.6,#cec6a8,2.55,#a39979,1.92,#84785e,0.9,#2b2821,0.59,#cec6a8,2.55,#2b2821,0.59,#bdb394,2.6,#a39979,1.92,#695e49,0.52,#695e49,0.52,#84785e,0.9,#a39979,1.92,#2b2821,0.59,#bdb394,2.6,#2b2821,0.59,#84785e,0.9,#695e49,0.52,#cec6a8,2.55,#a39979,1.92,#695e49,0.52,#84785e,0.9,#a39979,1.92,#2b2821,0.59,#bdb394,2.6,,Andromeda,Andromeda polifolia
KW_T_423_5_0126L,KW_T_423_5_0126L.tif_segmented.png,391927,3019,3639,#cdc5a7,2.38,#b8af8e,2.25,#a19775,1.56,#867d61,1.41,#65614c,1.38,#cdc5a7,2.38,#2a2722,0.74,#b8af8e,2.25,#a19775,1.56,#65614c,1.38,#65614c,1.38,#867d61,1.41,#a19775,1.56,#2a2722,0.74,#b8af8e,2.25,#2a2722,0.74,#867d61,1.41,#b8af8e,2.25,#a19775,1.56,#65614c,1.38,#65614c,1.38,#867d61,1.41,#a19775,1.56,#2a2722,0.74,#b8af8e,2.25,,Honckenya,Honckenya peploides
KW_T_423_5_0128L,KW_T_423_5_0128L.tif_segmented.png,1070797,3015,3651,#c3ba9c,2.78,#b1a784,2.43,#827e57,2.05,#696943,1.76,#9b936b,1.75,#c3ba9c,2.78,#2a2722,0.86,#b1a784,2.43,#696943,1.76,#827e57,2.05,#696943,1.76,#827e57,2.05,#9b936b,1.75,#b1a784,2.43,#2a2722,0.86,#2a2722,0.86,#9b936b,1.75,#b1a784,2.43,#827e57,2.05,#696943,1.76,#696943,1.76,#827e57,2.05,#9b936b,1.75,#b1a784,2.43,#2a2722,0.86,,Parietaria,Parietaria judaica
KW_T_423_5_0130L,KW_T_423_5_0130L.tif_segmented.png,859312,3015,3639,#b5ae8a,2.6,#c8c19e,2.27,#9c9877,1.94,#867f62,1.52,#6d6349,0.93,#c8c19e,2.27,#302d26,0.72,#b5ae8a,2.6,#6d6349,0.93,#9c9877,1.94,#6d6349,0.93,#867f62,1.52,#9c9877,1.94,#302d26,0.72,#b5ae8a,2.6,#302d26,0.72,#b5ae8a,2.6,#867f62,1.52,#9c9877,1.94,#6d6349,0.93,#6d6349,0.93,#867f62,1.52,#9c9877,1.94,#302d26,0.72,#b5ae8a,2.6,,Puccinellia,Puccinellia distans subsp. distans
KW_T_423_5_0132L,KW_T_423_5_0132L.tif_segmented.png,1001983,2978,3635,#bdb892,1.98,#9f9d7d,1.73,#837f66,1.21,#2e2a23,0.8,#645f4c,0.6,#bdb892,1.98,#2e2a23,0.8,#9f9d7d,1.73,#645f4c,0.6,#837f66,1.21,#645f4c,0.6,#837f66,1.21,#9f9d7d,1.73,#bdb892,1.98,#2e2a23,0.8,#2e2a23,0.8,#bdb892,1.98,#9f9d7d,1.73,#837f66,1.21,#645f4c,0.6,#645f4c,0.6,#837f66,1.21,#9f9d7d,1.73,#bdb892,1.98,#2e2a23,0.8,,Puccinella,Puccinella maritima
KW_T_423_5_0134L,KW_T_423_5_0134L.tif_segmented.png,517661,2980,3627,#aba483,1.03,#8f836a,0.99,#c5ba9b,0.95,#6e6050,0.7,#2b2922,0.63,#c5ba9b,0.95,#2b2922,0.63,#aba483,1.03,#6e6050,0.7,#8f836a,0.99,#6e6050,0.7,#8f836a,0.99,#aba483,1.03,#2b2922,0.63,#c5ba9b,0.95,#2b2922,0.63,#aba483,1.03,#6e6050,0.7,#8f836a,0.99,#c5ba9b,0.95,#6e6050,0.7,#8f836a,0.99,#aba483,1.03,#2b2922,0.63,#c5ba9b,0.95,,Oxycoccus,Oxycoccus palustris
KW_T_423_5_0136L,KW_T_423_5_0136L.tif_segmented.png,568140,2984,3635,#b2ad8c,2.01,#cdc8a5,1.77,#949278,1.27,#2f2b24,0.77,#6f6e57,0.59,#cdc8a5,1.77,#2f2b24,0.77,#b2ad8c,2.01,#6f6e57,0.59,#949278,1.27,#6f6e57,0.59,#949278,1.27,#b2ad8c,2.01,#2f2b24,0.77,#cdc8a5,1.77,#2f2b24,0.77,#cdc8a5,1.77,#b2ad8c,2.01,#949278,1.27,#6f6e57,0.59,#6f6e57,0.59,#949278,1.27,#b2ad8c,2.01,#2f2b24,0.77,#cdc8a5,1.77,,Alyssum,Alyssum alyssoides
KW_T_423_5_0138L,KW_T_423_5_0138L.tif_segmented.png,299021,2988,3639,#d3cca8,1.58,#beb78f,1.42,#a19875,0.98,#2c2a24,0.96,#766d51,0.38,#d3cca8,1.58,#beb78f,1.42,#2c2a24,0.96,#766d51,0.38,#a19875,0.98,#766d51,0.38,#a19875,0.98,#2c2a24,0.96,#beb78f,1.42,#d3cca8,1.58,#2c2a24,0.96,#beb78f,1.42,#d3cca8,1.58,#766d51,0.38,#a19875,0.98,#766d51,0.38,#a19875,0.98,#2c2a24,0.96,#beb78f,1.42,#d3cca8,1.58,,Arabidopsis,Arabidopsis thaliana
KW_T_423_5_0140L,KW_T_423_5_0140L.tif_segmented.png,288284,2992,3647,#c3b797,1.39,#a09675,1.11,#2a2823,0.75,#7a6f53,0.73,,,#c3b797,1.39,#2a2823,0.75,#7a6f53,0.73,#a09675,1.11,,,#7a6f53,0.73,#a09675,1.11,#2a2823,0.75,#c3b797,1.39,,,#2a2823,0.75,#7a6f53,0.73,#a09675,1.11,#c3b797,1.39,,,#7a6f53,0.73,#a09675,1.11,#2a2823,0.75,#c3b797,1.39,,,,Galium,Galium palustre
KW_T_423_5_0142L,KW_T_423_5_0142L.tif_segmented.png,692826,2990,3635,#c9c3a2,2.32,#aeaf88,2.01,#909274,1.75,#74755a,1.36,#312d26,0.74,#c9c3a2,2.32,#312d26,0.74,#aeaf88,2.01,#74755a,1.36,#909274,1.75,#74755a,1.36,#909274,1.75,#312d26,0.74,#aeaf88,2.01,#c9c3a2,2.32,#312d26,0.74,#aeaf88,2.01,#909274,1.75,#74755a,1.36,#c9c3a2,2.32,#74755a,1.36,#909274,1.75,#312d26,0.74,#aeaf88,2.01,#c9c3a2,2.32,,Galium,Galium aparine
KW_T_423_5_0144L,KW_T_423_5_0144L.tif_segmented.png,1126451,2992,3631,#d7ceb6,3.17,#bdb395,2.46,#9b9476,2.29,#767159,1.67,#312d25,0.68,#d4cb6f,0.45,#d7ceb6,3.17,#312d25,0.68,#bdb395,2.46,#767159,1.67,#767159,1.67,#9b9476,2.29,#312d25,0.68,#d4cb6f,0.45,#bdb395,2.46,#d4cb6f,0.45,#312d25,0.68,#767159,1.67,#9b9476,2.29,#bdb395,2.46,#767159,1.67,#9b9476,2.29,#312d25,0.68,#d4cb6f,0.45,#bdb395,2.46,,Suaeda,Suaeda maritima
KW_T_423_5_0146L,KW_T_423_5_0146L.tif_segmented.png,1070662,2997,3635,#b0ae8a,2.74,#cbc2a4,2.72,#797760,2.47,#959275,1.97,#60604f,1.8,#cbc2a4,2.72,#292720,1.07,#b0ae8a,2.74,#959275,1.97,#797760,2.47,#797760,2.47,#959275,1.97,#60604f,1.8,#292720,1.07,#b0ae8a,2.74,#292720,1.07,#797760,2.47,#b0ae8a,2.74,#959275,1.97,#60604f,1.8,#797760,2.47,#959275,1.97,#60604f,1.8,#292720,1.07,#b0ae8a,2.74,,Lamium,Lamium album
KW_T_423_5_0148L,KW_T_423_5_0148L.tif_segmented.png,1238451,2997,3635,#c5bca0,3.2,#8f8c70,2.95,#aca689,2.67,#77725c,2.48,#5e5344,0.91,#c5bca0,3.2,#292620,0.77,#aca689,2.67,#5e5344,0.91,#8f8c70,2.95,#5e5344,0.91,#77725c,2.48,#8f8c70,2.95,#292620,0.77,#aca689,2.67,#292620,0.77,#77725c,2.48,#aca689,2.67,#8f8c70,2.95,#5e5344,0.91,#5e5344,0.91,#77725c,2.48,#8f8c70,2.95,#292620,0.77,#aca689,2.67,,Geranium,Geranium phaeum
KW_T_423_5_0150L,KW_T_423_5_0150L.tif_segmented.png,484584,2997,3635,#d4cbad,2.02,#bfb594,1.77,#868165,1.66,#a39d79,1.46,#65614c,1.32,#d4cbad,2.02,#bfb594,1.77,#2c2923,0.65,#a39d79,1.46,#65614c,1.32,#65614c,1.32,#868165,1.66,#a39d79,1.46,#bfb594,1.77,#2c2923,0.65,#2c2923,0.65,#a39d79,1.46,#868165,1.66,#d4cbad,2.02,#65614c,1.32,#65614c,1.32,#868165,1.66,#a39d79,1.46,#bfb594,1.77,#2c2923,0.65,,Viola,Viola arvensis
KW_T_423_5_0152L,KW_T_423_5_0152L.tif_segmented.png,923987,2995,3655,#c8bea0,2.23,#b3ac89,2.13,#9a9474,1.71,#807a60,1.36,#645b44,0.51,#c8bea0,2.23,#645b44,0.51,#b3ac89,2.13,#807a60,1.36,#9a9474,1.71,#645b44,0.51,#807a60,1.36,#9a9474,1.71,#b3ac89,2.13,#c8bea0,2.23,#807a60,1.36,#b3ac89,2.13,#645b44,0.51,#9a9474,1.71,#c8bea0,2.23,#645b44,0.51,#807a60,1.36,#9a9474,1.71,#b3ac89,2.13,#c8bea0,2.23,,Anthriscus,Anthriscus cerefolium
KW_T_423_5_0154L,KW_T_423_5_0154L.tif_segmented.png,1614199,2986,3639,#c7c1a4,3.9,#b6af8e,3.11,#a09979,2.45,#887e62,1.92,#625e4b,1.86,#c7c1a4,3.9,#2b2720,0.75,#b6af8e,3.11,#a09979,2.45,#625e4b,1.86,#625e4b,1.86,#887e62,1.92,#2b2720,0.75,#a09979,2.45,#b6af8e,3.11,#2b2720,0.75,#b6af8e,3.11,#887e62,1.92,#a09979,2.45,#625e4b,1.86,#625e4b,1.86,#887e62,1.92,#2b2720,0.75,#a09979,2.45,#b6af8e,3.11,,Anthriscus,Anthriscus sylvestris
KW_T_423_5_0156L,KW_T_423_5_0156L.tif_segmented.png,696966,2982,3631,#cfc7a9,3.01,#bab093,2.29,#9b9578,1.91,#7c7862,1.58,#2b2821,0.61,#cfc7a9,3.01,#2b2821,0.61,#bab093,2.29,#615745,0.55,#9b9578,1.91,#615745,0.55,#7c7862,1.58,#9b9578,1.91,#2b2821,0.61,#bab093,2.29,#2b2821,0.61,#7c7862,1.58,#cfc7a9,3.01,#9b9578,1.91,#615745,0.55,#615745,0.55,#7c7862,1.58,#9b9578,1.91,#2b2821,0.61,#bab093,2.29,,Muscari,Muscari botryoides
KW_T_423_5_0158L,KW_T_423_5_0158L.tif_segmented.png,844949,2982,3643,#b9b090,2.67,#cfc6a8,2.55,#7e7a60,1.72,#9d9677,1.56,#635c48,1.06,#cfc6a8,2.55,#b9b090,2.67,#2a2822,0.71,#635c48,1.06,#9d9677,1.56,#635c48,1.06,#7e7a60,1.72,#9d9677,1.56,#2a2822,0.71,#b9b090,2.67,#2a2822,0.71,#7e7a60,1.72,#635c48,1.06,#b9b090,2.67,#9d9677,1.56,#635c48,1.06,#7e7a60,1.72,#9d9677,1.56,#2a2822,0.71,#b9b090,2.67,Cyperaceae,Carex,Carex panicea
KW_T_423_5_0160L,KW_T_423_5_0160L.tif_segmented.png,1208514,2978,3623,#c9c0a5,3.26,#b4ae8b,3.05,#787a5e,2.0,#989672,1.85,#5e644b,1.76,#c9c0a5,3.26,#282520,0.72,#b4ae8b,3.05,#5e644b,1.76,#989672,1.85,#5e644b,1.76,#787a5e,2.0,#989672,1.85,#282520,0.72,#b4ae8b,3.05,#282520,0.72,#989672,1.85,#b4ae8b,3.05,#787a5e,2.0,#c9c0a5,3.26,#5e644b,1.76,#787a5e,2.0,#989672,1.85,#282520,0.72,#b4ae8b,3.05,,Valeriana,Valeriana dioica
KW_T_423_5_0162L,KW_T_423_5_0162L.tif_segmented.png,417581,2927,3627,#d3cdb3,2.42,#c0b99c,1.92,#a19f83,1.36,#858466,1.25,#66654c,0.73,#d3cdb3,2.42,#2e2a21,0.5,#c0b99c,1.92,#66654c,0.73,#a19f83,1.36,#66654c,0.73,#858466,1.25,#a19f83,1.36,#2e2a21,0.5,#c0b99c,1.92,#2e2a21,0.5,#858466,1.25,#a19f83,1.36,#d3cdb3,2.42,#c0b99c,1.92,#66654c,0.73,#858466,1.25,#a19f83,1.36,#2e2a21,0.5,#c0b99c,1.92,,Myosotis,Myosotis arvensis
KW_T_423_5_0164L,KW_T_423_5_0164L.tif_segmented.png,1576132,2921,3635,#7c7e62,3.54,#939372,3.2,#c9c3a8,3.09,#afac8d,2.17,#686951,2.07,#c9c3a8,3.09,#afac8d,2.17,#686951,2.07,#7c7e62,3.54,#939372,3.2,#939372,3.2,#7c7e62,3.54,#686951,2.07,#afac8d,2.17,#c9c3a8,3.09,#939372,3.2,#7c7e62,3.54,#afac8d,2.17,#c9c3a8,3.09,#686951,2.07,#939372,3.2,#7c7e62,3.54,#686951,2.07,#afac8d,2.17,#c9c3a8,3.09,,Crataegus,Crataegus monogyna
KW_T_423_5_0166L,KW_T_423_5_0166L.tif_segmented.png,1987942,2915,3655,#8a8e6a,3.93,#7a7c5c,3.78,#9ea077,3.57,#b3b38e,3.21,#cac4a8,2.96,#cac4a8,2.96,#b3b38e,3.21,#65684b,1.81,#9ea077,3.57,#7a7c5c,3.78,#b3b38e,3.21,#9ea077,3.57,#8a8e6a,3.93,#65684b,1.81,#7a7c5c,3.78,#b3b38e,3.21,#8a8e6a,3.93,#9ea077,3.57,#7a7c5c,3.78,#cac4a8,2.96,#b3b38e,3.21,#9ea077,3.57,#8a8e6a,3.93,#65684b,1.81,#7a7c5c,3.78,,Crataegus,Crataegus laevigata
KW_T_423_5_0168L,KW_T_423_5_0168L.tif_segmented.png,859204,2911,3647,#cac2a5,2.68,#b4ab8d,1.63,#978c70,1.36,#776b57,1.18,#524838,0.66,#cac2a5,2.68,#524838,0.66,#b4ab8d,1.63,#776b57,1.18,#978c70,1.36,#524838,0.66,#776b57,1.18,#978c70,1.36,#b4ab8d,1.63,#cac2a5,2.68,#776b57,1.18,#524838,0.66,#b4ab8d,1.63,#cac2a5,2.68,#978c70,1.36,#524838,0.66,#776b57,1.18,#978c70,1.36,#b4ab8d,1.63,#cac2a5,2.68,Equisetaceae,Equisetum,Equisetum arvense
KW_T_423_6_0009R,KW_T_423_6_0009R.tif_segmented.png,513192,2939,3643,#bebaa2,2.34,#abae7b,1.18,#8e9172,1.13,#25221b,0.67,#777c5a,0.64,#25221b,0.67,#abae7b,1.18,#bebaa2,2.34,#777c5a,0.64,#8e9172,1.13,#25221b,0.67,#777c5a,0.64,#8e9172,1.13,#abae7b,1.18,#bebaa2,2.34,#25221b,0.67,#8e9172,1.13,#abae7b,1.18,#777c5a,0.64,#bebaa2,2.34,#25221b,0.67,#777c5a,0.64,#8e9172,1.13,#abae7b,1.18,#bebaa2,2.34,Plantaginaceae,Veronica,Veronica austriaca subsp. teucrium
KW_T_423_6_0011L,KW_T_423_6_0011L.tif_segmented.png,568765,2946,3651,#aca680,1.51,#8f8967,1.45,#6e6b52,1.44,#cac2a0,1.21,#2c2a22,0.47,#cac2a0,1.21,#2c2a22,0.47,#aca680,1.51,#6e6b52,1.44,#8f8967,1.45,#2c2a22,0.47,#6e6b52,1.44,#8f8967,1.45,#aca680,1.51,#cac2a0,1.21,#2c2a22,0.47,#aca680,1.51,#8f8967,1.45,#cac2a0,1.21,#6e6b52,1.44,#2c2a22,0.47,#6e6b52,1.44,#8f8967,1.45,#aca680,1.51,#cac2a0,1.21,,Alopecurus,Alopecurus geniculatus
KW_T_423_6_0013L,KW_T_423_6_0013L.tif_segmented.png,717617,2966,3667,#8d8b63,2.06,#70704d,1.85,#a9a676,1.68,#c3b898,1.51,#2e2b22,0.6,#c3b898,1.51,#2e2b22,0.6,#a9a676,1.68,#70704d,1.85,#8d8b63,2.06,#2e2b22,0.6,#a9a676,1.68,#8d8b63,2.06,#70704d,1.85,#c3b898,1.51,#2e2b22,0.6,#a9a676,1.68,#8d8b63,2.06,#70704d,1.85,#c3b898,1.51,#2e2b22,0.6,#a9a676,1.68,#8d8b63,2.06,#70704d,1.85,#c3b898,1.51,,Solanum,Solanum dulcamara
KW_T_423_6_0015L,KW_T_423_6_0015L.tif_segmented.png,576627,2972,3635,#d3caad,1.8,#c2bb99,1.54,#acaf7d,1.45,#8d8f69,1.07,#6b6e4d,0.75,#d3caad,1.8,#c2bb99,1.54,#acaf7d,1.45,#6b6e4d,0.75,#8d8f69,1.07,#6b6e4d,0.75,#8d8f69,1.07,#acaf7d,1.45,#c2bb99,1.54,#d3caad,1.8,#8d8f69,1.07,#acaf7d,1.45,#c2bb99,1.54,#d3caad,1.8,#6b6e4d,0.75,#6b6e4d,0.75,#8d8f69,1.07,#acaf7d,1.45,#c2bb99,1.54,#d3caad,1.8,,Stellaria,Stellaria palustris
KW_T_423_6_0017L,KW_T_423_6_0017L.tif_segmented.png,926987,2982,3631,#c7bd9a,2.46,#8a8a60,2.04,#aba878,1.92,#6d6e4d,1.63,#302d23,0.54,#c7bd9a,2.46,#302d23,0.54,#aba878,1.92,#6d6e4d,1.63,#8a8a60,2.04,#302d23,0.54,#aba878,1.92,#8a8a60,2.04,#6d6e4d,1.63,#c7bd9a,2.46,#302d23,0.54,#aba878,1.92,#8a8a60,2.04,#c7bd9a,2.46,#6d6e4d,1.63,#302d23,0.54,#aba878,1.92,#8a8a60,2.04,#6d6e4d,1.63,#c7bd9a,2.46,,Rorippa,Rorippa amphibia
KW_T_423_6_0019L,KW_T_423_6_0019L.tif_segmented.png,1313862,2988,3643,#c8bda0,2.68,#b2a488,1.65,#978a6a,1.23,#7b6e56,0.74,#312d23,0.41,#c8bda0,2.68,#312d23,0.41,#b2a488,1.65,#7b6e56,0.74,#978a6a,1.23,#312d23,0.41,#7b6e56,0.74,#978a6a,1.23,#b2a488,1.65,#c8bda0,2.68,#312d23,0.41,#7b6e56,0.74,#b2a488,1.65,#978a6a,1.23,#c8bda0,2.68,#312d23,0.41,#7b6e56,0.74,#978a6a,1.23,#b2a488,1.65,#c8bda0,2.68,,Agrostis,Agrostis spec.
KW_T_423_6_0021L,KW_T_423_6_0021L.tif_segmented.png,621199,2999,3651,#c7bd9d,2.34,#d5ccb1,2.23,#b3a987,1.56,#968e68,0.74,#2f2b23,0.58,#d5ccb1,2.23,#2f2b23,0.58,#c7bd9d,2.34,#b3a987,1.56,#736851,0.4,#736851,0.4,#2f2b23,0.58,#968e68,0.74,#b3a987,1.56,#c7bd9d,2.34,#2f2b23,0.58,#736851,0.4,#968e68,0.74,#b3a987,1.56,#d5ccb1,2.23,#736851,0.4,#2f2b23,0.58,#968e68,0.74,#b3a987,1.56,#c7bd9d,2.34,,Agrostis,Agrostis capillaris
KW_T_423_6_0023L,KW_T_423_6_0023L.tif_segmented.png,1191357,3005,3635,#c1b698,3.38,#ada27b,3.12,#7e7559,2.32,#978d6a,2.11,#5d5742,1.62,#c1b698,3.38,#ada27b,3.12,#5d5742,1.62,#7e7559,2.32,#978d6a,2.11,#5d5742,1.62,#7e7559,2.32,#978d6a,2.11,#ada27b,3.12,#c1b698,3.38,#ada27b,3.12,#7e7559,2.32,#5d5742,1.62,#978d6a,2.11,#c1b698,3.38,#5d5742,1.62,#7e7559,2.32,#978d6a,2.11,#ada27b,3.12,#c1b698,3.38,Caryophyllaceae,Silene,Silene dioica
KW_T_423_6_0025L,KW_T_423_6_0025L.tif_segmented.png,1503528,3011,3655,#b5b48e,3.44,#838565,3.25,#9b9e7a,2.83,#c9c6a7,2.69,#6b6d52,2.23,#2d2a21,0.53,#c9c6a7,2.69,#b5b48e,3.44,#6b6d52,2.23,#9b9e7a,2.83,#2d2a21,0.53,#6b6d52,2.23,#838565,3.25,#9b9e7a,2.83,#b5b48e,3.44,#2d2a21,0.53,#b5b48e,3.44,#9b9e7a,2.83,#838565,3.25,#c9c6a7,2.69,#2d2a21,0.53,#6b6d52,2.23,#838565,3.25,#9b9e7a,2.83,#b5b48e,3.44,,Bidens,Bidens tripartita
KW_T_423_6_0027L,KW_T_423_6_0027L.tif_segmented.png,723548,3017,3643,#d1c9ae,2.5,#b8b08f,2.03,#787957,2.02,#96986f,1.62,#e1d16e,0.87,#e1d16e,0.87,#c5a855,0.56,#d1c9ae,2.5,#b8b08f,2.03,#787957,2.02,#787957,2.02,#96986f,1.62,#b8b08f,2.03,#c5a855,0.56,#e1d16e,0.87,#e1d16e,0.87,#c5a855,0.56,#96986f,1.62,#b8b08f,2.03,#787957,2.02,#787957,2.02,#96986f,1.62,#b8b08f,2.03,#c5a855,0.56,#e1d16e,0.87,,Arnica,Arnica montana
KW_T_423_6_0029L,KW_T_423_6_0029L.tif_segmented.png,663374,3021,3639,#beb995,2.47,#a6a580,2.1,#6a6f58,1.78,#878a6c,1.69,#2c2921,0.48,#beb995,2.47,#2c2921,0.48,#a6a580,2.1,#6a6f58,1.78,#878a6c,1.69,#2c2921,0.48,#6a6f58,1.78,#878a6c,1.69,#a6a580,2.1,#beb995,2.47,#2c2921,0.48,#a6a580,2.1,#878a6c,1.69,#beb995,2.47,#6a6f58,1.78,#2c2921,0.48,#6a6f58,1.78,#878a6c,1.69,#a6a580,2.1,#beb995,2.47,,Phalaris,Phalaris canariensis
KW_T_423_6_0031L,KW_T_423_6_0031L.tif_segmented.png,675013,3019,3655,#cdc5aa,2.75,#696d50,1.68,#b8b392,1.65,#a2a17e,1.38,#888a68,1.18,#cdc5aa,2.75,#696d50,1.68,#b8b392,1.65,#a2a17e,1.38,#888a68,1.18,#696d50,1.68,#888a68,1.18,#a2a17e,1.38,#b8b392,1.65,#cdc5aa,2.75,#a2a17e,1.38,#888a68,1.18,#b8b392,1.65,#cdc5aa,2.75,#696d50,1.68,#696d50,1.68,#888a68,1.18,#a2a17e,1.38,#b8b392,1.65,#cdc5aa,2.75,,Viola,Viola palustris
KW_T_423_6_0033L,KW_T_423_6_0033L.tif_segmented.png,885000,3025,3643,#d2caae,2.94,#bdb496,2.37,#858670,2.13,#a4a082,2.07,#6b6c5d,1.85,#d2caae,2.94,#342f26,0.51,#bdb496,2.37,#a4a082,2.07,#6b6c5d,1.85,#342f26,0.51,#6b6c5d,1.85,#858670,2.13,#a4a082,2.07,#bdb496,2.37,#342f26,0.51,#858670,2.13,#a4a082,2.07,#d2caae,2.94,#6b6c5d,1.85,#342f26,0.51,#6b6c5d,1.85,#858670,2.13,#a4a082,2.07,#bdb496,2.37,,Viola,Viola odorata
KW_T_423_6_0035L,KW_T_423_6_0035L.tif_segmented.png,339284,3027,3643,#b7ad8a,2.59,#cbc1a2,2.4,#99936b,1.08,#767251,0.81,#2f2b22,0.53,#cbc1a2,2.4,#2f2b22,0.53,#b7ad8a,2.59,#767251,0.81,#99936b,1.08,#767251,0.81,#2f2b22,0.53,#99936b,1.08,#b7ad8a,2.59,#cbc1a2,2.4,#2f2b22,0.53,#99936b,1.08,#767251,0.81,#b7ad8a,2.59,#cbc1a2,2.4,#767251,0.81,#2f2b22,0.53,#99936b,1.08,#b7ad8a,2.59,#cbc1a2,2.4,,Moehringia,Moehringia trinervia
KW_T_423_6_0037L,KW_T_423_6_0037L.tif_segmented.png,901744,3029,3639,#d0c7a9,3.0,#bab091,2.7,#7d7f66,2.15,#5d624e,2.05,#9d9979,1.84,#d0c7a9,3.0,#2d2a22,0.62,#bab091,2.7,#9d9979,1.84,#5d624e,2.05,#2d2a22,0.62,#9d9979,1.84,#7d7f66,2.15,#bab091,2.7,#5d624e,2.05,#2d2a22,0.62,#7d7f66,2.15,#9d9979,1.84,#d0c7a9,3.0,#bab091,2.7,#2d2a22,0.62,#9d9979,1.84,#7d7f66,2.15,#bab091,2.7,#5d624e,2.05,,Lamium,Lamium hybridum
KW_T_423_6_0039L,KW_T_423_6_0039L.tif_segmented.png,768898,3029,3627,#b8b390,2.94,#cbc2a2,2.51,#a69e7d,1.66,#8b8669,1.56,#6b6853,1.02,#cbc2a2,2.51,#3d372e,0.5,#b8b390,2.94,#a69e7d,1.66,#6b6853,1.02,#3d372e,0.5,#6b6853,1.02,#8b8669,1.56,#a69e7d,1.66,#b8b390,2.94,#3d372e,0.5,#b8b390,2.94,#a69e7d,1.66,#8b8669,1.56,#6b6853,1.02,#3d372e,0.5,#6b6853,1.02,#8b8669,1.56,#a69e7d,1.66,#b8b390,2.94,,Alopecurus,Alopecurus pratensis
KW_T_423_6_0041L,KW_T_423_6_0041L.tif_segmented.png,1079592,3029,3627,#a7a282,3.62,#beb596,3.29,#91896f,2.7,#d3c8b2,2.53,#756c59,2.03,#d3c8b2,2.53,#302c23,0.61,#beb596,3.29,#a7a282,3.62,#756c59,2.03,#302c23,0.61,#756c59,2.03,#91896f,2.7,#a7a282,3.62,#beb596,3.29,#302c23,0.61,#a7a282,3.62,#756c59,2.03,#beb596,3.29,#91896f,2.7,#302c23,0.61,#756c59,2.03,#91896f,2.7,#a7a282,3.62,#beb596,3.29,,Pedicularis,Pedicularis palustris
KW_T_423_6_0043L,KW_T_423_6_0043L.tif_segmented.png,290550,3001,3651,#a59f76,0.95,#c1b899,0.94,#8b855c,0.86,#2b2822,0.77,#6d6447,0.55,#c1b899,0.94,#2b2822,0.77,#6d6447,0.55,#a59f76,0.95,#8b855c,0.86,#6d6447,0.55,#8b855c,0.86,#a59f76,0.95,#2b2822,0.77,#c1b899,0.94,#2b2822,0.77,#a59f76,0.95,#8b855c,0.86,#6d6447,0.55,#c1b899,0.94,#6d6447,0.55,#8b855c,0.86,#a59f76,0.95,#2b2822,0.77,#c1b899,0.94,,Teesdalia,Teesdalia nudicaulis
KW_T_423_6_0045L,KW_T_423_6_0045L.tif_segmented.png,1072476,2984,3611,#5c6249,2.39,#d1c9ad,2.27,#6f7658,2.2,#878a68,2.01,#9d9f7e,1.97,#d1c9ad,2.27,#bdb494,1.86,#5c6249,2.39,#6f7658,2.2,#878a68,2.01,#9d9f7e,1.97,#878a68,2.01,#bdb494,1.86,#6f7658,2.2,#5c6249,2.39,#9d9f7e,1.97,#878a68,2.01,#d1c9ad,2.27,#6f7658,2.2,#bdb494,1.86,#9d9f7e,1.97,#878a68,2.01,#bdb494,1.86,#6f7658,2.2,#5c6249,2.39,,Alliaria,Alliaria petiolata
KW_T_423_6_0047L,KW_T_423_6_0047L.tif_segmented.png,428478,2984,3619,#d1c9ae,2.67,#bfb696,1.85,#a3997b,1.35,#7b6f57,0.61,#353128,0.38,#d1c9ae,2.67,#353128,0.38,#bfb696,1.85,#7b6f57,0.61,#a3997b,1.35,#353128,0.38,#7b6f57,0.61,#a3997b,1.35,#bfb696,1.85,#d1c9ae,2.67,#353128,0.38,#7b6f57,0.61,#d1c9ae,2.67,#bfb696,1.85,#a3997b,1.35,#353128,0.38,#7b6f57,0.61,#a3997b,1.35,#bfb696,1.85,#d1c9ae,2.67,,Filago,Filago vulgaris
KW_T_423_6_0049L,KW_T_423_6_0049L.tif_segmented.png,791453,2990,3635,#c8c0a2,2.22,#8a8b6b,2.13,#afab8a,1.96,#696b50,1.83,#2e2a23,0.57,#c8c0a2,2.22,#2e2a23,0.57,#afab8a,1.96,#696b50,1.83,#8a8b6b,2.13,#2e2a23,0.57,#8a8b6b,2.13,#696b50,1.83,#afab8a,1.96,#c8c0a2,2.22,#2e2a23,0.57,#8a8b6b,2.13,#afab8a,1.96,#c8c0a2,2.22,#696b50,1.83,#2e2a23,0.57,#8a8b6b,2.13,#696b50,1.83,#afab8a,1.96,#c8c0a2,2.22,,Epilobium,Epilobium roseum
KW_T_423_6_0051L,KW_T_423_6_0051L.tif_segmented.png,594616,2990,3619,#d2caad,2.79,#999370,2.01,#b0ab84,1.89,#c3bc98,1.89,#7f755b,0.57,#d2caad,2.79,#322d25,0.53,#c3bc98,1.89,#b0ab84,1.89,#7f755b,0.57,#322d25,0.53,#7f755b,0.57,#999370,2.01,#b0ab84,1.89,#c3bc98,1.89,#322d25,0.53,#b0ab84,1.89,#7f755b,0.57,#999370,2.01,#c3bc98,1.89,#322d25,0.53,#7f755b,0.57,#999370,2.01,#b0ab84,1.89,#c3bc98,1.89,,Persicaria,Persicaria hydropiper
KW_T_423_6_0053L,KW_T_423_6_0053L.tif_segmented.png,527469,2995,3627,#d0c7aa,3.54,#a39c7b,1.61,#bbb092,1.6,#8a8566,1.3,#737154,0.87,#d0c7aa,3.54,#302d25,0.5,#bbb092,1.6,#a39c7b,1.61,#737154,0.87,#302d25,0.5,#737154,0.87,#8a8566,1.3,#a39c7b,1.61,#bbb092,1.6,#302d25,0.5,#8a8566,1.3,#a39c7b,1.61,#737154,0.87,#d0c7aa,3.54,#302d25,0.5,#737154,0.87,#8a8566,1.3,#a39c7b,1.61,#bbb092,1.6,,Persicaria,Persicaria minor
KW_T_423_6_0055L,KW_T_423_6_0055L.tif_segmented.png,978563,2999,3627,#c7bfa2,3.92,#ada588,1.66,#6c664f,1.37,#908669,1.35,#2a261f,0.55,#c7bfa2,3.92,#2a261f,0.55,#ada588,1.66,#6c664f,1.37,#908669,1.35,#2a261f,0.55,#6c664f,1.37,#908669,1.35,#ada588,1.66,#c7bfa2,3.92,#2a261f,0.55,#ada588,1.66,#6c664f,1.37,#908669,1.35,#c7bfa2,3.92,#2a261f,0.55,#6c664f,1.37,#908669,1.35,#ada588,1.66,#c7bfa2,3.92,,Prunus,Prunus spinosa
KW_T_423_6_0057L,KW_T_423_6_0057L.tif_segmented.png,1041820,3007,3623,#d3cbad,3.39,#a8a77f,3.04,#c2ba99,2.97,#8f906c,2.94,#75785a,2.01,#dbca69,1.25,#d3cbad,3.39,#c2ba99,2.97,#75785a,2.01,#a8a77f,3.04,#75785a,2.01,#8f906c,2.94,#a8a77f,3.04,#c2ba99,2.97,#dbca69,1.25,#dbca69,1.25,#8f906c,2.94,#a8a77f,3.04,#d3cbad,3.39,#75785a,2.01,#75785a,2.01,#8f906c,2.94,#a8a77f,3.04,#c2ba99,2.97,#dbca69,1.25,,Glebionis,Glebionis segetum
KW_T_423_6_0059L,KW_T_423_6_0059L.tif_segmented.png,271067,3011,3623,#cfc5a9,3.21,#bfb393,2.43,#a59a77,1.29,#7c7257,0.78,#39342b,0.5,#cfc5a9,3.21,#39342b,0.5,#bfb393,2.43,#a59a77,1.29,#7c7257,0.78,#39342b,0.5,#7c7257,0.78,#a59a77,1.29,#bfb393,2.43,#cfc5a9,3.21,#39342b,0.5,#7c7257,0.78,#a59a77,1.29,#bfb393,2.43,#cfc5a9,3.21,#39342b,0.5,#7c7257,0.78,#a59a77,1.29,#bfb393,2.43,#cfc5a9,3.21,,Lythrum,Lythrum portula
KW_T_423_6_0061L,KW_T_423_6_0061L.tif_segmented.png,1245816,3015,3623,#cdc5a6,3.82,#bdb492,3.34,#a49e7a,1.99,#817a5d,0.85,#302c23,0.44,#cdc5a6,3.82,#302c23,0.44,#bdb492,3.34,#a49e7a,1.99,#817a5d,0.85,#302c23,0.44,#817a5d,0.85,#a49e7a,1.99,#bdb492,3.34,#cdc5a6,3.82,#302c23,0.44,#817a5d,0.85,#a49e7a,1.99,#bdb492,3.34,#cdc5a6,3.82,#302c23,0.44,#817a5d,0.85,#a49e7a,1.99,#bdb492,3.34,#cdc5a6,3.82,,Spergula,Spergula arvensis
KW_T_423_6_0063L,KW_T_423_6_0063L.tif_segmented.png,565369,3025,3635,#d6cfb7,3.41,#c9c0a1,3.1,#b7b191,2.81,#a19d7f,1.51,#867f65,1.09,#d6cfb7,3.41,#413b31,0.38,#c9c0a1,3.1,#b7b191,2.81,#867f65,1.09,#413b31,0.38,#867f65,1.09,#a19d7f,1.51,#b7b191,2.81,#c9c0a1,3.1,#413b31,0.38,#a19d7f,1.51,#867f65,1.09,#b7b191,2.81,#c9c0a1,3.1,#413b31,0.38,#867f65,1.09,#a19d7f,1.51,#b7b191,2.81,#c9c0a1,3.1,,Gnaphalium,Gnaphalium sylvaticum
KW_T_423_6_0065L,KW_T_423_6_0065L.tif_segmented.png,383157,3033,3639,#bbb292,2.91,#cbc2a2,2.85,#a9a080,1.5,#8b8468,0.81,#5f5642,0.24,#cbc2a2,2.85,#5f5642,0.24,#bbb292,2.91,#a9a080,1.5,#8b8468,0.81,#5f5642,0.24,#8b8468,0.81,#a9a080,1.5,#bbb292,2.91,#cbc2a2,2.85,#a9a080,1.5,#8b8468,0.81,#cbc2a2,2.85,#5f5642,0.24,#bbb292,2.91,#5f5642,0.24,#8b8468,0.81,#a9a080,1.5,#bbb292,2.91,#cbc2a2,2.85,,Gnaphalium,Gnaphalium uliginosum
KW_T_423_6_0067L,KW_T_423_6_0067L.tif_segmented.png,628110,3035,3639,#bdb592,3.11,#ccc4a6,2.9,#aca681,1.83,#95946c,1.68,#7b7359,0.96,#413a2c,0.19,#ccc4a6,2.9,#bdb592,3.11,#aca681,1.83,#7b7359,0.96,#413a2c,0.19,#7b7359,0.96,#95946c,1.68,#aca681,1.83,#bdb592,3.11,#413a2c,0.19,#aca681,1.83,#95946c,1.68,#7b7359,0.96,#bdb592,3.11,#413a2c,0.19,#7b7359,0.96,#95946c,1.68,#aca681,1.83,#bdb592,3.11,,Betula,Betula pendula
KW_T_423_6_0069L,KW_T_423_6_0069L.tif_segmented.png,1169772,3035,3631,#c7bfa1,4.0,#b3ab8c,3.16,#817b62,2.76,#989377,2.7,#686250,2.08,#cbc166,0.44,#c7bfa1,4.0,#b3ab8c,3.16,#686250,2.08,#817b62,2.76,#686250,2.08,#817b62,2.76,#989377,2.7,#b3ab8c,3.16,#cbc166,0.44,#cbc166,0.44,#817b62,2.76,#686250,2.08,#b3ab8c,3.16,#989377,2.7,#686250,2.08,#817b62,2.76,#989377,2.7,#b3ab8c,3.16,#cbc166,0.44,,Lysimachia,Lysimachia thyrsiflora
KW_T_423_6_0071L,KW_T_423_6_0071L.tif_segmented.png,1066393,3037,3631,#c6c09c,3.94,#b3ad86,3.84,#999671,2.98,#807c5d,2.61,#686247,1.36,#dfdb89,0.62,#c6c09c,3.94,#686247,1.36,#b3ad86,3.84,#807c5d,2.61,#686247,1.36,#807c5d,2.61,#999671,2.98,#b3ad86,3.84,#c6c09c,3.94,#dfdb89,0.62,#b3ad86,3.84,#807c5d,2.61,#999671,2.98,#c6c09c,3.94,#686247,1.36,#807c5d,2.61,#999671,2.98,#b3ad86,3.84,#c6c09c,3.94,,Rhinanthus,Rhinanthus angustifolius
KW_T_423_6_0073L,KW_T_423_6_0073L.tif_segmented.png,470719,3037,3631,#b9b290,3.47,#cdc6a0,2.35,#a59c79,1.76,#8b8565,1.47,#6f674d,1.11,#cdc6a0,2.35,#2a261d,0.39,#b9b290,3.47,#6f674d,1.11,#a59c79,1.76,#6f674d,1.11,#2a261d,0.39,#8b8565,1.47,#a59c79,1.76,#b9b290,3.47,#2a261d,0.39,#cdc6a0,2.35,#8b8565,1.47,#a59c79,1.76,#b9b290,3.47,#6f674d,1.11,#2a261d,0.39,#8b8565,1.47,#a59c79,1.76,#b9b290,3.47,,Rhinanthus,Rhinanthus minor
KW_T_423_6_0075L,KW_T_423_6_0075L.tif_segmented.png,657869,2988,3639,#b2ae8e,1.76,#ccc5aa,1.66,#585e4b,1.37,#979779,1.34,#787b66,1.24,#ccc5aa,1.66,#363328,0.35,#b2ae8e,1.76,#585e4b,1.37,#979779,1.34,#363328,0.35,#787b66,1.24,#585e4b,1.37,#979779,1.34,#b2ae8e,1.76,#363328,0.35,#787b66,1.24,#979779,1.34,#b2ae8e,1.76,#ccc5aa,1.66,#363328,0.35,#787b66,1.24,#585e4b,1.37,#979779,1.34,#b2ae8e,1.76,,Jasione,Jasione montana
KW_T_423_6_0077L,KW_T_423_6_0077L.tif_segmented.png,495189,2999,3659,#d1caae,1.92,#bdb98c,1.54,#a39e77,0.93,#888361,0.81,#28241e,0.6,#d1caae,1.92,#28241e,0.6,#bdb98c,1.54,#695f47,0.58,#a39e77,0.93,#695f47,0.58,#888361,0.81,#a39e77,0.93,#bdb98c,1.54,#28241e,0.6,#28241e,0.6,#bdb98c,1.54,#a39e77,0.93,#888361,0.81,#695f47,0.58,#695f47,0.58,#888361,0.81,#a39e77,0.93,#bdb98c,1.54,#28241e,0.6,Cyperaceae,Carex,Carex oederi / demissa
KW_T_423_6_0079L,KW_T_423_6_0079L.tif_segmented.png,906203,3011,3659,#c5bca0,2.07,#b1ae86,1.78,#66654c,1.69,#807c60,1.39,#9b9876,1.18,#c5bca0,2.07,#b1ae86,1.78,#66654c,1.69,#807c60,1.39,#9b9876,1.18,#807c60,1.39,#66654c,1.69,#9b9876,1.18,#b1ae86,1.78,#c5bca0,2.07,#b1ae86,1.78,#807c60,1.39,#9b9876,1.18,#66654c,1.69,#c5bca0,2.07,#807c60,1.39,#66654c,1.69,#9b9876,1.18,#b1ae86,1.78,#c5bca0,2.07,,Echinochloa,Echinochloa crus-galli
KW_T_423_6_0081L,KW_T_423_6_0081L.tif_segmented.png,672063,3009,3651,#c6c0a2,1.71,#afab8c,1.44,#969073,0.95,#787458,0.67,#2d2a21,0.51,#2d2a21,0.51,#c6c0a2,1.71,#afab8c,1.44,#787458,0.67,#969073,0.95,#787458,0.67,#969073,0.95,#2d2a21,0.51,#afab8c,1.44,#c6c0a2,1.71,#2d2a21,0.51,#787458,0.67,#afab8c,1.44,#969073,0.95,#c6c0a2,1.71,#787458,0.67,#969073,0.95,#2d2a21,0.51,#afab8c,1.44,#c6c0a2,1.71,,Sagina,Sagina nodosa
KW_T_423_6_0083L,KW_T_423_6_0083L.tif_segmented.png,841769,3017,3655,#c0b99f,2.32,#a7a38e,1.89,#d1ccb7,1.85,#918c77,1.73,#7a7665,1.33,#d1ccb7,1.85,#c0b99f,2.32,#685e4b,0.67,#a7a38e,1.89,#7a7665,1.33,#685e4b,0.67,#7a7665,1.33,#918c77,1.73,#a7a38e,1.89,#c0b99f,2.32,#a7a38e,1.89,#685e4b,0.67,#7a7665,1.33,#918c77,1.73,#d1ccb7,1.85,#685e4b,0.67,#7a7665,1.33,#918c77,1.73,#a7a38e,1.89,#c0b99f,2.32,Asteraceae,Cirsium,Cirsium dissectum
KW_T_423_6_0085L,KW_T_423_6_0085L.tif_segmented.png,1925336,3029,3671,#a7aa86,3.47,#babc9b,3.44,#7c795d,3.31,#8f9274,3.0,#65644a,2.56,#ab8d62,1.63,#babc9b,3.44,#65644a,2.56,#a7aa86,3.47,#7c795d,3.31,#65644a,2.56,#7c795d,3.31,#ab8d62,1.63,#8f9274,3.0,#a7aa86,3.47,#7c795d,3.31,#a7aa86,3.47,#8f9274,3.0,#babc9b,3.44,#ab8d62,1.63,#65644a,2.56,#7c795d,3.31,#ab8d62,1.63,#8f9274,3.0,#a7aa86,3.47,,Polypodium,Polypodium vulgare
KW_T_423_6_0087L,KW_T_423_6_0087L.tif_segmented.png,971062,3039,3687,#615a48,2.96,#d2caae,2.64,#4e473a,2.45,#b9b192,1.81,#9b9874,1.75,#d2caae,2.64,#b9b192,1.81,#4e473a,2.45,#615a48,2.96,#9b9874,1.75,#9b9874,1.75,#b9b192,1.81,#7d785f,1.52,#615a48,2.96,#4e473a,2.45,#7d785f,1.52,#9b9874,1.75,#4e473a,2.45,#615a48,2.96,#d2caae,2.64,#9b9874,1.75,#b9b192,1.81,#7d785f,1.52,#615a48,2.96,#4e473a,2.45,Lycopodiaceae,Lycopodiella,Lycopodiella inundata
KW_T_423_6_0089L,KW_T_423_6_0089L.tif_segmented.png,1554802,3050,3691,#bab696,3.91,#cdc8af,3.77,#70735e,3.24,#a49f84,3.04,#87876f,2.72,#cdc8af,3.77,#bab696,3.91,#5c5f4d,1.93,#a49f84,3.04,#70735e,3.24,#5c5f4d,1.93,#70735e,3.24,#87876f,2.72,#a49f84,3.04,#bab696,3.91,#87876f,2.72,#70735e,3.24,#a49f84,3.04,#bab696,3.91,#cdc8af,3.77,#5c5f4d,1.93,#70735e,3.24,#87876f,2.72,#a49f84,3.04,#bab696,3.91,,Chenopodium,Chenopodium album
KW_T_423_6_0091L,KW_T_423_6_0091L.tif_segmented.png,1069340,3052,3651,#c4bf9a,3.09,#788069,2.44,#656e5a,2.29,#8d947a,1.97,#a8aa87,1.95,#c4bf9a,3.09,#2e2b23,0.57,#a8aa87,1.95,#656e5a,2.29,#8d947a,1.97,#2e2b23,0.57,#8d947a,1.97,#a8aa87,1.95,#788069,2.44,#656e5a,2.29,#2e2b23,0.57,#a8aa87,1.95,#8d947a,1.97,#788069,2.44,#c4bf9a,3.09,#2e2b23,0.57,#8d947a,1.97,#a8aa87,1.95,#788069,2.44,#656e5a,2.29,,Persicaria,Persicaria lapathifolia
KW_T_423_6_0093L,KW_T_423_6_0093L.tif_segmented.png,326045,3062,3671,#c9c2a2,2.9,#b0ae90,2.52,#94947c,2.23,#797965,1.93,#5f5f51,1.29,#c9c2a2,2.9,#29261f,0.62,#b0ae90,2.52,#94947c,2.23,#5f5f51,1.29,#5f5f51,1.29,#797965,1.93,#94947c,2.23,#b0ae90,2.52,#c9c2a2,2.9,#29261f,0.62,#797965,1.93,#94947c,2.23,#b0ae90,2.52,#c9c2a2,2.9,#5f5f51,1.29,#797965,1.93,#94947c,2.23,#b0ae90,2.52,#c9c2a2,2.9,,Lathyrus,Lathyrus palustris
KW_T_423_6_0095L,KW_T_423_6_0095L.tif_segmented.png,1757313,3068,3691,#b6b396,3.68,#a0a185,3.39,#c9c5a9,3.28,#8a8b72,2.5,#726f5a,0.9,#2b2720,0.6,#c9c5a9,3.28,#b6b396,3.68,#a0a185,3.39,#726f5a,0.9,#726f5a,0.9,#8a8b72,2.5,#a0a185,3.39,#b6b396,3.68,#2b2720,0.6,#2b2720,0.6,#a0a185,3.39,#8a8b72,2.5,#726f5a,0.9,#b6b396,3.68,#726f5a,0.9,#8a8b72,2.5,#a0a185,3.39,#b6b396,3.68,#2b2720,0.6,,Artemisia,Artemisia maritima
KW_T_423_6_0097L,KW_T_423_6_0097L.tif_segmented.png,4432,3070,3691,#a4a576,6.32,#949469,5.64,#b5b488,5.49,#81815d,5.2,#c7c49f,4.27,#c7c49f,4.27,#b5b488,5.49,#a4a576,6.32,#6e6f50,2.92,#81815d,5.2,#6e6f50,2.92,#81815d,5.2,#949469,5.64,#a4a576,6.32,#b5b488,5.49,#b5b488,5.49,#949469,5.64,#c7c49f,4.27,#a4a576,6.32,#81815d,5.2,#6e6f50,2.92,#81815d,5.2,#949469,5.64,#a4a576,6.32,#b5b488,5.49,,Pteridium,Pteridium aquilinum
KW_T_423_6_0099L,KW_T_423_6_0099L.tif_segmented.png,811577,3078,3715,#c7c0ab,3.31,#b4aa8c,2.34,#928d76,1.9,#9c989d,1.31,#78745f,1.19,#292520,0.78,#c7c0ab,3.31,#b4aa8c,2.34,#78745f,1.19,#928d76,1.9,#78745f,1.19,#928d76,1.9,#b4aa8c,2.34,#9c989d,1.31,#292520,0.78,#292520,0.78,#78745f,1.19,#b4aa8c,2.34,#928d76,1.9,#9c989d,1.31,#78745f,1.19,#928d76,1.9,#b4aa8c,2.34,#9c989d,1.31,#292520,0.78,,Crocus,Crocus vernus
KW_T_423_6_0101L,KW_T_423_6_0101L.tif_segmented.png,1677992,3080,3747,#aca88a,3.99,#bfb99b,3.41,#989478,3.18,#7f7960,2.26,#605846,1.03,#bfb99b,3.41,#292620,0.72,#aca88a,3.99,#605846,1.03,#989478,3.18,#605846,1.03,#7f7960,2.26,#989478,3.18,#aca88a,3.99,#bfb99b,3.41,#292620,0.72,#7f7960,2.26,#aca88a,3.99,#605846,1.03,#989478,3.18,#605846,1.03,#7f7960,2.26,#989478,3.18,#aca88a,3.99,#bfb99b,3.41,,Trichophorum,Trichophorum germanicum
KW_T_423_6_0103L,KW_T_423_6_0103L.tif_segmented.png,338969,3066,3667,#b2ac8d,1.62,#c5bfa1,1.28,#9d9577,1.12,#80785d,0.85,#393429,0.41,#393429,0.41,#c5bfa1,1.28,#b2ac8d,1.62,#80785d,0.85,#9d9577,1.12,#393429,0.41,#80785d,0.85,#9d9577,1.12,#b2ac8d,1.62,#c5bfa1,1.28,#393429,0.41,#80785d,0.85,#b2ac8d,1.62,#9d9577,1.12,#c5bfa1,1.28,#393429,0.41,#80785d,0.85,#9d9577,1.12,#b2ac8d,1.62,#c5bfa1,1.28,,Myosotis,Myosotis discolor
KW_T_423_6_0105L,KW_T_423_6_0105L.tif_segmented.png,1273239,3062,3687,#929771,3.42,#abaf84,2.69,#7f8363,2.66,#c3c09f,2.09,#696652,1.2,#c3c09f,2.09,#28251f,0.9,#abaf84,2.69,#929771,3.42,#696652,1.2,#696652,1.2,#7f8363,2.66,#929771,3.42,#abaf84,2.69,#c3c09f,2.09,#28251f,0.9,#929771,3.42,#abaf84,2.69,#c3c09f,2.09,#7f8363,2.66,#696652,1.2,#7f8363,2.66,#929771,3.42,#abaf84,2.69,#c3c09f,2.09,,Vaccinium,Vaccinium myrtillus
KW_T_423_6_0107L,KW_T_423_6_0107L.tif_segmented.png,1381116,3064,3695,#c9c3a8,3.35,#abad85,3.26,#8b936c,3.07,#656a53,2.73,#e8e087,1.21,#e8e087,1.21,#c9c3a8,3.35,#292721,0.8,#abad85,3.26,#656a53,2.73,#8b936c,3.07,#abad85,3.26,#656a53,2.73,#292721,0.8,#e8e087,1.21,#e8e087,1.21,#292721,0.8,#abad85,3.26,#8b936c,3.07,#c9c3a8,3.35,#8b936c,3.07,#abad85,3.26,#656a53,2.73,#292721,0.8,#e8e087,1.21,,Barbarea,Barbarea vulgaris
KW_T_423_6_0109L,KW_T_423_6_0109L.tif_segmented.png,420163,3068,3683,#afaf8a,1.96,#c2be9d,1.91,#999875,1.15,#2d2a23,0.61,#7d775b,0.56,#2d2a23,0.61,#c2be9d,1.91,#afaf8a,1.96,#7d775b,0.56,#999875,1.15,#7d775b,0.56,#999875,1.15,#afaf8a,1.96,#2d2a23,0.61,#c2be9d,1.91,#2d2a23,0.61,#afaf8a,1.96,#7d775b,0.56,#999875,1.15,#c2be9d,1.91,#7d775b,0.56,#999875,1.15,#afaf8a,1.96,#2d2a23,0.61,#c2be9d,1.91,Caprifoliaceae,Valerianella,Valerianella dentata
KW_T_423_6_0111L,KW_T_423_6_0111L.tif_segmented.png,345816,3072,3699,#cfc7ab,2.67,#bab494,1.55,#a29d7f,1.0,#2a2822,0.59,#827a5f,0.58,#cfc7ab,2.67,#2a2822,0.59,#bab494,1.55,#5f5541,0.31,#a29d7f,1.0,#5f5541,0.31,#827a5f,0.58,#a29d7f,1.0,#bab494,1.55,#2a2822,0.59,#2a2822,0.59,#827a5f,0.58,#a29d7f,1.0,#bab494,1.55,#cfc7ab,2.67,#5f5541,0.31,#827a5f,0.58,#a29d7f,1.0,#bab494,1.55,#2a2822,0.59,,Vulpia,Vulpia bromoides
KW_T_423_6_0113L,KW_T_423_6_0113L.tif_segmented.png,1118191,3074,3703,#ccc6aa,3.0,#b5b295,1.96,#9e9b7f,1.75,#878168,1.4,#6b654f,0.98,#ccc6aa,3.0,#2a2721,0.78,#b5b295,1.96,#6b654f,0.98,#9e9b7f,1.75,#6b654f,0.98,#878168,1.4,#9e9b7f,1.75,#b5b295,1.96,#2a2721,0.78,#2a2721,0.78,#9e9b7f,1.75,#878168,1.4,#6b654f,0.98,#b5b295,1.96,#6b654f,0.98,#878168,1.4,#9e9b7f,1.75,#b5b295,1.96,#2a2721,0.78,,Juncus,Juncus squarrosus
KW_T_423_6_0115L,KW_T_423_6_0115L.tif_segmented.png,1023237,3074,3699,#d4ccb6,4.29,#c0b89f,2.74,#a59a86,2.44,#877f6d,2.38,#676453,1.22,#d4ccb6,4.29,#2e2b24,0.85,#c0b89f,2.74,#a59a86,2.44,#676453,1.22,#676453,1.22,#877f6d,2.38,#a59a86,2.44,#c0b89f,2.74,#2e2b24,0.85,#2e2b24,0.85,#877f6d,2.38,#676453,1.22,#a59a86,2.44,#d4ccb6,4.29,#676453,1.22,#877f6d,2.38,#a59a86,2.44,#c0b89f,2.74,#2e2b24,0.85,,Pedicularis,Pedicularis sylvatica
KW_T_423_6_0117L,KW_T_423_6_0117L.tif_segmented.png,546856,3078,3707,#d1cbb3,2.34,#c1ba99,2.31,#a6a27e,1.84,#878065,1.12,#635b4a,0.85,#d1cbb3,2.34,#c1ba99,2.31,#2a2823,0.71,#a6a27e,1.84,#635b4a,0.85,#635b4a,0.85,#878065,1.12,#a6a27e,1.84,#c1ba99,2.31,#2a2823,0.71,#2a2823,0.71,#a6a27e,1.84,#635b4a,0.85,#878065,1.12,#c1ba99,2.31,#635b4a,0.85,#878065,1.12,#a6a27e,1.84,#c1ba99,2.31,#2a2823,0.71,Equisetaceae,Equisetum,Equisetum palustre
KW_T_423_6_0119L,KW_T_423_6_0119L.tif_segmented.png,365633,3074,3687,#d4ceb9,2.46,#c3bb9e,1.83,#aca385,1.28,#27241f,0.93,#8f876a,0.64,#d4ceb9,2.46,#27241f,0.93,#c3bb9e,1.83,#665c48,0.3,#aca385,1.28,#665c48,0.3,#8f876a,0.64,#aca385,1.28,#c3bb9e,1.83,#27241f,0.93,#27241f,0.93,#aca385,1.28,#665c48,0.3,#8f876a,0.64,#c3bb9e,1.83,#665c48,0.3,#8f876a,0.64,#aca385,1.28,#c3bb9e,1.83,#27241f,0.93,,Aira,Aira caryophyllea
KW_T_423_6_0121L,KW_T_423_6_0121L.tif_segmented.png,2137300,3062,3659,#645e45,6.2,#77765a,4.04,#949172,2.85,#b2ac8b,2.82,#ccc6ab,2.03,#ccc6ab,2.03,#28251e,0.66,#645e45,6.2,#b2ac8b,2.82,#77765a,4.04,#b2ac8b,2.82,#949172,2.85,#28251e,0.66,#77765a,4.04,#645e45,6.2,#28251e,0.66,#77765a,4.04,#b2ac8b,2.82,#949172,2.85,#645e45,6.2,#b2ac8b,2.82,#949172,2.85,#28251e,0.66,#77765a,4.04,#645e45,6.2,,Potamogeton,Potamogeton natans
KW_T_423_6_0123L,KW_T_423_6_0123L.tif_segmented.png,506763,3015,3667,#c1c29a,1.62,#aaaa83,1.14,#8b8c6d,1.0,#737157,0.66,#2d2a23,0.64,#c1c29a,1.62,#2d2a23,0.64,#aaaa83,1.14,#737157,0.66,#8b8c6d,1.0,#737157,0.66,#2d2a23,0.64,#8b8c6d,1.0,#aaaa83,1.14,#c1c29a,1.62,#2d2a23,0.64,#c1c29a,1.62,#aaaa83,1.14,#8b8c6d,1.0,#737157,0.66,#737157,0.66,#2d2a23,0.64,#8b8c6d,1.0,#aaaa83,1.14,#c1c29a,1.62,,Viola,Viola riviniana
KW_T_423_6_0125L,KW_T_423_6_0125L.tif_segmented.png,2009067,3015,3667,#656b5b,4.8,#7f826c,4.06,#9b9f86,2.9,#c3bfaa,2.59,#d1cb81,0.82,#d1cb81,0.82,#292720,0.81,#c3bfaa,2.59,#656b5b,4.8,#9b9f86,2.9,#292720,0.81,#9b9f86,2.9,#7f826c,4.06,#d1cb81,0.82,#656b5b,4.8,#d1cb81,0.82,#292720,0.81,#7f826c,4.06,#9b9f86,2.9,#656b5b,4.8,#292720,0.81,#9b9f86,2.9,#7f826c,4.06,#d1cb81,0.82,#656b5b,4.8,,Viburnum,Viburnum opulus
KW_T_423_6_0127L,KW_T_423_6_0127L.tif_segmented.png,976143,3011,3651,#a0a26e,2.24,#83845c,1.92,#c1ba9f,1.84,#696949,1.66,#e5d564,0.7,#e5d564,0.7,#2b2922,0.63,#c1ba9f,1.84,#a0a26e,2.24,#696949,1.66,#2b2922,0.63,#696949,1.66,#83845c,1.92,#a0a26e,2.24,#c1ba9f,1.84,#e5d564,0.7,#2b2922,0.63,#a0a26e,2.24,#83845c,1.92,#696949,1.66,#2b2922,0.63,#696949,1.66,#83845c,1.92,#a0a26e,2.24,#c1ba9f,1.84,Ranunculaceae,Anemone,Anemone ranunculoides
KW_T_423_6_0129L,KW_T_423_6_0129L.tif_segmented.png,1375759,3013,3651,#96946f,2.42,#abaa89,2.23,#c5c0a1,2.13,#807b5b,1.84,#5d6145,1.45,#c5c0a1,2.13,#2c2922,0.75,#abaa89,2.23,#5d6145,1.45,#807b5b,1.84,#2c2922,0.75,#5d6145,1.45,#807b5b,1.84,#96946f,2.42,#abaa89,2.23,#2c2922,0.75,#96946f,2.42,#807b5b,1.84,#abaa89,2.23,#c5c0a1,2.13,#2c2922,0.75,#5d6145,1.45,#807b5b,1.84,#96946f,2.42,#abaa89,2.23,,Luronium,Luronium natans
KW_T_423_6_0131L,KW_T_423_6_0131L.tif_segmented.png,1080186,3013,3651,#737658,2.22,#575d43,2.17,#90906e,1.84,#c2bea0,1.82,#aca687,1.5,#c2bea0,1.82,#2b2822,0.72,#aca687,1.5,#575d43,2.17,#737658,2.22,#2b2822,0.72,#575d43,2.17,#90906e,1.84,#737658,2.22,#aca687,1.5,#2b2822,0.72,#90906e,1.84,#aca687,1.5,#737658,2.22,#c2bea0,1.82,#2b2822,0.72,#575d43,2.17,#90906e,1.84,#737658,2.22,#aca687,1.5,,Vaccinium,Vaccinium vitis-idaea
KW_T_423_6_0133L,KW_T_423_6_0133L.tif_segmented.png,1379638,3009,3651,#99987c,3.13,#cec8af,3.02,#676c5b,2.61,#80816b,2.53,#b2af91,1.83,#dbcd67,0.76,#cec8af,3.02,#b2af91,1.83,#676c5b,2.61,#99987c,3.13,#99987c,3.13,#80816b,2.53,#676c5b,2.61,#b2af91,1.83,#dbcd67,0.76,#dbcd67,0.76,#80816b,2.53,#99987c,3.13,#b2af91,1.83,#676c5b,2.61,#99987c,3.13,#80816b,2.53,#676c5b,2.61,#b2af91,1.83,#dbcd67,0.76,,Ranunculus,Ranunculus repens
KW_T_423_6_0135L,KW_T_423_6_0135L.tif_segmented.png,1474031,3011,3659,#cbc4ab,4.04,#b1ac92,1.92,#5c6248,1.89,#8f9272,1.88,#787c5c,1.67,#cec352,0.59,#cbc4ab,4.04,#5c6248,1.89,#b1ac92,1.92,#787c5c,1.67,#5c6248,1.89,#787c5c,1.67,#8f9272,1.88,#b1ac92,1.92,#cec352,0.59,#cec352,0.59,#8f9272,1.88,#787c5c,1.67,#b1ac92,1.92,#cbc4ab,4.04,#5c6248,1.89,#787c5c,1.67,#8f9272,1.88,#b1ac92,1.92,#cec352,0.59,,Ranunculus,Ranunculus acris
KW_T_423_6_0137L,KW_T_423_6_0137L.tif_segmented.png,821293,3011,3651,#c2b896,2.31,#86795f,2.28,#9e997b,1.7,#6f604a,1.33,#b79667,0.74,#b79667,0.74,#c2b896,2.31,#2c2923,0.62,#6f604a,1.33,#86795f,2.28,#6f604a,1.33,#86795f,2.28,#2c2923,0.62,#9e997b,1.7,#b79667,0.74,#2c2923,0.62,#b79667,0.74,#86795f,2.28,#9e997b,1.7,#6f604a,1.33,#6f604a,1.33,#86795f,2.28,#2c2923,0.62,#9e997b,1.7,#b79667,0.74,Equisetaceae,Equisetum,Equisetum fluviatile
KW_T_423_6_0139L,KW_T_423_6_0139L.tif_segmented.png,1125633,3013,3655,#d1caaf,3.44,#beb893,2.19,#a6a379,1.74,#88835f,1.49,#70664b,0.84,#d1caaf,3.44,#2e2a24,0.8,#beb893,2.19,#70664b,0.84,#a6a379,1.74,#70664b,0.84,#2e2a24,0.8,#88835f,1.49,#a6a379,1.74,#beb893,2.19,#2e2a24,0.8,#a6a379,1.74,#88835f,1.49,#beb893,2.19,#70664b,0.84,#70664b,0.84,#2e2a24,0.8,#88835f,1.49,#a6a379,1.74,#beb893,2.19,Cyperaceae,Carex,Carex dioica
KW_T_423_6_0141L,KW_T_423_6_0141L.tif_segmented.png,611009,3013,3663,#cec7ac,2.05,#c1b990,1.78,#aca37e,1.24,#91885f,0.83,#2e2b25,0.77,#cec7ac,2.05,#c1b990,1.78,#2e2b25,0.77,#72694c,0.66,#aca37e,1.24,#72694c,0.66,#91885f,0.83,#2e2b25,0.77,#aca37e,1.24,#c1b990,1.78,#2e2b25,0.77,#c1b990,1.78,#aca37e,1.24,#91885f,0.83,#72694c,0.66,#72694c,0.66,#91885f,0.83,#2e2b25,0.77,#aca37e,1.24,#c1b990,1.78,Cyperaceae,Carex,Carex pilulifera
KW_T_423_6_0143L,KW_T_423_6_0143L.tif_segmented.png,558539,3011,3651,#c2bc9d,1.99,#d4cdb1,1.78,#adab88,1.61,#8f916f,0.98,#2e2b24,0.65,#d4cdb1,1.78,#2e2b24,0.65,#c2bc9d,1.99,#adab88,1.61,#6e6753,0.55,#6e6753,0.55,#2e2b24,0.65,#8f916f,0.98,#adab88,1.61,#c2bc9d,1.99,#2e2b24,0.65,#8f916f,0.98,#adab88,1.61,#6e6753,0.55,#d4cdb1,1.78,#6e6753,0.55,#2e2b24,0.65,#8f916f,0.98,#adab88,1.61,#c2bc9d,1.99,Cyperaceae,Carex,Carex lasiocarpa
KW_T_423_6_0145L,KW_T_423_6_0145L.tif_segmented.png,993626,3009,3643,#b3ac87,1.98,#98946f,1.57,#817c5e,1.46,#69644b,1.38,#2c2921,0.54,#b3ac87,1.98,#2c2921,0.54,#98946f,1.57,#69644b,1.38,#817c5e,1.46,#69644b,1.38,#2c2921,0.54,#817c5e,1.46,#98946f,1.57,#b3ac87,1.98,#2c2921,0.54,#817c5e,1.46,#b3ac87,1.98,#98946f,1.57,#69644b,1.38,#69644b,1.38,#2c2921,0.54,#817c5e,1.46,#98946f,1.57,#b3ac87,1.98,Cyperaceae,Carex,Carex hirta
KW_T_423_6_0147L,KW_T_423_6_0147L.tif_segmented.png,1051238,3009,3647,#bcb597,1.98,#a5a37b,1.79,#68674c,1.34,#838061,1.33,#2c2a21,0.61,#2c2a21,0.61,#bcb597,1.98,#a5a37b,1.79,#68674c,1.34,#838061,1.33,#2c2a21,0.61,#68674c,1.34,#838061,1.33,#a5a37b,1.79,#bcb597,1.98,#2c2a21,0.61,#a5a37b,1.79,#838061,1.33,#bcb597,1.98,#68674c,1.34,#2c2a21,0.61,#68674c,1.34,#838061,1.33,#a5a37b,1.79,#bcb597,1.98,Cyperaceae,Carex,Carex nigra
KW_T_423_6_0149L,KW_T_423_6_0149L.tif_segmented.png,1446847,3009,3663,#c0be96,2.75,#adad82,2.62,#7b775c,2.4,#969371,2.21,#635f48,1.68,#c0be96,2.75,#2b2820,0.86,#adad82,2.62,#635f48,1.68,#7b775c,2.4,#635f48,1.68,#7b775c,2.4,#2b2820,0.86,#969371,2.21,#adad82,2.62,#2b2820,0.86,#c0be96,2.75,#adad82,2.62,#7b775c,2.4,#969371,2.21,#635f48,1.68,#7b775c,2.4,#2b2820,0.86,#969371,2.21,#adad82,2.62,,Eleocharis,Eleocharis palustris
KW_T_423_6_0151L,KW_T_423_6_0151L.tif_segmented.png,1671250,3009,3659,#aeaf8e,3.34,#9a9b7d,3.17,#82876b,2.82,#c5c0a3,2.62,#6b7259,2.17,#2a2721,0.7,#c5c0a3,2.62,#aeaf8e,3.34,#6b7259,2.17,#9a9b7d,3.17,#2a2721,0.7,#9a9b7d,3.17,#aeaf8e,3.34,#82876b,2.82,#6b7259,2.17,#2a2721,0.7,#aeaf8e,3.34,#9a9b7d,3.17,#82876b,2.82,#6b7259,2.17,#2a2721,0.7,#9a9b7d,3.17,#aeaf8e,3.34,#82876b,2.82,#6b7259,2.17,,Chaerophyllum,Chaerophyllum temulum
KW_T_423_6_0153L,KW_T_423_6_0153L.tif_segmented.png,2458146,2962,3635,#d2ceb6,4.12,#b0b686,3.65,#9ba078,3.4,#646a50,3.16,#838766,2.66,#d2ceb6,4.12,#b0b686,3.65,#646a50,3.16,#bebca3,2.51,#9ba078,3.4,#646a50,3.16,#838766,2.66,#9ba078,3.4,#b0b686,3.65,#bebca3,2.51,#b0b686,3.65,#838766,2.66,#9ba078,3.4,#d2ceb6,4.12,#bebca3,2.51,#646a50,3.16,#838766,2.66,#9ba078,3.4,#b0b686,3.65,#bebca3,2.51,,Sambucus,Sambucus nigra
KW_T_423_6_0155L,KW_T_423_6_0155L.tif_segmented.png,1092143,2968,3647,#888c68,2.62,#c4c0a4,2.39,#a8ac83,2.39,#6e7250,2.05,#e0ce3f,0.15,#e0ce3f,0.15,#c4c0a4,2.39,#6e7250,2.05,#a8ac83,2.39,#888c68,2.62,#6e7250,2.05,#888c68,2.62,#a8ac83,2.39,#e0ce3f,0.15,#c4c0a4,2.39,#e0ce3f,0.15,#a8ac83,2.39,#888c68,2.62,#6e7250,2.05,#c4c0a4,2.39,#6e7250,2.05,#888c68,2.62,#a8ac83,2.39,#e0ce3f,0.15,#c4c0a4,2.39,,Ranunculus,Ranunculus peltatus
KW_T_423_6_0157R,KW_T_423_6_0157R.tif_segmented.png,1400926,2968,3659,#bdbb9b,2.6,#a09e7c,1.83,#838064,1.46,#5d5a48,1.04,#29261f,0.89,#bdbb9b,2.6,#29261f,0.89,#a09e7c,1.83,#5d5a48,1.04,#838064,1.46,#29261f,0.89,#838064,1.46,#a09e7c,1.83,#5d5a48,1.04,#bdbb9b,2.6,#29261f,0.89,#a09e7c,1.83,#838064,1.46,#bdbb9b,2.6,#5d5a48,1.04,#29261f,0.89,#838064,1.46,#a09e7c,1.83,#5d5a48,1.04,#bdbb9b,2.6,,Ranunculus,Ranunculus Sect. Batrachium
KW_T_423_6_0159L,KW_T_423_6_0159L.tif_segmented.png,1599998,2970,3659,#bdc095,3.65,#96976e,2.55,#7e825c,2.53,#a8a783,2.17,#6a6d4a,2.06,#bdc095,3.65,#2c2821,0.53,#6a6d4a,2.06,#a8a783,2.17,#7e825c,2.53,#2c2821,0.53,#a8a783,2.17,#6a6d4a,2.06,#bdc095,3.65,#96976e,2.55,#2c2821,0.53,#bdc095,3.65,#a8a783,2.17,#96976e,2.55,#7e825c,2.53,#2c2821,0.53,#a8a783,2.17,#6a6d4a,2.06,#bdc095,3.65,#96976e,2.55,Plantaginaceae,Veronica,Veronica beccabunga
KW_T_423_6_0161L,KW_T_423_6_0161L.tif_segmented.png,696942,2952,3631,#d0cab2,2.31,#898764,2.08,#a4a378,1.84,#bcb891,1.37,#6e6a4e,1.35,#d0cab2,2.31,#2b2821,0.55,#bcb891,1.37,#a4a378,1.84,#6e6a4e,1.35,#6e6a4e,1.35,#2b2821,0.55,#898764,2.08,#a4a378,1.84,#bcb891,1.37,#2b2821,0.55,#bcb891,1.37,#898764,2.08,#a4a378,1.84,#6e6a4e,1.35,#6e6a4e,1.35,#2b2821,0.55,#898764,2.08,#a4a378,1.84,#bcb891,1.37,Plantaginaceae,Veronica,Veronica agrestis
KW_T_423_6_0163L,KW_T_423_6_0163L.tif_segmented.png,413967,2944,3635,#c8c2a5,1.77,#b1ac85,1.32,#9a9a70,1.11,#807e5c,0.96,#646449,0.65,#c8c2a5,1.77,#b1ac85,1.32,#646449,0.65,#807e5c,0.96,#9a9a70,1.11,#646449,0.65,#807e5c,0.96,#9a9a70,1.11,#b1ac85,1.32,#c8c2a5,1.77,#b1ac85,1.32,#9a9a70,1.11,#807e5c,0.96,#c8c2a5,1.77,#646449,0.65,#646449,0.65,#807e5c,0.96,#9a9a70,1.11,#b1ac85,1.32,#c8c2a5,1.77,Plantaginaceae,Veronica,Veronica serpyllifolia
KW_T_423_6_0165L,KW_T_423_6_0165L.tif_segmented.png,1386775,2933,3627,#7e846e,3.28,#979b7a,2.78,#b0af89,2.7,#d3cdb5,2.25,#c5c399,2.25,#d3cdb5,2.25,#c5c399,2.25,#b0af89,2.7,#686853,0.85,#979b7a,2.78,#686853,0.85,#979b7a,2.78,#7e846e,3.28,#b0af89,2.7,#c5c399,2.25,#c5c399,2.25,#7e846e,3.28,#b0af89,2.7,#979b7a,2.78,#686853,0.85,#686853,0.85,#979b7a,2.78,#7e846e,3.28,#b0af89,2.7,#c5c399,2.25,,Vinca,Vinca minor
KW_T_423_6_0167L,KW_T_423_6_0167L.tif_segmented.png,386775,2913,3639,#c6bfa1,1.93,#afa886,1.81,#9a946f,0.74,#706b51,0.69,#2c2921,0.61,#2c2921,0.61,#c6bfa1,1.93,#afa886,1.81,#706b51,0.69,#9a946f,0.74,#706b51,0.69,#2c2921,0.61,#9a946f,0.74,#afa886,1.81,#c6bfa1,1.93,#2c2921,0.61,#afa886,1.81,#9a946f,0.74,#706b51,0.69,#c6bfa1,1.93,#706b51,0.69,#2c2921,0.61,#9a946f,0.74,#afa886,1.81,#c6bfa1,1.93,Brassicaceae,Erophila,Erophila verna
KW_T_423_7_0009L,KW_T_423_7_0009L.tif_segmented.png,877632,2944,3635,#c1b695,1.8,#d2ccb4,1.77,#a69f7e,1.55,#847a5e,1.35,#615e49,1.16,#d2ccb4,1.77,#c1b695,1.8,#2c2921,0.69,#a69f7e,1.55,#615e49,1.16,#615e49,1.16,#847a5e,1.35,#a69f7e,1.55,#2c2921,0.69,#c1b695,1.8,#2c2921,0.69,#847a5e,1.35,#a69f7e,1.55,#c1b695,1.8,#615e49,1.16,#615e49,1.16,#847a5e,1.35,#a69f7e,1.55,#2c2921,0.69,#c1b695,1.8,Poaceae,Phleum,Phleum pratense subsp. pratense
KW_T_423_7_0011L,KW_T_423_7_0011L.tif_segmented.png,560985,2958,3639,#d4cdb4,2.75,#a9aa8b,1.85,#c2bc9e,1.69,#909076,1.41,#74755e,1.15,#d4cdb4,2.75,#2f2c25,0.46,#c2bc9e,1.69,#a9aa8b,1.85,#74755e,1.15,#74755e,1.15,#909076,1.41,#2f2c25,0.46,#a9aa8b,1.85,#c2bc9e,1.69,#2f2c25,0.46,#a9aa8b,1.85,#74755e,1.15,#909076,1.41,#d4cdb4,2.75,#74755e,1.15,#909076,1.41,#2f2c25,0.46,#a9aa8b,1.85,#c2bc9e,1.69,,Bromus,Bromus racemosus
KW_T_423_7_0013L,KW_T_423_7_0013L.tif_segmented.png,951513,2982,3663,#69694d,2.32,#c2b99b,2.2,#a6a37e,1.95,#8a8565,1.52,#e3df74,0.96,#e3df74,0.96,#2f2c24,0.52,#c2b99b,2.2,#a6a37e,1.95,#69694d,2.32,#2f2c24,0.52,#a6a37e,1.95,#8a8565,1.52,#c2b99b,2.2,#69694d,2.32,#e3df74,0.96,#2f2c24,0.52,#a6a37e,1.95,#8a8565,1.52,#c2b99b,2.2,#2f2c24,0.52,#a6a37e,1.95,#8a8565,1.52,#c2b99b,2.2,#69694d,2.32,,Ranunculus,Ranunculus lingua
KW_T_423_7_0015L,KW_T_423_7_0015L.tif_segmented.png,1509389,2982,3655,#646653,2.89,#d3ccb1,2.49,#7c7e64,2.46,#939577,2.29,#c7bf9b,2.18,#d3ccb1,2.49,#c7bf9b,2.18,#646653,2.89,#afab8b,1.5,#7c7e64,2.46,#7c7e64,2.46,#939577,2.29,#646653,2.89,#afab8b,1.5,#c7bf9b,2.18,#7c7e64,2.46,#939577,2.29,#afab8b,1.5,#c7bf9b,2.18,#d3ccb1,2.49,#7c7e64,2.46,#939577,2.29,#646653,2.89,#afab8b,1.5,#c7bf9b,2.18,,Ranunculus,Ranunculus auricomus
KW_T_423_7_0017L,KW_T_423_7_0017L.tif_segmented.png,647189,2984,3651,#d6cfb7,2.84,#c3c39f,2.8,#aaa88f,1.56,#6f635c,1.12,#938b7b,1.08,#d6cfb7,2.84,#322d24,0.47,#c3c39f,2.8,#aaa88f,1.56,#6f635c,1.12,#6f635c,1.12,#322d24,0.47,#938b7b,1.08,#aaa88f,1.56,#c3c39f,2.8,#322d24,0.47,#c3c39f,2.8,#aaa88f,1.56,#938b7b,1.08,#d6cfb7,2.84,#6f635c,1.12,#322d24,0.47,#938b7b,1.08,#aaa88f,1.56,#c3c39f,2.8,,Orchis,Orchis morio
KW_T_423_7_0019L,KW_T_423_7_0019L.tif_segmented.png,1083019,2997,3651,#cec5a7,2.78,#bbb58c,2.24,#a2a476,2.01,#6b7054,1.56,#878964,1.42,#cec5a7,2.78,#2b2821,0.57,#bbb58c,2.24,#a2a476,2.01,#6b7054,1.56,#6b7054,1.56,#878964,1.42,#2b2821,0.57,#a2a476,2.01,#bbb58c,2.24,#2b2821,0.57,#bbb58c,2.24,#a2a476,2.01,#878964,1.42,#cec5a7,2.78,#6b7054,1.56,#878964,1.42,#2b2821,0.57,#a2a476,2.01,#bbb58c,2.24,,Elymus,Elymus repens
KW_T_423_7_0021L,KW_T_423_7_0021L.tif_segmented.png,1214525,2999,3651,#d3cdb2,3.28,#bdb999,2.95,#a4a676,2.75,#8a8e61,2.48,#c8cd86,1.52,#c8cd86,1.52,#d3cdb2,3.28,#2a2720,0.76,#bdb999,2.95,#a4a676,2.75,#6f714d,1.35,#2a2720,0.76,#8a8e61,2.48,#a4a676,2.75,#bdb999,2.95,#2a2720,0.76,#c8cd86,1.52,#8a8e61,2.48,#a4a676,2.75,#bdb999,2.95,#6f714d,1.35,#2a2720,0.76,#8a8e61,2.48,#a4a676,2.75,#bdb999,2.95,,Oxalis,Oxalis stricta
KW_T_423_7_0023L,KW_T_423_7_0023L.tif_segmented.png,2783765,3003,3655,#616b51,5.81,#899273,4.73,#747d61,4.67,#c6bfa2,4.09,#4f5b3f,3.95,#c6bfa2,4.09,#4f5b3f,3.95,#616b51,5.81,#9ea585,3.69,#899273,4.73,#9ea585,3.69,#899273,4.73,#747d61,4.67,#616b51,5.81,#4f5b3f,3.95,#899273,4.73,#9ea585,3.69,#747d61,4.67,#c6bfa2,4.09,#616b51,5.81,#9ea585,3.69,#899273,4.73,#747d61,4.67,#616b51,5.81,#4f5b3f,3.95,Dryopteridaceae,Dryopteris,Dryopteris dilatata
KW_T_423_7_0025L,KW_T_423_7_0025L.tif_segmented.png,1474034,3003,3659,#adb183,3.87,#bfbe95,3.53,#94946f,3.42,#d1cbb1,3.41,#787758,2.31,#2b2820,0.64,#d1cbb1,3.41,#bfbe95,3.53,#adb183,3.87,#787758,2.31,#2b2820,0.64,#787758,2.31,#94946f,3.42,#adb183,3.87,#bfbe95,3.53,#2b2820,0.64,#bfbe95,3.53,#94946f,3.42,#adb183,3.87,#787758,2.31,#2b2820,0.64,#787758,2.31,#94946f,3.42,#adb183,3.87,#bfbe95,3.53,Dryopteridaceae,Dryopteris,Dryopteris carthusiana
KW_T_423_7_0027L,KW_T_423_7_0027L.tif_segmented.png,2354448,3007,3655,#cac5a5,4.16,#b5b391,3.79,#697155,3.6,#9e9d7c,3.11,#848668,3.1,#cac5a5,4.16,#4b5a42,3.0,#b5b391,3.79,#697155,3.6,#9e9d7c,3.11,#848668,3.1,#9e9d7c,3.11,#697155,3.6,#4b5a42,3.0,#b5b391,3.79,#9e9d7c,3.11,#848668,3.1,#b5b391,3.79,#cac5a5,4.16,#697155,3.6,#848668,3.1,#9e9d7c,3.11,#697155,3.6,#4b5a42,3.0,#b5b391,3.79,,Struthiopteris,Struthiopteris spicant
KW_T_423_7_0029L,KW_T_423_7_0029L.tif_segmented.png,405314,3009,3643,#c2b99a,2.51,#d3cbb0,2.12,#a59f81,1.1,#7e7154,0.73,#2e2a21,0.56,#d3cbb0,2.12,#2e2a21,0.56,#c2b99a,2.51,#7e7154,0.73,#a59f81,1.1,#7e7154,0.73,#2e2a21,0.56,#a59f81,1.1,#c2b99a,2.51,#d3cbb0,2.12,#2e2a21,0.56,#7e7154,0.73,#a59f81,1.1,#d3cbb0,2.12,#c2b99a,2.51,#7e7154,0.73,#2e2a21,0.56,#a59f81,1.1,#c2b99a,2.51,#d3cbb0,2.12,,Aira,Aira praecox
KW_T_423_7_0031L,KW_T_423_7_0031L.tif_segmented.png,340621,3011,3647,#bcb493,2.33,#cec6a9,2.32,#9c9878,1.2,#353027,0.36,#786e55,0.28,#cec6a9,2.32,#353027,0.36,#bcb493,2.33,#786e55,0.28,#9c9878,1.2,#786e55,0.28,#353027,0.36,#9c9878,1.2,#bcb493,2.33,#cec6a9,2.32,#353027,0.36,#786e55,0.28,#9c9878,1.2,#bcb493,2.33,#cec6a9,2.32,#786e55,0.28,#353027,0.36,#9c9878,1.2,#bcb493,2.33,#cec6a9,2.32,,Stellaria,Stellaria uliginosa
KW_T_423_7_0033L,KW_T_423_7_0033L.tif_segmented.png,1351447,3013,3659,#cec5a8,3.34,#818564,3.28,#656a4f,3.25,#bdb692,3.02,#a0a278,2.68,#cec5a8,3.34,#312d25,0.48,#bdb692,3.02,#a0a278,2.68,#656a4f,3.25,#312d25,0.48,#818564,3.28,#656a4f,3.25,#a0a278,2.68,#bdb692,3.02,#312d25,0.48,#a0a278,2.68,#bdb692,3.02,#818564,3.28,#cec5a8,3.34,#312d25,0.48,#818564,3.28,#656a4f,3.25,#a0a278,2.68,#bdb692,3.02,,Lamium,Lamium amplexicaule
KW_T_423_7_0035L,KW_T_423_7_0035L.tif_segmented.png,916965,3015,3679,#ccc4a6,3.21,#b7b28e,2.73,#636956,2.26,#7d8269,2.26,#97997b,1.99,#ccc4a6,3.21,#2c2821,0.65,#b7b28e,2.73,#636956,2.26,#97997b,1.99,#7d8269,2.26,#636956,2.26,#97997b,1.99,#2c2821,0.65,#b7b28e,2.73,#2c2821,0.65,#7d8269,2.26,#97997b,1.99,#b7b28e,2.73,#ccc4a6,3.21,#7d8269,2.26,#636956,2.26,#97997b,1.99,#2c2821,0.65,#b7b28e,2.73,Salicaceae,Salix,Salix triandra
KW_T_423_7_0037L,KW_T_423_7_0037L.tif_segmented.png,1180406,3017,3667,#c8be9f,4.91,#b0a586,2.54,#b26d53,1.68,#8c7f65,1.29,#c68968,1.02,#c68968,1.02,#b26d53,1.68,#c8be9f,4.91,#3c362a,0.53,#b0a586,2.54,#3c362a,0.53,#8c7f65,1.29,#b0a586,2.54,#c68968,1.02,#b26d53,1.68,#b26d53,1.68,#3c362a,0.53,#c68968,1.02,#b0a586,2.54,#8c7f65,1.29,#3c362a,0.53,#8c7f65,1.29,#b0a586,2.54,#c68968,1.02,#b26d53,1.68,Amanitaceae,Amanita,Amanita muscaria
KW_T_423_7_0039L,KW_T_423_7_0039L.tif_segmented.png,281784,2946,3663,#c2b995,2.21,#d3ccad,1.72,#2c2923,0.86,#a89f7f,0.73,#776c56,0.22,#d3ccad,1.72,#2c2923,0.86,#c2b995,2.21,#a89f7f,0.73,#776c56,0.22,#776c56,0.22,#a89f7f,0.73,#2c2923,0.86,#c2b995,2.21,#d3ccad,1.72,#2c2923,0.86,#776c56,0.22,#d3ccad,1.72,#c2b995,2.21,#a89f7f,0.73,#776c56,0.22,#a89f7f,0.73,#2c2923,0.86,#c2b995,2.21,#d3ccad,1.72,,Utricularia,Utricularia minor
KW_T_423_7_0041L,KW_T_423_7_0041L.tif_segmented.png,609925,2954,3659,#c3b99b,2.84,#d5ccb4,2.07,#6a6c58,1.12,#87856d,1.06,#aba189,0.95,#d5ccb4,2.07,#2f2c23,0.52,#c3b99b,2.84,#aba189,0.95,#6a6c58,1.12,#6a6c58,1.12,#87856d,1.06,#2f2c23,0.52,#aba189,0.95,#c3b99b,2.84,#2f2c23,0.52,#87856d,1.06,#aba189,0.95,#6a6c58,1.12,#d5ccb4,2.07,#6a6c58,1.12,#87856d,1.06,#2f2c23,0.52,#aba189,0.95,#c3b99b,2.84,,Phalaris,Phalaris arundinacea
KW_T_423_7_0043L,KW_T_423_7_0043L.tif_segmented.png,1292106,2962,3659,#605e42,3.71,#7b7655,2.59,#cdc5a4,2.55,#b9b291,2.47,#454433,2.18,#cdc5a4,2.55,#b9b291,2.47,#454433,2.18,#605e42,3.71,#7b7655,2.59,#96926f,1.57,#b9b291,2.47,#7b7655,2.59,#454433,2.18,#605e42,3.71,#454433,2.18,#7b7655,2.59,#96926f,1.57,#cdc5a4,2.55,#b9b291,2.47,#96926f,1.57,#b9b291,2.47,#7b7655,2.59,#454433,2.18,#605e42,3.71,,Potamogeton,Potamogeton perfoliatus
KW_T_423_7_0045L,KW_T_423_7_0045L.tif_segmented.png,3028034,2970,3651,#919879,5.81,#b9b899,5.73,#a4aa8b,5.37,#7e8468,5.18,#cbc8ad,4.51,#cbc8ad,4.51,#b9b899,5.73,#666c53,3.34,#a4aa8b,5.37,#919879,5.81,#b9b899,5.73,#666c53,3.34,#a4aa8b,5.37,#919879,5.81,#7e8468,5.18,#a4aa8b,5.37,#919879,5.81,#7e8468,5.18,#b9b899,5.73,#cbc8ad,4.51,#b9b899,5.73,#666c53,3.34,#a4aa8b,5.37,#919879,5.81,#7e8468,5.18,,Heracleum,Heracleum sphondylium
KW_T_423_7_0047L,KW_T_423_7_0047L.tif_segmented.png,715320,2974,3647,#c2b899,2.79,#d1c9ad,2.44,#aea786,1.68,#98926d,0.9,#2a2721,0.61,#d1c9ad,2.44,#2a2721,0.61,#c2b899,2.79,#aea786,1.68,#796f56,0.42,#796f56,0.42,#2a2721,0.61,#98926d,0.9,#aea786,1.68,#c2b899,2.79,#2a2721,0.61,#796f56,0.42,#aea786,1.68,#98926d,0.9,#d1c9ad,2.44,#796f56,0.42,#2a2721,0.61,#98926d,0.9,#aea786,1.68,#c2b899,2.79,,Spergularia,Spergularia rubra
KW_T_423_7_0049L,KW_T_423_7_0049L.tif_segmented.png,960036,2980,3663,#bcb292,3.42,#cec3a9,2.99,#a59d7a,2.4,#707154,2.35,#8c8866,2.09,#cec3a9,2.99,#302c25,0.64,#bcb292,3.42,#a59d7a,2.4,#707154,2.35,#707154,2.35,#8c8866,2.09,#302c25,0.64,#a59d7a,2.4,#bcb292,3.42,#302c25,0.64,#8c8866,2.09,#a59d7a,2.4,#707154,2.35,#bcb292,3.42,#707154,2.35,#8c8866,2.09,#302c25,0.64,#a59d7a,2.4,#bcb292,3.42,,Centaurium,Centaurium erythraea
KW_T_423_7_0051L,KW_T_423_7_0051L.tif_segmented.png,1435924,2982,3655,#ccc3a6,3.55,#b5ad8c,3.19,#949275,2.55,#605e4b,1.99,#7c7a60,1.92,#ccc3a6,3.55,#2a2720,0.58,#b5ad8c,3.19,#605e4b,1.99,#949275,2.55,#605e4b,1.99,#7c7a60,1.92,#949275,2.55,#2a2720,0.58,#b5ad8c,3.19,#2a2720,0.58,#7c7a60,1.92,#b5ad8c,3.19,#949275,2.55,#605e4b,1.99,#605e4b,1.99,#7c7a60,1.92,#949275,2.55,#2a2720,0.58,#b5ad8c,3.19,,Oenanthe,Oenanthe fistulosa
KW_T_423_7_0053L,KW_T_423_7_0053L.tif_segmented.png,2366861,2988,3655,#d5ceb6,4.67,#c0b89b,4.09,#a6a888,3.96,#909174,2.86,#777861,2.75,#d5ceb6,4.67,#c0b89b,4.09,#302d26,0.55,#a6a888,3.96,#5d5d4d,2.4,#5d5d4d,2.4,#777861,2.75,#909174,2.86,#302d26,0.55,#a6a888,3.96,#302d26,0.55,#a6a888,3.96,#777861,2.75,#909174,2.86,#5d5d4d,2.4,#5d5d4d,2.4,#777861,2.75,#909174,2.86,#302d26,0.55,#a6a888,3.96,,Peucedanum,Peucedanum palustre
KW_T_423_7_0055L,KW_T_423_7_0055L.tif_segmented.png,1689612,2992,3647,#beb696,3.71,#d0c7ac,3.07,#aaa982,2.74,#959370,2.19,#7f7960,1.87,#d0c7ac,3.07,#beb696,3.71,#67624d,1.52,#aaa982,2.74,#7f7960,1.87,#67624d,1.52,#7f7960,1.87,#959370,2.19,#aaa982,2.74,#beb696,3.71,#aaa982,2.74,#7f7960,1.87,#959370,2.19,#67624d,1.52,#beb696,3.71,#67624d,1.52,#7f7960,1.87,#959370,2.19,#aaa982,2.74,#beb696,3.71,,Geranium,Geranium dissectum
KW_T_423_7_0057L,KW_T_423_7_0057L.tif_segmented.png,1820451,2997,3651,#c5bb9d,3.43,#d6ceb4,3.35,#8a9276,3.31,#717a62,2.64,#aaa789,2.61,#d6ceb4,3.35,#c5bb9d,3.43,#51614e,2.22,#aaa789,2.61,#717a62,2.64,#8a9276,3.31,#717a62,2.64,#51614e,2.22,#aaa789,2.61,#c5bb9d,3.43,#8a9276,3.31,#aaa789,2.61,#717a62,2.64,#d6ceb4,3.35,#c5bb9d,3.43,#8a9276,3.31,#717a62,2.64,#51614e,2.22,#aaa789,2.61,#c5bb9d,3.43,,Geranium,Geranium pusillum
KW_T_423_7_0059L,KW_T_423_7_0059L.tif_segmented.png,238928,3003,3655,#c1b595,3.16,#d3c9ab,2.62,#a49c7b,1.1,#747155,0.58,#312d27,0.53,#d3c9ab,2.62,#c1b595,3.16,#312d27,0.53,#a49c7b,1.1,#747155,0.58,#747155,0.58,#312d27,0.53,#a49c7b,1.1,#c1b595,3.16,#d3c9ab,2.62,#312d27,0.53,#747155,0.58,#a49c7b,1.1,#d3c9ab,2.62,#c1b595,3.16,#747155,0.58,#312d27,0.53,#a49c7b,1.1,#c1b595,3.16,#d3c9ab,2.62,,Linum,Linum catharticum
KW_T_423_7_0061L,KW_T_423_7_0061L.tif_segmented.png,756701,3003,3659,#bdb393,2.97,#cdc4a3,2.75,#a4a483,2.06,#8c8c6d,1.69,#6d7057,1.49,#cdc4a3,2.75,#2d2a23,0.7,#bdb393,2.97,#a4a483,2.06,#6d7057,1.49,#6d7057,1.49,#8c8c6d,1.69,#a4a483,2.06,#2d2a23,0.7,#bdb393,2.97,#2d2a23,0.7,#a4a483,2.06,#8c8c6d,1.69,#cdc4a3,2.75,#bdb393,2.97,#6d7057,1.49,#8c8c6d,1.69,#a4a483,2.06,#2d2a23,0.7,#bdb393,2.97,,Hypericum,Hypericum humifusum
KW_T_423_7_0063L,KW_T_423_7_0063L.tif_segmented.png,1429698,3005,3659,#c2b99a,3.32,#8e9174,3.14,#767c63,3.01,#a8a887,2.86,#626752,2.35,#c2b99a,3.32,#2a2720,0.86,#a8a887,2.86,#626752,2.35,#8e9174,3.14,#8e9174,3.14,#767c63,3.01,#626752,2.35,#2a2720,0.86,#a8a887,2.86,#2a2720,0.86,#a8a887,2.86,#8e9174,3.14,#767c63,3.01,#c2b99a,3.32,#8e9174,3.14,#767c63,3.01,#626752,2.35,#2a2720,0.86,#a8a887,2.86,,Stachys,Stachys arvensis
KW_T_423_7_0065L,KW_T_423_7_0065L.tif_segmented.png,1564811,3007,3663,#c9c2a6,4.35,#b7af90,3.79,#9c9a7e,2.35,#848267,2.17,#69664f,1.44,#c9c2a6,4.35,#292620,0.85,#b7af90,3.79,#69664f,1.44,#9c9a7e,2.35,#69664f,1.44,#848267,2.17,#9c9a7e,2.35,#292620,0.85,#b7af90,3.79,#292620,0.85,#848267,2.17,#9c9a7e,2.35,#b7af90,3.79,#69664f,1.44,#69664f,1.44,#848267,2.17,#9c9a7e,2.35,#292620,0.85,#b7af90,3.79,,Tripleurospermum,Tripleurospermum maritimum
KW_T_423_7_0067L,KW_T_423_7_0067L.tif_segmented.png,143337,3011,3667,#c8bd9e,2.92,#b5aa8c,2.19,#5c5647,1.25,#292620,0.99,#867d67,0.74,#c8bd9e,2.92,#292620,0.99,#b5aa8c,2.19,#5c5647,1.25,#867d67,0.74,#867d67,0.74,#5c5647,1.25,#292620,0.99,#b5aa8c,2.19,#c8bd9e,2.92,#292620,0.99,#5c5647,1.25,#867d67,0.74,#b5aa8c,2.19,#c8bd9e,2.92,#867d67,0.74,#5c5647,1.25,#292620,0.99,#b5aa8c,2.19,#c8bd9e,2.92,,Xylaria,Xylaria hypoxylon
KW_T_423_7_0069L,KW_T_423_7_0069L.tif_segmented.png,941610,3011,3675,#ccc3a1,3.52,#b9af8d,2.82,#a2a07c,2.11,#85866a,1.81,#6a6a54,1.43,#ccc3a1,3.52,#2c2922,0.74,#b9af8d,2.82,#a2a07c,2.11,#6a6a54,1.43,#6a6a54,1.43,#85866a,1.81,#a2a07c,2.11,#2c2922,0.74,#b9af8d,2.82,#2c2922,0.74,#a2a07c,2.11,#85866a,1.81,#ccc3a1,3.52,#b9af8d,2.82,#6a6a54,1.43,#85866a,1.81,#a2a07c,2.11,#2c2922,0.74,#b9af8d,2.82,Apiaceae,Torilis,Torilis nodosa
KW_T_423_7_0071L,KW_T_423_7_0071L.tif_segmented.png,619378,3013,3671,#c9bea1,3.14,#b4aa8c,2.88,#938b70,1.78,#6a6450,1.43,#2c2822,0.78,#c9bea1,3.14,#2c2822,0.78,#b4aa8c,2.88,#6a6450,1.43,#938b70,1.78,#6a6450,1.43,#938b70,1.78,#2c2822,0.78,#b4aa8c,2.88,#c9bea1,3.14,#2c2822,0.78,#6a6450,1.43,#b4aa8c,2.88,#938b70,1.78,#c9bea1,3.14,#6a6450,1.43,#938b70,1.78,#2c2822,0.78,#b4aa8c,2.88,#c9bea1,3.14,,Drosera,Drosera rotundifolia
KW_T_423_7_0073L,KW_T_423_7_0073L.tif_segmented.png,373728,3015,3671,#cec4a6,3.56,#beb294,2.25,#ada384,1.84,#8a8267,1.14,#28261f,0.75,#cec4a6,3.56,#28261f,0.75,#beb294,2.25,#ada384,1.84,#665e49,0.46,#665e49,0.46,#8a8267,1.14,#28261f,0.75,#ada384,1.84,#beb294,2.25,#28261f,0.75,#ada384,1.84,#665e49,0.46,#8a8267,1.14,#cec4a6,3.56,#665e49,0.46,#8a8267,1.14,#28261f,0.75,#ada384,1.84,#beb294,2.25,,Drosera,Drosera intermedia
KW_T_423_7_0075L,KW_T_423_7_0075L.tif_segmented.png,2132873,2968,3683,#969961,4.94,#808151,4.58,#cec8a5,3.47,#aeb366,3.23,#b5b088,2.48,#ddd260,1.38,#aeb366,3.23,#cec8a5,3.47,#676540,1.71,#808151,4.58,#b5b088,2.48,#676540,1.71,#808151,4.58,#aeb366,3.23,#969961,4.94,#ddd260,1.38,#aeb366,3.23,#b5b088,2.48,#969961,4.94,#cec8a5,3.47,#b5b088,2.48,#676540,1.71,#808151,4.58,#aeb366,3.23,#969961,4.94,,Doronicum,Doronicum pardalianches
KW_T_423_7_0077L,KW_T_423_7_0077L.tif_segmented.png,1573794,2976,3675,#787256,3.34,#c3bb9a,3.06,#a8a777,2.96,#8e8c68,2.88,#605a47,2.16,#c3bb9a,3.06,#2b2821,0.64,#a8a777,2.96,#787256,3.34,#605a47,2.16,#605a47,2.16,#787256,3.34,#8e8c68,2.88,#a8a777,2.96,#c3bb9a,3.06,#2b2821,0.64,#8e8c68,2.88,#a8a777,2.96,#787256,3.34,#605a47,2.16,#605a47,2.16,#787256,3.34,#8e8c68,2.88,#a8a777,2.96,#c3bb9a,3.06,,Myrica,Myrica gale
KW_T_423_7_0079L,KW_T_423_7_0079L.tif_segmented.png,693610,2978,3679,#c3ba9c,3.2,#aea67a,2.12,#908868,1.62,#71694d,1.07,#2d2922,0.68,#c3ba9c,3.2,#2d2922,0.68,#aea67a,2.12,#71694d,1.07,#908868,1.62,#71694d,1.07,#908868,1.62,#aea67a,2.12,#2d2922,0.68,#c3ba9c,3.2,#2d2922,0.68,#aea67a,2.12,#71694d,1.07,#908868,1.62,#c3ba9c,3.2,#71694d,1.07,#908868,1.62,#aea67a,2.12,#2d2922,0.68,#c3ba9c,3.2,,Digitaria,Digitaria ischaemum
KW_T_423_7_0081L,KW_T_423_7_0081L.tif_segmented.png,880347,2982,3679,#c9c2a3,2.82,#b6b18d,2.37,#817e61,2.06,#9b9974,1.9,#67624a,1.49,#c9c2a3,2.82,#b6b18d,2.37,#67624a,1.49,#9b9974,1.9,#817e61,2.06,#67624a,1.49,#817e61,2.06,#9b9974,1.9,#b6b18d,2.37,#c9c2a3,2.82,#817e61,2.06,#9b9974,1.9,#b6b18d,2.37,#c9c2a3,2.82,#67624a,1.49,#67624a,1.49,#817e61,2.06,#9b9974,1.9,#b6b18d,2.37,#c9c2a3,2.82,,Festuca,Festuca pratensis
KW_T_423_7_0083L,KW_T_423_7_0083L.tif_segmented.png,740887,2986,3663,#c5bf9f,2.84,#b3ae8a,2.35,#98946e,1.29,#766e51,0.64,#2b2720,0.62,#2b2720,0.62,#c5bf9f,2.84,#b3ae8a,2.35,#766e51,0.64,#98946e,1.29,#766e51,0.64,#98946e,1.29,#2b2720,0.62,#b3ae8a,2.35,#c5bf9f,2.84,#2b2720,0.62,#98946e,1.29,#b3ae8a,2.35,#766e51,0.64,#c5bf9f,2.84,#766e51,0.64,#98946e,1.29,#2b2720,0.62,#b3ae8a,2.35,#c5bf9f,2.84,,Galium,Galium saxatile
KW_T_423_7_0085L,KW_T_423_7_0085L.tif_segmented.png,1752272,2992,3679,#cac2a6,2.85,#b7ab90,2.79,#9c976e,2.42,#b2b976,2.11,#7f7c59,2.02,#b2b976,2.11,#cac2a6,2.85,#5f6145,2.01,#b7ab90,2.79,#7f7c59,2.02,#7f7c59,2.02,#5f6145,2.01,#9c976e,2.42,#b2b976,2.11,#b7ab90,2.79,#b2b976,2.11,#9c976e,2.42,#7f7c59,2.02,#cac2a6,2.85,#b7ab90,2.79,#7f7c59,2.02,#5f6145,2.01,#9c976e,2.42,#b2b976,2.11,#b7ab90,2.79,,Geranium,Geranium molle
KW_T_423_7_0087L,KW_T_423_7_0087L.tif_segmented.png,337871,2995,3671,#c1ba9a,2.35,#aea785,1.84,#8e8869,0.84,#292720,0.67,#665c4b,0.49,#c1ba9a,2.35,#292720,0.67,#aea785,1.84,#665c4b,0.49,#8e8869,0.84,#665c4b,0.49,#8e8869,0.84,#292720,0.67,#aea785,1.84,#c1ba9a,2.35,#292720,0.67,#aea785,1.84,#8e8869,0.84,#665c4b,0.49,#c1ba9a,2.35,#665c4b,0.49,#8e8869,0.84,#292720,0.67,#aea785,1.84,#c1ba9a,2.35,Equisetaceae,Equisetum,Equisetum variegatum
KW_T_423_7_0089L,KW_T_423_7_0089L.tif_segmented.png,1236127,2995,3675,#c5c0a1,2.9,#b2af8b,2.78,#9a9570,1.88,#7a785b,1.74,#5e5846,1.64,#d7ce81,0.86,#c5c0a1,2.9,#5e5846,1.64,#b2af8b,2.78,#9a9570,1.88,#5e5846,1.64,#7a785b,1.74,#9a9570,1.88,#b2af8b,2.78,#d7ce81,0.86,#d7ce81,0.86,#b2af8b,2.78,#7a785b,1.74,#9a9570,1.88,#5e5846,1.64,#5e5846,1.64,#7a785b,1.74,#9a9570,1.88,#b2af8b,2.78,#d7ce81,0.86,,Bolboschoenus,Bolboschoenus maritimus s.str.
KW_T_423_7_0091L,KW_T_423_7_0091L.tif_segmented.png,836502,3007,3683,#d0c8a8,3.08,#bbb093,2.82,#a6a274,1.62,#8a8362,1.32,#c4cb78,1.3,#c4cb78,1.3,#d0c8a8,3.08,#665c4b,1.26,#bbb093,2.82,#a6a274,1.62,#665c4b,1.26,#8a8362,1.32,#a6a274,1.62,#c4cb78,1.3,#bbb093,2.82,#c4cb78,1.3,#a6a274,1.62,#8a8362,1.32,#d0c8a8,3.08,#665c4b,1.26,#665c4b,1.26,#8a8362,1.32,#a6a274,1.62,#c4cb78,1.3,#bbb093,2.82,,Schoenoplectus,Schoenoplectus triqueter
KW_T_423_7_0093L,KW_T_423_7_0093L.tif_segmented.png,1005188,3007,3679,#a6ab85,3.51,#bdb997,3.36,#d3cbb3,3.26,#8e9372,2.9,#79795e,1.38,#d3cbb3,3.26,#2a2721,0.77,#bdb997,3.36,#a6ab85,3.51,#8e9372,2.9,#2a2721,0.77,#79795e,1.38,#8e9372,2.9,#a6ab85,3.51,#bdb997,3.36,#2a2721,0.77,#8e9372,2.9,#79795e,1.38,#a6ab85,3.51,#bdb997,3.36,#2a2721,0.77,#79795e,1.38,#8e9372,2.9,#a6ab85,3.51,#bdb997,3.36,,Atriplex,Atriplex prostata
KW_T_423_7_0095L,KW_T_423_7_0095L.tif_segmented.png,1661404,3013,3671,#bbb595,3.69,#d0caaf,3.47,#a2a47b,2.91,#8d8d66,2.81,#737254,1.97,#dace66,0.36,#d0caaf,3.47,#bbb595,3.69,#737254,1.97,#a2a47b,2.91,#737254,1.97,#8d8d66,2.81,#a2a47b,2.91,#bbb595,3.69,#dace66,0.36,#dace66,0.36,#8d8d66,2.81,#a2a47b,2.91,#737254,1.97,#d0caaf,3.47,#737254,1.97,#8d8d66,2.81,#a2a47b,2.91,#bbb595,3.69,#dace66,0.36,,Genista,Genista pilosa
KW_T_423_7_0097L,KW_T_423_7_0097L.tif_segmented.png,802014,3013,3667,#d1cbaf,3.29,#beb896,2.44,#aba981,1.83,#8e8b68,1.16,#28261f,0.75,#d1cbaf,3.29,#28261f,0.75,#beb896,2.44,#aba981,1.83,#6f6d4f,0.62,#6f6d4f,0.62,#8e8b68,1.16,#28261f,0.75,#aba981,1.83,#beb896,2.44,#28261f,0.75,#aba981,1.83,#8e8b68,1.16,#d1cbaf,3.29,#beb896,2.44,#6f6d4f,0.62,#8e8b68,1.16,#28261f,0.75,#aba981,1.83,#beb896,2.44,,Zannichellia,Zannichellia palustris
KW_T_423_7_0099L,KW_T_423_7_0099L.tif_segmented.png,1489389,3013,3663,#cfc8aa,4.19,#b8b390,3.51,#a39c79,2.06,#8c8362,1.34,#72654d,0.86,#cfc8aa,4.19,#2c2923,0.57,#b8b390,3.51,#72654d,0.86,#a39c79,2.06,#72654d,0.86,#8c8362,1.34,#2c2923,0.57,#a39c79,2.06,#b8b390,3.51,#2c2923,0.57,#72654d,0.86,#a39c79,2.06,#b8b390,3.51,#8c8362,1.34,#72654d,0.86,#8c8362,1.34,#2c2923,0.57,#a39c79,2.06,#b8b390,3.51,,Nardus,Nardus stricta
KW_T_423_7_0101L,KW_T_423_7_0101L.tif_segmented.png,571470,3017,3663,#cac3a8,2.86,#b9b294,2.54,#9e987d,1.61,#7c735e,0.71,#2f2b23,0.7,#2f2b23,0.7,#cac3a8,2.86,#b9b294,2.54,#7c735e,0.71,#9e987d,1.61,#7c735e,0.71,#2f2b23,0.7,#9e987d,1.61,#b9b294,2.54,#cac3a8,2.86,#2f2b23,0.7,#7c735e,0.71,#9e987d,1.61,#b9b294,2.54,#cac3a8,2.86,#7c735e,0.71,#2f2b23,0.7,#9e987d,1.61,#b9b294,2.54,#cac3a8,2.86,,Apium,Apium inundatum
KW_T_423_7_0103L,KW_T_423_7_0103L.tif_segmented.png,2088536,3021,3655,#b6ba92,5.96,#878869,4.32,#cbc4a8,3.9,#a8a87a,3.81,#6c6956,2.41,#ced48b,1.15,#cbc4a8,3.9,#b6ba92,5.96,#a8a87a,3.81,#6c6956,2.41,#6c6956,2.41,#878869,4.32,#a8a87a,3.81,#b6ba92,5.96,#ced48b,1.15,#ced48b,1.15,#b6ba92,5.96,#878869,4.32,#a8a87a,3.81,#6c6956,2.41,#6c6956,2.41,#878869,4.32,#a8a87a,3.81,#b6ba92,5.96,#ced48b,1.15,,Acorus,Acorus calamus
KW_T_423_7_0105L,KW_T_423_7_0105L.tif_segmented.png,688180,3025,3663,#c0b995,3.06,#ada283,2.68,#d0c9ad,2.63,#918869,1.66,#2a2721,0.95,#d0c9ad,2.63,#c0b995,3.06,#2a2721,0.95,#755e4f,0.77,#ada283,2.68,#755e4f,0.77,#918869,1.66,#2a2721,0.95,#ada283,2.68,#c0b995,3.06,#2a2721,0.95,#c0b995,3.06,#ada283,2.68,#d0c9ad,2.63,#918869,1.66,#755e4f,0.77,#918869,1.66,#2a2721,0.95,#ada283,2.68,#c0b995,3.06,,Gymnadenia,Gymnadenia conopsea
KW_T_423_7_0107L,KW_T_423_7_0107L.tif_segmented.png,124837,3027,3663,#cbc4a9,3.11,#b7b093,2.87,#9f9d76,2.37,#807f5d,1.57,#2f2c25,0.73,#c6c981,0.69,#2f2c25,0.73,#cbc4a9,3.11,#b7b093,2.87,#9f9d76,2.37,#2f2c25,0.73,#807f5d,1.57,#9f9d76,2.37,#b7b093,2.87,#c6c981,0.69,#2f2c25,0.73,#c6c981,0.69,#9f9d76,2.37,#807f5d,1.57,#b7b093,2.87,#2f2c25,0.73,#807f5d,1.57,#9f9d76,2.37,#b7b093,2.87,#c6c981,0.69,,Lycopodium,Lycopodium clavatum
KW_T_423_7_0109L,KW_T_423_7_0109L.tif_segmented.png,579484,3027,3667,#bbb594,3.5,#cfc7ac,3.25,#a4a37f,2.52,#878869,1.51,#696b50,0.76,#cfc7ac,3.25,#2a2720,0.75,#bbb594,3.5,#a4a37f,2.52,#696b50,0.76,#696b50,0.76,#878869,1.51,#a4a37f,2.52,#2a2720,0.75,#bbb594,3.5,#2a2720,0.75,#a4a37f,2.52,#878869,1.51,#bbb594,3.5,#cfc7ac,3.25,#696b50,0.76,#878869,1.51,#a4a37f,2.52,#2a2720,0.75,#bbb594,3.5,,Cynosurus,Cynosurus cristatus
KW_T_423_7_0111L,KW_T_423_7_0111L.tif_segmented.png,2065684,3027,3675,#c6bfa6,6.6,#b1aa8c,5.37,#9a966e,3.83,#7b7858,2.8,#c8c681,2.22,#c8c681,2.22,#2c2922,0.87,#c6bfa6,6.6,#b1aa8c,5.37,#7b7858,2.8,#7b7858,2.8,#9a966e,3.83,#2c2922,0.87,#c8c681,2.22,#b1aa8c,5.37,#2c2922,0.87,#c8c681,2.22,#9a966e,3.83,#7b7858,2.8,#b1aa8c,5.37,#7b7858,2.8,#9a966e,3.83,#2c2922,0.87,#c8c681,2.22,#b1aa8c,5.37,,Rumex,Rumex crispus
KW_T_423_7_0113L,KW_T_423_7_0113L.tif_segmented.png,2657785,2992,3675,#b6b68f,4.96,#837d61,4.21,#cac5ad,3.7,#9c9978,3.65,#69604a,3.37,#cac5ad,3.7,#b6b68f,4.96,#282621,1.12,#69604a,3.37,#9c9978,3.65,#69604a,3.37,#282621,1.12,#837d61,4.21,#9c9978,3.65,#b6b68f,4.96,#282621,1.12,#b6b68f,4.96,#837d61,4.21,#9c9978,3.65,#69604a,3.37,#69604a,3.37,#282621,1.12,#837d61,4.21,#9c9978,3.65,#b6b68f,4.96,,Rumex,Rumex obtusifolius
KW_T_423_7_0115L,KW_T_423_7_0115L.tif_segmented.png,1946834,2999,3691,#c7c19f,4.43,#b0ac8c,3.89,#999576,3.54,#807860,2.73,#645d48,2.29,#c7c19f,4.43,#2c2a24,0.77,#b0ac8c,3.89,#645d48,2.29,#999576,3.54,#645d48,2.29,#807860,2.73,#999576,3.54,#b0ac8c,3.89,#2c2a24,0.77,#2c2a24,0.77,#807860,2.73,#b0ac8c,3.89,#c7c19f,4.43,#999576,3.54,#645d48,2.29,#807860,2.73,#999576,3.54,#b0ac8c,3.89,#2c2a24,0.77,,Dactylorhiza,Dactylorhiza maculata subsp. maculata
KW_T_423_7_0117L,KW_T_423_7_0117L.tif_segmented.png,710789,3003,3691,#c8c29d,2.4,#b7b185,1.92,#a29b72,1.22,#292621,0.87,#685e48,0.29,#c8c29d,2.4,#b7b185,1.92,#292621,0.87,#685e48,0.29,#a29b72,1.22,#685e48,0.29,#292621,0.87,#a29b72,1.22,#b7b185,1.92,#c8c29d,2.4,#292621,0.87,#b7b185,1.92,#a29b72,1.22,#c8c29d,2.4,#685e48,0.29,#685e48,0.29,#292621,0.87,#a29b72,1.22,#b7b185,1.92,#c8c29d,2.4,,Myriophyllum,Myriophyllum alterniflorum
KW_T_423_7_0119L,KW_T_423_7_0119L.tif_segmented.png,607797,3019,3711,#cec7a8,3.28,#b8b28f,2.76,#9b9975,2.31,#7f7c5c,1.47,#312d25,0.83,#cec7a8,3.28,#312d25,0.83,#b8b28f,2.76,#7f7c5c,1.47,#9b9975,2.31,#7f7c5c,1.47,#9b9975,2.31,#312d25,0.83,#b8b28f,2.76,#cec7a8,3.28,#312d25,0.83,#9b9975,2.31,#7f7c5c,1.47,#b8b28f,2.76,#cec7a8,3.28,#7f7c5c,1.47,#9b9975,2.31,#312d25,0.83,#b8b28f,2.76,#cec7a8,3.28,,Holcus,Holcus mollis
KW_T_423_7_0121L,KW_T_423_7_0121L.tif_segmented.png,1094655,3013,3683,#d0cba1,3.91,#c0b795,2.72,#b0a483,2.35,#9b8d70,2.07,#7b7058,0.88,#d0cba1,3.91,#c0b795,2.72,#b0a483,2.35,#7b7058,0.88,#9b8d70,2.07,#7b7058,0.88,#9b8d70,2.07,#b0a483,2.35,#c0b795,2.72,#d0cba1,3.91,#d0cba1,3.91,#7b7058,0.88,#b0a483,2.35,#c0b795,2.72,#9b8d70,2.07,#7b7058,0.88,#9b8d70,2.07,#b0a483,2.35,#c0b795,2.72,#d0cba1,3.91,,Holcus,Holcus lanatus
KW_T_423_7_0123L,KW_T_423_7_0123L.tif_segmented.png,689314,3013,3671,#d2cbb0,3.06,#c1b997,2.38,#a9a17c,1.83,#8c8564,1.59,#70694c,0.77,#d2cbb0,3.06,#2b2821,0.67,#c1b997,2.38,#70694c,0.77,#a9a17c,1.83,#70694c,0.77,#8c8564,1.59,#2b2821,0.67,#a9a17c,1.83,#c1b997,2.38,#2b2821,0.67,#a9a17c,1.83,#8c8564,1.59,#70694c,0.77,#c1b997,2.38,#70694c,0.77,#8c8564,1.59,#2b2821,0.67,#a9a17c,1.83,#c1b997,2.38,,Centaurium,Centaurium pulchellum
KW_T_423_7_0125L,KW_T_423_7_0125L.tif_segmented.png,3868809,3013,3671,#7e886b,9.33,#6f7a60,8.66,#cac5a6,4.74,#606850,3.64,#b6b091,3.4,#cac5a6,4.74,#b6b091,3.4,#6f7a60,8.66,#7e886b,9.33,#606850,3.64,#b6b091,3.4,#cac5a6,4.74,#98987c,3.16,#7e886b,9.33,#6f7a60,8.66,#7e886b,9.33,#98987c,3.16,#6f7a60,8.66,#cac5a6,4.74,#b6b091,3.4,#b6b091,3.4,#cac5a6,4.74,#98987c,3.16,#7e886b,9.33,#6f7a60,8.66,,Nymphaea,Nymphaea alba
KW_T_423_7_0127L,KW_T_423_7_0127L.tif_segmented.png,1342144,3011,3671,#d6ceb5,3.99,#c2ba9c,2.93,#aca475,2.84,#948b60,2.77,#c5bf78,1.87,#c5bf78,1.87,#d6ceb5,3.99,#776d4b,1.09,#c2ba9c,2.93,#aca475,2.84,#776d4b,1.09,#948b60,2.77,#aca475,2.84,#c5bf78,1.87,#c2ba9c,2.93,#c5bf78,1.87,#aca475,2.84,#948b60,2.77,#776d4b,1.09,#d6ceb5,3.99,#776d4b,1.09,#948b60,2.77,#aca475,2.84,#c5bf78,1.87,#c2ba9c,2.93,,Senecio,Senecio sylvaticus
KW_T_423_7_0129L,KW_T_423_7_0129L.tif_segmented.png,852879,3007,3655,#d6cfb6,3.01,#c5bf9e,3.0,#aea988,1.72,#928e6d,0.98,#2c2921,0.6,#d6cfb6,3.01,#2c2921,0.6,#c5bf9e,3.0,#695f48,0.52,#aea988,1.72,#695f48,0.52,#928e6d,0.98,#2c2921,0.6,#aea988,1.72,#c5bf9e,3.0,#2c2921,0.6,#aea988,1.72,#928e6d,0.98,#695f48,0.52,#c5bf9e,3.0,#695f48,0.52,#928e6d,0.98,#2c2921,0.6,#aea988,1.72,#c5bf9e,3.0,,Parapholis,Parapholis strigosa
KW_T_423_7_0131L,KW_T_423_7_0131L.tif_segmented.png,958026,3009,3655,#c5bea0,3.92,#ada989,2.98,#928f72,2.11,#777359,1.82,#e0db63,1.08,#e0db63,1.08,#312d24,0.6,#c5bea0,3.92,#ada989,2.98,#777359,1.82,#777359,1.82,#312d24,0.6,#928f72,2.11,#ada989,2.98,#c5bea0,3.92,#e0db63,1.08,#312d24,0.6,#ada989,2.98,#777359,1.82,#928f72,2.11,#777359,1.82,#312d24,0.6,#928f72,2.11,#ada989,2.98,#c5bea0,3.92,,Hypericum,Hypericum perforatum
KW_T_423_7_0133L,KW_T_423_7_0133L.tif_segmented.png,1630537,3009,3659,#c5c09a,4.01,#b1ab86,3.72,#9b9775,3.32,#848363,2.85,#6e6f52,1.96,#c5c09a,4.01,#2c2921,0.66,#b1ab86,3.72,#6e6f52,1.96,#9b9775,3.32,#2c2921,0.66,#6e6f52,1.96,#848363,2.85,#9b9775,3.32,#b1ab86,3.72,#2c2921,0.66,#b1ab86,3.72,#c5c09a,4.01,#848363,2.85,#9b9775,3.32,#2c2921,0.66,#6e6f52,1.96,#848363,2.85,#9b9775,3.32,#b1ab86,3.72,,Sonchus,Sonchus asper
KW_T_423_7_0135L,KW_T_423_7_0135L.tif_segmented.png,965284,3009,3655,#c7c0a0,2.95,#b3ac8c,2.44,#9a9171,1.15,#7d7158,1.08,#28251f,0.71,#c7c0a0,2.95,#28251f,0.71,#b3ac8c,2.44,#7d7158,1.08,#9a9171,1.15,#7d7158,1.08,#28251f,0.71,#9a9171,1.15,#b3ac8c,2.44,#c7c0a0,2.95,#28251f,0.71,#7d7158,1.08,#b3ac8c,2.44,#c7c0a0,2.95,#9a9171,1.15,#7d7158,1.08,#28251f,0.71,#9a9171,1.15,#b3ac8c,2.44,#c7c0a0,2.95,Cyperaceae,Carex,Carex pulicaris
KW_T_423_7_0137L,KW_T_423_7_0137L.tif_segmented.png,1151685,3007,3667,#89895e,3.03,#a4a46d,3.01,#b5ad8f,2.75,#6d6a4a,2.18,#c9c0a4,1.62,#c9c0a4,1.62,#332f27,0.6,#a4a46d,3.01,#b5ad8f,2.75,#6d6a4a,2.18,#332f27,0.6,#6d6a4a,2.18,#b5ad8f,2.75,#89895e,3.03,#a4a46d,3.01,#332f27,0.6,#a4a46d,3.01,#89895e,3.03,#b5ad8f,2.75,#6d6a4a,2.18,#332f27,0.6,#6d6a4a,2.18,#b5ad8f,2.75,#89895e,3.03,#a4a46d,3.01,,Phegopteris,Phegopteris connectilis
KW_T_423_7_0139L,KW_T_423_7_0139L.tif_segmented.png,802193,3009,3651,#bfb699,2.96,#a7a17e,2.31,#8c8a67,1.78,#6e6e52,1.48,#2b2822,0.49,#bfb699,2.96,#2b2822,0.49,#a7a17e,2.31,#6e6e52,1.48,#8c8a67,1.78,#6e6e52,1.48,#8c8a67,1.78,#a7a17e,2.31,#2b2822,0.49,#bfb699,2.96,#2b2822,0.49,#8c8a67,1.78,#a7a17e,2.31,#6e6e52,1.48,#bfb699,2.96,#6e6e52,1.48,#8c8a67,1.78,#a7a17e,2.31,#2b2822,0.49,#bfb699,2.96,,Alopecurus,Alopecurus myosuroides
KW_T_423_7_0141L,KW_T_423_7_0141L.tif_segmented.png,882654,3009,3655,#6a6755,3.31,#868069,2.39,#c0b79b,2.21,#a69e81,2.1,#2c2a23,0.54,#c0b79b,2.21,#2c2a23,0.54,#a69e81,2.1,#6a6755,3.31,#868069,2.39,#6a6755,3.31,#868069,2.39,#a69e81,2.1,#2c2a23,0.54,#c0b79b,2.21,#2c2a23,0.54,#868069,2.39,#6a6755,3.31,#a69e81,2.1,#c0b79b,2.21,#6a6755,3.31,#868069,2.39,#a69e81,2.1,#2c2a23,0.54,#c0b79b,2.21,,Potamogeton,Potamogeton compressus
KW_T_423_7_0143L,KW_T_423_7_0143L.tif_segmented.png,538751,3009,3671,#bcb38f,2.63,#cec6ac,1.75,#a49a7a,1.54,#82795c,0.95,#2f2c25,0.76,#cec6ac,1.75,#2f2c25,0.76,#bcb38f,2.63,#82795c,0.95,#a49a7a,1.54,#82795c,0.95,#2f2c25,0.76,#a49a7a,1.54,#bcb38f,2.63,#cec6ac,1.75,#2f2c25,0.76,#82795c,0.95,#bcb38f,2.63,#a49a7a,1.54,#cec6ac,1.75,#82795c,0.95,#2f2c25,0.76,#a49a7a,1.54,#bcb38f,2.63,#cec6ac,1.75,,Arenaria,Arenaria serpyllifolia
KW_T_423_7_0145L,KW_T_423_7_0145L.tif_segmented.png,271963,3011,3683,#c6bea1,1.99,#b2aa8a,1.57,#999372,0.86,#2c2923,0.82,#797256,0.55,#c6bea1,1.99,#2c2923,0.82,#b2aa8a,1.57,#797256,0.55,#999372,0.86,#797256,0.55,#999372,0.86,#2c2923,0.82,#b2aa8a,1.57,#c6bea1,1.99,#2c2923,0.82,#797256,0.55,#b2aa8a,1.57,#999372,0.86,#c6bea1,1.99,#797256,0.55,#999372,0.86,#2c2923,0.82,#b2aa8a,1.57,#c6bea1,1.99,,Cerastium,Cerastium semidecandrum
KW_T_423_7_0147L,KW_T_423_7_0147L.tif_segmented.png,968755,3011,3663,#d1caaf,3.0,#aca97e,2.87,#bfb798,2.77,#95956c,2.46,#7f7f5b,2.08,#d1caaf,3.0,#665e44,0.69,#bfb798,2.77,#aca97e,2.87,#7f7f5b,2.08,#665e44,0.69,#7f7f5b,2.08,#95956c,2.46,#aca97e,2.87,#bfb798,2.77,#aca97e,2.87,#95956c,2.46,#7f7f5b,2.08,#665e44,0.69,#d1caaf,3.0,#665e44,0.69,#7f7f5b,2.08,#95956c,2.46,#aca97e,2.87,#bfb798,2.77,,Sparganium,Sparganium natans
KW_T_423_7_0149L,KW_T_423_7_0149L.tif_segmented.png,537495,3011,3675,#c3bb9e,2.45,#aea58a,1.69,#979273,1.5,#7c795d,1.21,#27251f,0.95,#c3bb9e,2.45,#27251f,0.95,#aea58a,1.69,#5d5d44,0.7,#979273,1.5,#5d5d44,0.7,#7c795d,1.21,#979273,1.5,#27251f,0.95,#aea58a,1.69,#27251f,0.95,#7c795d,1.21,#aea58a,1.69,#979273,1.5,#c3bb9e,2.45,#5d5d44,0.7,#7c795d,1.21,#979273,1.5,#27251f,0.95,#aea58a,1.69,Plantaginaceae,Veronica,Veronica arvensis
KW_T_423_7_0151L,KW_T_423_7_0151L.tif_segmented.png,1318404,3011,3683,#c4bd9c,3.6,#aea881,3.07,#939169,2.61,#7a7b56,2.27,#27241f,0.85,#c4bd9c,3.6,#27241f,0.85,#aea881,3.07,#5e5641,0.82,#7a7b56,2.27,#5e5641,0.82,#7a7b56,2.27,#939169,2.61,#27241f,0.85,#aea881,3.07,#27241f,0.85,#aea881,3.07,#939169,2.61,#5e5641,0.82,#c4bd9c,3.6,#5e5641,0.82,#7a7b56,2.27,#939169,2.61,#27241f,0.85,#aea881,3.07,,Alchemilla,Alchemilla glabra
KW_T_423_7_0153L,KW_T_423_7_0153L.tif_segmented.png,593060,3011,3671,#d4cdb6,3.24,#c0b799,2.78,#a9a27f,2.62,#908766,1.64,#27241f,0.68,#d4cdb6,3.24,#27241f,0.68,#c0b799,2.78,#6b6246,0.61,#a9a27f,2.62,#6b6246,0.61,#908766,1.64,#a9a27f,2.62,#27241f,0.68,#c0b799,2.78,#27241f,0.68,#a9a27f,2.62,#6b6246,0.61,#908766,1.64,#c0b799,2.78,#6b6246,0.61,#908766,1.64,#a9a27f,2.62,#27241f,0.68,#c0b799,2.78,,Aphanes,Aphanes australis
KW_T_423_7_0155L,KW_T_423_7_0155L.tif_segmented.png,1599461,2941,3683,#6b7259,3.45,#838869,3.12,#9ba077,2.92,#59604a,2.84,#d2ccb3,2.66,#995549,0.46,#d2ccb3,2.66,#bcb896,1.37,#9ba077,2.92,#59604a,2.84,#995549,0.46,#bcb896,1.37,#9ba077,2.92,#838869,3.12,#6b7259,3.45,#995549,0.46,#838869,3.12,#9ba077,2.92,#bcb896,1.37,#6b7259,3.45,#995549,0.46,#bcb896,1.37,#9ba077,2.92,#838869,3.12,#6b7259,3.45,,Ribes,Ribes rubrum
KW_T_423_7_0157L,KW_T_423_7_0157L.tif_segmented.png,1360446,2941,3667,#b2b485,2.63,#827e5f,2.61,#9a9672,2.02,#c4be9f,1.88,#6b6349,1.05,#c4be9f,1.88,#b2b485,2.63,#6b6349,1.05,#827e5f,2.61,#9a9672,2.02,#6b6349,1.05,#827e5f,2.61,#9a9672,2.02,#b2b485,2.63,#c4be9f,1.88,#b2b485,2.63,#827e5f,2.61,#9a9672,2.02,#6b6349,1.05,#c4be9f,1.88,#6b6349,1.05,#827e5f,2.61,#9a9672,2.02,#b2b485,2.63,#c4be9f,1.88,Cyperaceae,Carex,Carex disticha
KW_T_423_7_0159L,KW_T_423_7_0159L.tif_segmented.png,840139,2944,3671,#c8c1a3,1.94,#bab583,1.92,#a39c68,1.74,#887e56,0.91,#3b352a,0.44,#3b352a,0.44,#bab583,1.92,#c8c1a3,1.94,#a39c68,1.74,#887e56,0.91,#3b352a,0.44,#887e56,0.91,#a39c68,1.74,#bab583,1.92,#c8c1a3,1.94,#3b352a,0.44,#bab583,1.92,#a39c68,1.74,#887e56,0.91,#c8c1a3,1.94,#3b352a,0.44,#887e56,0.91,#a39c68,1.74,#bab583,1.92,#c8c1a3,1.94,,Scleranthus,Scleranthus annuus subsp. annuus
KW_T_423_7_0161L,KW_T_423_7_0161L.tif_segmented.png,407317,2941,3663,#c8c1a5,1.38,#b3ad8a,1.22,#9f9c6e,1.04,#7f7a56,1.0,#302c24,0.63,#ccca71,0.35,#302c24,0.63,#c8c1a5,1.38,#b3ad8a,1.22,#7f7a56,1.0,#7f7a56,1.0,#9f9c6e,1.04,#302c24,0.63,#b3ad8a,1.22,#ccca71,0.35,#ccca71,0.35,#302c24,0.63,#9f9c6e,1.04,#7f7a56,1.0,#b3ad8a,1.22,#7f7a56,1.0,#9f9c6e,1.04,#302c24,0.63,#b3ad8a,1.22,#ccca71,0.35,,Euphorbia,Euphorbia exigua
KW_T_423_7_0163L,KW_T_423_7_0163L.tif_segmented.png,1227605,2933,3659,#9b9c72,3.55,#848160,2.69,#b7b28d,2.65,#ccc1a8,1.95,#b2858c,0.82,#ccc1a8,1.95,#b2858c,0.82,#b7b28d,2.65,#635b46,0.63,#9b9c72,3.55,#635b46,0.63,#b7b28d,2.65,#b2858c,0.82,#9b9c72,3.55,#848160,2.69,#b2858c,0.82,#848160,2.69,#b7b28d,2.65,#9b9c72,3.55,#635b46,0.63,#635b46,0.63,#b7b28d,2.65,#b2858c,0.82,#9b9c72,3.55,#848160,2.69,Fabaceae,Trifolium,Trifolium medium
KW_T_423_7_0165L,KW_T_423_7_0165L.tif_segmented.png,613034,2923,3655,#b2ac82,2.17,#c9c3a0,2.17,#9b9163,1.79,#ddd561,1.13,#76694c,0.83,#ddd561,1.13,#322e24,0.51,#c9c3a0,2.17,#b2ac82,2.17,#76694c,0.83,#76694c,0.83,#322e24,0.51,#9b9163,1.79,#b2ac82,2.17,#c9c3a0,2.17,#ddd561,1.13,#322e24,0.51,#b2ac82,2.17,#9b9163,1.79,#76694c,0.83,#76694c,0.83,#322e24,0.51,#9b9163,1.79,#b2ac82,2.17,#c9c3a0,2.17,Fabaceae,Trifolium,Trifolium campestre
KW_T_423_7_0167L,KW_T_423_7_0167L.tif_segmented.png,1595027,2923,3651,#acaa83,3.54,#9d9b76,3.29,#bdba93,2.55,#8d8768,2.11,#cec7ae,1.91,#cec7ae,1.91,#bdba93,2.55,#acaa83,3.54,#756d55,0.81,#9d9b76,3.29,#756d55,0.81,#8d8768,2.11,#9d9b76,3.29,#acaa83,3.54,#bdba93,2.55,#acaa83,3.54,#9d9b76,3.29,#bdba93,2.55,#756d55,0.81,#8d8768,2.11,#756d55,0.81,#8d8768,2.11,#9d9b76,3.29,#acaa83,3.54,#bdba93,2.55,Hydrocharitaceae,Hydrocharis,Hydrocharis morsus-ranae
KW_T_423_8_0011L,KW_T_423_8_0011L.tif_segmented.png,1161611,2937,3671,#bbb787,2.08,#a7a274,2.01,#d6d48f,1.36,#8d8862,1.19,#6f694e,0.62,#d6d48f,1.36,#bbb787,2.08,#6f694e,0.62,#a7a274,2.01,#8d8862,1.19,#6f694e,0.62,#8d8862,1.19,#a7a274,2.01,#bbb787,2.08,#d6d48f,1.36,#d6d48f,1.36,#bbb787,2.08,#a7a274,2.01,#8d8862,1.19,#6f694e,0.62,#6f694e,0.62,#8d8862,1.19,#a7a274,2.01,#bbb787,2.08,#d6d48f,1.36,Poaceae,Avena,Avena fatua
KW_T_423_8_0013L,KW_T_423_8_0013L.tif_segmented.png,562387,2935,3667,#ccc3a4,2.87,#a9a071,1.33,#908360,1.15,#71624b,0.96,#c4c07b,0.76,#c4c07b,0.76,#ccc3a4,2.87,#2a2721,0.54,#a9a071,1.33,#71624b,0.96,#2a2721,0.54,#71624b,0.96,#908360,1.15,#a9a071,1.33,#c4c07b,0.76,#2a2721,0.54,#c4c07b,0.76,#a9a071,1.33,#71624b,0.96,#908360,1.15,#2a2721,0.54,#71624b,0.96,#908360,1.15,#a9a071,1.33,#c4c07b,0.76,,Groenlandia,Groenlandia densa
KW_T_423_8_0015L,KW_T_423_8_0015L.tif_segmented.png,1486260,2948,3679,#d1cba4,4.06,#bebb9b,3.68,#afac88,2.83,#9a9678,1.89,#7f765f,0.96,#d1cba4,4.06,#353126,0.47,#bebb9b,3.68,#afac88,2.83,#7f765f,0.96,#353126,0.47,#7f765f,0.96,#9a9678,1.89,#afac88,2.83,#bebb9b,3.68,#353126,0.47,#d1cba4,4.06,#afac88,2.83,#7f765f,0.96,#bebb9b,3.68,#353126,0.47,#7f765f,0.96,#9a9678,1.89,#afac88,2.83,#bebb9b,3.68,Crassulaceae,Sedum,Sedum reflexum
KW_T_423_8_0017L,KW_T_423_8_0017L.tif_segmented.png,1622053,2956,3675,#b9b583,4.29,#a09c71,3.33,#d7d38a,3.3,#cac0a2,2.91,#7b7657,1.46,#d7d38a,3.3,#2d2a21,0.61,#cac0a2,2.91,#b9b583,4.29,#a09c71,3.33,#2d2a21,0.61,#7b7657,1.46,#a09c71,3.33,#b9b583,4.29,#d7d38a,3.3,#d7d38a,3.3,#2d2a21,0.61,#b9b583,4.29,#a09c71,3.33,#7b7657,1.46,#2d2a21,0.61,#7b7657,1.46,#a09c71,3.33,#b9b583,4.29,#d7d38a,3.3,,Sonchus,Sonchus palustris
KW_T_423_8_0019L,KW_T_423_8_0019L.tif_segmented.png,908038,2960,3671,#cbc1a4,3.5,#b8ad8b,2.75,#a19a69,1.76,#7c734e,0.7,#c6c267,0.56,#c6c267,0.56,#cbc1a4,3.5,#332e26,0.53,#b8ad8b,2.75,#7c734e,0.7,#332e26,0.53,#7c734e,0.7,#c6c267,0.56,#a19a69,1.76,#b8ad8b,2.75,#c6c267,0.56,#332e26,0.53,#a19a69,1.76,#7c734e,0.7,#b8ad8b,2.75,#332e26,0.53,#7c734e,0.7,#c6c267,0.56,#a19a69,1.76,#b8ad8b,2.75,Asteraceae,Anthemis,Anthemis arvensis
KW_T_423_8_0021L,KW_T_423_8_0021L.tif_segmented.png,688643,2976,3655,#bbb492,2.82,#aeaa7c,2.26,#cdc5a5,2.09,#96916a,1.25,#786d51,0.65,#302b22,0.45,#cdc5a5,2.09,#bbb492,2.82,#aeaa7c,2.26,#786d51,0.65,#302b22,0.45,#786d51,0.65,#96916a,1.25,#bbb492,2.82,#aeaa7c,2.26,#302b22,0.45,#aeaa7c,2.26,#786d51,0.65,#96916a,1.25,#bbb492,2.82,#302b22,0.45,#786d51,0.65,#96916a,1.25,#bbb492,2.82,#aeaa7c,2.26,,Myosotis,Myosotis laxa subsp. cespitosa
KW_T_423_8_0023L,KW_T_423_8_0023L.tif_segmented.png,2615060,2982,3655,#827e5a,4.44,#9c966b,4.17,#b2ac7d,3.83,#c2bd91,3.75,#6b6647,3.63,#c2bd91,3.75,#cec6aa,2.91,#6b6647,3.63,#b2ac7d,3.83,#827e5a,4.44,#6b6647,3.63,#827e5a,4.44,#9c966b,4.17,#b2ac7d,3.83,#c2bd91,3.75,#b2ac7d,3.83,#c2bd91,3.75,#9c966b,4.17,#827e5a,4.44,#6b6647,3.63,#6b6647,3.63,#827e5a,4.44,#9c966b,4.17,#b2ac7d,3.83,#c2bd91,3.75,,Berula,Berula erecta
KW_T_423_8_0025L,KW_T_423_8_0025L.tif_segmented.png,2146250,2988,3655,#a9ad8a,4.66,#c1bf9d,3.9,#929376,3.43,#787c64,3.39,#616150,2.91,#c1bf9d,3.9,#2d2a21,0.6,#a9ad8a,4.66,#616150,2.91,#929376,3.43,#2d2a21,0.6,#616150,2.91,#787c64,3.39,#929376,3.43,#a9ad8a,4.66,#2d2a21,0.6,#a9ad8a,4.66,#787c64,3.39,#929376,3.43,#c1bf9d,3.9,#2d2a21,0.6,#616150,2.91,#787c64,3.39,#929376,3.43,#a9ad8a,4.66,,Rumex,Rumex palustris
KW_T_423_8_0027L,KW_T_423_8_0027L.tif_segmented.png,1805372,2990,3671,#b6b58a,3.93,#a1a07a,3.71,#888969,3.55,#c8c2a0,3.33,#6b7057,2.88,#c8c2a0,3.33,#332e26,0.5,#b6b58a,3.93,#a1a07a,3.71,#6b7057,2.88,#332e26,0.5,#6b7057,2.88,#888969,3.55,#a1a07a,3.71,#b6b58a,3.93,#332e26,0.5,#b6b58a,3.93,#a1a07a,3.71,#888969,3.55,#c8c2a0,3.33,#332e26,0.5,#6b7057,2.88,#888969,3.55,#a1a07a,3.71,#b6b58a,3.93,,Fallopia,Fallopia convolvulus
KW_T_423_8_0029L,KW_T_423_8_0029L.tif_segmented.png,830929,2997,3663,#c6bea0,3.05,#b1ad81,2.81,#979468,2.18,#d1d387,1.62,#786e50,0.65,#d1d387,1.62,#302c23,0.5,#c6bea0,3.05,#b1ad81,2.81,#786e50,0.65,#302c23,0.5,#786e50,0.65,#979468,2.18,#b1ad81,2.81,#c6bea0,3.05,#d1d387,1.62,#302c23,0.5,#b1ad81,2.81,#979468,2.18,#786e50,0.65,#302c23,0.5,#786e50,0.65,#979468,2.18,#b1ad81,2.81,#c6bea0,3.05,,Galeopsis,Galeopsis segetum
KW_T_423_8_0031L,KW_T_423_8_0031L.tif_segmented.png,974470,3001,3663,#bdb695,3.14,#d0c9aa,2.43,#a9a47d,2.32,#8e8967,1.59,#726c50,0.86,#cace81,0.85,#d0c9aa,2.43,#bdb695,3.14,#726c50,0.86,#a9a47d,2.32,#726c50,0.86,#8e8967,1.59,#a9a47d,2.32,#cace81,0.85,#bdb695,3.14,#cace81,0.85,#a9a47d,2.32,#8e8967,1.59,#d0c9aa,2.43,#726c50,0.86,#726c50,0.86,#8e8967,1.59,#a9a47d,2.32,#cace81,0.85,#bdb695,3.14,Poaceae,Poa,Poa compressa
KW_T_423_8_0033L,KW_T_423_8_0033L.tif_segmented.png,977402,3005,3667,#c4bd9a,2.92,#959072,2.57,#b0a787,2.36,#7a755e,2.18,#5b5544,0.57,#c4bd9a,2.92,#b0a787,2.36,#5b5544,0.57,#959072,2.57,#7a755e,2.18,#5b5544,0.57,#7a755e,2.18,#959072,2.57,#b0a787,2.36,#c4bd9a,2.92,#7a755e,2.18,#b0a787,2.36,#5b5544,0.57,#c4bd9a,2.92,#959072,2.57,#5b5544,0.57,#7a755e,2.18,#959072,2.57,#b0a787,2.36,#c4bd9a,2.92,,Potamogeton,Potamogeton crispus
KW_T_423_8_0035L,KW_T_423_8_0035L.tif_segmented.png,1698484,3007,3675,#cec6aa,3.22,#74765b,3.17,#a49f7c,2.78,#bbb394,2.65,#8b8b6a,2.64,#cec6aa,3.22,#bbb394,2.65,#a49f7c,2.78,#63614b,1.64,#74765b,3.17,#a49f7c,2.78,#bbb394,2.65,#8b8b6a,2.64,#63614b,1.64,#74765b,3.17,#8b8b6a,2.64,#a49f7c,2.78,#74765b,3.17,#cec6aa,3.22,#bbb394,2.65,#a49f7c,2.78,#bbb394,2.65,#8b8b6a,2.64,#63614b,1.64,#74765b,3.17,,Fragaria,Fragaria vesca
KW_T_423_8_0037L,KW_T_423_8_0037L.tif_segmented.png,601867,3003,3667,#c0b697,2.46,#aba77e,2.41,#96906a,1.53,#797553,1.25,#c7c980,1.09,#c7c980,1.09,#3a342a,0.35,#c0b697,2.46,#aba77e,2.41,#797553,1.25,#3a342a,0.35,#797553,1.25,#96906a,1.53,#c0b697,2.46,#aba77e,2.41,#c7c980,1.09,#3a342a,0.35,#aba77e,2.41,#96906a,1.53,#797553,1.25,#3a342a,0.35,#797553,1.25,#96906a,1.53,#c0b697,2.46,#aba77e,2.41,,Arnoseris,Arnoseris minima
KW_T_423_8_0039L,KW_T_423_8_0039L.tif_segmented.png,2308532,3005,3675,#a2a377,4.72,#93926b,4.55,#c8be9d,3.43,#857f5c,3.42,#b5ac8a,3.2,#c8be9d,3.43,#73694b,1.61,#b5ac8a,3.2,#a2a377,4.72,#857f5c,3.42,#73694b,1.61,#c8be9d,3.43,#857f5c,3.42,#b5ac8a,3.2,#93926b,4.55,#93926b,4.55,#857f5c,3.42,#a2a377,4.72,#73694b,1.61,#b5ac8a,3.2,#73694b,1.61,#c8be9d,3.43,#857f5c,3.42,#b5ac8a,3.2,#93926b,4.55,,Osmunda,Osmunda regalis
KW_T_423_8_0041L,KW_T_423_8_0041L.tif_segmented.png,1158661,3009,3655,#aea681,2.88,#c4bc99,2.64,#968b68,1.66,#76694f,0.6,#2f2b23,0.5,#c4bc99,2.64,#2f2b23,0.5,#aea681,2.88,#76694f,0.6,#968b68,1.66,#2f2b23,0.5,#76694f,0.6,#968b68,1.66,#aea681,2.88,#c4bc99,2.64,#2f2b23,0.5,#aea681,2.88,#76694f,0.6,#c4bc99,2.64,#968b68,1.66,#2f2b23,0.5,#76694f,0.6,#968b68,1.66,#aea681,2.88,#c4bc99,2.64,,Rhynchospora,Rhynchospora alba
KW_T_423_8_0043L,KW_T_423_8_0043L.tif_segmented.png,1437746,2958,3667,#b6b090,2.31,#9b9775,1.85,#807a62,1.55,#635b47,1.31,#2a2820,0.46,#b6b090,2.31,#2a2820,0.46,#635b47,1.31,#9b9775,1.85,#807a62,1.55,#2a2820,0.46,#9b9775,1.85,#b6b090,2.31,#807a62,1.55,#635b47,1.31,#2a2820,0.46,#807a62,1.55,#9b9775,1.85,#635b47,1.31,#b6b090,2.31,#2a2820,0.46,#9b9775,1.85,#b6b090,2.31,#807a62,1.55,#635b47,1.31,,Festuca,Festuca filiformis
KW_T_423_8_0045L,KW_T_423_8_0045L.tif_segmented.png,783820,2966,3671,#afa68b,1.84,#c4b9a0,1.8,#938d73,0.98,#726d54,0.61,#302d24,0.42,#302d24,0.42,#c4b9a0,1.8,#afa68b,1.84,#726d54,0.61,#938d73,0.98,#726d54,0.61,#302d24,0.42,#938d73,0.98,#afa68b,1.84,#c4b9a0,1.8,#302d24,0.42,#726d54,0.61,#afa68b,1.84,#938d73,0.98,#c4b9a0,1.8,#726d54,0.61,#302d24,0.42,#938d73,0.98,#afa68b,1.84,#c4b9a0,1.8,Caryophyllaceae,Dianthus,Dianthus deltoides
KW_T_423_8_0047L,KW_T_423_8_0047L.tif_segmented.png,764022,2968,3683,#b4af8b,2.04,#cac59e,1.8,#9c9b76,1.69,#838465,1.4,#6a6a50,0.71,#cac59e,1.8,#2a2720,0.46,#b4af8b,2.04,#9c9b76,1.69,#6a6a50,0.71,#6a6a50,0.71,#838465,1.4,#9c9b76,1.69,#2a2720,0.46,#b4af8b,2.04,#2a2720,0.46,#9c9b76,1.69,#cac59e,1.8,#b4af8b,2.04,#838465,1.4,#6a6a50,0.71,#838465,1.4,#9c9b76,1.69,#2a2720,0.46,#b4af8b,2.04,,Camelina,Camelina sativa subsp. alyssum
KW_T_423_8_0049L,KW_T_423_8_0049L.tif_segmented.png,1669905,2970,3675,#8d8d62,3.34,#bcb796,2.97,#757552,2.61,#a1a373,2.37,#b7c171,1.71,#b7c171,1.71,#302d25,0.4,#bcb796,2.97,#a1a373,2.37,#757552,2.61,#302d25,0.4,#757552,2.61,#8d8d62,3.34,#a1a373,2.37,#bcb796,2.97,#302d25,0.4,#b7c171,1.71,#8d8d62,3.34,#a1a373,2.37,#757552,2.61,#302d25,0.4,#757552,2.61,#8d8d62,3.34,#a1a373,2.37,#bcb796,2.97,,Rorippa,Rorippa palustris
KW_T_423_8_0051L,KW_T_423_8_0051L.tif_segmented.png,582525,2986,3699,#bbb792,1.6,#a6a578,1.22,#847f60,0.71,#302d24,0.63,#d3d582,0.33,#d3d582,0.33,#302d24,0.63,#bbb792,1.6,#a6a578,1.22,#847f60,0.71,#847f60,0.71,#302d24,0.63,#a6a578,1.22,#bbb792,1.6,#d3d582,0.33,#d3d582,0.33,#302d24,0.63,#847f60,0.71,#a6a578,1.22,#bbb792,1.6,#847f60,0.71,#302d24,0.63,#a6a578,1.22,#bbb792,1.6,#d3d582,0.33,,Eleogiton,Eleogiton fluitans
KW_T_423_8_0053L,KW_T_423_8_0053L.tif_segmented.png,317660,2997,3683,#c4be9e,1.97,#b3ae8a,1.62,#98956f,0.96,#685f4b,0.35,,,#c4be9e,1.97,#685f4b,0.35,#b3ae8a,1.62,#98956f,0.96,,,#685f4b,0.35,#98956f,0.96,#b3ae8a,1.62,#c4be9e,1.97,,,#98956f,0.96,#b3ae8a,1.62,#685f4b,0.35,#c4be9e,1.97,,,#685f4b,0.35,#98956f,0.96,#b3ae8a,1.62,#c4be9e,1.97,,,,Cuscuta,Cuscuta epilinum
KW_T_423_8_0055L,KW_T_423_8_0055L.tif_segmented.png,157366,2997,3687,#d2c8ac,3.05,#c1b193,2.09,#b2957f,1.4,#857965,0.65,#3b362a,0.43,#d2c8ac,3.05,#3b362a,0.43,#c1b193,2.09,#b2957f,1.4,#857965,0.65,#3b362a,0.43,#857965,0.65,#b2957f,1.4,#c1b193,2.09,#d2c8ac,3.05,#3b362a,0.43,#857965,0.65,#d2c8ac,3.05,#c1b193,2.09,#b2957f,1.4,#3b362a,0.43,#857965,0.65,#b2957f,1.4,#c1b193,2.09,#d2c8ac,3.05,,Cuscuta,Cuscuta epithymum
KW_T_423_8_0057L,KW_T_423_8_0057L.tif_segmented.png,1005742,3007,3707,#abab86,2.65,#c5be9e,2.57,#928f6d,1.79,#ccd37f,0.92,#726b52,0.62,#ccd37f,0.92,#2e2b23,0.45,#c5be9e,2.57,#abab86,2.65,#726b52,0.62,#726b52,0.62,#928f6d,1.79,#2e2b23,0.45,#abab86,2.65,#ccd37f,0.92,#ccd37f,0.92,#2e2b23,0.45,#abab86,2.65,#928f6d,1.79,#726b52,0.62,#726b52,0.62,#928f6d,1.79,#2e2b23,0.45,#abab86,2.65,#ccd37f,0.92,,Juncus,Juncus subnodulosus
KW_T_423_8_0059L,KW_T_423_8_0059L.tif_segmented.png,2078932,2997,3675,#d0caaf,4.63,#9da37f,4.01,#b4b594,3.97,#838769,2.94,#6b6b53,1.63,#c5c879,1.2,#d0caaf,4.63,#2c2a21,0.53,#b4b594,3.97,#9da37f,4.01,#6b6b53,1.63,#838769,2.94,#2c2a21,0.53,#9da37f,4.01,#b4b594,3.97,#c5c879,1.2,#2c2a21,0.53,#838769,2.94,#b4b594,3.97,#9da37f,4.01,#6b6b53,1.63,#838769,2.94,#2c2a21,0.53,#9da37f,4.01,#b4b594,3.97,,Artemisia,Artemisia absinthium
KW_T_423_8_0061L,KW_T_423_8_0061L.tif_segmented.png,355532,3001,3679,#cfc8ac,3.44,#bdb595,2.21,#aba77b,1.35,#6e6955,0.88,#918b6e,0.84,#cfc8ac,3.44,#2f2b24,0.56,#bdb595,2.21,#aba77b,1.35,#6e6955,0.88,#6e6955,0.88,#918b6e,0.84,#2f2b24,0.56,#bdb595,2.21,#aba77b,1.35,#2f2b24,0.56,#aba77b,1.35,#6e6955,0.88,#cfc8ac,3.44,#918b6e,0.84,#6e6955,0.88,#918b6e,0.84,#2f2b24,0.56,#bdb595,2.21,#aba77b,1.35,,Pinguicula,Pinguicula vulgaris
KW_T_423_8_0063L,KW_T_423_8_0063L.tif_segmented.png,1454679,2968,3663,#c2bd9c,3.41,#928c74,2.37,#aea98d,2.28,#726f5a,1.52,#332f26,0.49,#c2bd9c,3.41,#332f26,0.49,#aea98d,2.28,#928c74,2.37,#726f5a,1.52,#332f26,0.49,#726f5a,1.52,#928c74,2.37,#aea98d,2.28,#c2bd9c,3.41,#332f26,0.49,#726f5a,1.52,#aea98d,2.28,#c2bd9c,3.41,#928c74,2.37,#332f26,0.49,#726f5a,1.52,#928c74,2.37,#aea98d,2.28,#c2bd9c,3.41,,Calamagrostis,Calamagrostis arenaria
KW_T_423_8_0065L,KW_T_423_8_0065L.tif_segmented.png,2137931,2962,3659,#495346,6.8,#5e6656,5.33,#787d67,3.38,#b9b592,3.26,#93977b,2.34,#d0caaf,2.11,#b9b592,3.26,#495346,6.8,#5e6656,5.33,#93977b,2.34,#b9b592,3.26,#93977b,2.34,#787d67,3.38,#5e6656,5.33,#495346,6.8,#787d67,3.38,#495346,6.8,#93977b,2.34,#b9b592,3.26,#5e6656,5.33,#b9b592,3.26,#93977b,2.34,#787d67,3.38,#5e6656,5.33,#495346,6.8,,Hedera,Hedera helix
KW_T_423_8_0067L,KW_T_423_8_0067L.tif_segmented.png,540282,2976,3659,#bcb499,3.01,#a39d85,1.58,#89856e,0.99,#6b6753,0.87,#2e2a22,0.57,#2e2a22,0.57,#bcb499,3.01,#a39d85,1.58,#6b6753,0.87,#89856e,0.99,#2e2a22,0.57,#6b6753,0.87,#89856e,0.99,#a39d85,1.58,#bcb499,3.01,#2e2a22,0.57,#6b6753,0.87,#89856e,0.99,#a39d85,1.58,#bcb499,3.01,#2e2a22,0.57,#6b6753,0.87,#89856e,0.99,#a39d85,1.58,#bcb499,3.01,,Antennaria,Antennaria dioica
KW_T_423_8_0069L,KW_T_423_8_0069L.tif_segmented.png,3121052,2982,3655,#b3ac95,5.09,#c3bca6,4.53,#9e9880,3.69,#544d42,2.92,#7c7661,1.78,#c3bca6,4.53,#544d42,2.92,#b3ac95,5.09,#9e9880,3.69,#7c7661,1.78,#544d42,2.92,#7c7661,1.78,#9e9880,3.69,#b3ac95,5.09,#c3bca6,4.53,#7c7661,1.78,#544d42,2.92,#9e9880,3.69,#b3ac95,5.09,#c3bca6,4.53,#544d42,2.92,#7c7661,1.78,#9e9880,3.69,#b3ac95,5.09,#c3bca6,4.53,,Coprinus,Coprinus comatus
KW_T_423_8_0071L,KW_T_423_8_0071L.tif_segmented.png,866428,2988,3659,#bdb897,2.58,#aaa97a,2.01,#8d8a63,1.8,#6f6a4b,1.16,#2c2922,0.55,#bdb897,2.58,#2c2922,0.55,#aaa97a,2.01,#6f6a4b,1.16,#8d8a63,1.8,#6f6a4b,1.16,#8d8a63,1.8,#2c2922,0.55,#aaa97a,2.01,#bdb897,2.58,#2c2922,0.55,#8d8a63,1.8,#aaa97a,2.01,#bdb897,2.58,#6f6a4b,1.16,#6f6a4b,1.16,#8d8a63,1.8,#2c2922,0.55,#aaa97a,2.01,#bdb897,2.58,,Callitriche,Callitriche obtusangula
KW_T_423_8_0073L,KW_T_423_8_0073L.tif_segmented.png,758058,2992,3659,#b7b294,2.05,#cac5a6,1.93,#a4a374,1.46,#8b8964,1.27,#706d50,0.96,#cac5a6,1.93,#2f2c24,0.45,#b7b294,2.05,#a4a374,1.46,#706d50,0.96,#706d50,0.96,#2f2c24,0.45,#8b8964,1.27,#a4a374,1.46,#b7b294,2.05,#2f2c24,0.45,#8b8964,1.27,#a4a374,1.46,#cac5a6,1.93,#706d50,0.96,#706d50,0.96,#2f2c24,0.45,#8b8964,1.27,#a4a374,1.46,#b7b294,2.05,,Bromus,Bromus hordeaceus
KW_T_423_8_0075L,KW_T_423_8_0075L.tif_segmented.png,1192596,2995,3659,#d3ceb6,3.97,#c3bd9d,3.01,#aeab8c,2.09,#948f72,1.41,#766c56,0.79,#d3ceb6,3.97,#36322a,0.47,#c3bd9d,3.01,#aeab8c,2.09,#766c56,0.79,#36322a,0.47,#766c56,0.79,#948f72,1.41,#aeab8c,2.09,#c3bd9d,3.01,#36322a,0.47,#766c56,0.79,#aeab8c,2.09,#c3bd9d,3.01,#948f72,1.41,#36322a,0.47,#766c56,0.79,#948f72,1.41,#aeab8c,2.09,#c3bd9d,3.01,,Catabrosa,Catabrosa aquatica
KW_T_423_8_0077L,KW_T_423_8_0077L.tif_segmented.png,1124970,2997,3659,#c9c49e,2.61,#b4b286,2.36,#9c9d70,2.29,#c26458,1.88,#85825e,1.79,#c26458,1.88,#c9c49e,2.61,#b4b286,2.36,#635a44,0.7,#9c9d70,2.29,#635a44,0.7,#85825e,1.79,#9c9d70,2.29,#b4b286,2.36,#c9c49e,2.61,#c26458,1.88,#b4b286,2.36,#c9c49e,2.61,#85825e,1.79,#9c9d70,2.29,#635a44,0.7,#85825e,1.79,#9c9d70,2.29,#b4b286,2.36,#c9c49e,2.61,,Papaver,Papaver dubium
KW_T_423_8_0079L,KW_T_423_8_0079L.tif_segmented.png,1447937,2992,3655,#cfc8b0,3.33,#bcb696,2.7,#a7a17f,2.43,#8c8866,2.33,#716c51,1.32,#cfc8b0,3.33,#332f25,0.52,#bcb696,2.7,#a7a17f,2.43,#716c51,1.32,#332f25,0.52,#716c51,1.32,#8c8866,2.33,#a7a17f,2.43,#bcb696,2.7,#332f25,0.52,#a7a17f,2.43,#8c8866,2.33,#716c51,1.32,#bcb696,2.7,#332f25,0.52,#716c51,1.32,#8c8866,2.33,#a7a17f,2.43,#bcb696,2.7,,Thymus,Thymus serpyllum
KW_T_423_8_0081L,KW_T_423_8_0081L.tif_segmented.png,814788,2992,3655,#cec8ae,2.59,#beb799,2.55,#aba784,1.92,#8f8b6c,1.77,#6f6851,0.83,#312c23,0.55,#cec8ae,2.59,#beb799,2.55,#aba784,1.92,#6f6851,0.83,#6f6851,0.83,#312c23,0.55,#8f8b6c,1.77,#aba784,1.92,#beb799,2.55,#312c23,0.55,#aba784,1.92,#6f6851,0.83,#8f8b6c,1.77,#cec8ae,2.59,#6f6851,0.83,#312c23,0.55,#8f8b6c,1.77,#aba784,1.92,#beb799,2.55,,Corrigiola,Corrigiola litoralis
KW_T_423_8_0083L,KW_T_423_8_0083L.tif_segmented.png,1141653,2990,3651,#d2cab2,3.67,#c1b79b,3.31,#948c67,2.33,#aba382,1.94,#75674f,0.54,#d2cab2,3.67,#332f26,0.35,#c1b79b,3.31,#75674f,0.54,#aba382,1.94,#332f26,0.35,#75674f,0.54,#948c67,2.33,#aba382,1.94,#c1b79b,3.31,#332f26,0.35,#75674f,0.54,#aba382,1.94,#948c67,2.33,#d2cab2,3.67,#332f26,0.35,#75674f,0.54,#948c67,2.33,#aba382,1.94,#c1b79b,3.31,,Calluna,Calluna vulgaris
KW_T_423_8_0085L,KW_T_423_8_0085L.tif_segmented.png,944077,2990,3651,#c8c1a4,3.15,#9e9e6c,2.32,#b3ab8d,2.31,#b9c278,2.1,#80785b,1.46,#b9c278,2.1,#393429,0.52,#c8c1a4,3.15,#9e9e6c,2.32,#b3ab8d,2.31,#393429,0.52,#80785b,1.46,#9e9e6c,2.32,#b3ab8d,2.31,#b9c278,2.1,#b9c278,2.1,#393429,0.52,#80785b,1.46,#9e9e6c,2.32,#b3ab8d,2.31,#393429,0.52,#80785b,1.46,#9e9e6c,2.32,#b3ab8d,2.31,#b9c278,2.1,,Fagopyrum,Fagopyrum tataricum
KW_T_423_8_0087L,KW_T_423_8_0087L.tif_segmented.png,807583,2992,3651,#c3bc9f,3.14,#adaa8b,1.98,#90926e,1.69,#706f53,1.46,#b4bb69,0.95,#b4bb69,0.95,#494030,0.51,#c3bc9f,3.14,#adaa8b,1.98,#706f53,1.46,#494030,0.51,#706f53,1.46,#90926e,1.69,#b4bb69,0.95,#adaa8b,1.98,#b4bb69,0.95,#90926e,1.69,#494030,0.51,#adaa8b,1.98,#706f53,1.46,#494030,0.51,#706f53,1.46,#90926e,1.69,#b4bb69,0.95,#adaa8b,1.98,,Melampyrum,Melampyrum pratense
KW_T_423_8_0089L,KW_T_423_8_0089L.tif_segmented.png,891370,2948,3655,#beb897,1.8,#a0a06f,1.75,#807f56,1.64,#d6d1b6,1.51,#5f5c3e,0.91,#d0cc6f,0.43,#d6d1b6,1.51,#5f5c3e,0.91,#beb897,1.8,#807f56,1.64,#5f5c3e,0.91,#beb897,1.8,#807f56,1.64,#a0a06f,1.75,#d0cc6f,0.43,#d0cc6f,0.43,#a0a06f,1.75,#807f56,1.64,#beb897,1.8,#d6d1b6,1.51,#5f5c3e,0.91,#beb897,1.8,#807f56,1.64,#a0a06f,1.75,#d0cc6f,0.43,Asteraceae,Hypochaeris,Hypochaeris glabra
KW_T_423_8_0091L,KW_T_423_8_0091L.tif_segmented.png,1029312,2952,3647,#b2b28f,1.91,#858265,1.86,#9b9a79,1.72,#cbc8ad,1.53,#6e6952,1.28,#2a2720,0.58,#cbc8ad,1.53,#b2b28f,1.91,#6e6952,1.28,#9b9a79,1.72,#2a2720,0.58,#6e6952,1.28,#858265,1.86,#9b9a79,1.72,#b2b28f,1.91,#2a2720,0.58,#b2b28f,1.91,#9b9a79,1.72,#858265,1.86,#6e6952,1.28,#2a2720,0.58,#6e6952,1.28,#858265,1.86,#9b9a79,1.72,#b2b28f,1.91,,Glyceria,Glyceria fluitans
KW_T_423_8_0093L,KW_T_423_8_0093L.tif_segmented.png,1675660,2962,3643,#a5a182,3.64,#928c71,3.34,#bab696,3.32,#867060,2.45,#6e5447,1.05,#6e5447,1.05,#bab696,3.32,#a5a182,3.64,#867060,2.45,#928c71,3.34,#6e5447,1.05,#867060,2.45,#928c71,3.34,#bab696,3.32,#a5a182,3.64,#a5a182,3.64,#867060,2.45,#bab696,3.32,#928c71,3.34,#6e5447,1.05,#6e5447,1.05,#867060,2.45,#928c71,3.34,#bab696,3.32,#a5a182,3.64,,Persicaria,Persicaria lapathifolia subsp. lapathifolia
KW_T_423_8_0095L,KW_T_423_8_0095L.tif_segmented.png,647339,2970,3659,#b2ad8f,1.38,#c6c0a8,1.35,#979672,1.09,#29261f,0.64,#6d6852,0.28,#29261f,0.64,#c6c0a8,1.35,#b2ad8f,1.38,#6d6852,0.28,#979672,1.09,#6d6852,0.28,#29261f,0.64,#979672,1.09,#b2ad8f,1.38,#c6c0a8,1.35,#29261f,0.64,#979672,1.09,#6d6852,0.28,#b2ad8f,1.38,#c6c0a8,1.35,#6d6852,0.28,#29261f,0.64,#979672,1.09,#b2ad8f,1.38,#c6c0a8,1.35,,Limosella,Limosella aquatica
KW_T_423_8_0097L,KW_T_423_8_0097L.tif_segmented.png,262516,2968,3651,#bbb89e,1.58,#a7a78c,1.52,#8c8d70,0.79,#302c24,0.53,#727158,0.39,#302c24,0.53,#bbb89e,1.58,#a7a78c,1.52,#727158,0.39,#8c8d70,0.79,#302c24,0.53,#727158,0.39,#8c8d70,0.79,#a7a78c,1.52,#bbb89e,1.58,#302c24,0.53,#a7a78c,1.52,#8c8d70,0.79,#727158,0.39,#bbb89e,1.58,#302c24,0.53,#727158,0.39,#8c8d70,0.79,#a7a78c,1.52,#bbb89e,1.58,,Physcomitrium,Physcomitrium pyriforme
KW_T_423_8_0099L,KW_T_423_8_0099L.tif_segmented.png,693905,2970,3651,#bbb39b,2.21,#a49f85,1.53,#89856e,1.29,#6d6a58,1.07,#373227,0.35,#373227,0.35,#bbb39b,2.21,#a49f85,1.53,#6d6a58,1.07,#89856e,1.29,#373227,0.35,#6d6a58,1.07,#89856e,1.29,#a49f85,1.53,#bbb39b,2.21,#373227,0.35,#a49f85,1.53,#89856e,1.29,#6d6a58,1.07,#bbb39b,2.21,#373227,0.35,#6d6a58,1.07,#89856e,1.29,#a49f85,1.53,#bbb39b,2.21,,Chondrus,Chondrus crispus
KW_T_423_8_0101L,KW_T_423_8_0101L.tif_segmented.png,1130590,2960,3643,#787c51,3.36,#8f9264,2.96,#c0bc99,2.06,#605f41,1.57,#aaaa80,1.55,#c0bc99,2.06,#605f41,1.57,#787c51,3.36,#aaaa80,1.55,#8f9264,2.96,#c0bc99,2.06,#605f41,1.57,#aaaa80,1.55,#8f9264,2.96,#787c51,3.36,#aaaa80,1.55,#8f9264,2.96,#c0bc99,2.06,#787c51,3.36,#605f41,1.57,#c0bc99,2.06,#605f41,1.57,#aaaa80,1.55,#8f9264,2.96,#787c51,3.36,,Saccharina,Saccharina latissima
KW_T_423_8_0103L,KW_T_423_8_0103L.tif_segmented.png,653277,2964,3647,#b7b28e,2.02,#c7c2a6,1.5,#8a8865,1.32,#a19f77,1.24,#706d4f,0.68,#c7c2a6,1.5,#b7b28e,2.02,#706d4f,0.68,#a19f77,1.24,#8a8865,1.32,#706d4f,0.68,#8a8865,1.32,#a19f77,1.24,#b7b28e,2.02,#c7c2a6,1.5,#a19f77,1.24,#8a8865,1.32,#b7b28e,2.02,#706d4f,0.68,#c7c2a6,1.5,#706d4f,0.68,#8a8865,1.32,#a19f77,1.24,#b7b28e,2.02,#c7c2a6,1.5,,Elymus,Elymus repens
KW_T_423_8_0105L,KW_T_423_8_0105L.tif_segmented.png,2541486,2974,3655,#b1b38e,4.73,#999e77,4.59,#c9c7a6,3.95,#828867,3.52,#697056,2.22,#dfd487,1.12,#c6ad68,1.07,#c9c7a6,3.95,#b1b38e,4.73,#697056,2.22,#697056,2.22,#999e77,4.59,#828867,3.52,#b1b38e,4.73,#dfd487,1.12,#dfd487,1.12,#c6ad68,1.07,#b1b38e,4.73,#c9c7a6,3.95,#999e77,4.59,#697056,2.22,#999e77,4.59,#828867,3.52,#b1b38e,4.73,#dfd487,1.12,,Tephroseris,Tephroseris palustris
KW_T_423_8_0107L,KW_T_423_8_0107L.tif_segmented.png,916137,2976,3655,#b8b090,2.29,#cac3a4,2.27,#8e8669,1.82,#a69b7b,1.64,#7a7057,1.45,#cac3a4,2.27,#2c2a24,0.42,#b8b090,2.29,#a69b7b,1.64,#7a7057,1.45,#2c2a24,0.42,#7a7057,1.45,#8e8669,1.82,#a69b7b,1.64,#b8b090,2.29,#2c2a24,0.42,#7a7057,1.45,#b8b090,2.29,#8e8669,1.82,#cac3a4,2.27,#2c2a24,0.42,#7a7057,1.45,#8e8669,1.82,#a69b7b,1.64,#b8b090,2.29,,Mentha,Mentha aquatica
KW_T_423_8_0109L,KW_T_423_8_0109L.tif_segmented.png,1879329,2978,3651,#9ea583,4.56,#8b9475,4.11,#b6b693,3.17,#777c63,2.94,#5e6651,2.34,#b6b693,3.17,#9ea583,4.56,#474b3b,0.86,#8b9475,4.11,#5e6651,2.34,#474b3b,0.86,#5e6651,2.34,#777c63,2.94,#8b9475,4.11,#9ea583,4.56,#8b9475,4.11,#474b3b,0.86,#9ea583,4.56,#777c63,2.94,#b6b693,3.17,#474b3b,0.86,#5e6651,2.34,#777c63,2.94,#8b9475,4.11,#9ea583,4.56,,Sagittaria,Sagittaria sagittifolia
KW_T_423_8_0111L,KW_T_423_8_0111L.tif_segmented.png,610617,2982,3647,#cbc9b3,3.58,#c0bb9e,2.7,#ada98d,2.68,#99957a,1.68,#312d25,0.48,#312d25,0.48,#cbc9b3,3.58,#c0bb9e,2.7,#ada98d,2.68,#786e58,0.43,#312d25,0.48,#786e58,0.43,#99957a,1.68,#ada98d,2.68,#c0bb9e,2.7,#312d25,0.48,#786e58,0.43,#ada98d,2.68,#99957a,1.68,#cbc9b3,3.58,#312d25,0.48,#786e58,0.43,#99957a,1.68,#ada98d,2.68,#c0bb9e,2.7,,Spartina,Spartina spec.
KW_T_423_8_0113L,KW_T_423_8_0113L.tif_segmented.png,2006160,2986,3647,#9a9c7e,3.77,#acac90,3.67,#87886c,3.39,#c0bfa2,2.98,#6d6d54,1.98,#c0bfa2,2.98,#4a4935,0.56,#acac90,3.67,#9a9c7e,3.77,#6d6d54,1.98,#4a4935,0.56,#6d6d54,1.98,#87886c,3.39,#9a9c7e,3.77,#acac90,3.67,#9a9c7e,3.77,#4a4935,0.56,#87886c,3.39,#acac90,3.67,#c0bfa2,2.98,#4a4935,0.56,#6d6d54,1.98,#87886c,3.39,#9a9c7e,3.77,#acac90,3.67,,Limonium,Limonium vulgare
KW_T_423_8_0115L,KW_T_423_8_0115L.tif_segmented.png,1661331,2988,3647,#696051,4.16,#d2cbb4,3.98,#574f42,3.83,#b8b093,2.9,#807561,2.61,#d2cbb4,3.98,#b8b093,2.9,#574f42,3.83,#696051,4.16,#9d9175,2.0,#574f42,3.83,#696051,4.16,#807561,2.61,#9d9175,2.0,#b8b093,2.9,#807561,2.61,#574f42,3.83,#696051,4.16,#b8b093,2.9,#d2cbb4,3.98,#574f42,3.83,#696051,4.16,#807561,2.61,#9d9175,2.0,#b8b093,2.9,,Ascophyllum,Ascophyllum nodosum
KW_T_423_8_0117L,KW_T_423_8_0117L.tif_segmented.png,1649724,2990,3647,#564b40,4.76,#655a4c,4.2,#d0cab4,3.94,#b4ad95,2.69,#786e5d,2.45,#d0cab4,3.94,#564b40,4.76,#b4ad95,2.69,#655a4c,4.2,#786e5d,2.45,#938b76,1.76,#786e5d,2.45,#655a4c,4.2,#564b40,4.76,#b4ad95,2.69,#564b40,4.76,#655a4c,4.2,#786e5d,2.45,#d0cab4,3.94,#938b76,1.76,#938b76,1.76,#786e5d,2.45,#655a4c,4.2,#564b40,4.76,#b4ad95,2.69,,Fucus,Fucus spiralis
KW_T_423_8_0119L,KW_T_423_8_0119L.tif_segmented.png,1375655,2992,3647,#d5cfb9,4.32,#c5c49e,3.51,#b1b08f,3.12,#999e79,2.29,#83876a,2.09,#e0d571,0.69,#d5cfb9,4.32,#c5c49e,3.51,#605948,0.33,#b1b08f,3.12,#605948,0.33,#83876a,2.09,#999e79,2.29,#b1b08f,3.12,#c5c49e,3.51,#e0d571,0.69,#c5c49e,3.51,#83876a,2.09,#b1b08f,3.12,#999e79,2.29,#605948,0.33,#83876a,2.09,#999e79,2.29,#b1b08f,3.12,#c5c49e,3.51,,Ranunculus,Ranunculus sardous
KW_T_423_8_0121L,KW_T_423_8_0121L.tif_segmented.png,854192,2997,3647,#cec9ae,3.72,#bbb894,3.03,#a8a682,1.9,#938d69,1.18,#71654e,0.77,#cec9ae,3.72,#2f2c25,0.48,#bbb894,3.03,#71654e,0.77,#a8a682,1.9,#71654e,0.77,#2f2c25,0.48,#938d69,1.18,#a8a682,1.9,#bbb894,3.03,#2f2c25,0.48,#a8a682,1.9,#71654e,0.77,#bbb894,3.03,#938d69,1.18,#71654e,0.77,#2f2c25,0.48,#938d69,1.18,#a8a682,1.9,#bbb894,3.03,,Potentilla,Potentilla anglica
KW_T_423_8_0123L,KW_T_423_8_0123L.tif_segmented.png,3103437,2997,3647,#c6c395,7.84,#b9b58b,7.3,#cfcba9,6.9,#aca77c,5.42,#9b936c,2.98,#c6c395,7.84,#cfcba9,6.9,#b9b58b,7.3,#aca77c,5.42,#827757,1.63,#827757,1.63,#9b936c,2.98,#aca77c,5.42,#b9b58b,7.3,#c6c395,7.84,#c6c395,7.84,#b9b58b,7.3,#aca77c,5.42,#cfcba9,6.9,#9b936c,2.98,#827757,1.63,#9b936c,2.98,#aca77c,5.42,#b9b58b,7.3,#c6c395,7.84,,Ulva,Ulva lactuca
KW_T_423_8_0125L,KW_T_423_8_0125L.tif_segmented.png,2401442,3001,3647,#d6ccab,9.01,#c8be9f,6.48,#b6ab8f,4.15,#9f9277,1.99,#7d6f59,1.04,#d6ccab,9.01,#c8be9f,6.48,#312d23,0.52,#b6ab8f,4.15,#7d6f59,1.04,#312d23,0.52,#7d6f59,1.04,#9f9277,1.99,#b6ab8f,4.15,#c8be9f,6.48,#312d23,0.52,#d6ccab,9.01,#7d6f59,1.04,#c8be9f,6.48,#b6ab8f,4.15,#312d23,0.52,#7d6f59,1.04,#9f9277,1.99,#b6ab8f,4.15,#c8be9f,6.48,,Porphyra,Porphyra purpurea
KW_T_423_8_0127L,KW_T_423_8_0127L.tif_segmented.png,298818,3003,3643,#d2ccb2,3.64,#c6bfa1,2.49,#b4ae8f,1.71,#999270,0.88,#716852,0.52,#d2ccb2,3.64,#332f26,0.42,#c6bfa1,2.49,#b4ae8f,1.71,#716852,0.52,#332f26,0.42,#716852,0.52,#999270,0.88,#b4ae8f,1.71,#c6bfa1,2.49,#332f26,0.42,#716852,0.52,#999270,0.88,#b4ae8f,1.71,#d2ccb2,3.64,#332f26,0.42,#716852,0.52,#999270,0.88,#b4ae8f,1.71,#c6bfa1,2.49,,Ulota,Ulota phyllantha
KW_T_423_8_0129L,KW_T_423_8_0129L.tif_segmented.png,913327,3003,3643,#cfc8ae,3.68,#c0ba99,3.3,#aeaa7e,2.4,#989066,2.04,#7c7051,1.33,#3d362a,0.48,#cfc8ae,3.68,#c0ba99,3.3,#aeaa7e,2.4,#7c7051,1.33,#3d362a,0.48,#7c7051,1.33,#989066,2.04,#aeaa7e,2.4,#c0ba99,3.3,#3d362a,0.48,#aeaa7e,2.4,#989066,2.04,#7c7051,1.33,#c0ba99,3.3,#3d362a,0.48,#7c7051,1.33,#989066,2.04,#aeaa7e,2.4,#c0ba99,3.3,,Gratiola,Gratiola officinalis
KW_T_423_8_0131L,KW_T_423_8_0131L.tif_segmented.png,1685865,3003,3643,#c7c1a3,3.9,#857b5a,3.24,#9c956a,2.92,#b1a88c,2.34,#6c6449,2.13,#babb73,1.06,#c7c1a3,3.9,#6c6449,2.13,#857b5a,3.24,#9c956a,2.92,#6c6449,2.13,#857b5a,3.24,#9c956a,2.92,#babb73,1.06,#b1a88c,2.34,#babb73,1.06,#9c956a,2.92,#857b5a,3.24,#6c6449,2.13,#b1a88c,2.34,#6c6449,2.13,#857b5a,3.24,#9c956a,2.92,#babb73,1.06,#b1a88c,2.34,,Fagopyrum,Fagopyrum esculentum
KW_T_423_8_0133L,KW_T_423_8_0133L.tif_segmented.png,392331,3005,3647,#c7c0a4,3.13,#b1aa8f,2.42,#797556,1.06,#928f6f,1.03,#5e5c3f,1.01,#c7c0a4,3.13,#353027,0.34,#5e5c3f,1.01,#b1aa8f,2.42,#797556,1.06,#353027,0.34,#5e5c3f,1.01,#797556,1.06,#928f6f,1.03,#b1aa8f,2.42,#353027,0.34,#797556,1.06,#928f6f,1.03,#b1aa8f,2.42,#c7c0a4,3.13,#353027,0.34,#5e5c3f,1.01,#797556,1.06,#928f6f,1.03,#b1aa8f,2.42,,Scilla,Scilla bifolia
KW_T_423_8_0135L,KW_T_423_8_0135L.tif_segmented.png,2372814,3005,3643,#c7c5a2,5.91,#a5a883,5.27,#b6b791,4.53,#989572,3.63,#867b61,1.73,#c7c5a2,5.91,#574d39,0.5,#b6b791,4.53,#a5a883,5.27,#867b61,1.73,#574d39,0.5,#867b61,1.73,#989572,3.63,#c7c5a2,5.91,#a5a883,5.27,#b6b791,4.53,#a5a883,5.27,#c7c5a2,5.91,#989572,3.63,#867b61,1.73,#574d39,0.5,#867b61,1.73,#989572,3.63,#c7c5a2,5.91,#a5a883,5.27,,Scrophularia,Scrophularia umbrosa
KW_T_423_8_0137L,KW_T_423_8_0137L.tif_segmented.png,805258,3005,3647,#c0b89b,3.24,#d1cab1,2.82,#5e5344,2.46,#726551,2.02,#ae9f7b,1.95,#d1cab1,2.82,#302b22,0.54,#c0b89b,3.24,#ae9f7b,1.95,#5e5344,2.46,#302b22,0.54,#938263,1.6,#5e5344,2.46,#726551,2.02,#ae9f7b,1.95,#302b22,0.54,#726551,2.02,#ae9f7b,1.95,#5e5344,2.46,#d1cab1,2.82,#302b22,0.54,#938263,1.6,#5e5344,2.46,#726551,2.02,#ae9f7b,1.95,,Peltigera,Peltigera spec.
KW_T_423_8_0139L,KW_T_423_8_0139L.tif_segmented.png,598919,3005,3651,#c0b89c,2.89,#4d453a,2.54,#d0c9b0,2.31,#6a5e4a,1.98,#ada385,1.62,#d0c9b0,2.31,#c0b89c,2.89,#4d453a,2.54,#6a5e4a,1.98,#ada385,1.62,#8d7d5f,1.19,#6a5e4a,1.98,#4d453a,2.54,#ada385,1.62,#c0b89c,2.89,#4d453a,2.54,#ada385,1.62,#6a5e4a,1.98,#d0c9b0,2.31,#8d7d5f,1.19,#8d7d5f,1.19,#6a5e4a,1.98,#4d453a,2.54,#ada385,1.62,#c0b89c,2.89,,Peltigera,Peltigera spec.
KW_T_423_8_0141L,KW_T_423_8_0141L.tif_segmented.png,593379,3005,3651,#c4bd9f,3.29,#b3ab8d,2.33,#847a5f,1.49,#9e9777,1.33,#665c48,1.15,#c4bd9f,3.29,#353026,0.5,#b3ab8d,2.33,#665c48,1.15,#847a5f,1.49,#353026,0.5,#665c48,1.15,#847a5f,1.49,#9e9777,1.33,#b3ab8d,2.33,#353026,0.5,#847a5f,1.49,#665c48,1.15,#b3ab8d,2.33,#9e9777,1.33,#353026,0.5,#665c48,1.15,#847a5f,1.49,#9e9777,1.33,#b3ab8d,2.33,,Claviceps,Claviceps purpurea
KW_T_423_8_0143L,KW_T_423_8_0143L.tif_segmented.png,1020384,3007,3647,#c1ba9e,3.25,#a9a88b,3.09,#8c9076,2.61,#767b64,2.55,#606654,2.15,#c1ba9e,3.25,#4a4030,0.39,#a9a88b,3.09,#606654,2.15,#8c9076,2.61,#4a4030,0.39,#606654,2.15,#767b64,2.55,#8c9076,2.61,#c1ba9e,3.25,#767b64,2.55,#8c9076,2.61,#a9a88b,3.09,#4a4030,0.39,#606654,2.15,#4a4030,0.39,#606654,2.15,#767b64,2.55,#8c9076,2.61,#c1ba9e,3.25,,Ilex,Ilex aquifolium
KW_T_423_8_0145L,KW_T_423_8_0145L.tif_segmented.png,969422,2946,3651,#a7ac80,2.25,#b9ba97,2.16,#929671,1.92,#ccc7af,1.75,#787559,0.73,#423a2b,0.59,#ccc7af,1.75,#b9ba97,2.16,#a7ac80,2.25,#787559,0.73,#423a2b,0.59,#787559,0.73,#b9ba97,2.16,#929671,1.92,#a7ac80,2.25,#423a2b,0.59,#929671,1.92,#b9ba97,2.16,#787559,0.73,#a7ac80,2.25,#423a2b,0.59,#787559,0.73,#b9ba97,2.16,#929671,1.92,#a7ac80,2.25,,Cardamine,Cardamine flexuosa
KW_T_423_8_0147L,KW_T_423_8_0147L.tif_segmented.png,291521,2950,3651,#d0c9b1,1.72,#bab396,1.28,#82745d,0.79,#979277,0.72,#5d5340,0.65,#d0c9b1,1.72,#27251d,0.43,#bab396,1.28,#5d5340,0.65,#82745d,0.79,#5d5340,0.65,#82745d,0.79,#979277,0.72,#27251d,0.43,#bab396,1.28,#27251d,0.43,#82745d,0.79,#979277,0.72,#5d5340,0.65,#d0c9b1,1.72,#5d5340,0.65,#82745d,0.79,#979277,0.72,#27251d,0.43,#bab396,1.28,,Atrichum,Atrichum undulatum
KW_T_423_8_0149L,KW_T_423_8_0149L.tif_segmented.png,599556,2952,3647,#bfb79f,1.98,#a59d89,1.84,#d2ccb6,1.82,#8c8372,1.44,#706757,1.29,#d2ccb6,1.82,#27241c,0.54,#bfb79f,1.98,#554c3d,0.64,#a59d89,1.84,#27241c,0.54,#554c3d,0.64,#706757,1.29,#a59d89,1.84,#8c8372,1.44,#27241c,0.54,#554c3d,0.64,#706757,1.29,#a59d89,1.84,#8c8372,1.44,#27241c,0.54,#554c3d,0.64,#706757,1.29,#a59d89,1.84,#8c8372,1.44,,Baeomyces,Baeomyces roseus
KW_T_423_8_0151L,KW_T_423_8_0151L.tif_segmented.png,755424,2954,3643,#c8c2a8,2.38,#969875,2.32,#b1ae8e,1.95,#7b7c5b,1.65,#5d573f,0.55,#c8c2a8,2.38,#5d573f,0.55,#b1ae8e,1.95,#7b7c5b,1.65,#969875,2.32,#5d573f,0.55,#7b7c5b,1.65,#969875,2.32,#b1ae8e,1.95,#c8c2a8,2.38,#969875,2.32,#b1ae8e,1.95,#7b7c5b,1.65,#5d573f,0.55,#c8c2a8,2.38,#5d573f,0.55,#7b7c5b,1.65,#969875,2.32,#b1ae8e,1.95,#c8c2a8,2.38,,Myosotis,Myosotis discolor subsp. discolor
KW_T_423_8_0153L,KW_T_423_8_0153L.tif_segmented.png,529882,3003,3651,#c6c0a6,1.88,#b2ab8e,1.42,#999173,0.91,#80755c,0.75,#28261f,0.42,#c6c0a6,1.88,#28261f,0.42,#5d533e,0.29,#b2ab8e,1.42,#80755c,0.75,#5d533e,0.29,#80755c,0.75,#999173,0.91,#28261f,0.42,#b2ab8e,1.42,#28261f,0.42,#80755c,0.75,#b2ab8e,1.42,#5d533e,0.29,#999173,0.91,#5d533e,0.29,#80755c,0.75,#999173,0.91,#28261f,0.42,#b2ab8e,1.42,,Juncus,Juncus tenageia
KW_T_423_8_0155L,KW_T_423_8_0155L.tif_segmented.png,920859,3005,3655,#bbb496,2.31,#d0c9b0,1.71,#a59d7a,1.63,#8a8060,1.2,#675d47,0.82,#d0c9b0,1.71,#292721,0.52,#bbb496,2.31,#675d47,0.82,#a59d7a,1.63,#292721,0.52,#8a8060,1.2,#675d47,0.82,#a59d7a,1.63,#bbb496,2.31,#292721,0.52,#a59d7a,1.63,#8a8060,1.2,#675d47,0.82,#d0c9b0,1.71,#292721,0.52,#8a8060,1.2,#675d47,0.82,#a59d7a,1.63,#bbb496,2.31,,Eriophorum,Eriophorum vaginatum
KW_T_423_8_0157L,KW_T_423_8_0157L.tif_segmented.png,506686,3005,3651,#b5ae93,1.52,#6e5f4b,1.26,#a19376,1.18,#c9c2a8,1.17,#8a795f,1.13,#2a281f,0.57,#c9c2a8,1.17,#b5ae93,1.52,#6e5f4b,1.26,#a19376,1.18,#6e5f4b,1.26,#8a795f,1.13,#2a281f,0.57,#a19376,1.18,#b5ae93,1.52,#2a281f,0.57,#6e5f4b,1.26,#8a795f,1.13,#b5ae93,1.52,#c9c2a8,1.17,#6e5f4b,1.26,#8a795f,1.13,#2a281f,0.57,#a19376,1.18,#b5ae93,1.52,,Polytrichum,Polytrichum formosum
KW_T_423_8_0159L,KW_T_423_8_0159L.tif_segmented.png,842385,3001,3643,#c3bca4,1.57,#847258,1.49,#6b5b45,1.47,#b2a78a,1.45,#9f8a69,1.38,#2c2921,0.59,#c3bca4,1.57,#6b5b45,1.47,#b2a78a,1.45,#9f8a69,1.38,#2c2921,0.59,#6b5b45,1.47,#847258,1.49,#9f8a69,1.38,#b2a78a,1.45,#2c2921,0.59,#b2a78a,1.45,#847258,1.49,#6b5b45,1.47,#9f8a69,1.38,#2c2921,0.59,#6b5b45,1.47,#847258,1.49,#9f8a69,1.38,#b2a78a,1.45,,Polytrichum,Polytrichum commune
KW_T_423_8_0161L,KW_T_423_8_0161L.tif_segmented.png,496065,3001,3643,#a8a88c,1.97,#bdb89e,1.83,#d2cdb8,1.74,#908f75,0.86,#716d56,0.48,#373228,0.38,#d2cdb8,1.74,#bdb89e,1.83,#716d56,0.48,#a8a88c,1.97,#373228,0.38,#716d56,0.48,#908f75,0.86,#a8a88c,1.97,#bdb89e,1.83,#373228,0.38,#a8a88c,1.97,#716d56,0.48,#908f75,0.86,#bdb89e,1.83,#373228,0.38,#716d56,0.48,#908f75,0.86,#a8a88c,1.97,#bdb89e,1.83,,Holosteum,Holosteum umbellatum
KW_T_423_8_0163L,KW_T_423_8_0163L.tif_segmented.png,732293,2999,3647,#d1ccb4,1.99,#bdba9b,1.83,#8b9178,1.52,#a7a78a,1.38,#717862,1.12,#d1ccb4,1.99,#bdba9b,1.83,#575f4c,1.09,#a7a78a,1.38,#717862,1.12,#575f4c,1.09,#717862,1.12,#8b9178,1.52,#a7a78a,1.38,#bdba9b,1.83,#8b9178,1.52,#a7a78a,1.38,#717862,1.12,#bdba9b,1.83,#d1ccb4,1.99,#575f4c,1.09,#717862,1.12,#8b9178,1.52,#a7a78a,1.38,#bdba9b,1.83,Caryophyllaceae,Silene,Silene otites
KW_T_423_8_0165L,KW_T_423_8_0165L.tif_segmented.png,1127957,3009,3651,#abab8f,2.47,#91937e,2.32,#c2c0a7,2.21,#7d7e6a,2.02,#656555,1.8,#2b2821,0.63,#c2c0a7,2.21,#abab8f,2.47,#656555,1.8,#91937e,2.32,#656555,1.8,#7d7e6a,2.02,#91937e,2.32,#2b2821,0.63,#abab8f,2.47,#2b2821,0.63,#7d7e6a,2.02,#abab8f,2.47,#91937e,2.32,#656555,1.8,#656555,1.8,#7d7e6a,2.02,#91937e,2.32,#2b2821,0.63,#abab8f,2.47,Cyperaceae,Carex,Carex strigosa
KW_T_423_8_0167L,KW_T_423_8_0167L.tif_segmented.png,701015,3007,3643,#bdb9a0,2.28,#a6a489,1.61,#75715c,1.49,#8f8c71,1.29,#5d5644,0.67,#bdb9a0,2.28,#292822,0.45,#5d5644,0.67,#a6a489,1.61,#75715c,1.49,#5d5644,0.67,#75715c,1.49,#8f8c71,1.29,#292822,0.45,#a6a489,1.61,#292822,0.45,#a6a489,1.61,#75715c,1.49,#5d5644,0.67,#8f8c71,1.29,#5d5644,0.67,#75715c,1.49,#8f8c71,1.29,#292822,0.45,#a6a489,1.61,Cyperaceae,Carex,Carex spec.
KW_T_423_8_0169L,KW_T_423_8_0169L.tif_segmented.png,491735,2972,3643,#bcb498,1.36,#cbc8b3,1.1,#a0987d,1.01,#867c63,0.91,#685d49,0.77,#312e27,0.51,#cbc8b3,1.1,#bcb498,1.36,#685d49,0.77,#a0987d,1.01,#312e27,0.51,#685d49,0.77,#867c63,0.91,#a0987d,1.01,#bcb498,1.36,#312e27,0.51,#867c63,0.91,#685d49,0.77,#a0987d,1.01,#cbc8b3,1.1,#312e27,0.51,#685d49,0.77,#867c63,0.91,#a0987d,1.01,#bcb498,1.36,Cyperaceae,Carex,Carex cf. paniculata subsp. paniculata
KW_T_423_9_0010L,KW_T_423_9_0010L.tif_segmented.png,1569091,2935,3671,#536960,4.64,#677a71,4.19,#cdc6aa,3.05,#b7b191,1.75,#3f5149,1.6,#cdc6aa,3.05,#b7b191,1.75,#3f5149,1.6,#536960,4.64,#677a71,4.19,#94957e,1.58,#b7b191,1.75,#677a71,4.19,#3f5149,1.6,#536960,4.64,#3f5149,1.6,#536960,4.64,#677a71,4.19,#94957e,1.58,#b7b191,1.75,#94957e,1.58,#b7b191,1.75,#677a71,4.19,#3f5149,1.6,#536960,4.64,Melanthiaceae,Paris,Paris quadrifolia
KW_T_423_9_0012L,KW_T_423_9_0012L.tif_segmented.png,782212,2937,3635,#99997e,2.03,#c6c0a3,1.95,#acad91,1.62,#848369,1.42,#706a54,1.0,#302c24,0.56,#c6c0a3,1.95,#acad91,1.62,#706a54,1.0,#99997e,2.03,#302c24,0.56,#706a54,1.0,#848369,1.42,#99997e,2.03,#acad91,1.62,#302c24,0.56,#848369,1.42,#99997e,2.03,#acad91,1.62,#706a54,1.0,#302c24,0.56,#706a54,1.0,#848369,1.42,#99997e,2.03,#acad91,1.62,,Sherardia,Sherardia arvensis
KW_T_423_9_0014L,KW_T_423_9_0014L.tif_segmented.png,830655,2941,3655,#cbc3a9,1.6,#b4ad91,1.18,#8f8c74,1.01,#27241d,0.75,#6f6955,0.52,#27241d,0.75,#cbc3a9,1.6,#b4ad91,1.18,#6f6955,0.52,#8f8c74,1.01,#6f6955,0.52,#8f8c74,1.01,#27241d,0.75,#b4ad91,1.18,#cbc3a9,1.6,#27241d,0.75,#6f6955,0.52,#8f8c74,1.01,#b4ad91,1.18,#cbc3a9,1.6,#6f6955,0.52,#8f8c74,1.01,#27241d,0.75,#b4ad91,1.18,#cbc3a9,1.6,,Minuartia,Minuartia hybrida
KW_T_423_9_0016L,KW_T_423_9_0016L.tif_segmented.png,1698675,2937,3643,#b9bd9a,3.83,#a6a988,3.47,#8e977c,3.34,#cec9ac,2.67,#758066,2.18,#cec9ac,2.67,#b9bd9a,3.83,#5d634d,0.93,#a6a988,3.47,#758066,2.18,#5d634d,0.93,#a6a988,3.47,#b9bd9a,3.83,#8e977c,3.34,#758066,2.18,#8e977c,3.34,#a6a988,3.47,#b9bd9a,3.83,#758066,2.18,#cec9ac,2.67,#5d634d,0.93,#a6a988,3.47,#b9bd9a,3.83,#8e977c,3.34,#758066,2.18,,Leucojum,Leucojum aestivum
KW_T_423_9_0018L,KW_T_423_9_0018L.tif_segmented.png,2207389,2935,3639,#a6aa92,4.09,#959b84,3.81,#858b74,3.65,#717966,3.42,#b9b9a1,3.2,#b9b9a1,3.2,#a6aa92,4.09,#5f6553,2.42,#959b84,3.81,#717966,3.42,#5f6553,2.42,#717966,3.42,#a6aa92,4.09,#858b74,3.65,#959b84,3.81,#858b74,3.65,#959b84,3.81,#717966,3.42,#a6aa92,4.09,#b9b9a1,3.2,#5f6553,2.42,#717966,3.42,#a6aa92,4.09,#858b74,3.65,#959b84,3.81,,Pulmonaria,Pulmonaria officinalis
KW_T_423_9_0020L,KW_T_423_9_0020L.tif_segmented.png,1153365,2948,3659,#c5c2a3,2.82,#b4b18b,2.76,#a0a07a,2.73,#8e8e6b,2.14,#797859,1.35,#2c2a23,0.58,#c5c2a3,2.82,#b4b18b,2.76,#a0a07a,2.73,#797859,1.35,#797859,1.35,#2c2a23,0.58,#8e8e6b,2.14,#a0a07a,2.73,#b4b18b,2.76,#2c2a23,0.58,#b4b18b,2.76,#a0a07a,2.73,#8e8e6b,2.14,#797859,1.35,#797859,1.35,#2c2a23,0.58,#8e8e6b,2.14,#a0a07a,2.73,#b4b18b,2.76,Plantaginaceae,Veronica,Veronica montana
KW_T_423_9_0022L,KW_T_423_9_0022L.tif_segmented.png,1694436,2946,3619,#b1b387,4.03,#c3c39c,3.78,#9e9f78,3.77,#8c8865,2.47,#71674e,1.21,#c3c39c,3.78,#504637,0.81,#b1b387,4.03,#71674e,1.21,#9e9f78,3.77,#504637,0.81,#71674e,1.21,#8c8865,2.47,#9e9f78,3.77,#b1b387,4.03,#c3c39c,3.78,#b1b387,4.03,#9e9f78,3.77,#8c8865,2.47,#71674e,1.21,#504637,0.81,#71674e,1.21,#8c8865,2.47,#9e9f78,3.77,#b1b387,4.03,,Anchusa,Anchusa officinalis
KW_T_423_9_0024L,KW_T_423_9_0024L.tif_segmented.png,914279,2948,3631,#a8ad8b,2.8,#c2bfa0,2.75,#76816b,1.94,#909677,1.84,#616a57,1.21,#27241e,0.47,#c2bfa0,2.75,#a8ad8b,2.8,#909677,1.84,#616a57,1.21,#27241e,0.47,#909677,1.84,#616a57,1.21,#76816b,1.94,#a8ad8b,2.8,#27241e,0.47,#909677,1.84,#a8ad8b,2.8,#76816b,1.94,#c2bfa0,2.75,#27241e,0.47,#909677,1.84,#616a57,1.21,#76816b,1.94,#a8ad8b,2.8,,Pyrola,Pyrola minor
KW_T_423_9_0026L,KW_T_423_9_0026L.tif_segmented.png,2019913,2944,3631,#899a8f,4.99,#748880,4.17,#abae96,3.9,#677569,2.59,#9d9577,1.92,#9d9577,1.92,#abae96,3.9,#52584a,1.37,#899a8f,4.99,#748880,4.17,#9d9577,1.92,#52584a,1.37,#abae96,3.9,#899a8f,4.99,#677569,2.59,#748880,4.17,#abae96,3.9,#52584a,1.37,#899a8f,4.99,#677569,2.59,#9d9577,1.92,#52584a,1.37,#abae96,3.9,#899a8f,4.99,#677569,2.59,,Geum,Geum rivale
KW_T_423_9_0028L,KW_T_423_9_0028L.tif_segmented.png,1856506,2946,3627,#c6c3aa,2.89,#a29d84,2.32,#b5b197,2.2,#8c876f,1.57,#746e5a,1.43,#c6c3aa,2.89,#57503f,0.63,#b5b197,2.2,#746e5a,1.43,#a29d84,2.32,#746e5a,1.43,#57503f,0.63,#8c876f,1.57,#a29d84,2.32,#b5b197,2.2,#746e5a,1.43,#57503f,0.63,#a29d84,2.32,#8c876f,1.57,#c6c3aa,2.89,#746e5a,1.43,#57503f,0.63,#8c876f,1.57,#a29d84,2.32,#b5b197,2.2,Cyperaceae,Carex,Carex leporina
KW_T_423_9_0030L,KW_T_423_9_0030L.tif_segmented.png,1246797,2952,3635,#c8c3ac,2.56,#9f9a7e,2.12,#b6b093,2.05,#848067,1.53,#6b624d,1.22,#29261f,0.69,#c8c3ac,2.56,#b6b093,2.05,#6b624d,1.22,#9f9a7e,2.12,#6b624d,1.22,#848067,1.53,#29261f,0.69,#9f9a7e,2.12,#b6b093,2.05,#29261f,0.69,#848067,1.53,#6b624d,1.22,#9f9a7e,2.12,#b6b093,2.05,#6b624d,1.22,#848067,1.53,#29261f,0.69,#9f9a7e,2.12,#b6b093,2.05,,Blysmus,Blysmus compressus
KW_T_423_9_0032L,KW_T_423_9_0032L.tif_segmented.png,696203,2954,3635,#b7b394,2.36,#a2a081,1.71,#8d8b6e,1.48,#77755a,0.78,#2f2b23,0.45,#2f2b23,0.45,#b7b394,2.36,#a2a081,1.71,#77755a,0.78,#8d8b6e,1.48,#2f2b23,0.45,#77755a,0.78,#8d8b6e,1.48,#a2a081,1.71,#b7b394,2.36,#2f2b23,0.45,#a2a081,1.71,#77755a,0.78,#8d8b6e,1.48,#b7b394,2.36,#2f2b23,0.45,#77755a,0.78,#8d8b6e,1.48,#a2a081,1.71,#b7b394,2.36,,Scutellaria,Scutellaria minor
KW_T_423_9_0034L,KW_T_423_9_0034L.tif_segmented.png,1529927,2962,3639,#b3b591,4.89,#c6c5a6,4.37,#a4a57e,4.36,#8f8d6e,2.82,#747257,1.5,#2e2b23,0.56,#c6c5a6,4.37,#b3b591,4.89,#a4a57e,4.36,#747257,1.5,#2e2b23,0.56,#747257,1.5,#8f8d6e,2.82,#a4a57e,4.36,#b3b591,4.89,#2e2b23,0.56,#b3b591,4.89,#a4a57e,4.36,#8f8d6e,2.82,#c6c5a6,4.37,#2e2b23,0.56,#747257,1.5,#8f8d6e,2.82,#a4a57e,4.36,#b3b591,4.89,,Serratula,Serratula tinctoria
KW_T_423_9_0036L,KW_T_423_9_0036L.tif_segmented.png,343692,2821,3623,#b6b695,1.43,#a2a27f,0.86,#83896b,0.68,#2f2b24,0.67,#6a6c54,0.43,#2f2b24,0.67,#b6b695,1.43,#a2a27f,0.86,#6a6c54,0.43,#83896b,0.68,#2f2b24,0.67,#6a6c54,0.43,#b6b695,1.43,#83896b,0.68,#a2a27f,0.86,#2f2b24,0.67,#a2a27f,0.86,#83896b,0.68,#b6b695,1.43,#6a6c54,0.43,#2f2b24,0.67,#6a6c54,0.43,#b6b695,1.43,#83896b,0.68,#a2a27f,0.86,,Hammarbya,Hammarbya paludosa
KW_T_423_9_0038L,KW_T_423_9_0038L.tif_segmented.png,708798,2837,3635,#b5a067,1.76,#6c6856,1.68,#cfbb77,1.6,#8f8466,1.53,#b0ab93,0.97,#cfbb77,1.6,#b5a067,1.76,#2e2a22,0.56,#b0ab93,0.97,#8f8466,1.53,#2e2a22,0.56,#b0ab93,0.97,#8f8466,1.53,#6c6856,1.68,#b5a067,1.76,#cfbb77,1.6,#2e2a22,0.56,#b5a067,1.76,#6c6856,1.68,#8f8466,1.53,#2e2a22,0.56,#b0ab93,0.97,#8f8466,1.53,#6c6856,1.68,#b5a067,1.76,,Xanthoria,Xanthoria parietina
KW_T_423_9_0040L,KW_T_423_9_0040L.tif_segmented.png,909272,2911,3655,#b7b495,1.76,#898167,1.3,#a29d80,1.28,#6d6550,0.86,#2d2a23,0.63,#2d2a23,0.63,#b7b495,1.76,#a29d80,1.28,#6d6550,0.86,#898167,1.3,#2d2a23,0.63,#6d6550,0.86,#898167,1.3,#a29d80,1.28,#b7b495,1.76,#2d2a23,0.63,#6d6550,0.86,#a29d80,1.28,#898167,1.3,#b7b495,1.76,#2d2a23,0.63,#6d6550,0.86,#898167,1.3,#a29d80,1.28,#b7b495,1.76,,Plantago,Plantago coronopus
KW_T_423_9_0042L,KW_T_423_9_0042L.tif_segmented.png,1628575,2927,3627,#bec2b3,3.83,#acb1a0,3.74,#979c8e,3.02,#848575,1.47,#665942,0.54,#665942,0.54,#bec2b3,3.83,#acb1a0,3.74,#979c8e,3.02,#848575,1.47,#665942,0.54,#848575,1.47,#979c8e,3.02,#acb1a0,3.74,#bec2b3,3.83,#acb1a0,3.74,#bec2b3,3.83,#848575,1.47,#979c8e,3.02,#665942,0.54,#665942,0.54,#848575,1.47,#979c8e,3.02,#acb1a0,3.74,#bec2b3,3.83,,Marrubium,Marrubium vulgare
KW_T_423_9_0044L,KW_T_423_9_0044L.tif_segmented.png,791202,2925,3623,#aba988,1.86,#8f916f,1.81,#c6c0a2,1.76,#6e7155,1.42,#322e26,0.43,#c6c0a2,1.76,#322e26,0.43,#aba988,1.86,#6e7155,1.42,#8f916f,1.81,#322e26,0.43,#6e7155,1.42,#8f916f,1.81,#aba988,1.86,#c6c0a2,1.76,#322e26,0.43,#8f916f,1.81,#aba988,1.86,#6e7155,1.42,#c6c0a2,1.76,#322e26,0.43,#6e7155,1.42,#8f916f,1.81,#aba988,1.86,#c6c0a2,1.76,,Cotula,Cotula coronopifolia
KW_T_423_9_0046L,KW_T_423_9_0046L.tif_segmented.png,1327477,2917,3619,#c9c3ad,2.72,#919791,2.11,#777e7a,1.88,#aeae9e,1.53,#61665e,0.91,#26231d,0.59,#c9c3ad,2.72,#aeae9e,1.53,#61665e,0.91,#919791,2.11,#26231d,0.59,#919791,2.11,#61665e,0.91,#aeae9e,1.53,#777e7a,1.88,#26231d,0.59,#aeae9e,1.53,#777e7a,1.88,#c9c3ad,2.72,#61665e,0.91,#26231d,0.59,#919791,2.11,#61665e,0.91,#aeae9e,1.53,#777e7a,1.88,,Ramalina,Ramalina spec.
KW_T_423_9_0048L,KW_T_423_9_0048L.tif_segmented.png,1077429,2925,3635,#d6b170,3.01,#dfc888,2.64,#c9975a,2.27,#b2aa94,1.4,#968d78,1.01,#dfc888,2.64,#d6b170,3.01,#c9975a,2.27,#7b664a,0.35,#b2aa94,1.4,#7b664a,0.35,#968d78,1.01,#b2aa94,1.4,#c9975a,2.27,#d6b170,3.01,#d6b170,3.01,#dfc888,2.64,#c9975a,2.27,#7b664a,0.35,#b2aa94,1.4,#7b664a,0.35,#968d78,1.01,#b2aa94,1.4,#c9975a,2.27,#d6b170,3.01,,Hygrophoropsis,Hygrophoropsis aurantiaca
KW_T_423_9_0050L,KW_T_423_9_0050L.tif_segmented.png,1495361,2946,3679,#a39e83,2.86,#8c8770,2.81,#bab79b,2.78,#796f59,2.04,#625646,2.0,#bab79b,2.78,#625646,2.0,#a39e83,2.86,#796f59,2.04,#8c8770,2.81,#8c8770,2.81,#a39e83,2.86,#796f59,2.04,#bab79b,2.78,#625646,2.0,#796f59,2.04,#a39e83,2.86,#8c8770,2.81,#625646,2.0,#bab79b,2.78,#8c8770,2.81,#a39e83,2.86,#796f59,2.04,#bab79b,2.78,#625646,2.0,,Schoenoplectus,Schoenoplectus lacustris
KW_T_423_9_0052L,KW_T_423_9_0052L.tif_segmented.png,1895534,2944,3627,#b0af8b,4.91,#a09d7a,3.99,#c3c09f,3.97,#8d8769,3.04,#776e54,1.8,#353026,0.52,#c3c09f,3.97,#b0af8b,4.91,#776e54,1.8,#a09d7a,3.99,#353026,0.52,#776e54,1.8,#8d8769,3.04,#b0af8b,4.91,#c3c09f,3.97,#353026,0.52,#b0af8b,4.91,#a09d7a,3.99,#776e54,1.8,#c3c09f,3.97,#353026,0.52,#776e54,1.8,#8d8769,3.04,#b0af8b,4.91,#c3c09f,3.97,,Potamogeton,Potamogeton praelongus
KW_T_423_9_0054L,KW_T_423_9_0054L.tif_segmented.png,823782,2941,3631,#c5c0a5,2.16,#acaf8e,1.87,#999b7a,1.79,#818468,1.46,#666750,0.78,#2d2922,0.55,#c5c0a5,2.16,#acaf8e,1.87,#999b7a,1.79,#666750,0.78,#2d2922,0.55,#666750,0.78,#818468,1.46,#999b7a,1.79,#acaf8e,1.87,#2d2922,0.55,#999b7a,1.79,#acaf8e,1.87,#818468,1.46,#c5c0a5,2.16,#2d2922,0.55,#666750,0.78,#818468,1.46,#999b7a,1.79,#acaf8e,1.87,,Herniaria,Herniaria glabra
KW_T_423_9_0056L,KW_T_423_9_0056L.tif_segmented.png,1147222,2946,3623,#90968a,3.53,#787f76,3.14,#b1af98,2.84,#5d6863,2.27,#a4b4b5,2.26,#2f2b24,0.71,#b1af98,2.84,#a4b4b5,2.26,#5d6863,2.27,#90968a,3.53,#2f2b24,0.71,#5d6863,2.27,#787f76,3.14,#90968a,3.53,#a4b4b5,2.26,#2f2b24,0.71,#a4b4b5,2.26,#787f76,3.14,#b1af98,2.84,#90968a,3.53,#2f2b24,0.71,#5d6863,2.27,#787f76,3.14,#90968a,3.53,#a4b4b5,2.26,,Vicia,Vicia villosa
KW_T_423_9_0058L,KW_T_423_9_0058L.tif_segmented.png,649396,2948,3647,#c5c3a3,2.04,#afaf93,1.95,#969983,1.76,#7f8070,1.08,#5f5c52,1.0,#c5c3a3,2.04,#29261f,0.73,#afaf93,1.95,#5f5c52,1.0,#969983,1.76,#5f5c52,1.0,#29261f,0.73,#7f8070,1.08,#969983,1.76,#afaf93,1.95,#29261f,0.73,#969983,1.76,#7f8070,1.08,#c5c3a3,2.04,#afaf93,1.95,#5f5c52,1.0,#29261f,0.73,#7f8070,1.08,#969983,1.76,#afaf93,1.95,Equisetaceae,Equisetum,Equisetum hyemale
KW_T_423_9_0060L,KW_T_423_9_0060L.tif_segmented.png,7986537,2958,3655,#7d7f61,2.62,#969873,2.28,#c2bca1,2.24,#aeab8a,1.98,#66694f,1.66,#29261f,0.81,#c2bca1,2.24,#aeab8a,1.98,#66694f,1.66,#969873,2.28,#29261f,0.81,#969873,2.28,#aeab8a,1.98,#7d7f61,2.62,#66694f,1.66,#29261f,0.81,#969873,2.28,#aeab8a,1.98,#7d7f61,2.62,#c2bca1,2.24,#29261f,0.81,#969873,2.28,#aeab8a,1.98,#7d7f61,2.62,#66694f,1.66,,Viola,Viola stagnina var. stagnina
KW_T_423_9_0062L,KW_T_423_9_0062L.tif_segmented.png,651658,2958,3643,#b3ae96,3.4,#8e8a82,1.2,#7d6d57,1.09,#aa9267,1.07,#302c25,0.47,#aa9267,1.07,#302c25,0.47,#b3ae96,3.4,#7d6d57,1.09,#8e8a82,1.2,#302c25,0.47,#7d6d57,1.09,#8e8a82,1.2,#aa9267,1.07,#b3ae96,3.4,#302c25,0.47,#7d6d57,1.09,#aa9267,1.07,#b3ae96,3.4,#8e8a82,1.2,#302c25,0.47,#7d6d57,1.09,#8e8a82,1.2,#aa9267,1.07,#b3ae96,3.4,,Fritillaria,Fritillaria meleagris
KW_T_423_9_0064L,KW_T_423_9_0064L.tif_segmented.png,690318,2952,3627,#c0bfa5,4.18,#b0b097,3.98,#9ea088,3.1,#8d917a,2.93,#7a7e69,2.0,#c0bfa5,4.18,#5d5644,0.39,#b0b097,3.98,#9ea088,3.1,#7a7e69,2.0,#5d5644,0.39,#7a7e69,2.0,#8d917a,2.93,#9ea088,3.1,#b0b097,3.98,#7a7e69,2.0,#9ea088,3.1,#8d917a,2.93,#5d5644,0.39,#b0b097,3.98,#5d5644,0.39,#7a7e69,2.0,#8d917a,2.93,#9ea088,3.1,#b0b097,3.98,,Lathyrus,Lathyrus sylvestris
KW_T_423_9_0066L,KW_T_423_9_0066L.tif_segmented.png,545120,2950,3635,#c9c0a5,2.19,#b3aa8c,1.95,#9e9376,1.2,#817a62,0.66,#272620,0.55,#c9c0a5,2.19,#272620,0.55,#b3aa8c,1.95,#5d5743,0.36,#9e9376,1.2,#272620,0.55,#5d5743,0.36,#817a62,0.66,#9e9376,1.2,#b3aa8c,1.95,#272620,0.55,#817a62,0.66,#5d5743,0.36,#b3aa8c,1.95,#9e9376,1.2,#272620,0.55,#5d5743,0.36,#817a62,0.66,#9e9376,1.2,#b3aa8c,1.95,Polytrichaceae,Pogonatum,Pogonatum aloides
KW_T_423_9_0068L,KW_T_423_9_0068L.tif_segmented.png,2589709,2952,3639,#c0b596,4.54,#afa383,4.4,#d4c8a1,4.33,#9d8e6f,4.29,#867860,3.5,#d4c8a1,4.33,#c0b596,4.54,#afa383,4.4,#6a6051,3.36,#9d8e6f,4.29,#867860,3.5,#9d8e6f,4.29,#6a6051,3.36,#afa383,4.4,#c0b596,4.54,#d4c8a1,4.33,#afa383,4.4,#867860,3.5,#6a6051,3.36,#c0b596,4.54,#867860,3.5,#9d8e6f,4.29,#6a6051,3.36,#afa383,4.4,#c0b596,4.54,,Morchella,Morchella esculenta
KW_T_423_9_0070L,KW_T_423_9_0070L.tif_segmented.png,1383927,2950,3639,#b2b796,3.27,#9ca383,2.69,#c9c5ae,2.18,#888d71,1.72,#6f735b,0.68,#2d2b23,0.47,#c9c5ae,2.18,#b2b796,3.27,#9ca383,2.69,#6f735b,0.68,#2d2b23,0.47,#6f735b,0.68,#888d71,1.72,#9ca383,2.69,#b2b796,3.27,#2d2b23,0.47,#888d71,1.72,#9ca383,2.69,#b2b796,3.27,#6f735b,0.68,#2d2b23,0.47,#6f735b,0.68,#888d71,1.72,#9ca383,2.69,#b2b796,3.27,,Galium,Galium boreale
KW_T_423_9_0072L,KW_T_423_9_0072L.tif_segmented.png,1268502,2960,3671,#b5b18e,2.42,#95906d,2.4,#a8a37e,2.4,#c3c0a2,2.17,#7e7a58,0.97,#2e2b23,0.53,#c3c0a2,2.17,#b5b18e,2.42,#a8a37e,2.4,#7e7a58,0.97,#2e2b23,0.53,#7e7a58,0.97,#95906d,2.4,#a8a37e,2.4,#b5b18e,2.42,#2e2b23,0.53,#a8a37e,2.4,#7e7a58,0.97,#b5b18e,2.42,#95906d,2.4,#2e2b23,0.53,#7e7a58,0.97,#95906d,2.4,#a8a37e,2.4,#b5b18e,2.42,,Geranium,Geranium lucidum
KW_T_423_9_0074L,KW_T_423_9_0074L.tif_segmented.png,1341217,2964,3643,#aaac8a,3.4,#bebd9c,3.15,#969976,2.64,#7b785c,0.76,#2e2a22,0.39,#2e2a22,0.39,#bebd9c,3.15,#aaac8a,3.4,#969976,2.64,#7b785c,0.76,#2e2a22,0.39,#7b785c,0.76,#969976,2.64,#aaac8a,3.4,#bebd9c,3.15,#2e2a22,0.39,#aaac8a,3.4,#969976,2.64,#7b785c,0.76,#bebd9c,3.15,#2e2a22,0.39,#7b785c,0.76,#969976,2.64,#aaac8a,3.4,#bebd9c,3.15,,Achillea,Achillea nobilis
KW_T_423_9_0076L,KW_T_423_9_0076L.tif_segmented.png,712591,2974,3663,#988064,3.51,#cec8b0,2.59,#a69a7c,2.18,#bab398,2.0,#776f57,1.24,#cec8b0,2.59,#5b4f38,0.32,#988064,3.51,#bab398,2.0,#a69a7c,2.18,#5b4f38,0.32,#bab398,2.0,#a69a7c,2.18,#776f57,1.24,#988064,3.51,#776f57,1.24,#cec8b0,2.59,#a69a7c,2.18,#5b4f38,0.32,#bab398,2.0,#5b4f38,0.32,#bab398,2.0,#a69a7c,2.18,#776f57,1.24,#988064,3.51,,Grimmia,Grimmia pulvinata
KW_T_423_9_0078L,KW_T_423_9_0078L.tif_segmented.png,958014,2970,3655,#cdb89b,3.89,#66654c,2.2,#b6a58c,1.85,#868063,1.81,#a49278,1.7,#cdb89b,3.89,#29261e,0.58,#b6a58c,1.85,#a49278,1.7,#66654c,2.2,#29261e,0.58,#868063,1.81,#a49278,1.7,#66654c,2.2,#b6a58c,1.85,#29261e,0.58,#868063,1.81,#b6a58c,1.85,#66654c,2.2,#cdb89b,3.89,#29261e,0.58,#868063,1.81,#a49278,1.7,#66654c,2.2,#b6a58c,1.85,,Schistidium,Schistidium spec. [S. apocarpum s.str. en/of S. crassipilum]
KW_T_423_9_0080L,KW_T_423_9_0080L.tif_segmented.png,2216399,2970,3647,#b3ad8d,5.15,#a39c7d,4.81,#8f8268,4.17,#766956,4.13,#c5bfa2,3.48,#c5bfa2,3.48,#5f5443,2.44,#b3ad8d,5.15,#a39c7d,4.81,#766956,4.13,#8f8268,4.17,#766956,4.13,#a39c7d,4.81,#5f5443,2.44,#b3ad8d,5.15,#766956,4.13,#b3ad8d,5.15,#a39c7d,4.81,#5f5443,2.44,#c5bfa2,3.48,#8f8268,4.17,#766956,4.13,#a39c7d,4.81,#5f5443,2.44,#b3ad8d,5.15,,Cladium,Cladium mariscus
KW_T_423_9_0082L,KW_T_423_9_0082L.tif_segmented.png,1482564,2966,3643,#bfbca8,3.47,#b0ac8e,3.38,#959075,1.72,#9a9ba3,1.28,#747680,1.06,#b0ac8e,3.38,#bfbca8,3.47,#959075,1.72,#6a655a,0.81,#747680,1.06,#6a655a,0.81,#747680,1.06,#959075,1.72,#9a9ba3,1.28,#b0ac8e,3.38,#b0ac8e,3.38,#747680,1.06,#959075,1.72,#9a9ba3,1.28,#bfbca8,3.47,#6a655a,0.81,#747680,1.06,#959075,1.72,#9a9ba3,1.28,#b0ac8e,3.38,,Consolida,Consolida regalis
KW_T_423_9_0084L,KW_T_423_9_0084L.tif_segmented.png,974022,2964,3639,#c2bfa2,3.37,#aea98d,2.55,#958e74,1.82,#7b735d,1.08,#625746,0.74,#c2bfa2,3.37,#2a281f,0.57,#aea98d,2.55,#625746,0.74,#958e74,1.82,#2a281f,0.57,#625746,0.74,#7b735d,1.08,#958e74,1.82,#aea98d,2.55,#2a281f,0.57,#7b735d,1.08,#aea98d,2.55,#c2bfa2,3.37,#625746,0.74,#2a281f,0.57,#625746,0.74,#7b735d,1.08,#958e74,1.82,#aea98d,2.55,Cyperaceae,Carex,Carex diandra
KW_T_423_9_0086L,KW_T_423_9_0086L.tif_segmented.png,1437339,2966,3647,#888564,2.93,#737054,2.9,#b4af93,2.7,#9f9b7b,2.62,#c9c3aa,2.38,#c9c3aa,2.38,#5e5b44,1.84,#b4af93,2.7,#737054,2.9,#888564,2.93,#9f9b7b,2.62,#b4af93,2.7,#888564,2.93,#737054,2.9,#5e5b44,1.84,#888564,2.93,#9f9b7b,2.62,#737054,2.9,#b4af93,2.7,#5e5b44,1.84,#9f9b7b,2.62,#b4af93,2.7,#888564,2.93,#737054,2.9,#5e5b44,1.84,,Climacium,Climacium dendroides
KW_T_423_9_0088L,KW_T_423_9_0088L.tif_segmented.png,827286,2968,3643,#b3ae91,2.65,#c4bfa5,2.04,#a09b7c,1.95,#8a8267,1.77,#716852,1.16,#353126,0.36,#c4bfa5,2.04,#b3ae91,2.65,#716852,1.16,#a09b7c,1.95,#353126,0.36,#716852,1.16,#8a8267,1.77,#a09b7c,1.95,#b3ae91,2.65,#353126,0.36,#716852,1.16,#a09b7c,1.95,#8a8267,1.77,#b3ae91,2.65,#353126,0.36,#716852,1.16,#8a8267,1.77,#a09b7c,1.95,#b3ae91,2.65,Polytrichaceae,Pogonatum,Pogonatum urnigerum
KW_T_423_9_0090L,KW_T_423_9_0090L.tif_segmented.png,1066158,2978,3659,#abac94,4.66,#bfbfa9,3.83,#989985,3.14,#7f8675,2.01,#6e6e5a,1.24,#2a2721,0.69,#bfbfa9,3.83,#abac94,4.66,#6e6e5a,1.24,#989985,3.14,#6e6e5a,1.24,#2a2721,0.69,#7f8675,2.01,#989985,3.14,#abac94,4.66,#2a2721,0.69,#7f8675,2.01,#989985,3.14,#abac94,4.66,#6e6e5a,1.24,#6e6e5a,1.24,#2a2721,0.69,#7f8675,2.01,#989985,3.14,#abac94,4.66,Fontinalaceae,Fontinalis,Fontinalis antipyretica
KW_T_423_9_0092L,KW_T_423_9_0092L.tif_segmented.png,920453,2970,3631,#abab8e,3.16,#c2bd9f,2.64,#999b7f,1.99,#88856a,1.88,#736a52,0.92,#2b2721,0.39,#c2bd9f,2.64,#736a52,0.92,#abab8e,3.16,#999b7f,1.99,#2b2721,0.39,#736a52,0.92,#88856a,1.88,#999b7f,1.99,#abab8e,3.16,#2b2721,0.39,#999b7f,1.99,#736a52,0.92,#abab8e,3.16,#88856a,1.88,#2b2721,0.39,#736a52,0.92,#88856a,1.88,#999b7f,1.99,#abab8e,3.16,,Lithospermum,Lithospermum arvense
KW_T_423_9_0094L,KW_T_423_9_0094L.tif_segmented.png,1312000,2968,3635,#bfc09e,3.89,#b2b08e,3.82,#9fa082,3.06,#8e8e72,2.01,#7c765b,0.84,#302c26,0.42,#bfc09e,3.89,#b2b08e,3.82,#7c765b,0.84,#9fa082,3.06,#302c26,0.42,#7c765b,0.84,#8e8e72,2.01,#9fa082,3.06,#b2b08e,3.82,#302c26,0.42,#7c765b,0.84,#9fa082,3.06,#bfc09e,3.89,#b2b08e,3.82,#302c26,0.42,#7c765b,0.84,#8e8e72,2.01,#9fa082,3.06,#b2b08e,3.82,,Phyteuma,Phyteuma spicatum
KW_T_423_9_0096L,KW_T_423_9_0096L.tif_segmented.png,478155,2972,3631,#c8c2a3,2.27,#a69e7f,1.98,#b6ae90,1.8,#958764,1.47,#7c694b,1.13,#c8c2a3,2.27,#302c25,0.5,#7c694b,1.13,#b6ae90,1.8,#958764,1.47,#302c25,0.5,#7c694b,1.13,#958764,1.47,#a69e7f,1.98,#b6ae90,1.8,#302c25,0.5,#a69e7f,1.98,#7c694b,1.13,#958764,1.47,#c8c2a3,2.27,#302c25,0.5,#7c694b,1.13,#958764,1.47,#a69e7f,1.98,#b6ae90,1.8,Brassicaceae,Lepidium,Lepidium campestre
KW_T_423_9_0098L,KW_T_423_9_0098L.tif_segmented.png,168917,2972,3643,#57605c,2.04,#b2aa90,1.56,#c4bda3,1.56,#9c937a,1.19,#75766a,0.87,#c4bda3,1.56,#b2aa90,1.56,#504a3f,0.84,#9c937a,1.19,#57605c,2.04,#504a3f,0.84,#57605c,2.04,#75766a,0.87,#9c937a,1.19,#b2aa90,1.56,#504a3f,0.84,#b2aa90,1.56,#57605c,2.04,#75766a,0.87,#9c937a,1.19,#504a3f,0.84,#57605c,2.04,#75766a,0.87,#9c937a,1.19,#b2aa90,1.56,,Fissidens,Fissidens adianthoides
KW_T_423_9_0100L,KW_T_423_9_0100L.tif_segmented.png,326025,2972,3647,#bbb395,1.68,#a59b7e,1.29,#2d2921,0.55,#82765d,0.54,#d8ce65,0.17,#d8ce65,0.17,#2d2921,0.55,#bbb395,1.68,#a59b7e,1.29,#82765d,0.54,#82765d,0.54,#2d2921,0.55,#a59b7e,1.29,#d8ce65,0.17,#bbb395,1.68,#d8ce65,0.17,#2d2921,0.55,#82765d,0.54,#a59b7e,1.29,#bbb395,1.68,#82765d,0.54,#2d2921,0.55,#a59b7e,1.29,#d8ce65,0.17,#bbb395,1.68,,Fissidens,Fissidens taxifolius 
KW_T_423_9_0102L,KW_T_423_9_0102L.tif_segmented.png,942066,2941,3655,#c6c1ac,2.42,#a29e87,2.11,#b4b09a,1.99,#8b8974,1.47,#74735f,0.81,#2b2822,0.81,#c6c1ac,2.42,#b4b09a,1.99,#a29e87,2.11,#74735f,0.81,#74735f,0.81,#8b8974,1.47,#a29e87,2.11,#2b2822,0.81,#b4b09a,1.99,#2b2822,0.81,#74735f,0.81,#a29e87,2.11,#8b8974,1.47,#b4b09a,1.99,#74735f,0.81,#8b8974,1.47,#a29e87,2.11,#2b2822,0.81,#b4b09a,1.99,,Fissidens,Fissidens bryoides
KW_T_423_9_0104L,KW_T_423_9_0104L.tif_segmented.png,649375,2935,3631,#b0ab89,2.9,#c0bda0,2.27,#9b9475,2.09,#887e60,1.55,#72674d,1.2,#2e2b24,0.66,#c0bda0,2.27,#b0ab89,2.9,#72674d,1.2,#887e60,1.55,#2e2b24,0.66,#72674d,1.2,#887e60,1.55,#9b9475,2.09,#b0ab89,2.9,#2e2b24,0.66,#b0ab89,2.9,#72674d,1.2,#887e60,1.55,#9b9475,2.09,#2e2b24,0.66,#72674d,1.2,#887e60,1.55,#9b9475,2.09,#b0ab89,2.9,,Halidrys,Halidrys siliquosa
KW_T_423_9_0106L,KW_T_423_9_0106L.tif_segmented.png,2038458,2935,3631,#a6a484,3.82,#7f7d61,3.67,#6b6951,3.2,#929171,3.13,#bbb797,2.95,#bbb797,2.95,#595540,1.71,#a6a484,3.82,#6b6951,3.2,#7f7d61,3.67,#bbb797,2.95,#a6a484,3.82,#929171,3.13,#595540,1.71,#7f7d61,3.67,#a6a484,3.82,#7f7d61,3.67,#929171,3.13,#595540,1.71,#bbb797,2.95,#bbb797,2.95,#a6a484,3.82,#929171,3.13,#595540,1.71,#7f7d61,3.67,,Cicendia,Cicendia filiformis
KW_T_423_9_0108L,KW_T_423_9_0108L.tif_segmented.png,663956,2935,3639,#675845,1.72,#816f57,1.51,#b5ab8e,1.42,#a08d6c,1.36,#4a3d33,1.03,#b5ab8e,1.42,#4a3d33,1.03,#a08d6c,1.36,#675845,1.72,#816f57,1.51,#b5ab8e,1.42,#a08d6c,1.36,#4a3d33,1.03,#816f57,1.51,#675845,1.72,#4a3d33,1.03,#816f57,1.51,#b5ab8e,1.42,#675845,1.72,#a08d6c,1.36,#b5ab8e,1.42,#a08d6c,1.36,#4a3d33,1.03,#816f57,1.51,#675845,1.72,,Mentha,Mentha pulegium
KW_T_423_9_0110L,KW_T_423_9_0110L.tif_segmented.png,845181,2937,3631,#c9c5ab,2.67,#aeb092,2.45,#949982,1.7,#717c6b,1.15,#2b2922,0.56,#e5e194,0.55,#2b2922,0.56,#c9c5ab,2.67,#aeb092,2.45,#949982,1.7,#2b2922,0.56,#717c6b,1.15,#949982,1.7,#aeb092,2.45,#e5e194,0.55,#e5e194,0.55,#2b2922,0.56,#949982,1.7,#717c6b,1.15,#aeb092,2.45,#2b2922,0.56,#717c6b,1.15,#949982,1.7,#aeb092,2.45,#e5e194,0.55,Cyperaceae,Carex,Carex arenaria
KW_T_423_9_0112L,KW_T_423_9_0112L.tif_segmented.png,856793,2948,3623,#979d78,2.03,#aead8d,1.95,#c2c0a0,1.9,#838a67,1.04,#2b2921,0.55,#2b2921,0.55,#c2c0a0,1.9,#aead8d,1.95,#979d78,2.03,#838a67,1.04,#2b2921,0.55,#979d78,2.03,#838a67,1.04,#aead8d,1.95,#c2c0a0,1.9,#2b2921,0.55,#aead8d,1.95,#979d78,2.03,#c2c0a0,1.9,#838a67,1.04,#2b2921,0.55,#979d78,2.03,#838a67,1.04,#aead8d,1.95,#c2c0a0,1.9,,Parietaria,Parietaria officinalis
KW_T_423_9_0114L,KW_T_423_9_0114L.tif_segmented.png,1588013,2948,3639,#a4a889,4.35,#bdba9c,3.39,#8c9073,2.48,#6e715b,1.46,#dcd876,0.77,#dcd876,0.77,#333026,0.41,#bdba9c,3.39,#a4a889,4.35,#6e715b,1.46,#333026,0.41,#6e715b,1.46,#8c9073,2.48,#a4a889,4.35,#bdba9c,3.39,#dcd876,0.77,#333026,0.41,#a4a889,4.35,#8c9073,2.48,#6e715b,1.46,#333026,0.41,#6e715b,1.46,#8c9073,2.48,#a4a889,4.35,#bdba9c,3.39,,Cetraria,Cetraria aculeata
KW_T_423_9_0116L,KW_T_423_9_0116L.tif_segmented.png,791703,2954,3647,#b0ae8d,2.96,#c8c1a3,2.69,#9c9a79,2.38,#838061,1.87,#675e44,0.84,#c8c1a3,2.69,#2a2720,0.63,#675e44,0.84,#b0ae8d,2.96,#9c9a79,2.38,#675e44,0.84,#2a2720,0.63,#838061,1.87,#9c9a79,2.38,#b0ae8d,2.96,#2a2720,0.63,#838061,1.87,#9c9a79,2.38,#b0ae8d,2.96,#675e44,0.84,#675e44,0.84,#2a2720,0.63,#838061,1.87,#9c9a79,2.38,#b0ae8d,2.96,,Parmelia,Parmelia acetabulum
KW_T_423_9_0118L,KW_T_423_9_0118L.tif_segmented.png,1385985,2956,3639,#c1ba9f,3.13,#949574,2.17,#aaa68a,2.05,#808063,1.81,#6b6a50,1.24,#c1ba9f,3.13,#27241f,0.65,#aaa68a,2.05,#6b6a50,1.24,#949574,2.17,#27241f,0.65,#6b6a50,1.24,#808063,1.81,#949574,2.17,#aaa68a,2.05,#27241f,0.65,#949574,2.17,#808063,1.81,#aaa68a,2.05,#6b6a50,1.24,#27241f,0.65,#6b6a50,1.24,#808063,1.81,#949574,2.17,#aaa68a,2.05,,Gagea,Gagea villosa
KW_T_423_9_0120L,KW_T_423_9_0120L.tif_segmented.png,343197,2952,3643,#bbb494,1.78,#aaa481,1.77,#898463,0.89,#61553e,0.56,#2e2b22,0.48,#bbb494,1.78,#2e2b22,0.48,#61553e,0.56,#aaa481,1.77,#898463,0.89,#61553e,0.56,#898463,0.89,#2e2b22,0.48,#aaa481,1.77,#bbb494,1.78,#2e2b22,0.48,#aaa481,1.77,#898463,0.89,#bbb494,1.78,#61553e,0.56,#61553e,0.56,#898463,0.89,#2e2b22,0.48,#aaa481,1.77,#bbb494,1.78,,Gagea,Gagea lutea
KW_T_423_9_0122L,KW_T_423_9_0122L.tif_segmented.png,2077378,2946,3623,#a5a081,3.43,#b6b494,2.71,#908c6f,2.7,#7b765c,2.67,#cac4aa,2.43,#cac4aa,2.43,#645d47,1.82,#b6b494,2.71,#a5a081,3.43,#7b765c,2.67,#7b765c,2.67,#645d47,1.82,#908c6f,2.7,#a5a081,3.43,#b6b494,2.71,#7b765c,2.67,#a5a081,3.43,#b6b494,2.71,#645d47,1.82,#908c6f,2.7,#7b765c,2.67,#645d47,1.82,#908c6f,2.7,#a5a081,3.43,#b6b494,2.71,Asteraceae,Crepis,Crepis paludosa
KW_T_423_9_0124L,KW_T_423_9_0124L.tif_segmented.png,1294222,2946,3635,#c7c5a2,3.13,#b3af90,2.83,#a09b7e,2.16,#878167,0.81,#332f28,0.69,#c7c5a2,3.13,#332f28,0.69,#b3af90,2.83,#a09b7e,2.16,#878167,0.81,#332f28,0.69,#878167,0.81,#a09b7e,2.16,#b3af90,2.83,#c7c5a2,3.13,#332f28,0.69,#c7c5a2,3.13,#878167,0.81,#b3af90,2.83,#a09b7e,2.16,#332f28,0.69,#878167,0.81,#a09b7e,2.16,#b3af90,2.83,#c7c5a2,3.13,Cyperaceae,Carex,Carex vesicaria
KW_T_423_9_0126L,KW_T_423_9_0126L.tif_segmented.png,2366405,2944,3627,#9c9f8a,4.82,#b1b29b,4.64,#878b79,4.56,#757766,3.98,#626151,2.4,#cac5ae,2.27,#2c2a23,0.72,#b1b29b,4.64,#9c9f8a,4.82,#626151,2.4,#2c2a23,0.72,#626151,2.4,#b1b29b,4.64,#757766,3.98,#9c9f8a,4.82,#2c2a23,0.72,#9c9f8a,4.82,#757766,3.98,#878b79,4.56,#626151,2.4,#2c2a23,0.72,#626151,2.4,#b1b29b,4.64,#757766,3.98,#9c9f8a,4.82,,Cryphaea,Cryphaea heteromalla
KW_T_423_9_0128L,KW_T_423_9_0128L.tif_segmented.png,300604,2946,3651,#a9a185,1.49,#bdb699,1.33,#292721,0.86,#90896f,0.7,#57503d,0.18,#bdb699,1.33,#292721,0.86,#57503d,0.18,#a9a185,1.49,#90896f,0.7,#57503d,0.18,#292721,0.86,#90896f,0.7,#a9a185,1.49,#bdb699,1.33,#292721,0.86,#a9a185,1.49,#57503d,0.18,#90896f,0.7,#bdb699,1.33,#57503d,0.18,#292721,0.86,#90896f,0.7,#a9a185,1.49,#bdb699,1.33,,Galium,Galium uliginosum
KW_T_423_9_0130L,KW_T_423_9_0130L.tif_segmented.png,2235810,2946,3655,#87886e,4.83,#9b997b,4.82,#77735c,3.93,#ada98b,3.58,#c3be9f,2.77,#c3be9f,2.77,#615642,1.52,#ada98b,3.58,#9b997b,4.82,#77735c,3.93,#615642,1.52,#87886e,4.83,#9b997b,4.82,#77735c,3.93,#ada98b,3.58,#77735c,3.93,#87886e,4.83,#9b997b,4.82,#ada98b,3.58,#c3be9f,2.77,#615642,1.52,#87886e,4.83,#9b997b,4.82,#77735c,3.93,#ada98b,3.58,,Juncus,Juncus tenuis
KW_T_423_9_0132L,KW_T_423_9_0132L.tif_segmented.png,1522808,2946,3631,#aba785,3.18,#c0bc97,3.06,#979272,2.12,#d7d498,1.99,#7d7559,0.89,#d7d498,1.99,#29261e,0.6,#c0bc97,3.06,#aba785,3.18,#7d7559,0.89,#29261e,0.6,#7d7559,0.89,#979272,2.12,#aba785,3.18,#c0bc97,3.06,#29261e,0.6,#d7d498,1.99,#aba785,3.18,#7d7559,0.89,#c0bc97,3.06,#29261e,0.6,#7d7559,0.89,#979272,2.12,#aba785,3.18,#c0bc97,3.06,Lamiaceae,Clinopodium,Clinopodium acinos
KW_T_423_9_0134L,KW_T_423_9_0134L.tif_segmented.png,1947437,2956,3647,#a9ab90,4.63,#9f9d7c,3.66,#888a6d,3.36,#c1bf93,3.13,#74735a,2.6,#c1bf93,3.13,#2a271f,0.67,#a9ab90,4.63,#9f9d7c,3.66,#74735a,2.6,#74735a,2.6,#2a271f,0.67,#888a6d,3.36,#9f9d7c,3.66,#a9ab90,4.63,#2a271f,0.67,#c1bf93,3.13,#888a6d,3.36,#9f9d7c,3.66,#a9ab90,4.63,#74735a,2.6,#2a271f,0.67,#888a6d,3.36,#9f9d7c,3.66,#a9ab90,4.63,,Lamium,Lamium maculatum
KW_T_423_9_0136L,KW_T_423_9_0136L.tif_segmented.png,1372610,2952,3639,#adaa8d,3.0,#c0bfa1,2.96,#979374,2.35,#7a735c,1.59,#c8c777,1.58,#c8c777,1.58,#4f473b,1.07,#c0bfa1,2.96,#adaa8d,3.0,#7a735c,1.59,#7a735c,1.59,#4f473b,1.07,#979374,2.35,#adaa8d,3.0,#c8c777,1.58,#c8c777,1.58,#7a735c,1.59,#4f473b,1.07,#adaa8d,3.0,#979374,2.35,#7a735c,1.59,#4f473b,1.07,#979374,2.35,#adaa8d,3.0,#c8c777,1.58,Polytrichaceae,Pogonatum,Pogonatum nanum
KW_T_423_9_0138L,KW_T_423_9_0138L.tif_segmented.png,732000,2968,3651,#c8c4a5,2.47,#b9b595,2.21,#a6a284,1.93,#8f8b6d,1.3,#706851,0.83,#26241d,0.78,#c8c4a5,2.47,#b9b595,2.21,#706851,0.83,#a6a284,1.93,#26241d,0.78,#8f8b6d,1.3,#a6a284,1.93,#706851,0.83,#b9b595,2.21,#26241d,0.78,#a6a284,1.93,#706851,0.83,#8f8b6d,1.3,#c8c4a5,2.47,#26241d,0.78,#8f8b6d,1.3,#a6a284,1.93,#706851,0.83,#b9b595,2.21,,Rumex,Rumex conglomeratus
KW_T_423_9_0140L,KW_T_423_9_0140L.tif_segmented.png,796053,2966,3651,#a2a287,5.03,#b7b497,4.96,#8f9179,4.57,#7d7d66,3.1,#666452,2.1,#332d22,0.78,#b7b497,4.96,#a2a287,5.03,#666452,2.1,#8f9179,4.57,#332d22,0.78,#666452,2.1,#7d7d66,3.1,#8f9179,4.57,#a2a287,5.03,#332d22,0.78,#7d7d66,3.1,#a2a287,5.03,#8f9179,4.57,#666452,2.1,#332d22,0.78,#666452,2.1,#7d7d66,3.1,#8f9179,4.57,#a2a287,5.03,,Euphorbia,Euphorbia cyparissias
KW_T_423_9_0142L,KW_T_423_9_0142L.tif_segmented.png,1834096,2929,3631,#c5c49f,3.71,#b4b592,3.61,#a5a484,3.21,#949374,2.56,#7f7a5f,1.27,#353127,0.44,#c5c49f,3.71,#b4b592,3.61,#a5a484,3.21,#7f7a5f,1.27,#353127,0.44,#7f7a5f,1.27,#949374,2.56,#a5a484,3.21,#b4b592,3.61,#353127,0.44,#a5a484,3.21,#c5c49f,3.71,#7f7a5f,1.27,#b4b592,3.61,#353127,0.44,#7f7a5f,1.27,#949374,2.56,#a5a484,3.21,#b4b592,3.61,,Euphorbia,Euphorbia esula
KW_T_423_9_0144L,KW_T_423_9_0144L.tif_segmented.png,601199,2933,3643,#b9b99f,2.92,#a0a692,2.8,#8a8e7b,1.94,#ad9f74,0.8,#77745f,0.7,#3b3529,0.32,#ad9f74,0.8,#b9b99f,2.92,#a0a692,2.8,#77745f,0.7,#3b3529,0.32,#ad9f74,0.8,#77745f,0.7,#a0a692,2.8,#8a8e7b,1.94,#3b3529,0.32,#ad9f74,0.8,#a0a692,2.8,#77745f,0.7,#8a8e7b,1.94,#3b3529,0.32,#ad9f74,0.8,#77745f,0.7,#a0a692,2.8,#8a8e7b,1.94,,Euphorbia,Euphorbia seguieriana
KW_T_423_9_0146L,KW_T_423_9_0146L.tif_segmented.png,1239626,2931,3635,#9b9774,2.79,#868163,2.52,#b1aa89,1.98,#70664e,1.3,#2f2a21,0.48,#2f2a21,0.48,#b1aa89,1.98,#9b9774,2.79,#70664e,1.3,#868163,2.52,#70664e,1.3,#2f2a21,0.48,#868163,2.52,#9b9774,2.79,#b1aa89,1.98,#2f2a21,0.48,#868163,2.52,#9b9774,2.79,#70664e,1.3,#b1aa89,1.98,#70664e,1.3,#2f2a21,0.48,#868163,2.52,#9b9774,2.79,#b1aa89,1.98,,Mnium,Mnium hornum
KW_T_423_9_0148L,KW_T_423_9_0148L.tif_segmented.png,935060,2929,3643,#a99f83,2.01,#bdb49a,1.72,#91846a,0.9,#25221b,0.45,#74664e,0.26,#25221b,0.45,#bdb49a,1.72,#a99f83,2.01,#74664e,0.26,#91846a,0.9,#25221b,0.45,#74664e,0.26,#91846a,0.9,#a99f83,2.01,#bdb49a,1.72,#25221b,0.45,#74664e,0.26,#a99f83,2.01,#91846a,0.9,#bdb49a,1.72,#25221b,0.45,#74664e,0.26,#91846a,0.9,#a99f83,2.01,#bdb49a,1.72,,Plagiomnium,Plagiomnium undulatum
KW_T_423_9_0150L,KW_T_423_9_0150L.tif_segmented.png,1008815,2931,3655,#999973,3.02,#b5ae89,2.41,#80815f,1.96,#615e47,1.13,#342f25,0.42,#d8cf7a,0.39,#342f25,0.42,#b5ae89,2.41,#615e47,1.13,#999973,3.02,#342f25,0.42,#999973,3.02,#80815f,1.96,#b5ae89,2.41,#615e47,1.13,#d8cf7a,0.39,#342f25,0.42,#999973,3.02,#b5ae89,2.41,#80815f,1.96,#342f25,0.42,#999973,3.02,#80815f,1.96,#b5ae89,2.41,#615e47,1.13,,Plagiomnium,Plagiomnium cuspidatum
KW_T_423_9_0152L,KW_T_423_9_0152L.tif_segmented.png,145258,2931,3631,#bab796,3.55,#a9a787,2.45,#918f73,1.67,#75664e,0.92,#3c3428,0.31,#3c3428,0.31,#bab796,3.55,#75664e,0.92,#a9a787,2.45,#918f73,1.67,#3c3428,0.31,#75664e,0.92,#918f73,1.67,#a9a787,2.45,#bab796,3.55,#3c3428,0.31,#a9a787,2.45,#75664e,0.92,#bab796,3.55,#918f73,1.67,#3c3428,0.31,#75664e,0.92,#918f73,1.67,#a9a787,2.45,#bab796,3.55,,Dichoropetalum,Dichoropetalum carvifolia
KW_T_423_9_0154L,KW_T_423_9_0154L.tif_segmented.png,1162986,2905,3635,#a8ac88,2.95,#bdbf95,2.51,#929576,2.41,#7a775d,0.97,#353126,0.67,#353126,0.67,#bdbf95,2.51,#a8ac88,2.95,#7a775d,0.97,#929576,2.41,#353126,0.67,#7a775d,0.97,#929576,2.41,#a8ac88,2.95,#bdbf95,2.51,#353126,0.67,#bdbf95,2.51,#a8ac88,2.95,#929576,2.41,#7a775d,0.97,#353126,0.67,#7a775d,0.97,#929576,2.41,#a8ac88,2.95,#bdbf95,2.51,,Reseda,Reseda lutea
KW_T_423_9_0156L,KW_T_423_9_0156L.tif_segmented.png,1228962,2909,3635,#8d8764,2.63,#a39f79,2.53,#b7b48d,2.51,#6e6a51,2.14,#2a271e,0.74,#2a271e,0.74,#b7b48d,2.51,#a39f79,2.53,#8d8764,2.63,#6e6a51,2.14,#2a271e,0.74,#6e6a51,2.14,#8d8764,2.63,#b7b48d,2.51,#a39f79,2.53,#2a271e,0.74,#a39f79,2.53,#b7b48d,2.51,#8d8764,2.63,#6e6a51,2.14,#2a271e,0.74,#6e6a51,2.14,#8d8764,2.63,#b7b48d,2.51,#a39f79,2.53,,Medicago,Medicago minima
KW_T_423_9_0158L,KW_T_423_9_0158L.tif_segmented.png,1247739,2905,3643,#c2af87,2.26,#af9b76,1.59,#958364,1.0,#73624a,0.82,#2e2b22,0.52,#c2af87,2.26,#2e2b22,0.52,#af9b76,1.59,#73624a,0.82,#958364,1.0,#2e2b22,0.52,#73624a,0.82,#958364,1.0,#af9b76,1.59,#c2af87,2.26,#2e2b22,0.52,#c2af87,2.26,#af9b76,1.59,#73624a,0.82,#958364,1.0,#2e2b22,0.52,#73624a,0.82,#958364,1.0,#af9b76,1.59,#c2af87,2.26,,Empetrum,Empetrum nigrum
KW_T_423_9_0160L,KW_T_423_9_0160L.tif_segmented.png,678932,2913,3639,#b2a889,2.26,#9a8f72,1.74,#85775e,1.1,#27241c,0.62,#625644,0.47,#27241c,0.62,#b2a889,2.26,#625644,0.47,#9a8f72,1.74,#85775e,1.1,#625644,0.47,#27241c,0.62,#85775e,1.1,#9a8f72,1.74,#b2a889,2.26,#27241c,0.62,#b2a889,2.26,#85775e,1.1,#625644,0.47,#9a8f72,1.74,#625644,0.47,#27241c,0.62,#85775e,1.1,#9a8f72,1.74,#b2a889,2.26,,Anaptychia,Anaptychia ciliaris
KW_T_423_9_0162L,KW_T_423_9_0162L.tif_segmented.png,883285,2915,3655,#9c9978,2.4,#847f63,2.11,#b5b190,2.04,#68624a,1.34,#d7cf80,0.75,#d7cf80,0.75,#b5b190,2.04,#68624a,1.34,#9c9978,2.4,#847f63,2.11,#68624a,1.34,#847f63,2.11,#9c9978,2.4,#b5b190,2.04,#d7cf80,0.75,#d7cf80,0.75,#847f63,2.11,#9c9978,2.4,#b5b190,2.04,#68624a,1.34,#68624a,1.34,#847f63,2.11,#9c9978,2.4,#b5b190,2.04,#d7cf80,0.75,,Eranthis,Eranthis hyemalis
KW_T_423_9_0164L,KW_T_423_9_0164L.tif_segmented.png,2247297,2917,3647,#aeac89,2.36,#beba97,2.25,#838569,2.07,#9b9a7a,1.85,#6c6f57,1.55,#beba97,2.25,#aeac89,2.36,#6c6f57,1.55,#9b9a7a,1.85,#838569,2.07,#838569,2.07,#9b9a7a,1.85,#6c6f57,1.55,#aeac89,2.36,#beba97,2.25,#aeac89,2.36,#838569,2.07,#9b9a7a,1.85,#beba97,2.25,#6c6f57,1.55,#838569,2.07,#9b9a7a,1.85,#6c6f57,1.55,#aeac89,2.36,#beba97,2.25,,Kickxia,Kickxia elatine
KW_T_423_9_0166L,KW_T_423_9_0166L.tif_segmented.png,1392341,2913,3631,#8d8f77,2.69,#b3b196,2.65,#a09f85,2.53,#777965,2.5,#ccc4a7,2.14,#ccc4a7,2.14,#b3b196,2.65,#5f624f,1.15,#a09f85,2.53,#777965,2.5,#a09f85,2.53,#8d8f77,2.69,#777965,2.5,#5f624f,1.15,#b3b196,2.65,#777965,2.5,#a09f85,2.53,#8d8f77,2.69,#b3b196,2.65,#ccc4a7,2.14,#a09f85,2.53,#8d8f77,2.69,#777965,2.5,#5f624f,1.15,#b3b196,2.65,,Kickxia,Kickxia spuria
KW_T_423_9_0168L,KW_T_423_9_0168L.tif_segmented.png,3681045,2892,3631,#bfb99c,5.2,#9c957a,4.13,#ada78b,4.1,#887f6a,3.74,#7a6a52,3.36,#bfb99c,5.2,#635340,2.54,#7a6a52,3.36,#ada78b,4.1,#9c957a,4.13,#9c957a,4.13,#ada78b,4.1,#887f6a,3.74,#7a6a52,3.36,#635340,2.54,#7a6a52,3.36,#ada78b,4.1,#887f6a,3.74,#9c957a,4.13,#bfb99c,5.2,#9c957a,4.13,#ada78b,4.1,#887f6a,3.74,#7a6a52,3.36,#635340,2.54,,Turritisis,Turritisis glabra
KW_T_423_10_0011L,KW_T_423_10_0011L.tif_segmented.png,766114,2948,3619,#d2cbae,2.74,#9ca692,2.63,#b9ba97,1.56,#908d75,1.36,#736a56,0.76,#d2cbae,2.74,#2f2b23,0.61,#b9ba97,1.56,#736a56,0.76,#9ca692,2.63,#736a56,0.76,#2f2b23,0.61,#908d75,1.36,#9ca692,2.63,#b9ba97,1.56,#2f2b23,0.61,#9ca692,2.63,#b9ba97,1.56,#736a56,0.76,#d2cbae,2.74,#736a56,0.76,#2f2b23,0.61,#908d75,1.36,#9ca692,2.63,#b9ba97,1.56,Lycoperdaceae,Calvatia,Calvatia utriformis
KW_T_423_10_0013L,KW_T_423_10_0013L.tif_segmented.png,2122033,2976,3639,#9ea484,5.24,#afb392,4.7,#787f67,3.62,#8c9074,3.4,#666b55,2.52,#2e2a23,0.58,#afb392,4.7,#9ea484,5.24,#666b55,2.52,#8c9074,3.4,#2e2a23,0.58,#666b55,2.52,#787f67,3.62,#8c9074,3.4,#9ea484,5.24,#2e2a23,0.58,#9ea484,5.24,#afb392,4.7,#8c9074,3.4,#787f67,3.62,#2e2a23,0.58,#666b55,2.52,#787f67,3.62,#8c9074,3.4,#9ea484,5.24,Lycoperdaceae,Calvatia,Calvatia excipuliforme
KW_T_423_10_0015L,KW_T_423_10_0015L.tif_segmented.png,2747214,2978,3631,#8d927b,6.75,#9fa68c,6.59,#7b7f69,5.63,#b1b598,5.44,#666956,3.6,#b1b598,5.44,#4c4538,0.89,#9fa68c,6.59,#8d927b,6.75,#7b7f69,5.63,#4c4538,0.89,#666956,3.6,#7b7f69,5.63,#8d927b,6.75,#9fa68c,6.59,#9fa68c,6.59,#7b7f69,5.63,#8d927b,6.75,#4c4538,0.89,#b1b598,5.44,#4c4538,0.89,#666956,3.6,#7b7f69,5.63,#8d927b,6.75,#9fa68c,6.59,,Allium,Allium oleraceum
KW_T_423_10_0017L,KW_T_423_10_0017L.tif_segmented.png,1652102,2941,3643,#afae86,3.99,#c0bd96,3.69,#a09b73,3.48,#888162,2.76,#6c644b,2.15,#29261e,0.67,#c0bd96,3.69,#afae86,3.99,#6c644b,2.15,#a09b73,3.48,#29261e,0.67,#6c644b,2.15,#888162,2.76,#a09b73,3.48,#afae86,3.99,#29261e,0.67,#afae86,3.99,#a09b73,3.48,#c0bd96,3.69,#888162,2.76,#29261e,0.67,#6c644b,2.15,#888162,2.76,#a09b73,3.48,#afae86,3.99,Crassulaceae,Sedum,Sedum sexangulare
KW_T_423_10_0020L,KW_T_423_10_0020L.tif_segmented.png,3553136,2958,3635,#c7b791,5.27,#b2a27f,5.25,#9f8c6a,4.89,#887558,3.96,#706049,2.7,#c7b791,5.27,#b2a27f,5.25,#4f4438,2.24,#9f8c6a,4.89,#706049,2.7,#4f4438,2.24,#706049,2.7,#887558,3.96,#9f8c6a,4.89,#b2a27f,5.25,#b2a27f,5.25,#c7b791,5.27,#4f4438,2.24,#706049,2.7,#887558,3.96,#4f4438,2.24,#706049,2.7,#887558,3.96,#9f8c6a,4.89,#b2a27f,5.25,,Erigeron,Erigeron annuus
KW_T_423_10_0022L,KW_T_423_10_0022L.tif_segmented.png,890652,2964,3671,#a2a487,4.26,#b2b89b,4.2,#848f76,3.09,#6b7a63,2.85,#54634f,2.17,#302c23,0.57,#b2b89b,4.2,#a2a487,4.26,#54634f,2.17,#848f76,3.09,#302c23,0.57,#54634f,2.17,#6b7a63,2.85,#848f76,3.09,#a2a487,4.26,#302c23,0.57,#848f76,3.09,#a2a487,4.26,#b2b89b,4.2,#6b7a63,2.85,#302c23,0.57,#54634f,2.17,#6b7a63,2.85,#848f76,3.09,#a2a487,4.26,,Amaranthus,Amaranthus blitum
KW_T_423_10_0024L,KW_T_423_10_0024L.tif_segmented.png,1715344,2970,3643,#cdc9a3,4.38,#b2b08f,3.97,#9da080,3.52,#878b6d,3.29,#727259,2.72,#cdc9a3,4.38,#2d2920,0.69,#b2b08f,3.97,#9da080,3.52,#727259,2.72,#2d2920,0.69,#727259,2.72,#9da080,3.52,#878b6d,3.29,#b2b08f,3.97,#2d2920,0.69,#9da080,3.52,#cdc9a3,4.38,#878b6d,3.29,#b2b08f,3.97,#2d2920,0.69,#727259,2.72,#9da080,3.52,#878b6d,3.29,#b2b08f,3.97,Sclerodermataceae,Scleroderma,Scleroderma citrinum
KW_T_423_10_0026L,KW_T_423_10_0026L.tif_segmented.png,2384840,2976,3651,#96997e,5.69,#aaae8f,5.42,#cac5a6,5.05,#7d836b,4.99,#626955,3.26,#e7e075,1.99,#cbb355,0.59,#cac5a6,5.05,#aaae8f,5.42,#626955,3.26,#626955,3.26,#7d836b,4.99,#96997e,5.69,#aaae8f,5.42,#cbb355,0.59,#e7e075,1.99,#cbb355,0.59,#7d836b,4.99,#aaae8f,5.42,#96997e,5.69,#626955,3.26,#7d836b,4.99,#96997e,5.69,#aaae8f,5.42,#cbb355,0.59,Lycoperdaceae,Calvatia,Calvatia gigantea
KW_T_423_10_0028L,KW_T_423_10_0028L.tif_segmented.png,1084452,2982,3639,#a4a37f,3.95,#8d8b6b,2.52,#b9b894,2.07,#717155,1.41,#29261e,0.63,#29261e,0.63,#b9b894,2.07,#a4a37f,3.95,#717155,1.41,#8d8b6b,2.52,#29261e,0.63,#717155,1.41,#8d8b6b,2.52,#a4a37f,3.95,#b9b894,2.07,#29261e,0.63,#a4a37f,3.95,#b9b894,2.07,#8d8b6b,2.52,#717155,1.41,#29261e,0.63,#717155,1.41,#8d8b6b,2.52,#a4a37f,3.95,#b9b894,2.07,Poaceae,Molinia,Molinia caerulea
KW_T_423_10_0030L,KW_T_423_10_0030L.tif_segmented.png,4200500,2978,3643,#bd9564,8.99,#cdab77,8.42,#d8c190,7.95,#a68157,5.5,#8b6947,3.8,#d8c190,7.95,#cdab77,8.42,#bd9564,8.99,#6b503a,2.35,#8b6947,3.8,#6b503a,2.35,#8b6947,3.8,#b3a889,1.74,#a68157,5.5,#bd9564,8.99,#cdab77,8.42,#d8c190,7.95,#bd9564,8.99,#b3a889,1.74,#a68157,5.5,#6b503a,2.35,#8b6947,3.8,#b3a889,1.74,#a68157,5.5,#bd9564,8.99,Caryophyllaceae,Silene,Silene noctiflora
KW_T_423_10_0032L,KW_T_423_10_0032L.tif_segmented.png,522771,2984,3639,#cec5a7,2.99,#9a9d83,1.69,#b3ad8f,1.4,#848870,1.24,#6b6f5c,0.89,#cec5a7,2.99,#2d2921,0.61,#b3ad8f,1.4,#9a9d83,1.69,#6b6f5c,0.89,#6b6f5c,0.89,#2d2921,0.61,#848870,1.24,#9a9d83,1.69,#b3ad8f,1.4,#2d2921,0.61,#848870,1.24,#9a9d83,1.69,#6b6f5c,0.89,#b3ad8f,1.4,#6b6f5c,0.89,#2d2921,0.61,#848870,1.24,#9a9d83,1.69,#b3ad8f,1.4,Dryopteridaceae,Dryopteris,Dryopteris spec.
KW_T_423_10_0034L,KW_T_423_10_0034L.tif_segmented.png,1534885,2990,3663,#ccc9a5,5.56,#bbbe90,4.28,#a5a87f,3.8,#8e906b,3.11,#727354,1.7,#ccc9a5,5.56,#2b281f,0.61,#bbbe90,4.28,#a5a87f,3.8,#727354,1.7,#727354,1.7,#8e906b,3.11,#2b281f,0.61,#a5a87f,3.8,#bbbe90,4.28,#2b281f,0.61,#bbbe90,4.28,#ccc9a5,5.56,#8e906b,3.11,#a5a87f,3.8,#727354,1.7,#8e906b,3.11,#2b281f,0.61,#a5a87f,3.8,#bbbe90,4.28,,1.,1. Ophioglossum vulgatum 2. Brachythecium rutabulum 3. Plagiothecium undulatum 4. Hylocomium splendens
KW_T_423_10_0036L,KW_T_423_10_0036L.tif_segmented.png,1223253,2941,3675,#e9e2d4,47.89,#878b74,2.37,#a0a185,2.36,#6f7360,1.88,#2a261e,0.69,#e9e2d4,47.89,#2a261e,0.69,#605741,0.55,#a0a185,2.36,#878b74,2.37,#605741,0.55,#6f7360,1.88,#878b74,2.37,#a0a185,2.36,#2a261e,0.69,#2a261e,0.69,#a0a185,2.36,#878b74,2.37,#6f7360,1.88,#605741,0.55,#605741,0.55,#6f7360,1.88,#878b74,2.37,#a0a185,2.36,#2a261e,0.69,,Brachythecium,Brachythecium rutabulum
KW_T_423_10_0038L,KW_T_423_10_0038L.tif_segmented.png,1536930,2941,3667,#92997c,3.12,#a7aa8c,3.03,#7f866d,2.63,#5b604e,2.58,#6e725d,2.53,#a7aa8c,3.03,#4d4b3d,1.62,#92997c,3.12,#5b604e,2.58,#7f866d,2.63,#a7aa8c,3.03,#92997c,3.12,#4d4b3d,1.62,#7f866d,2.63,#5b604e,2.58,#92997c,3.12,#4d4b3d,1.62,#a7aa8c,3.03,#7f866d,2.63,#6e725d,2.53,#a7aa8c,3.03,#92997c,3.12,#4d4b3d,1.62,#7f866d,2.63,#5b604e,2.58,,Plagiothecium,Plagiothecium undulatum
KW_T_423_10_0040L,KW_T_423_10_0040L.tif_segmented.png,2228396,2862,3643,#c5bda6,2.08,#b0a78e,1.89,#76685a,1.59,#988872,1.35,#554c41,0.92,#c5bda6,2.08,#554c41,0.92,#b0a78e,1.89,#76685a,1.59,#988872,1.35,#988872,1.35,#76685a,1.59,#554c41,0.92,#b0a78e,1.89,#c5bda6,2.08,#554c41,0.92,#76685a,1.59,#b0a78e,1.89,#c5bda6,2.08,#988872,1.35,#988872,1.35,#76685a,1.59,#554c41,0.92,#b0a78e,1.89,#c5bda6,2.08,,Hylocomium,Hylocomium splendens
KW_T_423_10_0042L,KW_T_423_10_0042L.tif_segmented.png,619045,2868,3639,#c4c69e,1.99,#aeaf8e,1.89,#a09979,1.57,#8a8265,1.06,#77624a,0.93,#4f4330,0.66,#c4c69e,1.99,#77624a,0.93,#aeaf8e,1.89,#a09979,1.57,#4f4330,0.66,#77624a,0.93,#8a8265,1.06,#a09979,1.57,#aeaf8e,1.89,#c4c69e,1.99,#aeaf8e,1.89,#8a8265,1.06,#a09979,1.57,#77624a,0.93,#4f4330,0.66,#77624a,0.93,#8a8265,1.06,#a09979,1.57,#aeaf8e,1.89,,Macrolepiota,Macrolepiota procera
KW_T_423_10_0044L,KW_T_423_10_0044L.tif_segmented.png,917139,2931,3627,#adb294,2.51,#989f85,2.11,#c0c3ab,2.05,#818a75,1.81,#70725c,1.29,#2d2b22,0.54,#c0c3ab,2.05,#adb294,2.51,#70725c,1.29,#989f85,2.11,#2d2b22,0.54,#70725c,1.29,#adb294,2.51,#989f85,2.11,#818a75,1.81,#2d2b22,0.54,#989f85,2.11,#818a75,1.81,#adb294,2.51,#70725c,1.29,#2d2b22,0.54,#70725c,1.29,#adb294,2.51,#989f85,2.11,#818a75,1.81,,Macrolepiota,Macrolepiota mastoidea
KW_T_423_10_0046L,KW_T_423_10_0046L.tif_segmented.png,1898714,2935,3631,#e5de95,3.12,#c4bb9e,2.0,#a79d84,1.0,#2b2923,0.56,#746b58,0.44,#e5de95,3.12,#c4bb9e,2.0,#2b2923,0.56,#a79d84,1.0,#746b58,0.44,#2b2923,0.56,#746b58,0.44,#a79d84,1.0,#c4bb9e,2.0,#e5de95,3.12,#e5de95,3.12,#2b2923,0.56,#746b58,0.44,#a79d84,1.0,#c4bb9e,2.0,#2b2923,0.56,#746b58,0.44,#a79d84,1.0,#c4bb9e,2.0,#e5de95,3.12,,Pleurotus,Pleurotus ostreatus
KW_T_423_10_0048L,KW_T_423_10_0048L.tif_segmented.png,3330966,2866,3651,#c2b587,5.64,#d3c892,5.53,#b5a174,4.22,#9f8361,3.15,#7f674e,1.88,#d3c892,5.53,#c2b587,5.64,#b5a174,4.22,#39342a,0.38,#7f674e,1.88,#39342a,0.38,#7f674e,1.88,#9f8361,3.15,#b5a174,4.22,#c2b587,5.64,#d3c892,5.53,#39342a,0.38,#c2b587,5.64,#b5a174,4.22,#7f674e,1.88,#39342a,0.38,#7f674e,1.88,#9f8361,3.15,#b5a174,4.22,#c2b587,5.64,,Primula,Primula elatior
KW_T_423_10_0050L,KW_T_423_10_0050L.tif_segmented.png,2340697,2884,3663,#9e815f,3.73,#c0ac8a,3.33,#b39771,3.21,#876c4f,3.09,#cdc2a7,2.31,#cdc2a7,2.31,#c0ac8a,3.33,#b39771,3.21,#6b5842,1.97,#876c4f,3.09,#c0ac8a,3.33,#b39771,3.21,#6b5842,1.97,#9e815f,3.73,#876c4f,3.09,#b39771,3.21,#c0ac8a,3.33,#876c4f,3.09,#cdc2a7,2.31,#6b5842,1.97,#c0ac8a,3.33,#b39771,3.21,#6b5842,1.97,#9e815f,3.73,#876c4f,3.09,,Ribes,Ribes uva-crispa
KW_T_423_10_0052L,KW_T_423_10_0052L.tif_segmented.png,1338420,2958,3643,#b9ba96,3.3,#a8a883,2.73,#908e6f,2.68,#757259,2.3,#d2d19a,1.84,#d2d19a,1.84,#343025,0.66,#b9ba96,3.3,#a8a883,2.73,#757259,2.3,#343025,0.66,#757259,2.3,#908e6f,2.68,#a8a883,2.73,#b9ba96,3.3,#d2d19a,1.84,#343025,0.66,#a8a883,2.73,#b9ba96,3.3,#757259,2.3,#343025,0.66,#757259,2.3,#908e6f,2.68,#a8a883,2.73,#b9ba96,3.3,,Doronicum,Doronicum plantagineum
KW_T_423_10_0054L,KW_T_423_10_0054L.tif_segmented.png,1710945,2854,3631,#b9bc9e,3.35,#aaab87,3.1,#949674,2.56,#7d7b5f,1.99,#d8ce95,1.73,#d8ce95,1.73,#615e49,1.54,#b9bc9e,3.35,#aaab87,3.1,#7d7b5f,1.99,#615e49,1.54,#7d7b5f,1.99,#949674,2.56,#aaab87,3.1,#b9bc9e,3.35,#d8ce95,1.73,#aaab87,3.1,#949674,2.56,#7d7b5f,1.99,#b9bc9e,3.35,#615e49,1.54,#7d7b5f,1.99,#949674,2.56,#aaab87,3.1,#b9bc9e,3.35,,Diphasiastrum,Diphasiastrum tristachyum
KW_T_423_10_0056L,KW_T_423_10_0056L.tif_segmented.png,1834299,2937,3631,#b4a077,2.71,#cfbc86,2.7,#a08863,2.34,#836d52,2.05,#5e4f3f,1.57,#cfbc86,2.7,#b4a077,2.71,#5e4f3f,1.57,#836d52,2.05,#a08863,2.34,#a08863,2.34,#836d52,2.05,#b4a077,2.71,#5e4f3f,1.57,#cfbc86,2.7,#cfbc86,2.7,#b4a077,2.71,#836d52,2.05,#a08863,2.34,#5e4f3f,1.57,#a08863,2.34,#836d52,2.05,#b4a077,2.71,#5e4f3f,1.57,#cfbc86,2.7,,Polyporus,Polyporus squamosus
KW_T_423_10_0058L,KW_T_423_10_0058L.tif_segmented.png,2960552,2888,3631,#625b49,5.63,#7d6f58,5.0,#ad9974,4.66,#988766,4.43,#4b453a,4.0,#c7b187,3.79,#ad9974,4.66,#4b453a,4.0,#988766,4.43,#625b49,5.63,#988766,4.43,#ad9974,4.66,#c7b187,3.79,#7d6f58,5.0,#4b453a,4.0,#c7b187,3.79,#4b453a,4.0,#7d6f58,5.0,#625b49,5.63,#ad9974,4.66,#988766,4.43,#ad9974,4.66,#c7b187,3.79,#7d6f58,5.0,#4b453a,4.0,,Cochlearia,Cochlearia danica
KW_T_423_10_0060L,KW_T_423_10_0060L.tif_segmented.png,1179322,2909,3623,#dbcfaa,2.6,#8c7b58,2.6,#d2be8d,2.27,#ab8f65,1.99,#b4a987,1.85,#dbcfaa,2.6,#d2be8d,2.27,#c5a774,1.51,#6f5f42,1.65,#ab8f65,1.99,#b4a987,1.85,#6f5f42,1.65,#8c7b58,2.6,#d2be8d,2.27,#ab8f65,1.99,#c5a774,1.51,#d2be8d,2.27,#dbcfaa,2.6,#b4a987,1.85,#6f5f42,1.65,#b4a987,1.85,#6f5f42,1.65,#8c7b58,2.6,#d2be8d,2.27,#ab8f65,1.99,,Nasturtium,Nasturtium microphyllum
KW_T_423_10_0062L,KW_T_423_10_0062L.tif_segmented.png,1347026,2911,3619,#b1b292,3.16,#c6c8a1,2.83,#969c80,2.18,#7d856b,1.77,#646954,1.0,#c6c8a1,2.83,#342e24,0.64,#b1b292,3.16,#646954,1.0,#969c80,2.18,#342e24,0.64,#646954,1.0,#7d856b,1.77,#969c80,2.18,#b1b292,3.16,#342e24,0.64,#c6c8a1,2.83,#969c80,2.18,#7d856b,1.77,#b1b292,3.16,#342e24,0.64,#646954,1.0,#7d856b,1.77,#969c80,2.18,#b1b292,3.16,Fabaceae,Trifolium,Trifolium striatum
KW_T_423_10_0064L,KW_T_423_10_0064L.tif_segmented.png,1069986,2913,3623,#cbcaac,3.24,#b6b293,2.53,#9e9e82,2.02,#84866b,1.72,#6b6c55,1.18,#cbcaac,3.24,#312d24,0.41,#b6b293,2.53,#6b6c55,1.18,#9e9e82,2.02,#312d24,0.41,#6b6c55,1.18,#b6b293,2.53,#84866b,1.72,#9e9e82,2.02,#312d24,0.41,#84866b,1.72,#9e9e82,2.02,#cbcaac,3.24,#b6b293,2.53,#312d24,0.41,#6b6c55,1.18,#b6b293,2.53,#84866b,1.72,#9e9e82,2.02,,Aulacomnium,Aulacomnium androgynum
KW_T_423_10_0066L,KW_T_423_10_0066L.tif_segmented.png,2203312,2858,3635,#a9ac91,4.61,#939680,3.49,#bebfa2,3.27,#80806b,2.77,#6a6753,2.0,#dbcf5f,0.37,#bebfa2,3.27,#6a6753,2.0,#a9ac91,4.61,#939680,3.49,#6a6753,2.0,#80806b,2.77,#939680,3.49,#a9ac91,4.61,#bebfa2,3.27,#dbcf5f,0.37,#80806b,2.77,#a9ac91,4.61,#939680,3.49,#bebfa2,3.27,#6a6753,2.0,#80806b,2.77,#939680,3.49,#a9ac91,4.61,#bebfa2,3.27,,Marchantia,Marchantia polymorpha
KW_T_423_10_0068L,KW_T_423_10_0068L.tif_segmented.png,703348,2927,3619,#d5a26e,1.93,#e2c781,1.58,#976a48,1.04,#c28256,0.96,#aba082,0.7,#e2c781,1.58,#d5a26e,1.93,#c28256,0.96,#976a48,1.04,#664e3d,0.53,#aba082,0.7,#664e3d,0.53,#976a48,1.04,#c28256,0.96,#d5a26e,1.93,#e2c781,1.58,#d5a26e,1.93,#c28256,0.96,#aba082,0.7,#976a48,1.04,#aba082,0.7,#664e3d,0.53,#976a48,1.04,#c28256,0.96,#d5a26e,1.93,Agaricaceae,Agaricus,Agaricus campestris
KW_T_423_10_0070L,KW_T_423_10_0070L.tif_segmented.png,915225,2921,3619,#53483f,2.81,#cbbe96,1.6,#716251,1.59,#aba084,1.57,#90816a,1.26,#cbbe96,1.6,#53483f,2.81,#aba084,1.57,#716251,1.59,#90816a,1.26,#aba084,1.57,#90816a,1.26,#cbbe96,1.6,#716251,1.59,#53483f,2.81,#cbbe96,1.6,#53483f,2.81,#716251,1.59,#aba084,1.57,#90816a,1.26,#aba084,1.57,#90816a,1.26,#cbbe96,1.6,#716251,1.59,#53483f,2.81,,Schoenoplectus,Schoenoplectus pungens
KW_T_423_10_0072L,KW_T_423_10_0072L.tif_segmented.png,1430667,2852,3627,#96977d,2.82,#a7aa8e,2.51,#7a8572,2.25,#657262,2.25,#c1bc9f,1.63,#c1bc9f,1.63,#555243,0.46,#a7aa8e,2.51,#96977d,2.82,#657262,2.25,#555243,0.46,#a7aa8e,2.51,#7a8572,2.25,#96977d,2.82,#657262,2.25,#7a8572,2.25,#a7aa8e,2.51,#555243,0.46,#96977d,2.82,#657262,2.25,#555243,0.46,#a7aa8e,2.51,#7a8572,2.25,#96977d,2.82,#657262,2.25,,Campanula,Campanula persicifolia
KW_T_423_10_0074L,KW_T_423_10_0074L.tif_segmented.png,1671117,2923,3627,#a7ab8a,3.98,#babd98,3.98,#847e65,2.73,#92977b,2.28,#b19475,1.66,#b19475,1.66,#babd98,3.98,#6e6550,1.31,#a7ab8a,3.98,#847e65,2.73,#6e6550,1.31,#b19475,1.66,#847e65,2.73,#92977b,2.28,#babd98,3.98,#a7ab8a,3.98,#babd98,3.98,#92977b,2.28,#6e6550,1.31,#847e65,2.73,#6e6550,1.31,#b19475,1.66,#847e65,2.73,#92977b,2.28,#babd98,3.98,Amanitaceae,Amanita,Amanita citrina
KW_T_423_10_0076L,KW_T_423_10_0076L.tif_segmented.png,984137,2919,3643,#bac09a,3.69,#a3ac8a,3.22,#8a9476,2.6,#70745b,1.43,#26231c,0.82,#d9ce6f,0.32,#26231c,0.82,#bac09a,3.69,#a3ac8a,3.22,#70745b,1.43,#26231c,0.82,#70745b,1.43,#8a9476,2.6,#a3ac8a,3.22,#bac09a,3.69,#d9ce6f,0.32,#26231c,0.82,#bac09a,3.69,#8a9476,2.6,#a3ac8a,3.22,#26231c,0.82,#70745b,1.43,#8a9476,2.6,#a3ac8a,3.22,#bac09a,3.69,,Boletus,Boletus edulis
KW_T_423_10_0077L,KW_T_423_10_0077L.tif_segmented.png,2170952,2923,3631,#a38d69,4.49,#b3a079,4.21,#8e785a,3.71,#c1b18b,3.25,#d2c59c,3.02,#d2c59c,3.02,#c1b18b,3.25,#b3a079,4.21,#72604a,1.58,#8e785a,3.71,#72604a,1.58,#c1b18b,3.25,#b3a079,4.21,#d2c59c,3.02,#a38d69,4.49,#d2c59c,3.02,#b3a079,4.21,#c1b18b,3.25,#72604a,1.58,#a38d69,4.49,#72604a,1.58,#c1b18b,3.25,#b3a079,4.21,#d2c59c,3.02,#a38d69,4.49,,Leccinum,Leccinum scabrum s.l.
KW_T_423_10_0079L,KW_T_423_10_0079L.tif_segmented.png,1598769,2927,3631,#775c45,4.28,#5b4b3d,3.34,#b7a17a,2.44,#8e7155,1.89,#c7b691,1.75,#c7b691,1.75,#b7a17a,2.44,#775c45,4.28,#5b4b3d,3.34,#8e7155,1.89,#c7b691,1.75,#b7a17a,2.44,#a48b67,1.71,#8e7155,1.89,#775c45,4.28,#b7a17a,2.44,#c7b691,1.75,#775c45,4.28,#a48b67,1.71,#5b4b3d,3.34,#c7b691,1.75,#b7a17a,2.44,#a48b67,1.71,#8e7155,1.89,#775c45,4.28,,Tylopilus,Tylopilus felleus
KW_T_423_10_0081L,KW_T_423_10_0081L.tif_segmented.png,521951,2927,3623,#bcb292,1.71,#5a6558,1.24,#a69d7d,1.2,#7a8272,1.09,#9bab9a,0.8,#373226,0.49,#bcb292,1.71,#a69d7d,1.2,#9bab9a,0.8,#5a6558,1.24,#373226,0.49,#5a6558,1.24,#7a8272,1.09,#9bab9a,0.8,#a69d7d,1.2,#373226,0.49,#9bab9a,0.8,#7a8272,1.09,#a69d7d,1.2,#5a6558,1.24,#373226,0.49,#5a6558,1.24,#7a8272,1.09,#9bab9a,0.8,#a69d7d,1.2,,Leersia,Leersia oryzoides
KW_T_423_10_0083L,KW_T_423_10_0083L.tif_segmented.png,1924118,2925,3627,#a4a78b,3.72,#b5b799,3.62,#79826d,3.6,#8f957d,3.24,#686e5a,2.25,#b5b799,3.62,#a4a78b,3.72,#686e5a,2.25,#8f957d,3.24,#79826d,3.6,#8f957d,3.24,#a4a78b,3.72,#b5b799,3.62,#79826d,3.6,#686e5a,2.25,#79826d,3.6,#8f957d,3.24,#a4a78b,3.72,#b5b799,3.62,#686e5a,2.25,#8f957d,3.24,#a4a78b,3.72,#b5b799,3.62,#79826d,3.6,#686e5a,2.25,,Saponaria,Saponaria officinalis
KW_T_423_10_0085L,KW_T_423_10_0085L.tif_segmented.png,1911202,2925,3619,#859176,4.62,#afb396,4.19,#96a388,4.0,#c9c6a3,3.73,#ab9f7d,2.12,#2f2a22,0.44,#c9c6a3,3.73,#ab9f7d,2.12,#afb396,4.19,#96a388,4.0,#2f2a22,0.44,#afb396,4.19,#ab9f7d,2.12,#96a388,4.0,#6f755e,1.63,#2f2a22,0.44,#96a388,4.0,#859176,4.62,#c9c6a3,3.73,#afb396,4.19,#2f2a22,0.44,#afb396,4.19,#ab9f7d,2.12,#96a388,4.0,#6f755e,1.63,,Pholiota,Pholiota squarrosa
KW_T_423_10_0087L,KW_T_423_10_0087L.tif_segmented.png,883225,2927,3627,#aaa989,4.45,#bbbe96,4.33,#979377,4.13,#7d7d66,3.73,#6a6754,2.74,#bbbe96,4.33,#aaa989,4.45,#6a6754,2.74,#979377,4.13,#7d7d66,3.73,#6a6754,2.74,#7d7d66,3.73,#979377,4.13,#aaa989,4.45,#bbbe96,4.33,#bbbe96,4.33,#7d7d66,3.73,#aaa989,4.45,#6a6754,2.74,#979377,4.13,#6a6754,2.74,#7d7d66,3.73,#979377,4.13,#aaa989,4.45,#bbbe96,4.33,,Phellinus,Phellinus populicola
KW_T_423_10_0089L,KW_T_423_10_0089L.tif_segmented.png,329641,2917,3619,#c6b891,2.35,#afa07c,2.17,#958567,1.35,#746852,0.98,#544935,0.31,#c6b891,2.35,#544935,0.31,#afa07c,2.17,#746852,0.98,#958567,1.35,#544935,0.31,#746852,0.98,#958567,1.35,#afa07c,2.17,#c6b891,2.35,#746852,0.98,#c6b891,2.35,#afa07c,2.17,#544935,0.31,#958567,1.35,#544935,0.31,#746852,0.98,#958567,1.35,#afa07c,2.17,#c6b891,2.35,,Phylloporia,Phylloporia ribis
KW_T_423_10_0091L,KW_T_423_10_0091L.tif_segmented.png,1403760,2948,3619,#b2b48f,3.4,#a39b79,2.27,#8f8365,2.01,#726b52,1.26,#53493b,0.99,#2b271b,0.98,#b2b48f,3.4,#a39b79,2.27,#53493b,0.99,#8f8365,2.01,#2b271b,0.98,#53493b,0.99,#726b52,1.26,#8f8365,2.01,#a39b79,2.27,#2b271b,0.98,#b2b48f,3.4,#726b52,1.26,#a39b79,2.27,#53493b,0.99,#2b271b,0.98,#53493b,0.99,#726b52,1.26,#8f8365,2.01,#a39b79,2.27,,Galium,Galium odoratum
KW_T_423_10_0093L,KW_T_423_10_0093L.tif_segmented.png,884432,2950,3623,#c7c59e,2.55,#b5b28c,1.92,#a19c7a,1.69,#877e62,0.76,#ded377,0.66,#ded377,0.66,#342f25,0.45,#c7c59e,2.55,#b5b28c,1.92,#a19c7a,1.69,#342f25,0.45,#877e62,0.76,#a19c7a,1.69,#b5b28c,1.92,#c7c59e,2.55,#ded377,0.66,#342f25,0.45,#c7c59e,2.55,#b5b28c,1.92,#a19c7a,1.69,#342f25,0.45,#877e62,0.76,#a19c7a,1.69,#b5b28c,1.92,#c7c59e,2.55,,Chrysosplenium,Chrysosplenium oppositifolium
KW_T_423_10_0095L,KW_T_423_10_0095L.tif_segmented.png,1586490,2878,3619,#bfc794,4.59,#a9b28a,4.03,#949876,2.78,#797a60,1.75,#dbd077,0.79,#dbd077,0.79,#bfc794,4.59,#a9b28a,4.03,#797a60,1.75,#949876,2.78,#797a60,1.75,#949876,2.78,#a9b28a,4.03,#bfc794,4.59,#dbd077,0.79,#dbd077,0.79,#bfc794,4.59,#949876,2.78,#797a60,1.75,#a9b28a,4.03,#797a60,1.75,#949876,2.78,#a9b28a,4.03,#bfc794,4.59,#dbd077,0.79,,Potentilla,Potentilla argentea
KW_T_423_10_0097L,KW_T_423_10_0097L.tif_segmented.png,1886770,2950,3623,#b0b798,5.09,#a4a587,4.15,#c4c3a8,3.48,#958d70,3.23,#7f6e56,1.85,#664d3c,1.73,#c4c3a8,3.48,#b0b798,5.09,#7f6e56,1.85,#a4a587,4.15,#7f6e56,1.85,#958d70,3.23,#664d3c,1.73,#a4a587,4.15,#b0b798,5.09,#a4a587,4.15,#b0b798,5.09,#7f6e56,1.85,#c4c3a8,3.48,#958d70,3.23,#7f6e56,1.85,#958d70,3.23,#664d3c,1.73,#a4a587,4.15,#b0b798,5.09,,Hygrophoropsis,Hygrophoropsis aurantiaca
KW_T_423_10_0099L,KW_T_423_10_0099L.tif_segmented.png,1582764,2948,3643,#917256,2.07,#b4a182,2.04,#785f48,1.79,#a78967,1.47,#c9b89a,1.35,#c9b89a,1.35,#594839,0.91,#b4a182,2.04,#785f48,1.79,#a78967,1.47,#b4a182,2.04,#a78967,1.47,#594839,0.91,#917256,2.07,#785f48,1.79,#b4a182,2.04,#785f48,1.79,#c9b89a,1.35,#594839,0.91,#a78967,1.47,#b4a182,2.04,#a78967,1.47,#594839,0.91,#917256,2.07,#785f48,1.79,,Geastrum,Geastrum triplex
KW_T_423_10_0101L,KW_T_423_10_0101L.tif_segmented.png,1305079,2968,3627,#a5ad8e,3.41,#93987c,2.62,#c4be9e,2.07,#777e67,1.74,#28241d,0.54,#c4be9e,2.07,#28241d,0.54,#554d3b,0.25,#a5ad8e,3.41,#93987c,2.62,#554d3b,0.25,#28241d,0.54,#777e67,1.74,#a5ad8e,3.41,#93987c,2.62,#28241d,0.54,#a5ad8e,3.41,#93987c,2.62,#777e67,1.74,#554d3b,0.25,#554d3b,0.25,#28241d,0.54,#777e67,1.74,#a5ad8e,3.41,#93987c,2.62,,Tulostoma,Tulostoma brumale
KW_T_423_10_0103L,KW_T_423_10_0103L.tif_segmented.png,114812,2968,3619,#8f8f73,3.22,#7c7b60,3.16,#bab99b,3.12,#a6a487,2.69,#67644d,1.92,#bca957,0.37,#bab99b,3.12,#67644d,1.92,#a6a487,2.69,#7c7b60,3.16,#67644d,1.92,#7c7b60,3.16,#8f8f73,3.22,#a6a487,2.69,#bca957,0.37,#bca957,0.37,#7c7b60,3.16,#a6a487,2.69,#8f8f73,3.22,#bab99b,3.12,#67644d,1.92,#7c7b60,3.16,#8f8f73,3.22,#a6a487,2.69,#bca957,0.37,,Thelephora,Thelephora terrestris
KW_T_423_10_0105L,KW_T_423_10_0105L.tif_segmented.png,3491648,2870,3627,#8d9374,5.88,#a3a483,4.92,#798266,4.91,#bdb796,4.22,#545546,3.97,#bdb796,4.22,#a3a483,4.92,#545546,3.97,#8d9374,5.88,#798266,4.91,#8d9374,5.88,#a3a483,4.92,#798266,4.91,#666b56,3.12,#545546,3.97,#a3a483,4.92,#8d9374,5.88,#545546,3.97,#798266,4.91,#bdb796,4.22,#8d9374,5.88,#a3a483,4.92,#798266,4.91,#666b56,3.12,#545546,3.97,,Luzula,Luzula sylvatica
KW_T_423_10_0107L,KW_T_423_10_0107L.tif_segmented.png,1503628,2948,3623,#d2bb8c,3.12,#998262,2.01,#c8a16a,1.9,#b2a283,1.76,#4f473e,1.41,#c8a16a,1.9,#d2bb8c,3.12,#b2a283,1.76,#4f473e,1.41,#998262,2.01,#4f473e,1.41,#706253,1.41,#b2a283,1.76,#998262,2.01,#d2bb8c,3.12,#c8a16a,1.9,#d2bb8c,3.12,#4f473e,1.41,#706253,1.41,#b2a283,1.76,#4f473e,1.41,#706253,1.41,#b2a283,1.76,#998262,2.01,#d2bb8c,3.12,Caryophyllaceae,Silene,Silene dioica
KW_T_423_10_0109L,KW_T_423_10_0109L.tif_segmented.png,2306631,2958,3635,#d4c491,4.27,#bea979,2.64,#a1aaa8,1.44,#8b7e63,0.8,#312c23,0.6,#d4c491,4.27,#bea979,2.64,#312c23,0.6,#8b7e63,0.8,#a1aaa8,1.44,#312c23,0.6,#8b7e63,0.8,#a1aaa8,1.44,#bea979,2.64,#d4c491,4.27,#312c23,0.6,#d4c491,4.27,#bea979,2.64,#a1aaa8,1.44,#8b7e63,0.8,#312c23,0.6,#8b7e63,0.8,#a1aaa8,1.44,#bea979,2.64,#d4c491,4.27,,Medicago,Medicago arabica
KW_T_423_10_0111L,KW_T_423_10_0111L.tif_segmented.png,18336,2895,3631,#bfc0a4,4.28,#9b9d85,4.11,#878975,4.01,#adaf95,3.76,#737463,3.44,#bfc0a4,4.28,#adaf95,3.76,#5e5e50,1.98,#9b9d85,4.11,#737463,3.44,#5e5e50,1.98,#737463,3.44,#878975,4.01,#9b9d85,4.11,#adaf95,3.76,#9b9d85,4.11,#878975,4.01,#adaf95,3.76,#737463,3.44,#bfc0a4,4.28,#5e5e50,1.98,#737463,3.44,#878975,4.01,#9b9d85,4.11,#adaf95,3.76,,Paxillus,Paxillus involutus
KW_T_423_10_0113L,KW_T_423_10_0113L.tif_segmented.png,736019,2962,3639,#bfc1a1,4.86,#b3b192,4.3,#a2a083,3.73,#8e8d73,2.48,#78745d,1.16,#544430,0.46,#bfc1a1,4.86,#b3b192,4.3,#a2a083,3.73,#78745d,1.16,#544430,0.46,#78745d,1.16,#8e8d73,2.48,#a2a083,3.73,#b3b192,4.3,#78745d,1.16,#a2a083,3.73,#bfc1a1,4.86,#b3b192,4.3,#8e8d73,2.48,#544430,0.46,#78745d,1.16,#8e8d73,2.48,#a2a083,3.73,#b3b192,4.3,,Polyporus,Polyporus badius
KW_T_423_10_0115L,KW_T_423_10_0115L.tif_segmented.png,692190,2962,3643,#a6a387,5.02,#929077,4.81,#b2b99a,4.74,#7c7d66,3.46,#c6b195,2.9,#c6b195,2.9,#b2b99a,4.74,#616752,2.42,#a6a387,5.02,#929077,4.81,#616752,2.42,#7c7d66,3.46,#929077,4.81,#a6a387,5.02,#b2b99a,4.74,#7c7d66,3.46,#b2b99a,4.74,#a6a387,5.02,#929077,4.81,#616752,2.42,#616752,2.42,#7c7d66,3.46,#929077,4.81,#a6a387,5.02,#b2b99a,4.74,,Gagea,Gagea pratensis
KW_T_423_10_0117L,KW_T_423_10_0117L.tif_segmented.png,2130948,2919,3619,#b4bd92,6.0,#a0a781,4.96,#889471,3.68,#c8c8a6,3.59,#6e7d5d,1.93,#e0d77c,0.8,#302c23,0.61,#b4bd92,6.0,#c8c8a6,3.59,#a0a781,4.96,#302c23,0.61,#889471,3.68,#6e7d5d,1.93,#b4bd92,6.0,#a0a781,4.96,#e0d77c,0.8,#302c23,0.61,#b4bd92,6.0,#c8c8a6,3.59,#889471,3.68,#302c23,0.61,#889471,3.68,#6e7d5d,1.93,#b4bd92,6.0,#a0a781,4.96,,Helleborus,Helleborus viridis
KW_T_423_10_0119L,KW_T_423_10_0119L.tif_segmented.png,2661470,2935,3619,#e0cf96,5.28,#b5a27b,3.5,#9c8865,3.14,#caba92,3.06,#7c6c55,2.86,#e0cf96,5.28,#caba92,3.06,#b5a27b,3.5,#5b5142,2.26,#9c8865,3.14,#5b5142,2.26,#7c6c55,2.86,#b5a27b,3.5,#9c8865,3.14,#caba92,3.06,#e0cf96,5.28,#b5a27b,3.5,#7c6c55,2.86,#caba92,3.06,#5b5142,2.26,#5b5142,2.26,#7c6c55,2.86,#b5a27b,3.5,#9c8865,3.14,#caba92,3.06,,Lamiastrum,Lamiastrum galeobdolon subsp. montanum
KW_T_423_10_0121L,KW_T_423_10_0121L.tif_segmented.png,697327,2933,3635,#9fa588,3.84,#747f6b,3.74,#8a9279,3.5,#b1b99b,3.14,#c8c5a8,3.06,#c8c5a8,3.06,#b1b99b,3.14,#9fa588,3.84,#616a57,1.97,#747f6b,3.74,#9fa588,3.84,#b1b99b,3.14,#8a9279,3.5,#747f6b,3.74,#616a57,1.97,#9fa588,3.84,#8a9279,3.5,#747f6b,3.74,#b1b99b,3.14,#c8c5a8,3.06,#9fa588,3.84,#b1b99b,3.14,#8a9279,3.5,#747f6b,3.74,#616a57,1.97,Cyperaceae,Carex,Carex pseudocyperus
KW_T_423_10_0123L,KW_T_423_10_0123L.tif_segmented.png,1935783,2941,3651,#afb292,4.51,#979d81,4.0,#81866e,3.71,#cbc5a5,3.28,#6b6d5a,2.38,#e0db8f,0.98,#cbc5a5,3.28,#afb292,4.51,#6b6d5a,2.38,#979d81,4.0,#6b6d5a,2.38,#81866e,3.71,#afb292,4.51,#979d81,4.0,#cbc5a5,3.28,#e0db8f,0.98,#979d81,4.0,#81866e,3.71,#afb292,4.51,#cbc5a5,3.28,#6b6d5a,2.38,#81866e,3.71,#afb292,4.51,#979d81,4.0,#cbc5a5,3.28,Serpulaceae,Serpula,Serpula lacrymans
KW_T_423_10_0125L,KW_T_423_10_0125L.tif_segmented.png,1333489,2946,3647,#d0ceae,5.46,#c0c19e,2.9,#a39c7b,2.35,#b0af8f,2.34,#827d63,0.73,#d0ceae,5.46,#2d2a22,0.57,#c0c19e,2.9,#a39c7b,2.35,#b0af8f,2.34,#2d2a22,0.57,#827d63,0.73,#a39c7b,2.35,#b0af8f,2.34,#c0c19e,2.9,#2d2a22,0.57,#d0ceae,5.46,#c0c19e,2.9,#827d63,0.73,#b0af8f,2.34,#2d2a22,0.57,#827d63,0.73,#a39c7b,2.35,#b0af8f,2.34,#c0c19e,2.9,Agaricaceae,Cyathus,Cyathus olla
KW_T_423_10_0127L,KW_T_423_10_0127L.tif_segmented.png,1326089,2897,3619,#ac9877,3.47,#88836b,3.04,#beb294,2.5,#949f88,2.16,#6f6c59,2.06,#2e2a20,0.47,#beb294,2.5,#ac9877,3.47,#6f6c59,2.06,#88836b,3.04,#2e2a20,0.47,#6f6c59,2.06,#949f88,2.16,#88836b,3.04,#ac9877,3.47,#2e2a20,0.47,#949f88,2.16,#6f6c59,2.06,#88836b,3.04,#ac9877,3.47,#2e2a20,0.47,#6f6c59,2.06,#949f88,2.16,#88836b,3.04,#ac9877,3.47,,Juncus,Juncus maritimus
KW_T_423_10_0129L,KW_T_423_10_0129L.tif_segmented.png,6123701,2846,3623,#645c4e,12.11,#776e5d,10.86,#504a3e,9.07,#8a7f6a,8.17,#b6ab8e,4.88,#ccc3a9,3.9,#504a3e,9.07,#645c4e,12.11,#b6ab8e,4.88,#776e5d,10.86,#b6ab8e,4.88,#9e947b,4.64,#8a7f6a,8.17,#776e5d,10.86,#504a3e,9.07,#504a3e,9.07,#645c4e,12.11,#776e5d,10.86,#8a7f6a,8.17,#b6ab8e,4.88,#b6ab8e,4.88,#9e947b,4.64,#8a7f6a,8.17,#776e5d,10.86,#504a3e,9.07,,Hypericum,Hypericum hirsutum
KW_T_423_10_0131L,KW_T_423_10_0131L.tif_segmented.png,459233,2844,3623,#bcc0a0,3.52,#abb194,2.64,#a49f81,2.18,#8e8a71,1.41,#76715b,0.97,#5a4d3b,0.41,#bcc0a0,3.52,#abb194,2.64,#a49f81,2.18,#76715b,0.97,#5a4d3b,0.41,#76715b,0.97,#8e8a71,1.41,#a49f81,2.18,#abb194,2.64,#abb194,2.64,#76715b,0.97,#bcc0a0,3.52,#a49f81,2.18,#8e8a71,1.41,#5a4d3b,0.41,#76715b,0.97,#8e8a71,1.41,#a49f81,2.18,#abb194,2.64,,Hypericum,Hypericum montanum
KW_T_423_10_0133L,KW_T_423_10_0133L.tif_segmented.png,1922276,2931,3647,#b0b191,3.85,#bfc2a4,3.51,#9ea27f,3.19,#8c8b6d,2.27,#777159,2.03,#54493b,0.88,#bfc2a4,3.51,#b0b191,3.85,#9ea27f,3.19,#777159,2.03,#54493b,0.88,#777159,2.03,#8c8b6d,2.27,#b0b191,3.85,#9ea27f,3.19,#9ea27f,3.19,#777159,2.03,#b0b191,3.85,#8c8b6d,2.27,#bfc2a4,3.51,#54493b,0.88,#777159,2.03,#8c8b6d,2.27,#b0b191,3.85,#9ea27f,3.19,Equisetaceae,Equisetum,Equisetum telmateia
KW_T_423_10_0135L,KW_T_423_10_0135L.tif_segmented.png,933209,2941,3639,#afab85,2.53,#c0c098,2.31,#98966d,1.56,#7e7a5a,1.01,#e3de77,0.8,#e3de77,0.8,#312e24,0.47,#c0c098,2.31,#afab85,2.53,#7e7a5a,1.01,#312e24,0.47,#7e7a5a,1.01,#98966d,1.56,#afab85,2.53,#c0c098,2.31,#e3de77,0.8,#312e24,0.47,#c0c098,2.31,#afab85,2.53,#98966d,1.56,#312e24,0.47,#7e7a5a,1.01,#98966d,1.56,#afab85,2.53,#c0c098,2.31,Amanitaceae,Amanita,Amanita rubescens
KW_T_423_10_0137L,KW_T_423_10_0137L.tif_segmented.png,706345,2946,3635,#cabc9d,2.1,#b5a584,2.02,#877259,1.21,#9f8a6c,1.18,#2a2821,0.63,#cabc9d,2.1,#b5a584,2.02,#2a2821,0.63,#615541,0.29,#877259,1.21,#2a2821,0.63,#615541,0.29,#877259,1.21,#9f8a6c,1.18,#b5a584,2.02,#2a2821,0.63,#b5a584,2.02,#877259,1.21,#615541,0.29,#cabc9d,2.1,#2a2821,0.63,#615541,0.29,#877259,1.21,#9f8a6c,1.18,#b5a584,2.02,,Convolvulus,Convolvulus soldanella
KW_T_423_10_0139L,KW_T_423_10_0139L.tif_segmented.png,671032,2944,3635,#c5b694,1.9,#b0a283,1.82,#d8cba9,1.81,#645b4b,1.31,#93866e,0.97,#d8cba9,1.81,#c5b694,1.9,#2c2920,0.58,#b0a283,1.82,#645b4b,1.31,#2c2920,0.58,#93866e,0.97,#645b4b,1.31,#b0a283,1.82,#c5b694,1.9,#2c2920,0.58,#d8cba9,1.81,#645b4b,1.31,#b0a283,1.82,#c5b694,1.9,#2c2920,0.58,#93866e,0.97,#645b4b,1.31,#b0a283,1.82,#c5b694,1.9,,Chondrilla,Chondrilla juncea
KW_T_423_10_0141L,KW_T_423_10_0141L.tif_segmented.png,391109,2948,3639,#aba382,2.64,#bebb9a,1.69,#8e8c6d,0.66,#2c2921,0.51,#61553e,0.14,#bebb9a,1.69,#2c2921,0.51,#61553e,0.14,#aba382,2.64,#8e8c6d,0.66,#61553e,0.14,#2c2921,0.51,#8e8c6d,0.66,#aba382,2.64,#bebb9a,1.69,#2c2921,0.51,#aba382,2.64,#8e8c6d,0.66,#bebb9a,1.69,#61553e,0.14,#61553e,0.14,#2c2921,0.51,#8e8c6d,0.66,#aba382,2.64,#bebb9a,1.69,,Typha,Typha latifolia
KW_T_423_10_0143L,KW_T_423_10_0143L.tif_segmented.png,239795,2903,3627,#9ba384,5.32,#afb18d,5.14,#8b9175,5.13,#7a7d65,3.38,#2e2b21,0.7,#2e2b21,0.7,#afb18d,5.14,#9ba384,5.32,#8b9175,5.13,#7a7d65,3.38,#2e2b21,0.7,#7a7d65,3.38,#afb18d,5.14,#9ba384,5.32,#8b9175,5.13,#2e2b21,0.7,#8b9175,5.13,#afb18d,5.14,#9ba384,5.32,#7a7d65,3.38,#2e2b21,0.7,#7a7d65,3.38,#afb18d,5.14,#9ba384,5.32,#8b9175,5.13,,Lacrymaria,Lacrymaria lacrymabunda
KW_T_423_10_0145L,KW_T_423_10_0145L.tif_segmented.png,1802163,2905,3655,#b4b38f,4.99,#9f9f7e,4.59,#8a886c,4.05,#cdc8a9,3.94,#736c56,1.93,#cdc8a9,3.94,#302c24,0.72,#b4b38f,4.99,#9f9f7e,4.59,#736c56,1.93,#302c24,0.72,#736c56,1.93,#8a886c,4.05,#9f9f7e,4.59,#b4b38f,4.99,#302c24,0.72,#9f9f7e,4.59,#b4b38f,4.99,#736c56,1.93,#8a886c,4.05,#302c24,0.72,#736c56,1.93,#8a886c,4.05,#9f9f7e,4.59,#b4b38f,4.99,,Gyroporus,Gyroporus cyanescens
KW_T_423_10_0147L,KW_T_423_10_0147L.tif_segmented.png,1632447,2917,3635,#bfad8b,4.15,#d3c39f,3.77,#ab9878,3.5,#7b6b56,2.63,#948267,2.51,#d3c39f,3.77,#bfad8b,4.15,#2f2b23,0.52,#ab9878,3.5,#635544,2.03,#2f2b23,0.52,#bfad8b,4.15,#948267,2.51,#ab9878,3.5,#7b6b56,2.63,#2f2b23,0.52,#7b6b56,2.63,#d3c39f,3.77,#bfad8b,4.15,#ab9878,3.5,#2f2b23,0.52,#bfad8b,4.15,#948267,2.51,#ab9878,3.5,#7b6b56,2.63,,Danthonia,Danthonia decumbens
KW_T_423_10_0149L,KW_T_423_10_0149L.tif_segmented.png,602232,2923,3631,#ada789,1.87,#79735d,1.53,#c7bb95,1.46,#939279,1.22,#605743,0.9,#c7bb95,1.46,#605743,0.9,#ada789,1.87,#79735d,1.53,#939279,1.22,#605743,0.9,#939279,1.22,#79735d,1.53,#ada789,1.87,#c7bb95,1.46,#79735d,1.53,#c7bb95,1.46,#ada789,1.87,#939279,1.22,#605743,0.9,#605743,0.9,#939279,1.22,#79735d,1.53,#ada789,1.87,#c7bb95,1.46,,Eryngium,Eryngium campestre
KW_T_423_10_0151L,KW_T_423_10_0151L.tif_segmented.png,1715589,2897,3635,#e5e1d5,49.92,#eae5d8,31.53,#918f74,1.41,#736a54,0.64,#3c362b,0.46,#e5e1d5,49.92,#eae5d8,31.53,#3c362b,0.46,#736a54,0.64,#918f74,1.41,#3c362b,0.46,#736a54,0.64,#918f74,1.41,#e5e1d5,49.92,#eae5d8,31.53,#3c362b,0.46,#736a54,0.64,#918f74,1.41,#eae5d8,31.53,#e5e1d5,49.92,#3c362b,0.46,#736a54,0.64,#918f74,1.41,#e5e1d5,49.92,#eae5d8,31.53,,Epilobium,Epilobium hirsutum
KW_T_423_10_0153L,KW_T_423_10_0153L.tif_segmented.png,579451,2899,3623,#b3af97,1.57,#999981,1.24,#7d7764,0.68,#605643,0.34,,,#605643,0.34,#b3af97,1.57,#7d7764,0.68,#999981,1.24,,,#605643,0.34,#7d7764,0.68,#999981,1.24,#b3af97,1.57,,,#7d7764,0.68,#999981,1.24,#605643,0.34,#b3af97,1.57,,,#605643,0.34,#7d7764,0.68,#999981,1.24,#b3af97,1.57,,,,Raphanus,Raphanus raphanistrum
KW_T_423_10_0155L,KW_T_423_10_0155L.tif_segmented.png,1829753,2905,3643,#a8a987,3.66,#b7b794,3.26,#98967a,3.13,#c9c4aa,2.47,#848269,2.38,#c9c4aa,2.47,#b7b794,3.26,#a8a987,3.66,#6c6754,0.92,#848269,2.38,#6c6754,0.92,#848269,2.38,#98967a,3.13,#a8a987,3.66,#b7b794,3.26,#a8a987,3.66,#b7b794,3.26,#848269,2.38,#6c6754,0.92,#98967a,3.13,#6c6754,0.92,#848269,2.38,#98967a,3.13,#a8a987,3.66,#b7b794,3.26,,Armillaria,Armillaria mellea
KW_T_423_10_0157L,KW_T_423_10_0157L.tif_segmented.png,1045435,2909,3631,#c4c4a6,2.98,#afaf97,2.47,#999886,1.85,#7f7c6b,1.32,#635a48,1.14,#c4c4a6,2.98,#443d33,0.7,#635a48,1.14,#afaf97,2.47,#999886,1.85,#443d33,0.7,#635a48,1.14,#7f7c6b,1.32,#999886,1.85,#afaf97,2.47,#443d33,0.7,#7f7c6b,1.32,#c4c4a6,2.98,#635a48,1.14,#999886,1.85,#443d33,0.7,#635a48,1.14,#7f7c6b,1.32,#999886,1.85,#afaf97,2.47,,Chenopodium,Chenopodium murale
KW_T_423_10_0159L,KW_T_423_10_0159L.tif_segmented.png,802664,2909,3631,#beb89f,1.1,#a69f86,1.01,#26241d,0.61,#87806a,0.54,#594f3c,0.43,#26241d,0.61,#beb89f,1.1,#594f3c,0.43,#a69f86,1.01,#87806a,0.54,#594f3c,0.43,#87806a,0.54,#a69f86,1.01,#26241d,0.61,#beb89f,1.1,#26241d,0.61,#87806a,0.54,#a69f86,1.01,#594f3c,0.43,#beb89f,1.1,#594f3c,0.43,#87806a,0.54,#a69f86,1.01,#26241d,0.61,#beb89f,1.1,,Oenothera,Oenothera spec.
KW_T_423_10_0161L,KW_T_423_10_0161L.tif_segmented.png,777492,2915,3615,#c5c5ad,2.61,#b1b39a,2.35,#9f9c85,1.31,#848570,1.13,#6e634a,0.52,#343026,0.42,#c5c5ad,2.61,#6e634a,0.52,#b1b39a,2.35,#9f9c85,1.31,#343026,0.42,#6e634a,0.52,#848570,1.13,#9f9c85,1.31,#b1b39a,2.35,#343026,0.42,#848570,1.13,#6e634a,0.52,#9f9c85,1.31,#b1b39a,2.35,#343026,0.42,#6e634a,0.52,#848570,1.13,#9f9c85,1.31,#b1b39a,2.35,,Gnaphalium,Gnaphalium luteo-album
KW_T_423_10_0163L,KW_T_423_10_0163L.tif_segmented.png,2167962,2915,3611,#969c7c,5.64,#878a6d,4.92,#a7ab8c,4.54,#bbba9e,4.38,#74755e,3.09,#343026,0.43,#bbba9e,4.38,#a7ab8c,4.54,#969c7c,5.64,#878a6d,4.92,#343026,0.43,#74755e,3.09,#bbba9e,4.38,#878a6d,4.92,#969c7c,5.64,#343026,0.43,#a7ab8c,4.54,#969c7c,5.64,#878a6d,4.92,#74755e,3.09,#343026,0.43,#74755e,3.09,#bbba9e,4.38,#878a6d,4.92,#969c7c,5.64,,Asplenium,Asplenium trichomanes
KW_T_423_10_0165L,KW_T_423_10_0165L.tif_segmented.png,1859310,2909,3619,#97a38e,3.75,#afb296,2.88,#859279,2.7,#6e7e65,2.46,#b9beb0,2.35,#afb296,2.88,#5a6653,2.0,#b9beb0,2.35,#6e7e65,2.46,#97a38e,3.75,#afb296,2.88,#97a38e,3.75,#859279,2.7,#5a6653,2.0,#6e7e65,2.46,#859279,2.7,#97a38e,3.75,#afb296,2.88,#6e7e65,2.46,#b9beb0,2.35,#afb296,2.88,#97a38e,3.75,#859279,2.7,#5a6653,2.0,#6e7e65,2.46,,Pleurotus,Pleurotus ostreatus
KW_T_423_10_0167L,KW_T_423_10_0167L.tif_segmented.png,1295382,2915,3627,#beb18e,2.1,#cca354,2.0,#503d33,1.75,#7c5f44,1.72,#9a8c71,1.5,#cca354,2.0,#af7935,1.48,#503d33,1.75,#beb18e,2.1,#7c5f44,1.72,#9a8c71,1.5,#503d33,1.75,#7c5f44,1.72,#beb18e,2.1,#af7935,1.48,#cca354,2.0,#af7935,1.48,#503d33,1.75,#beb18e,2.1,#7c5f44,1.72,#9a8c71,1.5,#503d33,1.75,#7c5f44,1.72,#beb18e,2.1,#af7935,1.48,,Rumex,Rumex scutatus
KW_T_423_10_0169L,KW_T_423_10_0169L.tif_segmented.png,1787374,2905,3619,#c8c3ae,3.13,#b5af9b,2.65,#a29c89,2.23,#888173,1.63,#695e4a,0.83,#c8c3ae,3.13,#312e26,0.48,#695e4a,0.83,#b5af9b,2.65,#a29c89,2.23,#312e26,0.48,#695e4a,0.83,#888173,1.63,#a29c89,2.23,#b5af9b,2.65,#312e26,0.48,#695e4a,0.83,#a29c89,2.23,#888173,1.63,#c8c3ae,3.13,#312e26,0.48,#695e4a,0.83,#888173,1.63,#a29c89,2.23,#b5af9b,2.65,,Colchicum,Colchicum autumnale
KW_T_423_11_0010L,KW_T_423_11_0010L.tif_segmented.png,980501,2876,3611,#afaf98,3.2,#c3c0a6,2.98,#9aa292,2.1,#899185,1.55,#39352d,0.66,#39352d,0.66,#c3c0a6,2.98,#afaf98,3.2,#9aa292,2.1,#777a6e,0.5,#39352d,0.66,#777a6e,0.5,#899185,1.55,#9aa292,2.1,#afaf98,3.2,#39352d,0.66,#9aa292,2.1,#afaf98,3.2,#777a6e,0.5,#c3c0a6,2.98,#39352d,0.66,#777a6e,0.5,#899185,1.55,#9aa292,2.1,#afaf98,3.2,,Potentilla,Potentilla verna
KW_T_423_11_0012L,KW_T_423_11_0012L.tif_segmented.png,493917,2890,3607,#c9caa5,4.2,#babc95,4.13,#a5ab86,3.07,#919675,1.81,#302d25,0.74,#c9caa5,4.2,#302d25,0.74,#babc95,4.13,#a5ab86,3.07,#7b7c60,0.72,#302d25,0.74,#7b7c60,0.72,#919675,1.81,#a5ab86,3.07,#babc95,4.13,#302d25,0.74,#babc95,4.13,#c9caa5,4.2,#919675,1.81,#a5ab86,3.07,#302d25,0.74,#7b7c60,0.72,#919675,1.81,#a5ab86,3.07,#babc95,4.13,Amanitaceae,Amanita,Amanita fulva
KW_T_423_11_0014L,KW_T_423_11_0014L.tif_segmented.png,1451407,2895,3599,#bcb799,3.48,#8f977d,3.28,#cfc9b1,3.11,#a5a88b,3.08,#7b846d,2.54,#cfc9b1,3.11,#302c26,0.61,#bcb799,3.48,#a5a88b,3.08,#676f5a,1.71,#302c26,0.61,#676f5a,1.71,#7b846d,2.54,#8f977d,3.28,#a5a88b,3.08,#302c26,0.61,#8f977d,3.28,#a5a88b,3.08,#7b846d,2.54,#bcb799,3.48,#302c26,0.61,#676f5a,1.71,#7b846d,2.54,#8f977d,3.28,#a5a88b,3.08,,Ramaria,Ramaria stricta
KW_T_423_11_0016L,KW_T_423_11_0016L.tif_segmented.png,2405277,2909,3607,#8c6c4c,5.28,#baad8c,4.12,#cbc1a1,3.53,#6f5640,3.24,#aa845d,2.54,#8c6c4c,5.28,#cbc1a1,3.53,#6f5640,3.24,#aa845d,2.54,#baad8c,4.12,#a49879,2.04,#baad8c,4.12,#cbc1a1,3.53,#6f5640,3.24,#aa845d,2.54,#baad8c,4.12,#cbc1a1,3.53,#aa845d,2.54,#a49879,2.04,#8c6c4c,5.28,#a49879,2.04,#baad8c,4.12,#cbc1a1,3.53,#6f5640,3.24,#aa845d,2.54,,Callitriche,Callitriche hermaphroditica
KW_T_423_11_0018L,KW_T_423_11_0018L.tif_segmented.png,1017182,2907,3603,#c6ba98,2.88,#b0a486,2.56,#6f6050,1.87,#4d4339,1.8,#928168,1.55,#d5894d,0.22,#c6ba98,2.88,#4d4339,1.8,#b0a486,2.56,#6f6050,1.87,#4d4339,1.8,#6f6050,1.87,#928168,1.55,#d5894d,0.22,#b0a486,2.56,#d5894d,0.22,#4d4339,1.8,#b0a486,2.56,#6f6050,1.87,#c6ba98,2.88,#4d4339,1.8,#6f6050,1.87,#928168,1.55,#d5894d,0.22,#b0a486,2.56,,Tanacetum,Tanacetum parthenium
KW_T_423_11_0020L,KW_T_423_11_0020L.tif_segmented.png,5550603,2915,3607,#c5bea4,2.99,#a2977f,2.72,#b3aa96,2.69,#877d6d,1.12,#2a2720,0.69,#c5bea4,2.99,#2a2720,0.69,#6b5d49,0.44,#b3aa96,2.69,#a2977f,2.72,#6b5d49,0.44,#2a2720,0.69,#877d6d,1.12,#a2977f,2.72,#b3aa96,2.69,#2a2720,0.69,#877d6d,1.12,#6b5d49,0.44,#b3aa96,2.69,#a2977f,2.72,#6b5d49,0.44,#2a2720,0.69,#877d6d,1.12,#a2977f,2.72,#b3aa96,2.69,,Centaurea,Centaurea scabiosa
KW_T_423_11_0022L,KW_T_423_11_0022L.tif_segmented.png,893266,2917,3595,#cac7a3,2.86,#bbb794,2.66,#aba584,2.55,#939575,1.9,#797c60,1.19,#cac7a3,2.86,#343027,0.37,#bbb794,2.66,#aba584,2.55,#797c60,1.19,#343027,0.37,#797c60,1.19,#939575,1.9,#aba584,2.55,#bbb794,2.66,#343027,0.37,#aba584,2.55,#939575,1.9,#cac7a3,2.86,#797c60,1.19,#343027,0.37,#797c60,1.19,#939575,1.9,#aba584,2.55,#bbb794,2.66,,Daedalea,Daedalea quercina
KW_T_423_11_0024L,KW_T_423_11_0024L.tif_segmented.png,1617435,2929,3615,#666557,4.94,#7a7967,4.83,#8e8c77,4.24,#a5a085,4.02,#b9b194,3.16,#cdc5aa,2.08,#b9b194,3.16,#a5a085,4.02,#504e44,2.91,#666557,4.94,#b9b194,3.16,#8e8c77,4.24,#7a7967,4.83,#a5a085,4.02,#666557,4.94,#504e44,2.91,#7a7967,4.83,#a5a085,4.02,#8e8c77,4.24,#666557,4.94,#b9b194,3.16,#8e8c77,4.24,#7a7967,4.83,#a5a085,4.02,#666557,4.94,Polyporaceae,Trametes,Trametes gibbosa
KW_T_423_11_0026L,KW_T_423_11_0026L.tif_segmented.png,490417,2933,3607,#c8c09f,2.61,#b8ad8d,2.15,#a5997a,1.31,#847a66,0.8,#2b2820,0.67,#c8c09f,2.61,#2b2820,0.67,#b8ad8d,2.15,#a5997a,1.31,#5a5446,0.65,#2b2820,0.67,#5a5446,0.65,#847a66,0.8,#a5997a,1.31,#b8ad8d,2.15,#2b2820,0.67,#5a5446,0.65,#847a66,0.8,#c8c09f,2.61,#b8ad8d,2.15,#2b2820,0.67,#5a5446,0.65,#847a66,0.8,#a5997a,1.31,#b8ad8d,2.15,,Gloeophyllum,Gloeophyllum sepiarium
KW_T_423_11_0028L,KW_T_423_11_0028L.tif_segmented.png,742393,2937,3603,#c7bb9b,2.77,#b4a586,2.24,#7d0e2a,1.3,#52473a,1.1,#9e8e75,1.01,#7d0e2a,1.3,#c7bb9b,2.77,#b4a586,2.24,#52473a,1.1,#7a6755,0.79,#52473a,1.1,#7a6755,0.79,#9e8e75,1.01,#b4a586,2.24,#7d0e2a,1.3,#7d0e2a,1.3,#7a6755,0.79,#b4a586,2.24,#52473a,1.1,#c7bb9b,2.77,#52473a,1.1,#7a6755,0.79,#9e8e75,1.01,#b4a586,2.24,#7d0e2a,1.3,,Bromus,Bromus secalinus
KW_T_423_11_0030L,KW_T_423_11_0030L.tif_segmented.png,787745,2939,3607,#c7c09f,3.25,#b3ab8c,2.45,#9c9278,1.16,#292720,0.6,#51493e,0.57,#c7c09f,3.25,#b3ab8c,2.45,#292720,0.6,#51493e,0.57,#9c9278,1.16,#292720,0.6,#51493e,0.57,#776e5d,0.51,#9c9278,1.16,#b3ab8c,2.45,#292720,0.6,#51493e,0.57,#b3ab8c,2.45,#776e5d,0.51,#c7c09f,3.25,#292720,0.6,#51493e,0.57,#776e5d,0.51,#9c9278,1.16,#b3ab8c,2.45,,Allium,Allium schoenoprasum
KW_T_423_11_0032L,KW_T_423_11_0032L.tif_segmented.png,1504097,2941,3603,#cdcfad,6.41,#c1c2a1,4.76,#b4b193,2.84,#a39d80,1.57,#312e27,0.68,#cdcfad,6.41,#312e27,0.68,#c1c2a1,4.76,#b4b193,2.84,#a39d80,1.57,#312e27,0.68,#7c7864,0.56,#a39d80,1.57,#c1c2a1,4.76,#b4b193,2.84,#312e27,0.68,#cdcfad,6.41,#7c7864,0.56,#c1c2a1,4.76,#a39d80,1.57,#312e27,0.68,#7c7864,0.56,#a39d80,1.57,#c1c2a1,4.76,#b4b193,2.84,,Malva,Malva moschata
KW_T_423_11_0034L,KW_T_423_11_0034L.tif_segmented.png,1196705,2888,3599,#b5b48e,3.52,#ccc7a5,2.95,#a09e79,2.54,#868463,1.26,#d5c86b,0.83,#d5c86b,0.83,#ccc7a5,2.95,#615943,0.4,#b5b48e,3.52,#a09e79,2.54,#615943,0.4,#868463,1.26,#a09e79,2.54,#b5b48e,3.52,#d5c86b,0.83,#d5c86b,0.83,#a09e79,2.54,#b5b48e,3.52,#868463,1.26,#ccc7a5,2.95,#615943,0.4,#868463,1.26,#a09e79,2.54,#b5b48e,3.52,#d5c86b,0.83,,Flavoparmelia,Flavoparmelia spec.
KW_T_423_11_0036L,KW_T_423_11_0036L.tif_segmented.png,529703,2897,3599,#b1ad8f,2.02,#cbc5a9,1.86,#3f3931,0.99,#706755,0.93,#9a9379,0.9,#e1dd82,0.72,#cbc5a9,1.86,#3f3931,0.99,#b1ad8f,2.02,#706755,0.93,#3f3931,0.99,#706755,0.93,#9a9379,0.9,#b1ad8f,2.02,#e1dd82,0.72,#e1dd82,0.72,#3f3931,0.99,#706755,0.93,#b1ad8f,2.02,#cbc5a9,1.86,#3f3931,0.99,#706755,0.93,#9a9379,0.9,#b1ad8f,2.02,#e1dd82,0.72,,Parmelia,Parmelia spec.
KW_T_423_11_0038L,KW_T_423_11_0038L.tif_segmented.png,1311201,2909,3603,#bfbca4,2.85,#a7a38b,2.66,#8d8167,1.8,#bea06f,1.7,#d7c18c,1.6,#d7c18c,1.6,#bea06f,1.7,#675f4f,1.29,#bfbca4,2.85,#8d8167,1.8,#675f4f,1.29,#8d8167,1.8,#a7a38b,2.66,#bfbca4,2.85,#d7c18c,1.6,#d7c18c,1.6,#bea06f,1.7,#a7a38b,2.66,#675f4f,1.29,#8d8167,1.8,#675f4f,1.29,#8d8167,1.8,#a7a38b,2.66,#bfbca4,2.85,#d7c18c,1.6,,Parmelia,Parmelia spec.
KW_T_423_11_0040L,KW_T_423_11_0040L.tif_segmented.png,1260060,2919,3599,#bbbb9d,3.0,#a3a987,2.99,#919574,2.53,#79755b,0.55,#2c2921,0.52,#2c2921,0.52,#bbbb9d,3.0,#a3a987,2.99,#79755b,0.55,#919574,2.53,#2c2921,0.52,#79755b,0.55,#bbbb9d,3.0,#a3a987,2.99,#919574,2.53,#2c2921,0.52,#919574,2.53,#a3a987,2.99,#79755b,0.55,#bbbb9d,3.0,#2c2921,0.52,#79755b,0.55,#bbbb9d,3.0,#a3a987,2.99,#919574,2.53,,Phallus,Phallus impudicus
KW_T_423_11_0042L,KW_T_423_11_0042L.tif_segmented.png,630348,2923,3603,#b6b899,3.02,#9ea288,2.57,#c9c6ad,2.35,#848972,1.95,#6a6c57,1.16,#2d2922,0.56,#c9c6ad,2.35,#b6b899,3.02,#9ea288,2.57,#6a6c57,1.16,#2d2922,0.56,#6a6c57,1.16,#848972,1.95,#9ea288,2.57,#b6b899,3.02,#2d2922,0.56,#9ea288,2.57,#848972,1.95,#b6b899,3.02,#6a6c57,1.16,#2d2922,0.56,#6a6c57,1.16,#848972,1.95,#9ea288,2.57,#b6b899,3.02,,Cynodon,Cynodon dactylon
KW_T_423_11_0044L,KW_T_423_11_0044L.tif_segmented.png,170799,2927,3611,#b2b397,2.84,#c6c2a7,2.35,#999d85,1.85,#7d866e,1.4,#353128,0.44,#353128,0.44,#c6c2a7,2.35,#b2b397,2.84,#7d866e,1.4,#999d85,1.85,#353128,0.44,#7d866e,1.4,#999d85,1.85,#b2b397,2.84,#c6c2a7,2.35,#353128,0.44,#999d85,1.85,#7d866e,1.4,#b2b397,2.84,#c6c2a7,2.35,#353128,0.44,#7d866e,1.4,#999d85,1.85,#b2b397,2.84,#c6c2a7,2.35,,Campanula,Campanula trachelium
KW_T_423_11_0046L,KW_T_423_11_0046L.tif_segmented.png,1129983,2931,3599,#babd92,5.67,#cac8a8,5.27,#a6a482,4.17,#8f8a6d,2.47,#776f56,0.78,#cac8a8,5.27,#babd92,5.67,#312d25,0.56,#a6a482,4.17,#776f56,0.78,#312d25,0.56,#776f56,0.78,#8f8a6d,2.47,#a6a482,4.17,#babd92,5.67,#312d25,0.56,#babd92,5.67,#a6a482,4.17,#776f56,0.78,#cac8a8,5.27,#312d25,0.56,#776f56,0.78,#8f8a6d,2.47,#a6a482,4.17,#babd92,5.67,,Campanula,Campanula glomerata
KW_T_423_11_0048L,KW_T_423_11_0048L.tif_segmented.png,1023592,2937,3603,#c8c0a3,2.37,#b8ad90,1.98,#9d9078,1.32,#787062,0.77,#554f45,0.71,#c8c0a3,2.37,#b8ad90,1.98,#554f45,0.71,#9d9078,1.32,#787062,0.77,#554f45,0.71,#787062,0.77,#9d9078,1.32,#b8ad90,1.98,#c8c0a3,2.37,#554f45,0.71,#787062,0.77,#b8ad90,1.98,#c8c0a3,2.37,#9d9078,1.32,#554f45,0.71,#787062,0.77,#9d9078,1.32,#b8ad90,1.98,#c8c0a3,2.37,,Flammulina,Flammulina velutipes s.l.
KW_T_423_11_0050L,KW_T_423_11_0050L.tif_segmented.png,1266039,2948,3607,#c1c4a0,4.2,#afb491,3.68,#979c82,1.99,#7d8071,1.61,#5f6059,1.0,#c1c4a0,4.2,#afb491,3.68,#333029,0.4,#979c82,1.99,#7d8071,1.61,#333029,0.4,#5f6059,1.0,#7d8071,1.61,#979c82,1.99,#afb491,3.68,#333029,0.4,#afb491,3.68,#c1c4a0,4.2,#979c82,1.99,#7d8071,1.61,#333029,0.4,#5f6059,1.0,#7d8071,1.61,#979c82,1.99,#afb491,3.68,Polyporaceae,Trametes,Trametes suaveolens
KW_T_423_11_0052L,KW_T_423_11_0052L.tif_segmented.png,1608577,2948,3603,#959f86,4.45,#c9c0a6,4.3,#b0b196,3.91,#7f8c73,3.79,#656e5a,1.75,#c4976c,0.45,#c9c0a6,4.3,#b0b196,3.91,#656e5a,1.75,#959f86,4.45,#c4976c,0.45,#959f86,4.45,#7f8c73,3.79,#656e5a,1.75,#b0b196,3.91,#c4976c,0.45,#959f86,4.45,#7f8c73,3.79,#b0b196,3.91,#656e5a,1.75,#c4976c,0.45,#959f86,4.45,#7f8c73,3.79,#656e5a,1.75,#b0b196,3.91,Poaceae,Setaria,Setaria verticillata
KW_T_423_11_0054L,KW_T_423_11_0054L.tif_segmented.png,618630,2954,3619,#b7b896,2.97,#a3a485,2.5,#cec9a7,2.44,#858c72,1.56,#656c57,0.87,#cec9a7,2.44,#2c2822,0.52,#b7b896,2.97,#a3a485,2.5,#656c57,0.87,#656c57,0.87,#2c2822,0.52,#858c72,1.56,#a3a485,2.5,#b7b896,2.97,#2c2822,0.52,#a3a485,2.5,#858c72,1.56,#b7b896,2.97,#cec9a7,2.44,#656c57,0.87,#2c2822,0.52,#858c72,1.56,#a3a485,2.5,#b7b896,2.97,Caryophyllaceae,Silene,Silene vulgaris
KW_T_423_11_0056L,KW_T_423_11_0056L.tif_segmented.png,1457823,2956,3619,#c9c3b0,3.83,#baad94,3.24,#b59673,2.61,#ddcc9a,2.1,#92745b,2.05,#ddcc9a,2.1,#b59673,2.61,#2f2c25,0.61,#92745b,2.05,#c9c3b0,3.83,#2f2c25,0.61,#908b87,1.16,#b59673,2.61,#92745b,2.05,#baad94,3.24,#2f2c25,0.61,#ddcc9a,2.1,#b59673,2.61,#c9c3b0,3.83,#baad94,3.24,#2f2c25,0.61,#908b87,1.16,#b59673,2.61,#92745b,2.05,#baad94,3.24,,Melilotus,Melilotus albus
KW_T_423_11_0058L,KW_T_423_11_0058L.tif_segmented.png,2909238,2950,3619,#dacda5,5.98,#cabc9b,4.28,#b9a788,3.4,#a29072,1.81,#cfb97b,1.76,#cfb97b,1.76,#dacda5,5.98,#cabc9b,4.28,#b9a788,3.4,#7b6f59,0.59,#7b6f59,0.59,#a29072,1.81,#b9a788,3.4,#cabc9b,4.28,#dacda5,5.98,#cfb97b,1.76,#dacda5,5.98,#7b6f59,0.59,#b9a788,3.4,#cabc9b,4.28,#7b6f59,0.59,#a29072,1.81,#b9a788,3.4,#cabc9b,4.28,#dacda5,5.98,,Imleria,Imleria badia
KW_T_423_11_0060L,KW_T_423_11_0060L.tif_segmented.png,1053050,2952,3615,#c6bfa0,3.98,#b2af8f,3.85,#9e9d7e,2.53,#88886c,1.84,#6f6e57,1.05,#c6bfa0,3.98,#2c2820,0.58,#b2af8f,3.85,#9e9d7e,2.53,#6f6e57,1.05,#2c2820,0.58,#6f6e57,1.05,#88886c,1.84,#9e9d7e,2.53,#b2af8f,3.85,#2c2820,0.58,#9e9d7e,2.53,#88886c,1.84,#b2af8f,3.85,#6f6e57,1.05,#2c2820,0.58,#6f6e57,1.05,#88886c,1.84,#9e9d7e,2.53,#b2af8f,3.85,,Panellus,Panellus cf. stipticus
KW_T_423_11_0062L,KW_T_423_11_0062L.tif_segmented.png,2396558,2954,3599,#9fa288,5.36,#8d9078,5.03,#b2b497,4.42,#7a7b66,3.65,#c8c4a7,3.47,#c8c4a7,3.47,#b2b497,4.42,#646653,2.07,#9fa288,5.36,#7a7b66,3.65,#646653,2.07,#9fa288,5.36,#7a7b66,3.65,#b2b497,4.42,#8d9078,5.03,#9fa288,5.36,#7a7b66,3.65,#8d9078,5.03,#b2b497,4.42,#c8c4a7,3.47,#646653,2.07,#9fa288,5.36,#7a7b66,3.65,#b2b497,4.42,#8d9078,5.03,,Lycogala,Lycogala epidendrum
KW_T_423_11_0064L,KW_T_423_11_0064L.tif_segmented.png,1165628,2958,3603,#d1c9b0,3.61,#a4a281,2.84,#bbc490,2.56,#bbb29a,2.11,#8a846b,1.42,#bbc490,2.56,#d1c9b0,3.61,#2b2923,0.58,#bbb29a,2.11,#a4a281,2.84,#2b2923,0.58,#6c6750,0.77,#8a846b,1.42,#a4a281,2.84,#bbb29a,2.11,#2b2923,0.58,#bbc490,2.56,#a4a281,2.84,#8a846b,1.42,#6c6750,0.77,#2b2923,0.58,#6c6750,0.77,#8a846b,1.42,#a4a281,2.84,#bbb29a,2.11,,Pulsatilla,Pulsatilla vulgaris
KW_T_423_11_0066L,KW_T_423_11_0066L.tif_segmented.png,1276237,2966,3603,#d2cbb5,3.08,#c9bd99,2.33,#aa9e81,1.85,#5d564a,1.12,#857a66,0.92,#c9bd99,2.33,#d2cbb5,3.08,#5d564a,1.12,#aa9e81,1.85,#857a66,0.92,#5d564a,1.12,#857a66,0.92,#aa9e81,1.85,#c9bd99,2.33,#d2cbb5,3.08,#5d564a,1.12,#857a66,0.92,#c9bd99,2.33,#aa9e81,1.85,#d2cbb5,3.08,#5d564a,1.12,#857a66,0.92,#aa9e81,1.85,#c9bd99,2.33,#d2cbb5,3.08,Lamiaceae,Clinopodium,Clinopodium vulgare
KW_T_423_11_0068L,KW_T_423_11_0068L.tif_segmented.png,868528,2972,3603,#d7c99f,3.66,#caba92,2.77,#b6a784,1.91,#9e8d6d,0.74,#2c2a23,0.57,#d7c99f,3.66,#caba92,2.77,#2c2a23,0.57,#b6a784,1.91,#9e8d6d,0.74,#786c56,0.28,#2c2a23,0.57,#9e8d6d,0.74,#b6a784,1.91,#caba92,2.77,#2c2a23,0.57,#d7c99f,3.66,#786c56,0.28,#caba92,2.77,#b6a784,1.91,#786c56,0.28,#2c2a23,0.57,#9e8d6d,0.74,#b6a784,1.91,#caba92,2.77,,Fucus,Fucus vesiculosus
KW_T_423_11_0070L,KW_T_423_11_0070L.tif_segmented.png,1048863,2974,3607,#b1b492,3.92,#c3c19f,3.78,#a0a082,2.61,#8b8a6f,2.55,#75735b,1.69,#c3c19f,3.78,#b1b492,3.92,#75735b,1.69,#a0a082,2.61,#8b8a6f,2.55,#75735b,1.69,#8b8a6f,2.55,#a0a082,2.61,#b1b492,3.92,#c3c19f,3.78,#b1b492,3.92,#a0a082,2.61,#75735b,1.69,#c3c19f,3.78,#8b8a6f,2.55,#75735b,1.69,#8b8a6f,2.55,#a0a082,2.61,#b1b492,3.92,#c3c19f,3.78,,Funaria,Funaria hygrometrica
KW_T_423_11_0072L,KW_T_423_11_0072L.tif_segmented.png,1665071,2980,3611,#b5b798,6.6,#a4a58a,4.63,#cbc4a6,4.59,#94947a,3.81,#83806a,3.4,#cbc4a6,4.59,#b5b798,6.6,#706953,1.63,#a4a58a,4.63,#83806a,3.4,#706953,1.63,#83806a,3.4,#94947a,3.81,#a4a58a,4.63,#b5b798,6.6,#a4a58a,4.63,#83806a,3.4,#b5b798,6.6,#706953,1.63,#94947a,3.81,#706953,1.63,#83806a,3.4,#94947a,3.81,#a4a58a,4.63,#b5b798,6.6,,Trichia,Trichia spec.
KW_T_423_11_0074L,KW_T_423_11_0074L.tif_segmented.png,767291,2984,3607,#d0c9a6,5.23,#c1ba95,3.89,#ada783,2.14,#988e6e,1.13,#2b2821,0.7,#d0c9a6,5.23,#2b2821,0.7,#c1ba95,3.89,#76674c,0.56,#ada783,2.14,#76674c,0.56,#2b2821,0.7,#988e6e,1.13,#ada783,2.14,#c1ba95,3.89,#2b2821,0.7,#ada783,2.14,#d0c9a6,5.23,#76674c,0.56,#c1ba95,3.89,#76674c,0.56,#2b2821,0.7,#988e6e,1.13,#ada783,2.14,#c1ba95,3.89,,Hygrocybe,Hygrocybe coccinea
KW_T_423_11_0076L,KW_T_423_11_0076L.tif_segmented.png,2297643,2984,3607,#c5c19e,4.74,#b0b390,4.4,#9fa182,4.08,#d4ceb1,3.72,#8b8a72,3.43,#d4ceb1,3.72,#c5c19e,4.74,#b0b390,4.4,#6c6956,1.59,#9fa182,4.08,#6c6956,1.59,#8b8a72,3.43,#9fa182,4.08,#b0b390,4.4,#c5c19e,4.74,#9fa182,4.08,#b0b390,4.4,#c5c19e,4.74,#8b8a72,3.43,#6c6956,1.59,#6c6956,1.59,#8b8a72,3.43,#9fa182,4.08,#b0b390,4.4,#c5c19e,4.74,,Hygrocybe,Hygrocybe conica
KW_T_423_11_0078L,KW_T_423_11_0078L.tif_segmented.png,811767,2988,3603,#c2b89a,2.49,#978560,2.0,#827257,1.88,#b0a587,1.47,#282620,0.73,#c2b89a,2.49,#282620,0.73,#978560,2.0,#b0a587,1.47,#827257,1.88,#282620,0.73,#c2b89a,2.49,#b0a587,1.47,#5e5546,0.53,#978560,2.0,#282620,0.73,#b0a587,1.47,#827257,1.88,#5e5546,0.53,#978560,2.0,#282620,0.73,#c2b89a,2.49,#b0a587,1.47,#5e5546,0.53,#978560,2.0,,Bunium,Bunium bulbocastanum
KW_T_423_11_0080L,KW_T_423_11_0080L.tif_segmented.png,1125124,2990,3603,#bab490,3.15,#cec2ab,2.33,#c99d9f,2.25,#ba8186,1.82,#9b9878,1.79,#ba8186,1.82,#c99d9f,2.25,#cec2ab,2.33,#bab490,3.15,#a1696d,1.29,#716c56,1.09,#9b9878,1.79,#bab490,3.15,#a1696d,1.29,#ba8186,1.82,#a1696d,1.29,#ba8186,1.82,#c99d9f,2.25,#bab490,3.15,#9b9878,1.79,#716c56,1.09,#9b9878,1.79,#bab490,3.15,#a1696d,1.29,#ba8186,1.82,,Allium,Allium ursinum
KW_T_423_11_0082L,KW_T_423_11_0082L.tif_segmented.png,583299,2986,3595,#c1ba9a,2.79,#afa889,2.15,#948f74,1.13,#2d2a22,0.55,#746f5a,0.5,#c1ba9a,2.79,#2d2a22,0.55,#afa889,2.15,#746f5a,0.5,#948f74,1.13,#746f5a,0.5,#2d2a22,0.55,#948f74,1.13,#afa889,2.15,#c1ba9a,2.79,#2d2a22,0.55,#746f5a,0.5,#afa889,2.15,#c1ba9a,2.79,#948f74,1.13,#746f5a,0.5,#2d2a22,0.55,#948f74,1.13,#afa889,2.15,#c1ba9a,2.79,,Hypericum,Hypericum pulchrum
KW_T_423_11_0084L,KW_T_423_11_0084L.tif_segmented.png,952890,2917,3595,#bcad88,2.07,#9c7d58,1.87,#b0976f,1.83,#cec097,1.49,#715b45,1.23,#cec097,1.49,#715b45,1.23,#b0976f,1.83,#9c7d58,1.87,#bcad88,2.07,#715b45,1.23,#9c7d58,1.87,#b0976f,1.83,#cec097,1.49,#bcad88,2.07,#cec097,1.49,#bcad88,2.07,#b0976f,1.83,#715b45,1.23,#9c7d58,1.87,#715b45,1.23,#9c7d58,1.87,#b0976f,1.83,#cec097,1.49,#bcad88,2.07,,Clavulinopsis,Clavulinopsis corniculata
KW_T_423_11_0086L,KW_T_423_11_0086L.tif_segmented.png,947438,2927,3587,#bcbd97,2.74,#a5a881,2.04,#8c8d6d,1.56,#737359,1.5,#535142,1.41,#bcbd97,2.74,#2d2a22,0.56,#a5a881,2.04,#535142,1.41,#8c8d6d,1.56,#2d2a22,0.56,#535142,1.41,#bcbd97,2.74,#a5a881,2.04,#737359,1.5,#2d2a22,0.56,#bcbd97,2.74,#535142,1.41,#8c8d6d,1.56,#a5a881,2.04,#2d2a22,0.56,#535142,1.41,#bcbd97,2.74,#a5a881,2.04,#737359,1.5,,Clavulinopsis,Clavulinopsis helvola s.l.
KW_T_423_11_0089L,KW_T_423_11_0089L.tif_segmented.png,1019246,2946,3591,#bdb79a,2.34,#cdc8ae,2.02,#aaa689,1.87,#968e74,1.53,#7e735e,1.25,#cdc8ae,2.02,#645847,1.15,#bdb79a,2.34,#aaa689,1.87,#7e735e,1.25,#645847,1.15,#7e735e,1.25,#968e74,1.53,#aaa689,1.87,#bdb79a,2.34,#7e735e,1.25,#aaa689,1.87,#cdc8ae,2.02,#645847,1.15,#bdb79a,2.34,#645847,1.15,#7e735e,1.25,#968e74,1.53,#aaa689,1.87,#bdb79a,2.34,,Clavaria,Clavaria argillacea
KW_T_423_11_0091L,KW_T_423_11_0091L.tif_segmented.png,1128205,2946,3607,#adb392,3.64,#949f82,2.87,#c5c49e,2.37,#80876f,2.21,#676d58,1.33,#28261d,0.66,#c5c49e,2.37,#adb392,3.64,#949f82,2.87,#676d58,1.33,#28261d,0.66,#676d58,1.33,#adb392,3.64,#c5c49e,2.37,#80876f,2.21,#28261d,0.66,#adb392,3.64,#80876f,2.21,#949f82,2.87,#c5c49e,2.37,#28261d,0.66,#676d58,1.33,#adb392,3.64,#c5c49e,2.37,#80876f,2.21,,Bulgaria,Bulgaria inquinans
KW_T_423_11_0093L,KW_T_423_11_0093L.tif_segmented.png,734364,2960,3595,#bab696,2.24,#d0cbaf,2.12,#9ca07f,1.77,#828769,1.46,#686c54,0.98,#d0cbaf,2.12,#2b2921,0.48,#bab696,2.24,#9ca07f,1.77,#686c54,0.98,#2b2921,0.48,#9ca07f,1.77,#686c54,0.98,#828769,1.46,#bab696,2.24,#2b2921,0.48,#9ca07f,1.77,#828769,1.46,#d0cbaf,2.12,#bab696,2.24,#2b2921,0.48,#9ca07f,1.77,#686c54,0.98,#828769,1.46,#bab696,2.24,,Armillaria,Armillaria ostoyae
KW_T_423_11_0095L,KW_T_423_11_0095L.tif_segmented.png,492954,2964,3595,#bbb899,2.44,#a1a285,1.19,#83806b,0.86,#332f26,0.45,,,#332f26,0.45,#bbb899,2.44,#a1a285,1.19,#83806b,0.86,,,#332f26,0.45,#83806b,0.86,#a1a285,1.19,#bbb899,2.44,,,#332f26,0.45,#a1a285,1.19,#83806b,0.86,#bbb899,2.44,,,#332f26,0.45,#83806b,0.86,#a1a285,1.19,#bbb899,2.44,,,,Stropharia,Stropharia caerulea
KW_T_423_11_0097L,KW_T_423_11_0097L.tif_segmented.png,1509341,2966,3603,#b4a895,3.71,#c8bca6,3.44,#837763,2.78,#9b8f7b,2.33,#655c4d,1.78,#c8bca6,3.44,#2e2b23,0.54,#b4a895,3.71,#655c4d,1.78,#837763,2.78,#2e2b23,0.54,#655c4d,1.78,#837763,2.78,#9b8f7b,2.33,#b4a895,3.71,#2e2b23,0.54,#837763,2.78,#655c4d,1.78,#b4a895,3.71,#9b8f7b,2.33,#2e2b23,0.54,#655c4d,1.78,#837763,2.78,#9b8f7b,2.33,#b4a895,3.71,,Poronia,Poronia punctata s.l.
KW_T_423_11_0099L,KW_T_423_11_0099L.tif_segmented.png,1034098,2970,3591,#d2cbb4,2.59,#beb492,2.12,#766151,2.12,#987860,2.1,#ad9274,1.82,#e8de97,1.42,#d2cbb4,2.59,#beb492,2.12,#ad9274,1.82,#987860,2.1,#beb492,2.12,#504c42,0.79,#ad9274,1.82,#766151,2.12,#e8de97,1.42,#e8de97,1.42,#504c42,0.79,#766151,2.12,#beb492,2.12,#d2cbb4,2.59,#beb492,2.12,#504c42,0.79,#ad9274,1.82,#766151,2.12,#e8de97,1.42,,Cuscuta,Cuscuta europaea
KW_T_423_11_0101L,KW_T_423_11_0101L.tif_segmented.png,270475,2933,3611,#c4bea3,0.96,#a6a486,0.78,#8a876c,0.78,#302d25,0.61,#69624b,0.36,#c4bea3,0.96,#302d25,0.61,#69624b,0.36,#a6a486,0.78,#8a876c,0.78,#69624b,0.36,#a6a486,0.78,#8a876c,0.78,#302d25,0.61,#c4bea3,0.96,#302d25,0.61,#a6a486,0.78,#8a876c,0.78,#69624b,0.36,#c4bea3,0.96,#69624b,0.36,#a6a486,0.78,#8a876c,0.78,#302d25,0.61,#c4bea3,0.96,,Misopates,Misopates orontium
KW_T_423_11_0103L,KW_T_423_11_0103L.tif_segmented.png,1234340,2931,3603,#a7a677,3.15,#bebc89,2.93,#918d69,2.56,#cfcbad,2.03,#787158,1.72,#3e372a,0.46,#bebc89,2.93,#cfcbad,2.03,#a7a677,3.15,#787158,1.72,#3e372a,0.46,#787158,1.72,#918d69,2.56,#a7a677,3.15,#bebc89,2.93,#bebc89,2.93,#3e372a,0.46,#a7a677,3.15,#787158,1.72,#918d69,2.56,#3e372a,0.46,#787158,1.72,#918d69,2.56,#a7a677,3.15,#bebc89,2.93,,Vicia,Vicia lathyroides
KW_T_423_11_0105L,KW_T_423_11_0105L.tif_segmented.png,819454,2939,3607,#a79676,2.31,#cfc8b0,2.25,#bcb091,2.23,#8e795e,1.14,#27251d,0.71,#cfc8b0,2.25,#27251d,0.71,#bcb091,2.23,#6a5a44,0.6,#a79676,2.31,#6a5a44,0.6,#8e795e,1.14,#a79676,2.31,#27251d,0.71,#bcb091,2.23,#27251d,0.71,#cfc8b0,2.25,#bcb091,2.23,#6a5a44,0.6,#a79676,2.31,#6a5a44,0.6,#8e795e,1.14,#a79676,2.31,#27251d,0.71,#bcb091,2.23,Salicaceae,Salix,Salix caprea
KW_T_423_11_0107L,KW_T_423_11_0107L.tif_segmented.png,627708,2941,3607,#d1c8a3,3.04,#bab08c,1.79,#9d9272,1.02,#7b735b,0.62,#524a37,0.27,#d1c8a3,3.04,#524a37,0.27,#bab08c,1.79,#9d9272,1.02,#7b735b,0.62,#524a37,0.27,#7b735b,0.62,#9d9272,1.02,#bab08c,1.79,#d1c8a3,3.04,#7b735b,0.62,#d1c8a3,3.04,#bab08c,1.79,#524a37,0.27,#9d9272,1.02,#524a37,0.27,#7b735b,0.62,#9d9272,1.02,#bab08c,1.79,#d1c8a3,3.04,,Panaeolus,Panaeolus semiovatus
KW_T_423_11_0109L,KW_T_423_11_0109L.tif_segmented.png,672908,2954,3611,#c2be99,2.33,#8d8561,1.45,#a6a57c,1.35,#6b6248,1.07,#28261f,0.56,#c2be99,2.33,#28261f,0.56,#a6a57c,1.35,#6b6248,1.07,#8d8561,1.45,#28261f,0.56,#6b6248,1.07,#8d8561,1.45,#a6a57c,1.35,#c2be99,2.33,#28261f,0.56,#a6a57c,1.35,#c2be99,2.33,#8d8561,1.45,#6b6248,1.07,#28261f,0.56,#6b6248,1.07,#8d8561,1.45,#a6a57c,1.35,#c2be99,2.33,,Panaeolus,Panaeolus papilionaceus
KW_T_423_11_0111L,KW_T_423_11_0111L.tif_segmented.png,499962,2954,3603,#cdcaa8,1.89,#bbb89a,1.77,#a1a087,1.3,#86836e,0.91,#27261e,0.66,#cdcaa8,1.89,#27261e,0.66,#bbb89a,1.77,#625a47,0.33,#a1a087,1.3,#625a47,0.33,#27261e,0.66,#86836e,0.91,#a1a087,1.3,#bbb89a,1.77,#27261e,0.66,#cdcaa8,1.89,#a1a087,1.3,#86836e,0.91,#625a47,0.33,#625a47,0.33,#27261e,0.66,#86836e,0.91,#a1a087,1.3,#bbb89a,1.77,,Coprinellus,Coprinellus micaceus s.l.
KW_T_423_11_0113L,KW_T_423_11_0113L.tif_segmented.png,788850,2958,3595,#b9b898,1.63,#c9c7a7,1.55,#aaa888,1.01,#979374,0.9,#76715c,0.65,#2f2c24,0.64,#c9c7a7,1.55,#b9b898,1.63,#aaa888,1.01,#76715c,0.65,#2f2c24,0.64,#76715c,0.65,#979374,0.9,#aaa888,1.01,#b9b898,1.63,#2f2c24,0.64,#aaa888,1.01,#76715c,0.65,#c9c7a7,1.55,#b9b898,1.63,#2f2c24,0.64,#76715c,0.65,#979374,0.9,#aaa888,1.01,#b9b898,1.63,,Ligustrum,Ligustrum vulgare
KW_T_423_11_0115L,KW_T_423_11_0115L.tif_segmented.png,1204625,2960,3611,#b9b898,2.64,#7e8876,2.52,#677263,2.35,#99a186,2.21,#4e574c,1.65,#b9b898,2.64,#2c2b24,0.59,#99a186,2.21,#4e574c,1.65,#7e8876,2.52,#2c2b24,0.59,#b9b898,2.64,#99a186,2.21,#4e574c,1.65,#7e8876,2.52,#2c2b24,0.59,#99a186,2.21,#4e574c,1.65,#7e8876,2.52,#b9b898,2.64,#2c2b24,0.59,#b9b898,2.64,#99a186,2.21,#4e574c,1.65,#7e8876,2.52,,Rosa,Rosa rubiginosa
KW_T_423_11_0117L,KW_T_423_11_0117L.tif_segmented.png,600327,2962,3607,#c5bfa0,2.07,#b5ae8b,1.6,#9d9470,1.09,#7c7154,1.02,#322e24,0.49,#322e24,0.49,#c5bfa0,2.07,#b5ae8b,1.6,#7c7154,1.02,#9d9470,1.09,#322e24,0.49,#7c7154,1.02,#9d9470,1.09,#b5ae8b,1.6,#c5bfa0,2.07,#322e24,0.49,#7c7154,1.02,#b5ae8b,1.6,#9d9470,1.09,#c5bfa0,2.07,#322e24,0.49,#7c7154,1.02,#9d9470,1.09,#b5ae8b,1.6,#c5bfa0,2.07,Fabaceae,Trifolium,Trifolium dubium
KW_T_423_11_0119L,KW_T_423_11_0119L.tif_segmented.png,628541,2921,3595,#ccc6ae,2.02,#beb699,1.77,#968464,0.76,#b0a181,0.75,#7d6a50,0.63,#ccc6ae,2.02,#2e2b25,0.61,#beb699,1.77,#7d6a50,0.63,#b0a181,0.75,#2e2b25,0.61,#7d6a50,0.63,#968464,0.76,#b0a181,0.75,#beb699,1.77,#2e2b25,0.61,#7d6a50,0.63,#b0a181,0.75,#ccc6ae,2.02,#beb699,1.77,#2e2b25,0.61,#7d6a50,0.63,#968464,0.76,#b0a181,0.75,#beb699,1.77,,Laccaria,Laccaria laccata (boven); Laccaria amethystina (onder)
KW_T_423_11_0121L,KW_T_423_11_0121L.tif_segmented.png,220707,2925,3603,#bdb99f,1.29,#9d9d84,0.85,#2e2c25,0.67,#86846b,0.57,#67624c,0.39,#bdb99f,1.29,#2e2c25,0.67,#67624c,0.39,#9d9d84,0.85,#86846b,0.57,#2e2c25,0.67,#67624c,0.39,#86846b,0.57,#9d9d84,0.85,#bdb99f,1.29,#2e2c25,0.67,#9d9d84,0.85,#86846b,0.57,#67624c,0.39,#bdb99f,1.29,#2e2c25,0.67,#67624c,0.39,#86846b,0.57,#9d9d84,0.85,#bdb99f,1.29,,Hypholoma,Hypholoma fasciculare
KW_T_423_11_0123L,KW_T_423_11_0123L.tif_segmented.png,381746,2895,3607,#b9b7a1,1.68,#9fa195,0.96,#2a2821,0.75,#7f7e72,0.6,#5d5444,0.11,#2a2821,0.75,#b9b7a1,1.68,#5d5444,0.11,#9fa195,0.96,#7f7e72,0.6,#5d5444,0.11,#2a2821,0.75,#7f7e72,0.6,#9fa195,0.96,#b9b7a1,1.68,#2a2821,0.75,#7f7e72,0.6,#5d5444,0.11,#9fa195,0.96,#b9b7a1,1.68,#5d5444,0.11,#2a2821,0.75,#7f7e72,0.6,#9fa195,0.96,#b9b7a1,1.68,Russulaceae,Lactarius,Lactarius controversus
KW_T_423_11_0125L,KW_T_423_11_0125L.tif_segmented.png,581047,2909,3599,#c9c9ba,2.0,#bab69b,1.56,#7e7761,1.25,#9f9a79,1.03,#5f5949,0.94,#292721,0.67,#bab69b,1.56,#c9c9ba,2.0,#9f9a79,1.03,#5f5949,0.94,#292721,0.67,#5f5949,0.94,#7e7761,1.25,#bab69b,1.56,#9f9a79,1.03,#292721,0.67,#7e7761,1.25,#5f5949,0.94,#9f9a79,1.03,#bab69b,1.56,#292721,0.67,#5f5949,0.94,#7e7761,1.25,#bab69b,1.56,#9f9a79,1.03,Russulaceae,Lactarius,Lactarius zonarius
KW_T_423_11_0127L,KW_T_423_11_0127L.tif_segmented.png,373378,2915,3603,#c8c4ad,1.25,#6f6852,1.12,#b3ae94,1.07,#90896f,0.98,#2a2723,0.78,#2a2723,0.78,#c8c4ad,1.25,#b3ae94,1.07,#6f6852,1.12,#90896f,0.98,#2a2723,0.78,#6f6852,1.12,#b3ae94,1.07,#90896f,0.98,#c8c4ad,1.25,#2a2723,0.78,#6f6852,1.12,#90896f,0.98,#b3ae94,1.07,#c8c4ad,1.25,#2a2723,0.78,#6f6852,1.12,#b3ae94,1.07,#90896f,0.98,#c8c4ad,1.25,Russulaceae,Lactarius,Lactarius torminosus
KW_T_423_11_0129L,KW_T_423_11_0129L.tif_segmented.png,519818,2919,3607,#bcb7a1,2.08,#a29c86,1.54,#897f67,1.54,#665f4d,1.07,#282720,0.83,#282720,0.83,#bcb7a1,2.08,#a29c86,1.54,#665f4d,1.07,#897f67,1.54,#282720,0.83,#665f4d,1.07,#a29c86,1.54,#897f67,1.54,#bcb7a1,2.08,#282720,0.83,#665f4d,1.07,#897f67,1.54,#a29c86,1.54,#bcb7a1,2.08,#282720,0.83,#665f4d,1.07,#a29c86,1.54,#897f67,1.54,#bcb7a1,2.08,,Galium,Galium sylvaticum
KW_T_423_11_0131L,KW_T_423_11_0131L.tif_segmented.png,957766,2923,3611,#cfcdbb,2.33,#babaa2,2.32,#848e73,1.79,#9ea58c,1.64,#6a715a,1.31,#292721,0.77,#cfcdbb,2.33,#babaa2,2.32,#6a715a,1.31,#9ea58c,1.64,#292721,0.77,#9ea58c,1.64,#6a715a,1.31,#babaa2,2.32,#848e73,1.79,#292721,0.77,#9ea58c,1.64,#848e73,1.79,#6a715a,1.31,#babaa2,2.32,#292721,0.77,#9ea58c,1.64,#6a715a,1.31,#babaa2,2.32,#848e73,1.79,,Potamogeton,Potamogeton lucens
KW_T_423_11_0133L,KW_T_423_11_0133L.tif_segmented.png,1498740,2927,3615,#899974,3.73,#707f62,3.28,#a4b185,2.32,#bebf9a,2.09,#58654d,1.76,#e6e191,1.6,#bebf9a,2.09,#a4b185,2.32,#58654d,1.76,#899974,3.73,#bebf9a,2.09,#58654d,1.76,#a4b185,2.32,#707f62,3.28,#899974,3.73,#e6e191,1.6,#bebf9a,2.09,#899974,3.73,#a4b185,2.32,#707f62,3.28,#bebf9a,2.09,#58654d,1.76,#a4b185,2.32,#707f62,3.28,#899974,3.73,,Stachys,Stachys officinalis
KW_T_423_11_0135L,KW_T_423_11_0135L.tif_segmented.png,1158946,2929,3623,#777d68,2.28,#8c9177,2.01,#b8b99d,1.93,#a0a589,1.91,#5f6653,1.74,#b8b99d,1.93,#5f6653,1.74,#a0a589,1.91,#777d68,2.28,#8c9177,2.01,#a0a589,1.91,#8c9177,2.01,#5f6653,1.74,#777d68,2.28,#b8b99d,1.93,#a0a589,1.91,#777d68,2.28,#8c9177,2.01,#b8b99d,1.93,#5f6653,1.74,#a0a589,1.91,#8c9177,2.01,#5f6653,1.74,#777d68,2.28,#b8b99d,1.93,Amanitaceae,Amanita,Amanita phalloides
KW_T_423_11_0137L,KW_T_423_11_0137L.tif_segmented.png,1355691,2923,3611,#b2bc9b,4.54,#c8cbaf,4.09,#a0ab8d,2.49,#8f947a,1.97,#797b65,1.32,#c8cbaf,4.09,#b2bc9b,4.54,#5e5e4c,0.99,#a0ab8d,2.49,#797b65,1.32,#5e5e4c,0.99,#797b65,1.32,#8f947a,1.97,#a0ab8d,2.49,#b2bc9b,4.54,#b2bc9b,4.54,#797b65,1.32,#a0ab8d,2.49,#8f947a,1.97,#c8cbaf,4.09,#5e5e4c,0.99,#797b65,1.32,#8f947a,1.97,#a0ab8d,2.49,#b2bc9b,4.54,,Xylaria,Xylaria polymorpha
KW_T_423_11_0139L,KW_T_423_11_0139L.tif_segmented.png,774527,2919,3615,#ccc6b0,1.96,#b5b09c,1.49,#817360,1.33,#998e7a,1.24,#5e5446,0.84,#ccc6b0,1.96,#28251f,0.72,#b5b09c,1.49,#5e5446,0.84,#817360,1.33,#5e5446,0.84,#817360,1.33,#998e7a,1.24,#28251f,0.72,#b5b09c,1.49,#28251f,0.72,#817360,1.33,#5e5446,0.84,#ccc6b0,1.96,#b5b09c,1.49,#5e5446,0.84,#817360,1.33,#998e7a,1.24,#28251f,0.72,#b5b09c,1.49,,Geoglossum,Geoglossum umbratile s.l.
KW_T_423_11_0141L,KW_T_423_11_0141L.tif_segmented.png,1897512,2905,3603,#a4b18a,4.45,#b5bd99,4.43,#939d7e,3.53,#d1cfb4,2.55,#7e876b,2.38,#d1cfb4,2.55,#2e2b25,0.6,#b5bd99,4.43,#a4b18a,4.45,#656650,1.37,#2e2b25,0.6,#656650,1.37,#7e876b,2.38,#b5bd99,4.43,#939d7e,3.53,#2e2b25,0.6,#b5bd99,4.43,#939d7e,3.53,#7e876b,2.38,#a4b18a,4.45,#2e2b25,0.6,#656650,1.37,#7e876b,2.38,#b5bd99,4.43,#939d7e,3.53,,Marasmius,Marasmius oreades
KW_T_423_11_0143L,KW_T_423_11_0143L.tif_segmented.png,2075206,2915,3599,#8f9b7a,4.58,#55624b,3.46,#737e62,3.41,#afb795,3.27,#d0ceaf,2.46,#e5de75,2.12,#d4c458,1.4,#d0ceaf,2.46,#55624b,3.46,#afb795,3.27,#afb795,3.27,#8f9b7a,4.58,#55624b,3.46,#737e62,3.41,#d4c458,1.4,#e5de75,2.12,#d4c458,1.4,#afb795,3.27,#8f9b7a,4.58,#d0ceaf,2.46,#afb795,3.27,#8f9b7a,4.58,#55624b,3.46,#737e62,3.41,#d4c458,1.4,Poaceae,Setaria,Setaria viridis
KW_T_423_11_0145L,KW_T_423_11_0145L.tif_segmented.png,1664910,2919,3619,#849170,4.1,#6a725a,3.26,#cac0ad,3.1,#a6b089,2.18,#b88c93,1.88,#cac0ad,3.1,#b88c93,1.88,#2c2922,0.91,#a6b089,2.18,#9d6d74,1.36,#2c2922,0.91,#a6b089,2.18,#6a725a,3.26,#9d6d74,1.36,#849170,4.1,#2c2922,0.91,#9d6d74,1.36,#b88c93,1.88,#849170,4.1,#a6b089,2.18,#2c2922,0.91,#a6b089,2.18,#6a725a,3.26,#9d6d74,1.36,#849170,4.1,,Cichorium,Cichorium intybus
KW_T_423_11_0147L,KW_T_423_11_0147L.tif_segmented.png,661788,2925,3627,#abc685,2.84,#9ab478,1.64,#d2cfb7,1.39,#bdc39a,1.27,#858b69,1.07,#abc685,2.84,#9ab478,1.64,#2c2a23,0.79,#d2cfb7,1.39,#bdc39a,1.27,#66614c,0.26,#858b69,1.07,#2c2a23,0.79,#bdc39a,1.27,#9ab478,1.64,#2c2a23,0.79,#bdc39a,1.27,#abc685,2.84,#858b69,1.07,#66614c,0.26,#66614c,0.26,#858b69,1.07,#2c2a23,0.79,#bdc39a,1.27,#9ab478,1.64,,Artemisia,Artemisia maritima
KW_T_423_11_0149L,KW_T_423_11_0149L.tif_segmented.png,2312113,2917,3611,#d0d5ab,5.66,#bcd491,3.68,#a3b384,3.21,#bdbe9f,2.77,#8e9873,1.74,#bcd491,3.68,#d0d5ab,5.66,#312e27,0.76,#a3b384,3.21,#bdbe9f,2.77,#312e27,0.76,#7a755c,0.74,#8e9873,1.74,#bdbe9f,2.77,#d0d5ab,5.66,#312e27,0.76,#bcd491,3.68,#d0d5ab,5.66,#7a755c,0.74,#bdbe9f,2.77,#312e27,0.76,#7a755c,0.74,#8e9873,1.74,#bdbe9f,2.77,#d0d5ab,5.66,,Calla,Calla palustris
KW_T_423_11_0151L,KW_T_423_11_0151L.tif_segmented.png,448094,2921,3603,#c0bea6,1.88,#aaa890,1.07,#8e8c78,0.87,#302d25,0.64,#77705e,0.61,#302d25,0.64,#c0bea6,1.88,#aaa890,1.07,#77705e,0.61,#8e8c78,0.87,#302d25,0.64,#77705e,0.61,#8e8c78,0.87,#aaa890,1.07,#c0bea6,1.88,#302d25,0.64,#77705e,0.61,#aaa890,1.07,#8e8c78,0.87,#c0bea6,1.88,#302d25,0.64,#77705e,0.61,#8e8c78,0.87,#aaa890,1.07,#c0bea6,1.88,Russulaceae,Lactarius,Lactarius necator
KW_T_423_11_0153L,KW_T_423_11_0153L.tif_segmented.png,1606972,2923,3611,#919b76,3.57,#808b69,3.34,#a4ab87,2.6,#bdbc9d,2.53,#6f785b,1.78,#2f2c25,0.57,#bdbc9d,2.53,#a4ab87,2.6,#919b76,3.57,#808b69,3.34,#2f2c25,0.57,#bdbc9d,2.53,#a4ab87,2.6,#919b76,3.57,#808b69,3.34,#2f2c25,0.57,#a4ab87,2.6,#919b76,3.57,#bdbc9d,2.53,#808b69,3.34,#2f2c25,0.57,#bdbc9d,2.53,#a4ab87,2.6,#919b76,3.57,#808b69,3.34,,Rosa,Rosa gallica
KW_T_423_11_0155L,KW_T_423_11_0155L.tif_segmented.png,1014419,2921,3603,#b9be9b,4.18,#a8ae8c,3.24,#cdcab1,1.94,#959a7a,1.87,#7d7c61,0.65,#302d25,0.63,#b9be9b,4.18,#cdcab1,1.94,#a8ae8c,3.24,#7d7c61,0.65,#302d25,0.63,#7d7c61,0.65,#959a7a,1.87,#a8ae8c,3.24,#b9be9b,4.18,#302d25,0.63,#a8ae8c,3.24,#b9be9b,4.18,#959a7a,1.87,#7d7c61,0.65,#302d25,0.63,#7d7c61,0.65,#959a7a,1.87,#a8ae8c,3.24,#b9be9b,4.18,,Genista,Genista germanica
KW_T_423_11_0157L,KW_T_423_11_0157L.tif_segmented.png,1694594,2921,3619,#cdbe99,3.72,#e2d6a8,3.52,#bba884,2.92,#9e6f54,2.78,#ac8a6a,2.59,#e2d6a8,3.52,#885940,1.83,#cdbe99,3.72,#9e6f54,2.78,#bba884,2.92,#ac8a6a,2.59,#bba884,2.92,#cdbe99,3.72,#9e6f54,2.78,#885940,1.83,#e2d6a8,3.52,#bba884,2.92,#cdbe99,3.72,#9e6f54,2.78,#885940,1.83,#ac8a6a,2.59,#bba884,2.92,#cdbe99,3.72,#9e6f54,2.78,#885940,1.83,Orobanchaceae,Orobanche,Orobanche rapum-genistae
KW_T_423_11_0159L,KW_T_423_11_0159L.tif_segmented.png,996430,2919,3623,#c0bca7,3.02,#aba895,2.18,#4f4c44,1.26,#8d8a7f,1.22,#69675d,1.17,#c0bca7,3.02,#2a2821,0.81,#aba895,2.18,#4f4c44,1.26,#69675d,1.17,#2a2821,0.81,#8d8a7f,1.22,#69675d,1.17,#4f4c44,1.26,#aba895,2.18,#2a2821,0.81,#4f4c44,1.26,#aba895,2.18,#c0bca7,3.02,#8d8a7f,1.22,#2a2821,0.81,#8d8a7f,1.22,#69675d,1.17,#4f4c44,1.26,#aba895,2.18,,Pellia,Pellia epiphylla
KW_T_423_11_0161L,KW_T_423_11_0161L.tif_segmented.png,523748,2915,3623,#b7b799,2.24,#cdc7af,1.72,#9ca188,1.17,#858b74,1.06,#686b59,0.89,#cdc7af,1.72,#2e2c25,0.64,#b7b799,2.24,#686b59,0.89,#9ca188,1.17,#686b59,0.89,#2e2c25,0.64,#858b74,1.06,#9ca188,1.17,#b7b799,2.24,#2e2c25,0.64,#9ca188,1.17,#858b74,1.06,#b7b799,2.24,#686b59,0.89,#686b59,0.89,#2e2c25,0.64,#858b74,1.06,#9ca188,1.17,#b7b799,2.24,,Plagiochila,Plagiochila aspleniodides
KW_T_423_11_0163L,KW_T_423_11_0163L.tif_segmented.png,474355,2911,3631,#aeae95,2.27,#c1bfa3,2.18,#959882,1.22,#2e2b24,0.84,#727a6a,0.42,#2e2b24,0.84,#c1bfa3,2.18,#aeae95,2.27,#959882,1.22,#727a6a,0.42,#727a6a,0.42,#2e2b24,0.84,#959882,1.22,#aeae95,2.27,#c1bfa3,2.18,#2e2b24,0.84,#959882,1.22,#727a6a,0.42,#aeae95,2.27,#c1bfa3,2.18,#727a6a,0.42,#2e2b24,0.84,#959882,1.22,#aeae95,2.27,#c1bfa3,2.18,Parmeliaceae,Usnea,Usnea spec.
KW_T_423_11_0165L,KW_T_423_11_0165L.tif_segmented.png,1218088,2888,3587,#859385,3.26,#bbb8a0,2.68,#6d7969,2.18,#a8a790,2.15,#4f5d4e,1.59,#d8cc63,0.84,#bbb8a0,2.68,#4f5d4e,1.59,#a8a790,2.15,#6d7969,2.18,#4f5d4e,1.59,#859385,3.26,#6d7969,2.18,#a8a790,2.15,#bbb8a0,2.68,#d8cc63,0.84,#6d7969,2.18,#a8a790,2.15,#859385,3.26,#4f5d4e,1.59,#4f5d4e,1.59,#859385,3.26,#6d7969,2.18,#a8a790,2.15,#bbb8a0,2.68,Cladoniaceae,Cladonia,Cladonia rangiferina
KW_T_423_11_0167L,KW_T_423_11_0167L.tif_segmented.png,753910,2880,3599,#b0b096,3.49,#9a9f88,2.13,#c1c2a8,2.06,#888c78,1.31,#727664,0.7,#302e25,0.57,#c1c2a8,2.06,#b0b096,3.49,#9a9f88,2.13,#727664,0.7,#302e25,0.57,#727664,0.7,#888c78,1.31,#b0b096,3.49,#9a9f88,2.13,#302e25,0.57,#9a9f88,2.13,#888c78,1.31,#727664,0.7,#b0b096,3.49,#302e25,0.57,#727664,0.7,#888c78,1.31,#b0b096,3.49,#9a9f88,2.13,,Lathyrus,Lathyrus linifolius
KW_T_423_12_0010L,KW_T_423_12_0010L.tif_segmented.png,1551867,2948,3619,#b7b89b,3.61,#a4a78b,1.9,#939278,1.01,#2d2922,0.8,#726c58,0.42,#2d2922,0.8,#b7b89b,3.61,#a4a78b,1.9,#726c58,0.42,#939278,1.01,#2d2922,0.8,#726c58,0.42,#939278,1.01,#a4a78b,1.9,#b7b89b,3.61,#2d2922,0.8,#a4a78b,1.9,#726c58,0.42,#939278,1.01,#b7b89b,3.61,#2d2922,0.8,#726c58,0.42,#939278,1.01,#a4a78b,1.9,#b7b89b,3.61,,Astragalus,Astragalus glycyphyllos
KW_T_423_12_0012L,KW_T_423_12_0012L.tif_segmented.png,779356,2899,3603,#c2bea2,3.36,#aea888,1.72,#8f8769,0.98,#6e6653,0.91,#2b2922,0.83,#c2bea2,3.36,#2b2922,0.83,#aea888,1.72,#6e6653,0.91,#8f8769,0.98,#2b2922,0.83,#6e6653,0.91,#8f8769,0.98,#aea888,1.72,#c2bea2,3.36,#2b2922,0.83,#aea888,1.72,#6e6653,0.91,#8f8769,0.98,#c2bea2,3.36,#2b2922,0.83,#6e6653,0.91,#8f8769,0.98,#aea888,1.72,#c2bea2,3.36,Caryophyllaceae,Silene,Silene gallica
KW_T_423_12_0014L,KW_T_423_12_0014L.tif_segmented.png,1307179,2925,3627,#cfccb4,3.78,#c1c4a1,3.57,#afb78f,2.0,#9e9a75,0.97,#2f2c24,0.75,#2f2c24,0.75,#cfccb4,3.78,#c1c4a1,3.57,#866e59,0.43,#afb78f,2.0,#866e59,0.43,#2f2c24,0.75,#9e9a75,0.97,#afb78f,2.0,#c1c4a1,3.57,#2f2c24,0.75,#c1c4a1,3.57,#afb78f,2.0,#9e9a75,0.97,#866e59,0.43,#866e59,0.43,#2f2c24,0.75,#9e9a75,0.97,#afb78f,2.0,#c1c4a1,3.57,Cortinariaceae,Cortinarius,Cortinarius violaceus
KW_T_423_12_0016L,KW_T_423_12_0016L.tif_segmented.png,2035248,2931,3619,#c2bfa4,3.48,#a5a88b,0.96,#878a6d,0.79,#2e2c25,0.78,#656851,0.64,#c2bfa4,3.48,#2e2c25,0.78,#a5a88b,0.96,#656851,0.64,#878a6d,0.79,#656851,0.64,#2e2c25,0.78,#878a6d,0.79,#a5a88b,0.96,#c2bfa4,3.48,#2e2c25,0.78,#a5a88b,0.96,#878a6d,0.79,#c2bfa4,3.48,#656851,0.64,#656851,0.64,#2e2c25,0.78,#878a6d,0.79,#a5a88b,0.96,#c2bfa4,3.48,,Hygrocybe,Hygrocybe conica
KW_T_423_12_0018L,KW_T_423_12_0018L.tif_segmented.png,726891,2944,3619,#b2b29a,2.9,#cbc5ae,2.0,#97a089,1.82,#858b75,1.33,#71705d,1.13,#2c2923,0.78,#cbc5ae,2.0,#b2b29a,2.9,#71705d,1.13,#97a089,1.82,#2c2923,0.78,#71705d,1.13,#858b75,1.33,#b2b29a,2.9,#97a089,1.82,#2c2923,0.78,#97a089,1.82,#858b75,1.33,#71705d,1.13,#b2b29a,2.9,#2c2923,0.78,#71705d,1.13,#858b75,1.33,#b2b29a,2.9,#97a089,1.82,,Melica,Melica uniflora
KW_T_423_12_0020L,KW_T_423_12_0020L.tif_segmented.png,708692,2944,3611,#b6b18e,2.35,#c5c09f,1.85,#a09c77,1.06,#2f2c25,0.84,#7f7a5e,0.38,#2f2c25,0.84,#c5c09f,1.85,#b6b18e,2.35,#a09c77,1.06,#7f7a5e,0.38,#2f2c25,0.84,#7f7a5e,0.38,#a09c77,1.06,#b6b18e,2.35,#c5c09f,1.85,#2f2c25,0.84,#7f7a5e,0.38,#a09c77,1.06,#b6b18e,2.35,#c5c09f,1.85,#2f2c25,0.84,#7f7a5e,0.38,#a09c77,1.06,#b6b18e,2.35,#c5c09f,1.85,,Euphorbia,Euphorbia lathyrus
KW_T_423_12_0022L,KW_T_423_12_0022L.tif_segmented.png,791802,2952,3611,#c8c2a6,2.82,#b0a98a,2.21,#71846a,1.92,#8f9c7a,1.82,#586a55,1.23,#c8c2a6,2.82,#2d2b22,0.85,#b0a98a,2.21,#8f9c7a,1.82,#586a55,1.23,#2d2b22,0.85,#b0a98a,2.21,#8f9c7a,1.82,#586a55,1.23,#71846a,1.92,#2d2b22,0.85,#b0a98a,2.21,#8f9c7a,1.82,#71846a,1.92,#c8c2a6,2.82,#2d2b22,0.85,#b0a98a,2.21,#8f9c7a,1.82,#586a55,1.23,#71846a,1.92,,Plocamium,Plocamium cartilagineum
KW_T_423_12_0024L,KW_T_423_12_0024L.tif_segmented.png,1265270,2968,3619,#bfba9c,2.98,#999e7c,2.84,#a9ae8c,2.76,#868e70,1.96,#302c25,0.65,#302c25,0.65,#bfba9c,2.98,#a9ae8c,2.76,#999e7c,2.84,#72735a,0.57,#302c25,0.65,#72735a,0.57,#a9ae8c,2.76,#868e70,1.96,#999e7c,2.84,#302c25,0.65,#a9ae8c,2.76,#999e7c,2.84,#868e70,1.96,#72735a,0.57,#302c25,0.65,#72735a,0.57,#a9ae8c,2.76,#868e70,1.96,#999e7c,2.84,,Sphagnum,Sphagnum cf. papillosum
KW_T_423_12_0026L,KW_T_423_12_0026L.tif_segmented.png,812665,2968,3615,#ccc5a8,3.18,#b4b59c,2.32,#949b8b,2.15,#aba182,1.65,#7e806f,1.33,#2f2b23,0.74,#ccc5a8,3.18,#aba182,1.65,#b4b59c,2.32,#7e806f,1.33,#2f2b23,0.74,#aba182,1.65,#7e806f,1.33,#b4b59c,2.32,#949b8b,2.15,#2f2b23,0.74,#7e806f,1.33,#aba182,1.65,#949b8b,2.15,#b4b59c,2.32,#2f2b23,0.74,#aba182,1.65,#7e806f,1.33,#b4b59c,2.32,#949b8b,2.15,,Sphagnum,Sphagnum cf. papillosum
KW_T_423_12_0028L,KW_T_423_12_0028L.tif_segmented.png,241605,2982,3619,#b2b892,4.22,#c1bf9b,3.9,#a7a986,2.47,#9d9172,1.71,#2d2a24,0.67,#2d2a24,0.67,#c1bf9b,3.9,#b2b892,4.22,#84775f,0.66,#9d9172,1.71,#2d2a24,0.67,#84775f,0.66,#9d9172,1.71,#a7a986,2.47,#b2b892,4.22,#2d2a24,0.67,#b2b892,4.22,#a7a986,2.47,#c1bf9b,3.9,#84775f,0.66,#2d2a24,0.67,#84775f,0.66,#9d9172,1.71,#a7a986,2.47,#b2b892,4.22,,Thuidium,Thuidium tamariscinum
KW_T_423_12_0030L,KW_T_423_12_0030L.tif_segmented.png,721399,2986,3611,#c8be92,2.55,#b3ad85,2.27,#9f9973,2.25,#848360,1.43,#29261f,0.79,#c8be92,2.55,#29261f,0.79,#b3ad85,2.27,#9f9973,2.25,#67654a,0.37,#29261f,0.79,#67654a,0.37,#848360,1.43,#9f9973,2.25,#b3ad85,2.27,#29261f,0.79,#c8be92,2.55,#b3ad85,2.27,#9f9973,2.25,#848360,1.43,#29261f,0.79,#67654a,0.37,#848360,1.43,#9f9973,2.25,#b3ad85,2.27,,Campylium,Campylium stellatum
KW_T_423_12_0032L,KW_T_423_12_0032L.tif_segmented.png,245119,2992,3603,#bdb493,3.15,#aba281,2.05,#938c70,1.61,#726b55,0.87,#2b2820,0.77,#bdb493,3.15,#2b2820,0.77,#aba281,2.05,#726b55,0.87,#938c70,1.61,#726b55,0.87,#2b2820,0.77,#938c70,1.61,#aba281,2.05,#bdb493,3.15,#2b2820,0.77,#aba281,2.05,#726b55,0.87,#bdb493,3.15,#938c70,1.61,#726b55,0.87,#2b2820,0.77,#938c70,1.61,#aba281,2.05,#bdb493,3.15,,Phyteuma,Phyteuma nigrum
KW_T_423_12_0034L,KW_T_423_12_0034L.tif_segmented.png,1456033,2995,3599,#a8a88d,3.98,#bbb799,3.53,#95967d,3.26,#7e806b,2.36,#646554,0.96,#2c2822,0.54,#bbb799,3.53,#a8a88d,3.98,#95967d,3.26,#646554,0.96,#2c2822,0.54,#646554,0.96,#7e806b,2.36,#a8a88d,3.98,#95967d,3.26,#2c2822,0.54,#7e806b,2.36,#a8a88d,3.98,#95967d,3.26,#646554,0.96,#2c2822,0.54,#646554,0.96,#7e806b,2.36,#a8a88d,3.98,#95967d,3.26,,Milium,Milium vernale
KW_T_423_12_0036L,KW_T_423_12_0036L.tif_segmented.png,655880,2999,3615,#bcb292,2.96,#cac1a1,2.79,#aaa07e,1.82,#8b8266,0.72,#312e24,0.48,#312e24,0.48,#cac1a1,2.79,#bcb292,2.96,#aaa07e,1.82,#8b8266,0.72,#312e24,0.48,#8b8266,0.72,#aaa07e,1.82,#bcb292,2.96,#cac1a1,2.79,#312e24,0.48,#aaa07e,1.82,#8b8266,0.72,#cac1a1,2.79,#bcb292,2.96,#312e24,0.48,#8b8266,0.72,#aaa07e,1.82,#bcb292,2.96,#cac1a1,2.79,,Rhynchospora,Rhynchospora fusca
KW_T_423_12_0038L,KW_T_423_12_0038L.tif_segmented.png,900207,2931,3599,#cabb98,2.31,#b4a282,2.22,#7b6752,1.53,#9a866b,1.34,#302b24,0.61,#cabb98,2.31,#302b24,0.61,#b4a282,2.22,#7b6752,1.53,#9a866b,1.34,#302b24,0.61,#b4a282,2.22,#9a866b,1.34,#7b6752,1.53,#cabb98,2.31,#302b24,0.61,#7b6752,1.53,#b4a282,2.22,#cabb98,2.31,#9a866b,1.34,#302b24,0.61,#b4a282,2.22,#9a866b,1.34,#7b6752,1.53,#cabb98,2.31,,Atropa,Atropa belladonna
KW_T_423_12_0040L,KW_T_423_12_0040L.tif_segmented.png,1445453,2941,3603,#94a188,3.71,#a7b095,2.39,#858e77,2.32,#c7b49d,2.24,#af9b7e,1.65,#c7b49d,2.24,#af9b7e,1.65,#78745d,1.49,#a7b095,2.39,#94a188,3.71,#78745d,1.49,#af9b7e,1.65,#a7b095,2.39,#94a188,3.71,#858e77,2.32,#94a188,3.71,#858e77,2.32,#a7b095,2.39,#78745d,1.49,#af9b7e,1.65,#78745d,1.49,#af9b7e,1.65,#a7b095,2.39,#94a188,3.71,#858e77,2.32,,Pleurozium,Pleurozium schreberi
KW_T_423_12_0042L,KW_T_423_12_0042L.tif_segmented.png,959037,2954,3619,#beba9b,2.64,#aca98b,2.4,#938f75,2.04,#75715c,1.47,#2c2923,0.78,#2c2923,0.78,#beba9b,2.64,#aca98b,2.4,#75715c,1.47,#938f75,2.04,#2c2923,0.78,#75715c,1.47,#938f75,2.04,#aca98b,2.4,#beba9b,2.64,#2c2923,0.78,#75715c,1.47,#aca98b,2.4,#938f75,2.04,#beba9b,2.64,#2c2923,0.78,#75715c,1.47,#938f75,2.04,#aca98b,2.4,#beba9b,2.64,,Calliergonella,Calliergonella cf. cuspidata
KW_T_423_12_0044L,KW_T_423_12_0044L.tif_segmented.png,1301278,2978,3603,#b3b79a,2.9,#c3c3a4,2.72,#9ca58c,2.35,#898b76,1.7,#736f5e,0.84,#332f26,0.38,#c3c3a4,2.72,#b3b79a,2.9,#9ca58c,2.35,#736f5e,0.84,#332f26,0.38,#736f5e,0.84,#898b76,1.7,#b3b79a,2.9,#9ca58c,2.35,#332f26,0.38,#9ca58c,2.35,#898b76,1.7,#b3b79a,2.9,#c3c3a4,2.72,#332f26,0.38,#736f5e,0.84,#898b76,1.7,#b3b79a,2.9,#9ca58c,2.35,,Brachythecium,Brachythecium albicans
KW_T_423_12_0046L,KW_T_423_12_0046L.tif_segmented.png,2642858,2876,3591,#b2a17e,5.04,#bfb18d,4.78,#84725e,4.27,#9d8a6f,3.66,#d2c596,3.61,#d2c596,3.61,#bfb18d,4.78,#b2a17e,5.04,#66594a,2.42,#84725e,4.27,#66594a,2.42,#84725e,4.27,#9d8a6f,3.66,#bfb18d,4.78,#b2a17e,5.04,#d2c596,3.61,#b2a17e,5.04,#84725e,4.27,#bfb18d,4.78,#66594a,2.42,#66594a,2.42,#84725e,4.27,#9d8a6f,3.66,#bfb18d,4.78,#b2a17e,5.04,,Cronartium,Cronartium flaccidum 
KW_T_423_12_0048L,KW_T_423_12_0048L.tif_segmented.png,878744,2923,3599,#b9ad8f,2.07,#cbc2a3,1.59,#867e6d,1.28,#9d9582,0.97,#6b6355,0.89,#cbc2a3,1.59,#2e2b21,0.61,#b9ad8f,2.07,#6b6355,0.89,#9d9582,0.97,#2e2b21,0.61,#6b6355,0.89,#867e6d,1.28,#9d9582,0.97,#b9ad8f,2.07,#2e2b21,0.61,#867e6d,1.28,#cbc2a3,1.59,#6b6355,0.89,#b9ad8f,2.07,#2e2b21,0.61,#6b6355,0.89,#867e6d,1.28,#9d9582,0.97,#b9ad8f,2.07,,Ascomycetes,Ascomycetes spec.
KW_T_423_12_0050L,KW_T_423_12_0050L.tif_segmented.png,868049,2925,3623,#aeb092,3.0,#bcbe9c,2.87,#9ba389,1.84,#888d76,1.37,#2c2820,0.68,#2c2820,0.68,#bcbe9c,2.87,#aeb092,3.0,#6b6755,0.24,#9ba389,1.84,#2c2820,0.68,#6b6755,0.24,#888d76,1.37,#aeb092,3.0,#9ba389,1.84,#2c2820,0.68,#9ba389,1.84,#888d76,1.37,#bcbe9c,2.87,#aeb092,3.0,#2c2820,0.68,#6b6755,0.24,#888d76,1.37,#aeb092,3.0,#9ba389,1.84,,Ascomycetes,Ascomycetes spec.
KW_T_423_12_0052L,KW_T_423_12_0052L.tif_segmented.png,422584,2946,3619,#b0a689,1.73,#d0c7ae,1.69,#c2b89c,1.65,#29261f,0.68,#8e8470,0.32,#d0c7ae,1.69,#29261f,0.68,#564b37,0.13,#c2b89c,1.65,#b0a689,1.73,#564b37,0.13,#29261f,0.68,#8e8470,0.32,#b0a689,1.73,#c2b89c,1.65,#29261f,0.68,#b0a689,1.73,#564b37,0.13,#d0c7ae,1.69,#8e8470,0.32,#564b37,0.13,#29261f,0.68,#8e8470,0.32,#b0a689,1.73,#c2b89c,1.65,,Melanospora,Melanospora chionea 
KW_T_423_12_0054L,KW_T_423_12_0054L.tif_segmented.png,666144,2952,3619,#cdcaaa,2.4,#beba9a,1.98,#ada888,1.88,#2b2820,0.7,#7a705a,0.19,#2b2820,0.7,#cdcaaa,2.4,#beba9a,1.98,#ada888,1.88,#7a705a,0.19,#7a705a,0.19,#2b2820,0.7,#ada888,1.88,#beba9a,1.98,#cdcaaa,2.4,#2b2820,0.7,#7a705a,0.19,#ada888,1.88,#cdcaaa,2.4,#beba9a,1.98,#7a705a,0.19,#2b2820,0.7,#ada888,1.88,#beba9a,1.98,#cdcaaa,2.4,,Myosotis,Myosotis sylvatica
KW_T_423_12_0056L,KW_T_423_12_0056L.tif_segmented.png,886523,2962,3611,#a7a787,2.91,#909d7f,2.59,#828f73,2.34,#c3bc9d,1.56,#2f2b22,0.57,#2f2b22,0.57,#c3bc9d,1.56,#756b54,0.5,#a7a787,2.91,#909d7f,2.59,#2f2b22,0.57,#756b54,0.5,#a7a787,2.91,#909d7f,2.59,#828f73,2.34,#2f2b22,0.57,#a7a787,2.91,#828f73,2.34,#909d7f,2.59,#756b54,0.5,#2f2b22,0.57,#756b54,0.5,#a7a787,2.91,#909d7f,2.59,#828f73,2.34,,Filago,Filago minima
KW_T_423_12_0058L,KW_T_423_12_0058L.tif_segmented.png,771977,2968,3603,#c5c09f,3.69,#aeaa88,2.52,#989272,1.3,#2a271e,0.62,#766147,0.47,#c5c09f,3.69,#2a271e,0.62,#766147,0.47,#aeaa88,2.52,#989272,1.3,#2a271e,0.62,#766147,0.47,#989272,1.3,#aeaa88,2.52,#c5c09f,3.69,#2a271e,0.62,#aeaa88,2.52,#c5c09f,3.69,#766147,0.47,#989272,1.3,#2a271e,0.62,#766147,0.47,#989272,1.3,#aeaa88,2.52,#c5c09f,3.69,,Hypogymnia,Hypogymnia physodes
KW_T_423_12_0060L,KW_T_423_12_0060L.tif_segmented.png,566969,2980,3615,#c6bea2,2.77,#b0a78a,1.49,#24221b,0.65,#8d7e63,0.5,#433a2d,0.17,#c6bea2,2.77,#24221b,0.65,#433a2d,0.17,#b0a78a,1.49,#8d7e63,0.5,#433a2d,0.17,#24221b,0.65,#8d7e63,0.5,#b0a78a,1.49,#c6bea2,2.77,#24221b,0.65,#433a2d,0.17,#b0a78a,1.49,#8d7e63,0.5,#c6bea2,2.77,#433a2d,0.17,#24221b,0.65,#8d7e63,0.5,#b0a78a,1.49,#c6bea2,2.77,,Bartramia,Bartramia pomiformis
KW_T_423_12_0062L,KW_T_423_12_0062L.tif_segmented.png,401621,2946,3619,#aba589,1.11,#c4bda2,1.05,#2a261f,0.68,#91886d,0.52,#6e6147,0.35,#2a261f,0.68,#c4bda2,1.05,#6e6147,0.35,#aba589,1.11,#91886d,0.52,#6e6147,0.35,#2a261f,0.68,#91886d,0.52,#aba589,1.11,#c4bda2,1.05,#2a261f,0.68,#aba589,1.11,#6e6147,0.35,#91886d,0.52,#c4bda2,1.05,#6e6147,0.35,#2a261f,0.68,#91886d,0.52,#aba589,1.11,#c4bda2,1.05,,Cephaloziella,Cephaloziella divaricata
KW_T_423_12_0064L,KW_T_423_12_0064L.tif_segmented.png,1103687,2956,3623,#a7b094,3.01,#949c83,2.26,#c0c1a4,2.06,#80846d,1.46,#29261d,0.54,#29261d,0.54,#685b43,0.52,#c0c1a4,2.06,#a7b094,3.01,#949c83,2.26,#685b43,0.52,#29261d,0.54,#80846d,1.46,#a7b094,3.01,#949c83,2.26,#29261d,0.54,#949c83,2.26,#80846d,1.46,#a7b094,3.01,#c0c1a4,2.06,#685b43,0.52,#29261d,0.54,#80846d,1.46,#a7b094,3.01,#949c83,2.26,Cladoniaceae,Cladonia,Cladonia coccifera
KW_T_423_12_0066L,KW_T_423_12_0066L.tif_segmented.png,1401351,2964,3623,#9da08e,3.14,#8b8b7b,2.71,#757567,2.18,#b8b9a1,2.18,#b6ab87,1.35,#b6ab87,1.35,#60594a,1.2,#b8b9a1,2.18,#9da08e,3.14,#757567,2.18,#60594a,1.2,#b6ab87,1.35,#b8b9a1,2.18,#9da08e,3.14,#757567,2.18,#b6ab87,1.35,#9da08e,3.14,#60594a,1.2,#8b8b7b,2.71,#b8b9a1,2.18,#60594a,1.2,#b6ab87,1.35,#b8b9a1,2.18,#9da08e,3.14,#757567,2.18,,Stereocaulon,Stereocaulon condensatum 
KW_T_423_12_0068L,KW_T_423_12_0068L.tif_segmented.png,923289,2972,3615,#acaf8a,2.03,#999876,1.91,#827f64,1.55,#c5c09d,1.54,#66624c,1.15,#c5c09d,1.54,#484132,0.57,#acaf8a,2.03,#66624c,1.15,#999876,1.91,#484132,0.57,#66624c,1.15,#acaf8a,2.03,#827f64,1.55,#c5c09d,1.54,#acaf8a,2.03,#484132,0.57,#827f64,1.55,#999876,1.91,#c5c09d,1.54,#484132,0.57,#66624c,1.15,#acaf8a,2.03,#827f64,1.55,#c5c09d,1.54,,Stereocaulon,Stereocaulon cf. saxatile
KW_T_423_12_0070L,KW_T_423_12_0070L.tif_segmented.png,538665,2980,3623,#b5af97,1.55,#cdc6a9,1.46,#959882,1.29,#79806a,1.04,#262419,0.57,#262419,0.57,#cdc6a9,1.46,#63573d,0.36,#b5af97,1.55,#959882,1.29,#63573d,0.36,#262419,0.57,#b5af97,1.55,#79806a,1.04,#959882,1.29,#262419,0.57,#79806a,1.04,#959882,1.29,#cdc6a9,1.46,#63573d,0.36,#63573d,0.36,#262419,0.57,#b5af97,1.55,#79806a,1.04,#959882,1.29,,Lecidea,Lecidea lapicida 
KW_T_423_12_0072L,KW_T_423_12_0072L.tif_segmented.png,252542,2984,3627,#c1b99e,1.52,#a19e87,0.73,#28251c,0.64,#83785d,0.42,#5d4c37,0.4,#c1b99e,1.52,#28251c,0.64,#5d4c37,0.4,#83785d,0.42,#a19e87,0.73,#5d4c37,0.4,#83785d,0.42,#a19e87,0.73,#28251c,0.64,#c1b99e,1.52,#28251c,0.64,#83785d,0.42,#a19e87,0.73,#c1b99e,1.52,#5d4c37,0.4,#5d4c37,0.4,#83785d,0.42,#a19e87,0.73,#28251c,0.64,#c1b99e,1.52,Plantaginaceae,Veronica,Veronica longifolia
KW_T_423_12_0074L,KW_T_423_12_0074L.tif_segmented.png,225215,2988,3623,#c4bb9b,1.56,#a5a182,0.55,#26231a,0.43,#867e60,0.36,#5e4f36,0.23,#c4bb9b,1.56,#26231a,0.43,#5e4f36,0.23,#a5a182,0.55,#867e60,0.36,#5e4f36,0.23,#867e60,0.36,#26231a,0.43,#a5a182,0.55,#c4bb9b,1.56,#26231a,0.43,#a5a182,0.55,#867e60,0.36,#c4bb9b,1.56,#5e4f36,0.23,#5e4f36,0.23,#867e60,0.36,#26231a,0.43,#a5a182,0.55,#c4bb9b,1.56,,Verbascum,Verbascum densiflorum
KW_T_423_12_0076L,KW_T_423_12_0076L.tif_segmented.png,200236,3033,3651,#bfb695,1.34,#d3cbad,1.33,#868667,0.9,#2a271e,0.71,#a6a17f,0.61,#d3cbad,1.33,#2a271e,0.71,#bfb695,1.34,#6e6a4f,0.53,#a6a17f,0.61,#a6a17f,0.61,#bfb695,1.34,#868667,0.9,#6e6a4f,0.53,#2a271e,0.71,#2a271e,0.71,#868667,0.9,#a6a17f,0.61,#d3cbad,1.33,#6e6a4f,0.53,#a6a17f,0.61,#bfb695,1.34,#868667,0.9,#6e6a4f,0.53,#2a271e,0.71,,Erodium,Erodium moschatum
KW_T_423_12_0078L,KW_T_423_12_0078L.tif_segmented.png,821936,3023,3623,#706850,1.8,#857c60,1.69,#c3bd9e,1.6,#aea887,1.37,#9b926f,1.19,#c3bd9e,1.6,#58513e,0.72,#aea887,1.37,#706850,1.8,#9b926f,1.19,#aea887,1.37,#9b926f,1.19,#857c60,1.69,#706850,1.8,#58513e,0.72,#aea887,1.37,#857c60,1.69,#706850,1.8,#58513e,0.72,#9b926f,1.19,#aea887,1.37,#9b926f,1.19,#857c60,1.69,#706850,1.8,#58513e,0.72,,Asplenium,Asplenium scolopendrium
KW_T_423_12_0080L,KW_T_423_12_0080L.tif_segmented.png,463031,3019,3611,#c0b799,1.66,#a0a796,1.23,#869083,1.21,#687062,0.77,#3e3c31,0.18,#c0b799,1.66,#3e3c31,0.18,#a0a796,1.23,#687062,0.77,#869083,1.21,#3e3c31,0.18,#687062,0.77,#a0a796,1.23,#869083,1.21,#c0b799,1.66,#3e3c31,0.18,#a0a796,1.23,#687062,0.77,#869083,1.21,#c0b799,1.66,#3e3c31,0.18,#687062,0.77,#a0a796,1.23,#869083,1.21,#c0b799,1.66,,Sargassum,Sargassum natans
KW_T_423_12_0081R,KW_T_423_12_0081R.tif_segmented.png,707155,2974,3611,#bdaf90,1.6,#aab4a5,1.4,#ab9c7b,1.31,#939d91,1.24,#787c6c,1.0,#bdaf90,1.6,#ab9c7b,1.31,#585342,0.25,#aab4a5,1.4,#787c6c,1.0,#585342,0.25,#787c6c,1.0,#939d91,1.24,#ab9c7b,1.31,#aab4a5,1.4,#aab4a5,1.4,#585342,0.25,#787c6c,1.0,#ab9c7b,1.31,#939d91,1.24,#585342,0.25,#787c6c,1.0,#939d91,1.24,#ab9c7b,1.31,#aab4a5,1.4,,Silybum,Silybum marianum
KW_T_423_12_0083L,KW_T_423_12_0083L.tif_segmented.png,117698,2988,3615,#bcb395,0.85,#a5a48a,0.69,#352f23,0.4,#84836e,0.33,#71624f,0.28,#352f23,0.4,#bcb395,0.85,#71624f,0.28,#a5a48a,0.69,#84836e,0.33,#352f23,0.4,#71624f,0.28,#84836e,0.33,#a5a48a,0.69,#bcb395,0.85,#352f23,0.4,#a5a48a,0.69,#84836e,0.33,#71624f,0.28,#bcb395,0.85,#352f23,0.4,#71624f,0.28,#84836e,0.33,#a5a48a,0.69,#bcb395,0.85,Asteraceae,Inula,Inula helenium
KW_T_423_12_0085L,KW_T_423_12_0085L.tif_segmented.png,411938,3005,3623,#a8ab95,3.27,#8d9788,2.85,#c5c2a7,2.07,#798274,2.06,#656c5c,1.37,#2e2920,0.36,#c5c2a7,2.07,#a8ab95,3.27,#656c5c,1.37,#8d9788,2.85,#2e2920,0.36,#656c5c,1.37,#798274,2.06,#8d9788,2.85,#a8ab95,3.27,#2e2920,0.36,#a8ab95,3.27,#798274,2.06,#656c5c,1.37,#8d9788,2.85,#2e2920,0.36,#656c5c,1.37,#798274,2.06,#8d9788,2.85,#a8ab95,3.27,,Digitalis,Digitalis purpurea
KW_T_423_12_0087L,KW_T_423_12_0087L.tif_segmented.png,420251,3005,3635,#a7a282,1.61,#bdb89a,1.01,#878c73,0.85,#6a6d59,0.83,#2f2a20,0.43,#2f2a20,0.43,#bdb89a,1.01,#a7a282,1.61,#6a6d59,0.83,#878c73,0.85,#2f2a20,0.43,#6a6d59,0.83,#878c73,0.85,#a7a282,1.61,#bdb89a,1.01,#2f2a20,0.43,#878c73,0.85,#a7a282,1.61,#6a6d59,0.83,#bdb89a,1.01,#2f2a20,0.43,#6a6d59,0.83,#878c73,0.85,#a7a282,1.61,#bdb89a,1.01,,Ulva,Ulva linza
KW_T_423_12_0089L,KW_T_423_12_0089L.tif_segmented.png,717559,3011,3639,#c6c0a6,2.6,#8a9a89,1.93,#a3af99,1.67,#b09e84,1.54,#777e69,1.05,#373529,0.43,#c6c0a6,2.6,#b09e84,1.54,#a3af99,1.67,#777e69,1.05,#373529,0.43,#b09e84,1.54,#777e69,1.05,#a3af99,1.67,#8a9a89,1.93,#373529,0.43,#777e69,1.05,#a3af99,1.67,#8a9a89,1.93,#b09e84,1.54,#373529,0.43,#b09e84,1.54,#777e69,1.05,#a3af99,1.67,#8a9a89,1.93,,Ulva,Ulva compressa
KW_T_423_12_0091L,KW_T_423_12_0091L.tif_segmented.png,1294150,3015,3615,#bdbda8,4.19,#a3b19e,2.58,#b19987,1.96,#8c9888,1.5,#7f7f6e,1.43,#b19987,1.96,#bdbda8,4.19,#6a6253,0.55,#a3b19e,2.58,#7f7f6e,1.43,#6a6253,0.55,#7f7f6e,1.43,#b19987,1.96,#8c9888,1.5,#a3b19e,2.58,#a3b19e,2.58,#7f7f6e,1.43,#8c9888,1.5,#6a6253,0.55,#bdbda8,4.19,#6a6253,0.55,#7f7f6e,1.43,#b19987,1.96,#8c9888,1.5,#a3b19e,2.58,,Lycium,Lycium barbarum
KW_T_423_12_0093L,KW_T_423_12_0093L.tif_segmented.png,689219,3021,3619,#c5bd9f,2.17,#aaa88b,1.34,#97957b,1.28,#798471,1.26,#696a55,0.57,#29251b,0.46,#c5bd9f,2.17,#aaa88b,1.34,#696a55,0.57,#97957b,1.28,#29251b,0.46,#696a55,0.57,#97957b,1.28,#798471,1.26,#aaa88b,1.34,#29251b,0.46,#798471,1.26,#aaa88b,1.34,#97957b,1.28,#696a55,0.57,#29251b,0.46,#696a55,0.57,#97957b,1.28,#798471,1.26,#aaa88b,1.34,,Clethra,Clethra alnifolia
KW_T_423_12_0095L,KW_T_423_12_0095L.tif_segmented.png,221913,3023,3611,#c3bb9a,1.77,#aba480,0.85,#8e8567,0.49,#332e22,0.35,#6d5e43,0.27,#332e22,0.35,#c3bb9a,1.77,#6d5e43,0.27,#aba480,0.85,#8e8567,0.49,#332e22,0.35,#6d5e43,0.27,#8e8567,0.49,#aba480,0.85,#c3bb9a,1.77,#332e22,0.35,#aba480,0.85,#6d5e43,0.27,#8e8567,0.49,#c3bb9a,1.77,#332e22,0.35,#6d5e43,0.27,#8e8567,0.49,#aba480,0.85,#c3bb9a,1.77,,Thelypteris,Thelypteris palustris
KW_T_423_12_0097L,KW_T_423_12_0097L.tif_segmented.png,1266595,3027,3611,#c7c29c,3.95,#adae8b,1.95,#919379,1.89,#727e6c,1.53,#5f634f,0.85,#c7c29c,3.95,#2f2d21,0.47,#adae8b,1.95,#5f634f,0.85,#919379,1.89,#2f2d21,0.47,#5f634f,0.85,#919379,1.89,#727e6c,1.53,#adae8b,1.95,#2f2d21,0.47,#adae8b,1.95,#727e6c,1.53,#c7c29c,3.95,#919379,1.89,#2f2d21,0.47,#5f634f,0.85,#919379,1.89,#727e6c,1.53,#adae8b,1.95,,Lactifluus,Lactifluus volemus
KW_T_423_12_0099L,KW_T_423_12_0099L.tif_segmented.png,1227060,3027,3619,#c8c0a0,3.6,#96a28c,3.15,#bfae88,2.85,#aa9371,2.2,#d7c48f,1.89,#d7c48f,1.89,#655339,0.54,#bfae88,2.85,#c8c0a0,3.6,#aa9371,2.2,#655339,0.54,#887e64,1.1,#96a28c,3.15,#aa9371,2.2,#bfae88,2.85,#d7c48f,1.89,#96a28c,3.15,#bfae88,2.85,#887e64,1.1,#c8c0a0,3.6,#655339,0.54,#887e64,1.1,#96a28c,3.15,#aa9371,2.2,#bfae88,2.85,,Coprinus,Coprinus comatus
KW_T_423_12_0101L,KW_T_423_12_0101L.tif_segmented.png,183429,3027,3623,#ccc4a0,3.34,#bcb791,2.66,#a7a582,1.73,#908b6f,0.6,#2b261d,0.43,#ccc4a0,3.34,#2b261d,0.43,#bcb791,2.66,#706147,0.23,#a7a582,1.73,#706147,0.23,#2b261d,0.43,#908b6f,0.6,#a7a582,1.73,#bcb791,2.66,#2b261d,0.43,#a7a582,1.73,#bcb791,2.66,#ccc4a0,3.34,#706147,0.23,#706147,0.23,#2b261d,0.43,#908b6f,0.6,#a7a582,1.73,#bcb791,2.66,,Lolium,Lolium temulentum
KW_T_423_12_0103L,KW_T_423_12_0103L.tif_segmented.png,454792,3029,3623,#c7bb9a,2.68,#968562,1.15,#b1a480,1.1,#786148,1.09,#28261d,0.34,#c7bb9a,2.68,#28261d,0.34,#786148,1.09,#b1a480,1.1,#968562,1.15,#28261d,0.34,#786148,1.09,#968562,1.15,#b1a480,1.1,#c7bb9a,2.68,#28261d,0.34,#b1a480,1.1,#786148,1.09,#c7bb9a,2.68,#968562,1.15,#28261d,0.34,#786148,1.09,#968562,1.15,#b1a480,1.1,#c7bb9a,2.68,,Viola,Viola canina
KW_T_423_12_0105L,KW_T_423_12_0105L.tif_segmented.png,1654761,3027,3619,#939b7a,8.05,#848b6d,7.95,#bfbb97,5.99,#a7aa87,4.67,#74755d,4.65,#bfbb97,5.99,#5f5b46,1.64,#939b7a,8.05,#a7aa87,4.67,#848b6d,7.95,#5f5b46,1.64,#74755d,4.65,#bfbb97,5.99,#939b7a,8.05,#a7aa87,4.67,#a7aa87,4.67,#939b7a,8.05,#848b6d,7.95,#bfbb97,5.99,#74755d,4.65,#5f5b46,1.64,#74755d,4.65,#bfbb97,5.99,#939b7a,8.05,#a7aa87,4.67,,Aconitum,Aconitum napellus
KW_T_423_12_0107L,KW_T_423_12_0107L.tif_segmented.png,346828,3029,3623,#a9a28e,1.07,#8f8572,0.52,#2e2a20,0.49,#74604c,0.25,,,#2e2a20,0.49,#74604c,0.25,#a9a28e,1.07,#8f8572,0.52,,,#74604c,0.25,#2e2a20,0.49,#8f8572,0.52,#a9a28e,1.07,,,#2e2a20,0.49,#a9a28e,1.07,#74604c,0.25,#8f8572,0.52,,,#74604c,0.25,#2e2a20,0.49,#8f8572,0.52,#a9a28e,1.07,,,,Lactuca,Lactuca serriola
KW_T_423_12_0109L,KW_T_423_12_0109L.tif_segmented.png,2988940,3033,3615,#7d8d6e,6.46,#6e7e61,5.4,#8b9879,5.34,#5c6e53,4.01,#cac29d,2.24,#cac29d,2.24,#b1ab7e,1.72,#45583c,1.55,#5c6e53,4.01,#8b9879,5.34,#b1ab7e,1.72,#8b9879,5.34,#45583c,1.55,#7d8d6e,6.46,#6e7e61,5.4,#b1ab7e,1.72,#8b9879,5.34,#cac29d,2.24,#7d8d6e,6.46,#6e7e61,5.4,#b1ab7e,1.72,#8b9879,5.34,#45583c,1.55,#7d8d6e,6.46,#6e7e61,5.4,,Coleosporium,Coleosporium tussilaginis
KW_T_423_12_0111L,KW_T_423_12_0111L.tif_segmented.png,8701388,2978,3615,#e3dbcb,50.28,#e8dece,33.39,#a8ad83,2.27,#8d8e6e,1.01,#2a2720,0.8,#e3dbcb,50.28,#e8dece,33.39,#2a2720,0.8,#a8ad83,2.27,#71674e,0.67,#2a2720,0.8,#71674e,0.67,#8d8e6e,1.01,#a8ad83,2.27,#e3dbcb,50.28,#2a2720,0.8,#8d8e6e,1.01,#71674e,0.67,#a8ad83,2.27,#e8dece,33.39,#2a2720,0.8,#71674e,0.67,#8d8e6e,1.01,#a8ad83,2.27,#e3dbcb,50.28,Pucciniaceae,Puccinia,Puccinia graminis
KW_T_423_12_0113L,KW_T_423_12_0113L.tif_segmented.png,1101823,3005,3611,#acaa7f,2.0,#c6bca0,1.83,#cdce8b,1.54,#90846a,1.08,#2d2a22,0.58,#cdce8b,1.54,#c6bca0,1.83,#2d2a22,0.58,#acaa7f,2.0,#6b5e4c,0.51,#2d2a22,0.58,#6b5e4c,0.51,#90846a,1.08,#acaa7f,2.0,#cdce8b,1.54,#2d2a22,0.58,#cdce8b,1.54,#acaa7f,2.0,#6b5e4c,0.51,#90846a,1.08,#2d2a22,0.58,#6b5e4c,0.51,#90846a,1.08,#acaa7f,2.0,#cdce8b,1.54,Plantaginaceae,Linaria,Linaria arvensis
KW_T_423_12_0115L,KW_T_423_12_0115L.tif_segmented.png,1445558,3009,3611,#8c8064,2.33,#d9cd6f,1.87,#6d614c,1.85,#a69c81,1.72,#bfb697,1.63,#d9cd6f,1.87,#af9d61,1.31,#bfb697,1.63,#6d614c,1.85,#8c8064,2.33,#6d614c,1.85,#a69c81,1.72,#8c8064,2.33,#af9d61,1.31,#d9cd6f,1.87,#d9cd6f,1.87,#af9d61,1.31,#6d614c,1.85,#8c8064,2.33,#a69c81,1.72,#6d614c,1.85,#a69c81,1.72,#8c8064,2.33,#af9d61,1.31,#d9cd6f,1.87,,Leucobryum,Leucobryum glaucum
KW_T_423_12_0117L,KW_T_423_12_0117L.tif_segmented.png,2853937,3013,3615,#97a57a,8.75,#a4b084,7.23,#8b9570,5.38,#bec28f,5.17,#aea5a1,1.65,#bec28f,5.17,#a4b084,7.23,#97a57a,8.75,#8b9570,5.38,#77785c,1.62,#aea5a1,1.65,#77785c,1.62,#bec28f,5.17,#a4b084,7.23,#8b9570,5.38,#bec28f,5.17,#77785c,1.62,#8b9570,5.38,#aea5a1,1.65,#a4b084,7.23,#aea5a1,1.65,#77785c,1.62,#bec28f,5.17,#a4b084,7.23,#8b9570,5.38,,Dicranum,Dicranum spurium
KW_T_423_12_0119L,KW_T_423_12_0119L.tif_segmented.png,735541,3017,3623,#d4caa6,2.82,#c1b495,1.9,#a39173,0.99,#27241e,0.61,#6d5e49,0.38,#d4caa6,2.82,#27241e,0.61,#c1b495,1.9,#6d5e49,0.38,#a39173,0.99,#6d5e49,0.38,#27241e,0.61,#a39173,0.99,#c1b495,1.9,#d4caa6,2.82,#27241e,0.61,#d4caa6,2.82,#6d5e49,0.38,#c1b495,1.9,#a39173,0.99,#6d5e49,0.38,#27241e,0.61,#a39173,0.99,#c1b495,1.9,#d4caa6,2.82,,Adonis,Adonis aestivalis
KW_T_423_12_0121L,KW_T_423_12_0121L.tif_segmented.png,2958400,3021,3623,#cbbc9e,6.3,#bdad8f,5.48,#ae9d80,4.21,#9d8b6f,3.24,#87765e,2.26,#cbbc9e,6.3,#bdad8f,5.48,#685b45,0.67,#ae9d80,4.21,#9d8b6f,3.24,#685b45,0.67,#87765e,2.26,#9d8b6f,3.24,#ae9d80,4.21,#bdad8f,5.48,#87765e,2.26,#685b45,0.67,#bdad8f,5.48,#ae9d80,4.21,#cbbc9e,6.3,#685b45,0.67,#87765e,2.26,#9d8b6f,3.24,#ae9d80,4.21,#bdad8f,5.48,Equisetaceae,Equisetum,Equisetum sylvaticum
KW_T_423_12_0123L,KW_T_423_12_0123L.tif_segmented.png,1103915,3025,3615,#c4bda4,2.34,#b1a791,1.23,#988975,0.91,#7a6854,0.68,#383326,0.38,#383326,0.38,#c4bda4,2.34,#7a6854,0.68,#b1a791,1.23,#988975,0.91,#383326,0.38,#7a6854,0.68,#988975,0.91,#b1a791,1.23,#c4bda4,2.34,#383326,0.38,#7a6854,0.68,#b1a791,1.23,#c4bda4,2.34,#988975,0.91,#383326,0.38,#7a6854,0.68,#988975,0.91,#b1a791,1.23,#c4bda4,2.34,,Asplenium,Asplenium adiantum-nigrum
KW_T_423_12_0125L,KW_T_423_12_0125L.tif_segmented.png,1214115,3029,3615,#c8c3af,2.7,#b8b39c,2.37,#9d9883,1.39,#867e6a,0.61,#312d23,0.53,#312d23,0.53,#c8c3af,2.7,#b8b39c,2.37,#6f6552,0.44,#9d9883,1.39,#312d23,0.53,#6f6552,0.44,#867e6a,0.61,#9d9883,1.39,#b8b39c,2.37,#312d23,0.53,#6f6552,0.44,#867e6a,0.61,#9d9883,1.39,#c8c3af,2.7,#312d23,0.53,#6f6552,0.44,#867e6a,0.61,#9d9883,1.39,#b8b39c,2.37,,Rhytidiadelphus,Rhytidiadelphus triquetrus
KW_T_423_12_0127L,KW_T_423_12_0127L.tif_segmented.png,1420850,3025,3603,#b8b796,3.02,#c8c5a4,3.02,#a1a183,2.4,#8f896d,1.47,#75644b,0.85,#c8c5a4,3.02,#75644b,0.85,#b8b796,3.02,#8f896d,1.47,#a1a183,2.4,#75644b,0.85,#8f896d,1.47,#a1a183,2.4,#b8b796,3.02,#c8c5a4,3.02,#a1a183,2.4,#c8c5a4,3.02,#b8b796,3.02,#75644b,0.85,#8f896d,1.47,#75644b,0.85,#8f896d,1.47,#a1a183,2.4,#b8b796,3.02,#c8c5a4,3.02,,Rhytidiadelphus,Rhytidiadelphus squarrosus
KW_T_423_12_0129L,KW_T_423_12_0129L.tif_segmented.png,1308733,3029,3611,#cdc7a7,2.81,#bbb594,2.31,#c3ca84,2.14,#a8a576,2.11,#8e8864,1.55,#c3ca84,2.14,#cdc7a7,2.81,#6c6848,0.53,#bbb594,2.31,#a8a576,2.11,#6c6848,0.53,#8e8864,1.55,#a8a576,2.11,#bbb594,2.31,#c3ca84,2.14,#c3ca84,2.14,#a8a576,2.11,#8e8864,1.55,#cdc7a7,2.81,#bbb594,2.31,#6c6848,0.53,#8e8864,1.55,#a8a576,2.11,#bbb594,2.31,#c3ca84,2.14,,Clematis,Clematis vitalba
KW_T_423_12_0131L,KW_T_423_12_0131L.tif_segmented.png,1394049,3027,3615,#beb894,3.39,#a8a77f,2.53,#919368,2.04,#cdc7ac,1.88,#747451,1.09,#2a2721,0.77,#cdc7ac,1.88,#beb894,3.39,#a8a77f,2.53,#747451,1.09,#2a2721,0.77,#747451,1.09,#919368,2.04,#a8a77f,2.53,#beb894,3.39,#2a2721,0.77,#a8a77f,2.53,#919368,2.04,#beb894,3.39,#747451,1.09,#2a2721,0.77,#747451,1.09,#919368,2.04,#a8a77f,2.53,#beb894,3.39,,Malva,Malva alcea
KW_T_423_12_0133L,KW_T_423_12_0133L.tif_segmented.png,1907954,3027,3623,#786b59,3.58,#635748,3.53,#8b7c67,3.15,#9c8d75,2.96,#4c4339,2.48,#c3b99f,2.11,#4c4339,2.48,#ada087,1.97,#635748,3.53,#9c8d75,2.96,#4c4339,2.48,#ada087,1.97,#635748,3.53,#9c8d75,2.96,#786b59,3.58,#4c4339,2.48,#786b59,3.58,#635748,3.53,#8b7c67,3.15,#ada087,1.97,#4c4339,2.48,#ada087,1.97,#635748,3.53,#9c8d75,2.96,#786b59,3.58,,Borago,Borago officinalis
KW_T_423_12_0135L,KW_T_423_12_0135L.tif_segmented.png,727887,3023,3603,#bfaf90,2.29,#cec3a7,1.93,#a99675,1.32,#796149,1.3,#937d60,1.16,#cec3a7,1.93,#3a3327,0.42,#bfaf90,2.29,#796149,1.3,#a99675,1.32,#3a3327,0.42,#796149,1.3,#937d60,1.16,#a99675,1.32,#bfaf90,2.29,#3a3327,0.42,#796149,1.3,#bfaf90,2.29,#a99675,1.32,#cec3a7,1.93,#3a3327,0.42,#796149,1.3,#937d60,1.16,#a99675,1.32,#bfaf90,2.29,,Adiantum,Adiantum capillus-veneris
KW_T_423_12_0137L,KW_T_423_12_0137L.tif_segmented.png,150191,3021,3607,#bbb198,1.25,#c9c0a6,1.25,#2f2b24,0.68,#a39a84,0.44,#796d5b,0.32,#2f2b24,0.68,#c9c0a6,1.25,#bbb198,1.25,#796d5b,0.32,#a39a84,0.44,#796d5b,0.32,#2f2b24,0.68,#a39a84,0.44,#bbb198,1.25,#c9c0a6,1.25,#2f2b24,0.68,#796d5b,0.32,#a39a84,0.44,#c9c0a6,1.25,#bbb198,1.25,#796d5b,0.32,#2f2b24,0.68,#a39a84,0.44,#bbb198,1.25,#c9c0a6,1.25,,Helminthotheca,Helminthotheca echioides
KW_T_423_12_0139L,KW_T_423_12_0139L.tif_segmented.png,1552688,3021,3619,#9a9471,2.83,#877d5f,2.68,#c1b79c,2.54,#b2a97f,2.44,#756951,2.38,#c1b79c,2.54,#b2a97f,2.44,#5d503f,1.3,#756951,2.38,#877d5f,2.68,#5d503f,1.3,#756951,2.38,#877d5f,2.68,#9a9471,2.83,#b2a97f,2.44,#b2a97f,2.44,#756951,2.38,#877d5f,2.68,#9a9471,2.83,#5d503f,1.3,#5d503f,1.3,#756951,2.38,#877d5f,2.68,#9a9471,2.83,#b2a97f,2.44,,Vicia,Vicia tetrasperma subsp. gracilis
KW_T_423_12_0141L,KW_T_423_12_0141L.tif_segmented.png,657039,3019,3615,#c9c2a2,2.04,#b7b18f,1.88,#9f9d75,1.54,#8b8660,1.36,#71674b,1.06,#c9c2a2,2.04,#2d2a23,0.55,#b7b18f,1.88,#71674b,1.06,#8b8660,1.36,#2d2a23,0.55,#71674b,1.06,#8b8660,1.36,#9f9d75,1.54,#b7b18f,1.88,#2d2a23,0.55,#9f9d75,1.54,#8b8660,1.36,#71674b,1.06,#b7b18f,1.88,#2d2a23,0.55,#71674b,1.06,#8b8660,1.36,#9f9d75,1.54,#b7b18f,1.88,Caryophyllaceae,Silene,Silene coronaria
KW_T_423_12_0143L,KW_T_423_12_0143L.tif_segmented.png,1028622,3019,3607,#c4bba3,2.36,#b4ab95,2.28,#9c9583,1.4,#2c2820,0.7,#7a7260,0.49,#2c2820,0.7,#c4bba3,2.36,#b4ab95,2.28,#7a7260,0.49,#9c9583,1.4,#2c2820,0.7,#7a7260,0.49,#9c9583,1.4,#b4ab95,2.28,#c4bba3,2.36,#2c2820,0.7,#7a7260,0.49,#9c9583,1.4,#b4ab95,2.28,#c4bba3,2.36,#2c2820,0.7,#7a7260,0.49,#9c9583,1.4,#b4ab95,2.28,#c4bba3,2.36,,Chordaria,Chordaria flagelliformis
KW_T_423_12_0145L,KW_T_423_12_0145L.tif_segmented.png,728135,3019,3603,#beb6a1,3.37,#aaa493,2.95,#938d7e,2.01,#726d60,1.28,#45453a,0.56,#beb6a1,3.37,#45453a,0.56,#aaa493,2.95,#726d60,1.28,#938d7e,2.01,#45453a,0.56,#726d60,1.28,#938d7e,2.01,#aaa493,2.95,#beb6a1,3.37,#45453a,0.56,#aaa493,2.95,#938d7e,2.01,#726d60,1.28,#beb6a1,3.37,#45453a,0.56,#726d60,1.28,#938d7e,2.01,#aaa493,2.95,#beb6a1,3.37,,Cladophora,Cladophora rupestris
KW_T_423_12_0147L,KW_T_423_12_0147L.tif_segmented.png,1077720,3017,3747,#bfb897,2.56,#a6a681,2.15,#898a6a,1.94,#6f6a51,1.1,#27241e,0.68,#d9d381,0.5,#27241e,0.68,#bfb897,2.56,#a6a681,2.15,#6f6a51,1.1,#6f6a51,1.1,#898a6a,1.94,#27241e,0.68,#a6a681,2.15,#d9d381,0.5,#d9d381,0.5,#27241e,0.68,#a6a681,2.15,#898a6a,1.94,#6f6a51,1.1,#6f6a51,1.1,#898a6a,1.94,#27241e,0.68,#a6a681,2.15,#d9d381,0.5,,Chaetomorpha,Chaetomorpha linum
KW_T_423_12_0149L,KW_T_423_12_0149L.tif_segmented.png,829130,2933,3603,#9b967b,1.36,#847963,0.72,#695d4a,0.7,#2a271f,0.55,,,#2a271f,0.55,#9b967b,1.36,#695d4a,0.7,#847963,0.72,,,#2a271f,0.55,#695d4a,0.7,#847963,0.72,#9b967b,1.36,,,#2a271f,0.55,#847963,0.72,#695d4a,0.7,#9b967b,1.36,,,#2a271f,0.55,#695d4a,0.7,#847963,0.72,#9b967b,1.36,,,,Griffithsia,Griffithsia devoniensis
KW_T_423_12_0151L,KW_T_423_12_0151L.tif_segmented.png,1296408,2935,3603,#8f947f,3.8,#a2a790,3.73,#b7baa2,3.54,#7a806e,3.53,#686957,1.88,#b7baa2,3.54,#686957,1.88,#a2a790,3.73,#8f947f,3.8,#7a806e,3.53,#686957,1.88,#7a806e,3.53,#8f947f,3.8,#a2a790,3.73,#b7baa2,3.54,#a2a790,3.73,#7a806e,3.53,#8f947f,3.8,#686957,1.88,#b7baa2,3.54,#686957,1.88,#7a806e,3.53,#8f947f,3.8,#a2a790,3.73,#b7baa2,3.54,,Spirogyra,Spirogyra porticalis
KW_T_423_12_0153L,KW_T_423_12_0153L.tif_segmented.png,829696,2941,3603,#90976f,1.85,#a8ad86,1.84,#787e59,1.66,#c8c2ac,1.37,#636546,1.16,#28241e,0.76,#c8c2ac,1.37,#a8ad86,1.84,#636546,1.16,#787e59,1.66,#28241e,0.76,#a8ad86,1.84,#636546,1.16,#787e59,1.66,#90976f,1.85,#28241e,0.76,#a8ad86,1.84,#90976f,1.85,#787e59,1.66,#c8c2ac,1.37,#28241e,0.76,#a8ad86,1.84,#636546,1.16,#787e59,1.66,#90976f,1.85,Rosaceae,Rubus,Rubus odoratus
KW_T_423_12_0155L,KW_T_423_12_0155L.tif_segmented.png,140205,2962,3603,#bbb49d,0.79,#a19b83,0.65,#2c2820,0.52,#766f59,0.35,,,#2c2820,0.52,#bbb49d,0.79,#766f59,0.35,#a19b83,0.65,,,#766f59,0.35,#2c2820,0.52,#a19b83,0.65,#bbb49d,0.79,,,#2c2820,0.52,#766f59,0.35,#a19b83,0.65,#bbb49d,0.79,,,#766f59,0.35,#2c2820,0.52,#a19b83,0.65,#bbb49d,0.79,,,,Sempervivum,Sempervivum tectorum
KW_T_423_12_0157L,KW_T_423_12_0157L.tif_segmented.png,1696502,2960,3599,#a8ac81,4.14,#babe91,3.62,#969a72,2.99,#cccca5,2.92,#848763,1.96,#cccca5,2.92,#302c23,0.39,#babe91,3.62,#a8ac81,4.14,#717051,0.98,#302c23,0.39,#717051,0.98,#848763,1.96,#969a72,2.99,#a8ac81,4.14,#302c23,0.39,#babe91,3.62,#cccca5,2.92,#a8ac81,4.14,#969a72,2.99,#302c23,0.39,#717051,0.98,#848763,1.96,#969a72,2.99,#a8ac81,4.14,,Ribes,Ribes alpinum
KW_T_423_12_0159L,KW_T_423_12_0159L.tif_segmented.png,2110687,2958,3611,#bec193,3.97,#aaa984,3.36,#cfcca9,2.98,#9b976d,2.94,#837d5f,1.99,#d4cf76,1.01,#cfcca9,2.98,#bec193,3.97,#6b614a,1.25,#aaa984,3.36,#6b614a,1.25,#837d5f,1.99,#9b976d,2.94,#aaa984,3.36,#bec193,3.97,#d4cf76,1.01,#bec193,3.97,#9b976d,2.94,#aaa984,3.36,#cfcca9,2.98,#6b614a,1.25,#837d5f,1.99,#9b976d,2.94,#aaa984,3.36,#bec193,3.97,,Xerocomellus,Xerocomellus chrysenteron s.l.
KW_T_423_12_0161L,KW_T_423_12_0161L.tif_segmented.png,2357267,2954,3607,#a3a17e,2.73,#b5b090,2.64,#c3c0a2,2.48,#918e66,2.43,#7d7451,1.27,#2f2b21,0.49,#c3c0a2,2.48,#7d7451,1.27,#b5b090,2.64,#918e66,2.43,#2f2b21,0.49,#7d7451,1.27,#918e66,2.43,#a3a17e,2.73,#b5b090,2.64,#2f2b21,0.49,#918e66,2.43,#a3a17e,2.73,#7d7451,1.27,#b5b090,2.64,#2f2b21,0.49,#7d7451,1.27,#918e66,2.43,#a3a17e,2.73,#b5b090,2.64,,Zostera,Zostera marina
KW_T_423_12_0163L,KW_T_423_12_0163L.tif_segmented.png,1240960,2948,3607,#b8bc9c,2.74,#aaac8a,2.39,#979979,2.22,#848466,1.69,#6f6950,0.84,#b8bc9c,2.74,#6f6950,0.84,#aaac8a,2.39,#979979,2.22,#848466,1.69,#6f6950,0.84,#848466,1.69,#979979,2.22,#aaac8a,2.39,#b8bc9c,2.74,#aaac8a,2.39,#979979,2.22,#848466,1.69,#b8bc9c,2.74,#6f6950,0.84,#6f6950,0.84,#848466,1.69,#979979,2.22,#aaac8a,2.39,#b8bc9c,2.74,,Zostera,Zostera noltei
KW_T_423_12_0165L,KW_T_423_12_0165L.tif_segmented.png,508893,2941,3595,#ac9f81,2.0,#c3b592,1.71,#928164,1.04,#736550,0.57,#2a271e,0.44,#c3b592,1.71,#2a271e,0.44,#ac9f81,2.0,#736550,0.57,#928164,1.04,#2a271e,0.44,#736550,0.57,#928164,1.04,#ac9f81,2.0,#c3b592,1.71,#2a271e,0.44,#736550,0.57,#c3b592,1.71,#ac9f81,2.0,#928164,1.04,#2a271e,0.44,#736550,0.57,#928164,1.04,#ac9f81,2.0,#c3b592,1.71,Caryophyllaceae,Silene,Silene baccifera
KW_T_423_12_0167L,KW_T_423_12_0167L.tif_segmented.png,1432516,2923,3607,#a4a272,2.28,#b7b687,2.24,#8f8b5d,1.88,#786c45,1.57,#cdc8a2,1.54,#45382a,0.4,#cdc8a2,1.54,#786c45,1.57,#b7b687,2.24,#a4a272,2.28,#45382a,0.4,#786c45,1.57,#8f8b5d,1.88,#a4a272,2.28,#b7b687,2.24,#b7b687,2.24,#8f8b5d,1.88,#45382a,0.4,#cdc8a2,1.54,#a4a272,2.28,#45382a,0.4,#786c45,1.57,#8f8b5d,1.88,#a4a272,2.28,#b7b687,2.24,,Chara,Chara spec.
KW_T_423_13_0010L,KW_T_423_13_0010L.tif_segmented.png,980542,2905,3643,#bdb490,3.8,#93916a,2.63,#a9a57b,2.31,#7e815c,2.1,#6f694c,0.95,#bdb490,3.8,#2a261f,0.83,#a9a57b,2.31,#6f694c,0.95,#93916a,2.63,#6f694c,0.95,#7e815c,2.1,#2a261f,0.83,#93916a,2.63,#a9a57b,2.31,#2a261f,0.83,#a9a57b,2.31,#93916a,2.63,#bdb490,3.8,#6f694c,0.95,#6f694c,0.95,#7e815c,2.1,#2a261f,0.83,#93916a,2.63,#a9a57b,2.31,,Nitella,Nitella syncarpa
KW_T_423_13_0012L,KW_T_423_13_0012L.tif_segmented.png,589311,2913,3627,#afa786,2.6,#bfb593,2.42,#cbc2a2,2.08,#999173,1.65,#2d271f,0.65,#2d271f,0.65,#cbc2a2,2.08,#bfb593,2.42,#afa786,2.6,#7c6f58,0.51,#7c6f58,0.51,#2d271f,0.65,#999173,1.65,#afa786,2.6,#bfb593,2.42,#2d271f,0.65,#7c6f58,0.51,#afa786,2.6,#bfb593,2.42,#cbc2a2,2.08,#7c6f58,0.51,#2d271f,0.65,#999173,1.65,#afa786,2.6,#bfb593,2.42,,Asarum,Asarum europaeum
KW_T_423_13_0014L,KW_T_423_13_0014L.tif_segmented.png,1027403,2921,3623,#b4a887,3.04,#c4b998,2.49,#9f987c,1.61,#8e8369,1.39,#766852,1.04,#c4b998,2.49,#2e2a22,0.62,#b4a887,3.04,#766852,1.04,#9f987c,1.61,#766852,1.04,#2e2a22,0.62,#8e8369,1.39,#9f987c,1.61,#b4a887,3.04,#2e2a22,0.62,#766852,1.04,#b4a887,3.04,#c4b998,2.49,#9f987c,1.61,#766852,1.04,#2e2a22,0.62,#8e8369,1.39,#9f987c,1.61,#b4a887,3.04,,Claviceps,Claviceps purpurea s.l.
KW_T_423_13_0016L,KW_T_423_13_0016L.tif_segmented.png,960538,2929,3623,#ada27f,2.85,#c1b694,2.46,#958e6d,1.18,#7d7458,1.03,#292620,0.58,#c1b694,2.46,#292620,0.58,#ada27f,2.85,#645d45,0.5,#7d7458,1.03,#645d45,0.5,#7d7458,1.03,#292620,0.58,#958e6d,1.18,#ada27f,2.85,#292620,0.58,#7d7458,1.03,#ada27f,2.85,#958e6d,1.18,#645d45,0.5,#645d45,0.5,#7d7458,1.03,#292620,0.58,#958e6d,1.18,#ada27f,2.85,,Erica,Erica spec.
KW_T_423_13_0018L,KW_T_423_13_0018L.tif_segmented.png,641137,2937,3615,#a79d7d,2.42,#cbbf9f,2.36,#bcae8d,2.05,#92876a,0.77,#27241b,0.71,#27241b,0.71,#cbbf9f,2.36,#bcae8d,2.05,#a79d7d,2.42,#6d624d,0.34,#6d624d,0.34,#27241b,0.71,#92876a,0.77,#bcae8d,2.05,#a79d7d,2.42,#27241b,0.71,#6d624d,0.34,#a79d7d,2.42,#bcae8d,2.05,#cbbf9f,2.36,#6d624d,0.34,#27241b,0.71,#92876a,0.77,#bcae8d,2.05,#a79d7d,2.42,,Erica,Erica cinerea
KW_T_423_13_0020L,KW_T_423_13_0020L.tif_segmented.png,734068,2954,3615,#b7ad8c,2.72,#c6be9c,2.44,#a59c7c,2.36,#93886b,1.41,#2b2821,0.58,#c6be9c,2.44,#2b2821,0.58,#b7ad8c,2.72,#736451,0.54,#a59c7c,2.36,#2b2821,0.58,#736451,0.54,#93886b,1.41,#b7ad8c,2.72,#a59c7c,2.36,#2b2821,0.58,#736451,0.54,#b7ad8c,2.72,#a59c7c,2.36,#c6be9c,2.44,#2b2821,0.58,#736451,0.54,#93886b,1.41,#b7ad8c,2.72,#a59c7c,2.36,,Ribes,Ribes nigrum
KW_T_423_13_0022L,KW_T_423_13_0022L.tif_segmented.png,845843,2960,3627,#b9b18a,2.67,#a89f78,2.3,#cac49b,1.6,#978762,1.11,#312d23,0.55,#cac49b,1.6,#312d23,0.55,#b9b18a,2.67,#77644b,0.51,#a89f78,2.3,#77644b,0.51,#312d23,0.55,#978762,1.11,#a89f78,2.3,#b9b18a,2.67,#312d23,0.55,#cac49b,1.6,#a89f78,2.3,#b9b18a,2.67,#77644b,0.51,#77644b,0.51,#312d23,0.55,#978762,1.11,#a89f78,2.3,#b9b18a,2.67,,Spongilla,Spongilla lacustris
KW_T_423_13_0024L,KW_T_423_13_0024L.tif_segmented.png,1134707,2972,3623,#a49f7e,2.99,#b8af8d,2.98,#908c71,2.09,#7f7960,1.74,#c8bfa1,1.73,#c8bfa1,1.73,#282620,0.88,#b8af8d,2.98,#a49f7e,2.99,#6a624c,1.24,#6a624c,1.24,#282620,0.88,#7f7960,1.74,#908c71,2.09,#a49f7e,2.99,#282620,0.88,#7f7960,1.74,#a49f7e,2.99,#6a624c,1.24,#b8af8d,2.98,#6a624c,1.24,#282620,0.88,#7f7960,1.74,#908c71,2.09,#a49f7e,2.99,,Marchantia,Marchantia polymorpha
KW_T_423_13_0026L,KW_T_423_13_0026L.tif_segmented.png,811365,2976,3615,#a99e78,2.34,#bab08b,2.29,#908261,1.36,#6d5f46,0.67,#2e2922,0.55,#bab08b,2.29,#2e2922,0.55,#a99e78,2.34,#6d5f46,0.67,#908261,1.36,#6d5f46,0.67,#2e2922,0.55,#908261,1.36,#bab08b,2.29,#a99e78,2.34,#2e2922,0.55,#a99e78,2.34,#bab08b,2.29,#6d5f46,0.67,#908261,1.36,#6d5f46,0.67,#2e2922,0.55,#908261,1.36,#bab08b,2.29,#a99e78,2.34,Caryophyllaceae,Silene,Silene armeria
KW_T_423_13_0028L,KW_T_423_13_0028L.tif_segmented.png,787618,2986,3615,#b2ac8f,1.97,#a39a7a,1.84,#c5bea0,1.55,#88846c,1.45,#6f6c56,1.06,#2a2720,0.71,#c5bea0,1.55,#b2ac8f,1.97,#a39a7a,1.84,#6f6c56,1.06,#2a2720,0.71,#6f6c56,1.06,#88846c,1.45,#a39a7a,1.84,#b2ac8f,1.97,#2a2720,0.71,#88846c,1.45,#6f6c56,1.06,#a39a7a,1.84,#b2ac8f,1.97,#2a2720,0.71,#6f6c56,1.06,#88846c,1.45,#a39a7a,1.84,#b2ac8f,1.97,,Allium,Allium schoenoprasum
KW_T_423_13_0030L,KW_T_423_13_0030L.tif_segmented.png,952553,2988,3611,#a19d81,2.37,#8d896e,2.08,#b2af94,2.0,#cac3a8,1.79,#757561,1.76,#cac3a8,1.79,#605c4a,1.08,#b2af94,2.0,#a19d81,2.37,#8d896e,2.08,#605c4a,1.08,#757561,1.76,#8d896e,2.08,#a19d81,2.37,#b2af94,2.0,#757561,1.76,#a19d81,2.37,#605c4a,1.08,#8d896e,2.08,#b2af94,2.0,#605c4a,1.08,#757561,1.76,#8d896e,2.08,#a19d81,2.37,#b2af94,2.0,,Spergula,Spergula morisonii
KW_T_423_13_0032L,KW_T_423_13_0032L.tif_segmented.png,765087,2990,3619,#ccc2a5,2.02,#9e9172,1.84,#b3a98c,1.61,#7e735c,1.49,#5f5243,1.04,#ccc2a5,2.02,#2d2821,0.6,#b3a98c,1.61,#5f5243,1.04,#9e9172,1.84,#5f5243,1.04,#2d2821,0.6,#7e735c,1.49,#9e9172,1.84,#b3a98c,1.61,#2d2821,0.6,#7e735c,1.49,#b3a98c,1.61,#ccc2a5,2.02,#5f5243,1.04,#5f5243,1.04,#2d2821,0.6,#7e735c,1.49,#9e9172,1.84,#b3a98c,1.61,,Huperzia,Huperzia selago
KW_T_423_13_0034L,KW_T_423_13_0034L.tif_segmented.png,608278,2931,3627,#a59e7f,1.41,#bab395,1.32,#cfc7ae,1.23,#27251d,0.76,#817d64,0.75,#cfc7ae,1.23,#27251d,0.76,#bab395,1.32,#615946,0.57,#a59e7f,1.41,#27251d,0.76,#615946,0.57,#817d64,0.75,#a59e7f,1.41,#bab395,1.32,#27251d,0.76,#817d64,0.75,#a59e7f,1.41,#615946,0.57,#bab395,1.32,#27251d,0.76,#615946,0.57,#817d64,0.75,#a59e7f,1.41,#bab395,1.32,,Orthotrichum,Orthotrichum cf. affine
KW_T_423_13_0036L,KW_T_423_13_0036L.tif_segmented.png,275220,2937,3615,#c3b695,1.53,#aea282,1.18,#928a71,0.67,#696151,0.63,#322d24,0.39,#c3b695,1.53,#322d24,0.39,#aea282,1.18,#696151,0.63,#928a71,0.67,#696151,0.63,#322d24,0.39,#928a71,0.67,#aea282,1.18,#c3b695,1.53,#322d24,0.39,#aea282,1.18,#696151,0.63,#c3b695,1.53,#928a71,0.67,#696151,0.63,#322d24,0.39,#928a71,0.67,#aea282,1.18,#c3b695,1.53,,Orthotrichum,Orthotrichum spec. Of Orthotrichum lyellii / Pulvigera lyellii
KW_T_423_13_0038L,KW_T_423_13_0038L.tif_segmented.png,114916,2944,3631,#c8bb9d,1.52,#b4a787,1.25,#2f2b23,0.75,#9f9575,0.6,#716651,0.14,#c8bb9d,1.52,#2f2b23,0.75,#b4a787,1.25,#716651,0.14,#9f9575,0.6,#716651,0.14,#2f2b23,0.75,#9f9575,0.6,#b4a787,1.25,#c8bb9d,1.52,#2f2b23,0.75,#716651,0.14,#b4a787,1.25,#9f9575,0.6,#c8bb9d,1.52,#716651,0.14,#2f2b23,0.75,#9f9575,0.6,#b4a787,1.25,#c8bb9d,1.52,,Lathyrus,Lathyrus aphaca
KW_T_423_13_0040L,KW_T_423_13_0040L.tif_segmented.png,621172,2950,3619,#c8bc9e,1.92,#b6aa8b,1.51,#a09678,1.33,#7f7560,0.88,#29261e,0.56,#c8bc9e,1.92,#29261e,0.56,#b6aa8b,1.51,#a09678,1.33,#5f5747,0.5,#29261e,0.56,#5f5747,0.5,#7f7560,0.88,#a09678,1.33,#b6aa8b,1.51,#29261e,0.56,#7f7560,0.88,#5f5747,0.5,#b6aa8b,1.51,#a09678,1.33,#29261e,0.56,#5f5747,0.5,#7f7560,0.88,#a09678,1.33,#b6aa8b,1.51,,Botrychium,Botrychium lunaria
KW_T_423_13_0042L,KW_T_423_13_0042L.tif_segmented.png,133940,2968,3615,#cabfa0,1.71,#b9ab8c,1.22,#a39677,0.81,#28251d,0.73,#79705b,0.27,#cabfa0,1.71,#28251d,0.73,#b9ab8c,1.22,#514333,0.2,#a39677,0.81,#514333,0.2,#79705b,0.27,#28251d,0.73,#a39677,0.81,#b9ab8c,1.22,#28251d,0.73,#79705b,0.27,#b9ab8c,1.22,#514333,0.2,#cabfa0,1.71,#514333,0.2,#79705b,0.27,#28251d,0.73,#a39677,0.81,#b9ab8c,1.22,,Athyrium,Athyrium filix-femina
KW_T_423_13_0044L,KW_T_423_13_0044L.tif_segmented.png,396519,2976,3623,#d0c5a9,1.94,#beb292,1.54,#a4987b,1.31,#7e7861,0.89,#322b24,0.66,#d0c5a9,1.94,#322b24,0.66,#beb292,1.54,#645845,0.61,#a4987b,1.31,#645845,0.61,#7e7861,0.89,#322b24,0.66,#a4987b,1.31,#beb292,1.54,#322b24,0.66,#7e7861,0.89,#beb292,1.54,#645845,0.61,#d0c5a9,1.94,#645845,0.61,#7e7861,0.89,#322b24,0.66,#a4987b,1.31,#beb292,1.54,,Lathyrus,Lathyrus nissolia
KW_T_423_13_0046L,KW_T_423_13_0046L.tif_segmented.png,493301,2974,3619,#c6ba9c,1.77,#afa688,1.61,#968d74,0.95,#736853,0.66,#2e2b24,0.5,#c6ba9c,1.77,#2e2b24,0.5,#afa688,1.61,#736853,0.66,#968d74,0.95,#736853,0.66,#2e2b24,0.5,#968d74,0.95,#afa688,1.61,#c6ba9c,1.77,#2e2b24,0.5,#736853,0.66,#afa688,1.61,#c6ba9c,1.77,#968d74,0.95,#736853,0.66,#2e2b24,0.5,#968d74,0.95,#afa688,1.61,#c6ba9c,1.77,Porellaceae,Porella,Porella platyphylla
KW_T_423_13_0048L,KW_T_423_13_0048L.tif_segmented.png,970489,2982,3635,#c7bc9f,2.14,#a09981,1.81,#b2ac94,1.55,#83806f,1.5,#685e4f,1.16,#c7bc9f,2.14,#393129,0.92,#b2ac94,1.55,#685e4f,1.16,#a09981,1.81,#685e4f,1.16,#83806f,1.5,#393129,0.92,#a09981,1.81,#b2ac94,1.55,#393129,0.92,#83806f,1.5,#685e4f,1.16,#a09981,1.81,#b2ac94,1.55,#685e4f,1.16,#83806f,1.5,#393129,0.92,#a09981,1.81,#b2ac94,1.55,,Odontonschisma,Odontonschisma sphagni
KW_T_423_13_0050L,KW_T_423_13_0050L.tif_segmented.png,845609,2984,3639,#bcb395,2.89,#777e62,2.57,#9a9a79,1.74,#5b6149,1.63,#292720,0.8,#ddd473,0.34,#bcb395,2.89,#292720,0.8,#5b6149,1.63,#9a9a79,1.74,#5b6149,1.63,#777e62,2.57,#292720,0.8,#9a9a79,1.74,#bcb395,2.89,#ddd473,0.34,#292720,0.8,#9a9a79,1.74,#777e62,2.57,#bcb395,2.89,#5b6149,1.63,#777e62,2.57,#292720,0.8,#9a9a79,1.74,#bcb395,2.89,Caryophyllaceae,Dianthus,Dianthus barbatus
KW_T_423_13_0052L,KW_T_423_13_0052L.tif_segmented.png,751403,2984,3643,#c3b997,2.39,#aea787,2.13,#999474,1.58,#7c795f,1.19,#5c6045,0.62,#c3b997,2.39,#2b2923,0.53,#aea787,2.13,#5c6045,0.62,#999474,1.58,#5c6045,0.62,#7c795f,1.19,#2b2923,0.53,#999474,1.58,#aea787,2.13,#2b2923,0.53,#7c795f,1.19,#aea787,2.13,#999474,1.58,#c3b997,2.39,#5c6045,0.62,#7c795f,1.19,#2b2923,0.53,#999474,1.58,#aea787,2.13,,Papaver,Papaver somniferum
KW_T_423_13_0054L,KW_T_423_13_0054L.tif_segmented.png,891025,2992,3643,#bdb692,1.93,#aca67f,1.92,#96936a,1.73,#797253,0.76,#3a3328,0.5,#3a3328,0.5,#bdb692,1.93,#aca67f,1.92,#797253,0.76,#96936a,1.73,#3a3328,0.5,#797253,0.76,#96936a,1.73,#aca67f,1.92,#bdb692,1.93,#3a3328,0.5,#aca67f,1.92,#96936a,1.73,#797253,0.76,#bdb692,1.93,#3a3328,0.5,#797253,0.76,#96936a,1.73,#aca67f,1.92,#bdb692,1.93,,Hesperis,Hesperis matronalis
KW_T_423_13_0056L,KW_T_423_13_0056L.tif_segmented.png,1833324,2992,3659,#6d715f,4.42,#7e836d,3.71,#98977c,3.16,#5a5c4c,2.84,#b1ac8d,2.49,#2b2820,0.71,#b1ac8d,2.49,#98977c,3.16,#5a5c4c,2.84,#7e836d,3.71,#2b2820,0.71,#b1ac8d,2.49,#98977c,3.16,#5a5c4c,2.84,#7e836d,3.71,#2b2820,0.71,#7e836d,3.71,#98977c,3.16,#6d715f,4.42,#b1ac8d,2.49,#2b2820,0.71,#b1ac8d,2.49,#98977c,3.16,#5a5c4c,2.84,#7e836d,3.71,,Trichocolea,Trichocolea tomentella
KW_T_423_13_0058L,KW_T_423_13_0058L.tif_segmented.png,742657,2944,3639,#a69b7c,1.53,#bdb692,1.53,#8a7f64,0.78,#2f2a23,0.58,#6b5e4a,0.42,#bdb692,1.53,#2f2a23,0.58,#a69b7c,1.53,#6b5e4a,0.42,#8a7f64,0.78,#6b5e4a,0.42,#2f2a23,0.58,#8a7f64,0.78,#a69b7c,1.53,#bdb692,1.53,#2f2a23,0.58,#bdb692,1.53,#8a7f64,0.78,#6b5e4a,0.42,#a69b7c,1.53,#6b5e4a,0.42,#2f2a23,0.58,#8a7f64,0.78,#a69b7c,1.53,#bdb692,1.53,Dryopteridaceae,Dryopteris,Dryopteris cristata
KW_T_423_13_0060L,KW_T_423_13_0060L.tif_segmented.png,440797,2956,3643,#c5bca3,1.68,#2d2a22,0.88,#b1a88e,0.87,#918f70,0.81,#616757,0.69,#2d2a22,0.88,#c5bca3,1.68,#b1a88e,0.87,#918f70,0.81,#616757,0.69,#2d2a22,0.88,#616757,0.69,#918f70,0.81,#b1a88e,0.87,#c5bca3,1.68,#2d2a22,0.88,#918f70,0.81,#616757,0.69,#b1a88e,0.87,#c5bca3,1.68,#2d2a22,0.88,#616757,0.69,#918f70,0.81,#b1a88e,0.87,#c5bca3,1.68,,Colutea,Colutea arborescens
KW_T_423_13_0062L,KW_T_423_13_0062L.tif_segmented.png,1449500,2958,3643,#cac1a6,2.72,#b5aa91,2.65,#a1957d,2.48,#756652,1.95,#8f7d64,1.93,#cac1a6,2.72,#29261e,0.75,#b5aa91,2.65,#756652,1.95,#8f7d64,1.93,#29261e,0.75,#756652,1.95,#8f7d64,1.93,#a1957d,2.48,#b5aa91,2.65,#29261e,0.75,#756652,1.95,#8f7d64,1.93,#b5aa91,2.65,#cac1a6,2.72,#29261e,0.75,#756652,1.95,#8f7d64,1.93,#a1957d,2.48,#b5aa91,2.65,,Clematis,Clematis viticella
KW_T_423_13_0064L,KW_T_423_13_0064L.tif_segmented.png,1801700,2968,3643,#b6b58b,6.4,#c7c799,6.08,#a5a17b,4.4,#94896a,2.18,#7b6a56,1.11,#c7c799,6.08,#312d24,0.54,#b6b58b,6.4,#a5a17b,4.4,#7b6a56,1.11,#312d24,0.54,#7b6a56,1.11,#94896a,2.18,#a5a17b,4.4,#b6b58b,6.4,#312d24,0.54,#c7c799,6.08,#b6b58b,6.4,#a5a17b,4.4,#7b6a56,1.11,#312d24,0.54,#7b6a56,1.11,#94896a,2.18,#a5a17b,4.4,#b6b58b,6.4,,Cetraria,Cetraria aculeata
KW_T_423_13_0066L,KW_T_423_13_0066L.tif_segmented.png,368054,2982,3643,#c0b693,1.72,#a6a17c,1.56,#d0c7a9,1.39,#8a8666,1.06,#2f2c24,0.51,#d0c7a9,1.39,#2f2c24,0.51,#c0b693,1.72,#a6a17c,1.56,#6d684e,0.5,#6d684e,0.5,#2f2c24,0.51,#8a8666,1.06,#a6a17c,1.56,#c0b693,1.72,#2f2c24,0.51,#a6a17c,1.56,#8a8666,1.06,#c0b693,1.72,#d0c7a9,1.39,#6d684e,0.5,#2f2c24,0.51,#8a8666,1.06,#a6a17c,1.56,#c0b693,1.72,,Cetraria,Cetraria islandica
KW_T_423_13_0068L,KW_T_423_13_0068L.tif_segmented.png,1354014,2982,3627,#c0b9a0,3.77,#ada68a,3.11,#958e74,1.88,#746857,0.85,#29261f,0.66,#29261f,0.66,#c0b9a0,3.77,#ada68a,3.11,#746857,0.85,#958e74,1.88,#29261f,0.66,#746857,0.85,#958e74,1.88,#ada68a,3.11,#c0b9a0,3.77,#29261f,0.66,#ada68a,3.11,#746857,0.85,#958e74,1.88,#c0b9a0,3.77,#29261f,0.66,#746857,0.85,#958e74,1.88,#ada68a,3.11,#c0b9a0,3.77,,Aesculus,Aesculus hippocastanum
KW_T_423_13_0070L,KW_T_423_13_0070L.tif_segmented.png,598460,2980,3635,#c4bc9c,2.0,#b1aa89,1.56,#949376,1.46,#7a7c65,1.3,#656352,0.57,#c4bc9c,2.0,#29251f,0.49,#b1aa89,1.56,#949376,1.46,#656352,0.57,#29251f,0.49,#656352,0.57,#7a7c65,1.3,#949376,1.46,#b1aa89,1.56,#29251f,0.49,#7a7c65,1.3,#b1aa89,1.56,#949376,1.46,#656352,0.57,#29251f,0.49,#656352,0.57,#7a7c65,1.3,#949376,1.46,#b1aa89,1.56,,Pertusaria,Pertusaria pertusa
KW_T_423_13_0072L,KW_T_423_13_0072L.tif_segmented.png,624966,2986,3655,#c9c2a6,1.92,#b0b092,1.61,#a8a279,1.1,#8b8e72,1.05,#746d52,0.6,#302d24,0.57,#c9c2a6,1.92,#a8a279,1.1,#746d52,0.6,#b0b092,1.61,#746d52,0.6,#302d24,0.57,#8b8e72,1.05,#a8a279,1.1,#b0b092,1.61,#302d24,0.57,#a8a279,1.1,#8b8e72,1.05,#746d52,0.6,#b0b092,1.61,#746d52,0.6,#302d24,0.57,#8b8e72,1.05,#a8a279,1.1,#b0b092,1.61,,Castanea,Castanea sativa
KW_T_423_13_0074L,KW_T_423_13_0074L.tif_segmented.png,568214,3025,3643,#cec9b1,3.22,#bdbca4,2.99,#afaa91,2.87,#9e977d,2.0,#312d25,0.66,#312d25,0.66,#cec9b1,3.22,#bdbca4,2.99,#afaa91,2.87,#9e977d,2.0,#312d25,0.66,#7e7963,0.65,#9e977d,2.0,#afaa91,2.87,#bdbca4,2.99,#312d25,0.66,#7e7963,0.65,#afaa91,2.87,#cec9b1,3.22,#9e977d,2.0,#312d25,0.66,#7e7963,0.65,#9e977d,2.0,#afaa91,2.87,#bdbca4,2.99,,Pisum,Pisum sativum
KW_T_423_13_0076L,KW_T_423_13_0076L.tif_segmented.png,515172,3037,3663,#cbc3a4,2.64,#9e987e,1.79,#b5af8e,1.66,#807a64,0.63,#534737,0.26,#cbc3a4,2.64,#534737,0.26,#b5af8e,1.66,#9e987e,1.79,#807a64,0.63,#534737,0.26,#807a64,0.63,#9e987e,1.79,#b5af8e,1.66,#cbc3a4,2.64,#807a64,0.63,#b5af8e,1.66,#cbc3a4,2.64,#9e987e,1.79,#534737,0.26,#534737,0.26,#807a64,0.63,#9e987e,1.79,#b5af8e,1.66,#cbc3a4,2.64,,Fagopyrum,Fagopyrum esculentum
KW_T_423_13_0078L,KW_T_423_13_0078L.tif_segmented.png,1622101,3043,3663,#c3c19f,3.52,#afaf8d,2.26,#9e9877,1.75,#7d7157,0.99,#2b2820,0.74,#2b2820,0.74,#c3c19f,3.52,#afaf8d,2.26,#7d7157,0.99,#9e9877,1.75,#7d7157,0.99,#2b2820,0.74,#9e9877,1.75,#afaf8d,2.26,#c3c19f,3.52,#2b2820,0.74,#afaf8d,2.26,#7d7157,0.99,#c3c19f,3.52,#9e9877,1.75,#7d7157,0.99,#2b2820,0.74,#9e9877,1.75,#afaf8d,2.26,#c3c19f,3.52,,Pertusaria,Pertusaria hymenea
KW_T_423_13_0080L,KW_T_423_13_0080L.tif_segmented.png,1536301,3050,3655,#989975,4.73,#cbc2a3,3.94,#848165,3.23,#aeaa8e,2.77,#6e6550,1.86,#cbc2a3,3.94,#2c281f,0.69,#989975,4.73,#aeaa8e,2.77,#6e6550,1.86,#2c281f,0.69,#6e6550,1.86,#848165,3.23,#aeaa8e,2.77,#989975,4.73,#2c281f,0.69,#989975,4.73,#848165,3.23,#6e6550,1.86,#aeaa8e,2.77,#2c281f,0.69,#6e6550,1.86,#848165,3.23,#aeaa8e,2.77,#989975,4.73,,Calicium,Calicium viride
KW_T_423_13_0082L,KW_T_423_13_0082L.tif_segmented.png,709189,3048,3635,#ccc4a5,3.33,#a6a187,2.31,#b8b394,2.12,#938e72,1.9,#7d7860,1.0,#ccc4a5,3.33,#463f2e,0.43,#b8b394,2.12,#a6a187,2.31,#7d7860,1.0,#463f2e,0.43,#7d7860,1.0,#938e72,1.9,#a6a187,2.31,#b8b394,2.12,#7d7860,1.0,#463f2e,0.43,#a6a187,2.31,#ccc4a5,3.33,#b8b394,2.12,#463f2e,0.43,#7d7860,1.0,#938e72,1.9,#a6a187,2.31,#b8b394,2.12,,Nicandra,Nicandra physalodes
KW_T_423_13_0084L,KW_T_423_13_0084L.tif_segmented.png,421421,3052,3639,#c4b998,1.85,#a8a184,1.29,#8c8268,1.07,#25221a,0.57,#5e523d,0.28,#c4b998,1.85,#25221a,0.57,#5e523d,0.28,#a8a184,1.29,#8c8268,1.07,#5e523d,0.28,#8c8268,1.07,#25221a,0.57,#a8a184,1.29,#c4b998,1.85,#25221a,0.57,#a8a184,1.29,#8c8268,1.07,#c4b998,1.85,#5e523d,0.28,#5e523d,0.28,#8c8268,1.07,#25221a,0.57,#a8a184,1.29,#c4b998,1.85,,Suillus,Suillus placidus
KW_T_423_13_0086L,KW_T_423_13_0086L.tif_segmented.png,508820,3048,3627,#d0c6a8,2.68,#c2b895,2.07,#a8a581,1.56,#8c8c69,1.07,#706e51,0.81,#2e291f,0.39,#d0c6a8,2.68,#c2b895,2.07,#a8a581,1.56,#706e51,0.81,#2e291f,0.39,#706e51,0.81,#8c8c69,1.07,#a8a581,1.56,#c2b895,2.07,#2e291f,0.39,#a8a581,1.56,#8c8c69,1.07,#c2b895,2.07,#706e51,0.81,#2e291f,0.39,#706e51,0.81,#8c8c69,1.07,#a8a581,1.56,#c2b895,2.07,,Volvariella,Volvariella volvacea
KW_T_423_13_0088L,KW_T_423_13_0088L.tif_segmented.png,492576,3054,3631,#cabc9a,2.88,#b9b5a6,2.24,#a9a18a,1.97,#7a6951,1.48,#948970,1.42,#cabc9a,2.88,#554736,0.53,#7a6951,1.48,#a9a18a,1.97,#b9b5a6,2.24,#554736,0.53,#7a6951,1.48,#948970,1.42,#a9a18a,1.97,#cabc9a,2.88,#7a6951,1.48,#a9a18a,1.97,#cabc9a,2.88,#554736,0.53,#b9b5a6,2.24,#554736,0.53,#7a6951,1.48,#948970,1.42,#a9a18a,1.97,#cabc9a,2.88,,Amblystegium,Amblystegium serpens
KW_T_423_13_0091L,KW_T_423_13_0091L.tif_segmented.png,2318429,3050,3639,#cac3a2,5.13,#b9b490,4.3,#8f906f,3.49,#a3a481,3.24,#787a5f,3.18,#cac3a2,5.13,#b9b490,4.3,#5f5d49,1.79,#a3a481,3.24,#787a5f,3.18,#5f5d49,1.79,#787a5f,3.18,#8f906f,3.49,#b9b490,4.3,#a3a481,3.24,#a3a481,3.24,#8f906f,3.49,#787a5f,3.18,#b9b490,4.3,#cac3a2,5.13,#5f5d49,1.79,#787a5f,3.18,#8f906f,3.49,#b9b490,4.3,#a3a481,3.24,,Amblystegium,Amblystegium serpens
KW_T_423_13_0093L,KW_T_423_13_0093L.tif_segmented.png,841154,3054,3635,#ccc4a8,2.42,#c0b494,2.33,#a8a183,1.23,#6d6853,1.03,#8c856a,0.88,#ccc4a8,2.42,#c0b494,2.33,#544e38,0.75,#a8a183,1.23,#6d6853,1.03,#544e38,0.75,#6d6853,1.03,#8c856a,0.88,#a8a183,1.23,#c0b494,2.33,#a8a183,1.23,#544e38,0.75,#6d6853,1.03,#8c856a,0.88,#c0b494,2.33,#544e38,0.75,#6d6853,1.03,#8c856a,0.88,#a8a183,1.23,#c0b494,2.33,Cyperaceae,Carex,Carex distans
KW_T_423_13_0095L,KW_T_423_13_0095L.tif_segmented.png,1677056,3054,3647,#ccc5ab,3.65,#969a8a,3.52,#818678,3.28,#6e7164,3.03,#c0b290,2.89,#c0b290,2.89,#ccc5ab,3.65,#5d5a4b,1.72,#6e7164,3.03,#a8b1a2,2.35,#5d5a4b,1.72,#6e7164,3.03,#818678,3.28,#969a8a,3.52,#a8b1a2,2.35,#a8b1a2,2.35,#5d5a4b,1.72,#818678,3.28,#c0b290,2.89,#969a8a,3.52,#5d5a4b,1.72,#6e7164,3.03,#818678,3.28,#969a8a,3.52,#a8b1a2,2.35,,Hieracium,Hieracium caespitosum
KW_T_423_13_0097L,KW_T_423_13_0097L.tif_segmented.png,1111225,2970,3619,#97997d,1.82,#c5c0a4,1.65,#848268,1.6,#b1af90,1.46,#6c694f,1.26,#c5c0a4,1.65,#544e37,0.73,#b1af90,1.46,#6c694f,1.26,#97997d,1.82,#544e37,0.73,#6c694f,1.26,#848268,1.6,#97997d,1.82,#b1af90,1.46,#97997d,1.82,#848268,1.6,#544e37,0.73,#b1af90,1.46,#6c694f,1.26,#544e37,0.73,#6c694f,1.26,#848268,1.6,#97997d,1.82,#b1af90,1.46,,Elodea,Elodea canadensis
KW_T_423_13_0099L,KW_T_423_13_0099L.tif_segmented.png,2141441,2980,3635,#c6c4a9,3.92,#b3b298,3.0,#9d9b84,1.92,#847c6a,0.92,#25231b,0.79,#25231b,0.79,#c6c4a9,3.92,#b3b298,3.0,#5f5544,0.57,#9d9b84,1.92,#5f5544,0.57,#847c6a,0.92,#25231b,0.79,#9d9b84,1.92,#b3b298,3.0,#25231b,0.79,#847c6a,0.92,#9d9b84,1.92,#c6c4a9,3.92,#b3b298,3.0,#5f5544,0.57,#847c6a,0.92,#25231b,0.79,#9d9b84,1.92,#b3b298,3.0,,Geastrum,Geastrum triplex
KW_T_423_13_0101L,KW_T_423_13_0101L.tif_segmented.png,1357736,2982,3631,#787666,2.79,#8f8d79,2.26,#aca88d,2.19,#c4be9f,2.1,#625e51,1.71,#28241c,0.6,#c4be9f,2.1,#aca88d,2.19,#625e51,1.71,#787666,2.79,#aca88d,2.19,#28241c,0.6,#625e51,1.71,#8f8d79,2.26,#787666,2.79,#28241c,0.6,#aca88d,2.19,#8f8d79,2.26,#787666,2.79,#625e51,1.71,#aca88d,2.19,#28241c,0.6,#625e51,1.71,#8f8d79,2.26,#787666,2.79,Orobanchaceae,Orobanche,Orobanche minor
KW_T_423_13_0103L,KW_T_423_13_0103L.tif_segmented.png,71940,2986,3627,#b0ae91,2.86,#9c9a7d,2.36,#c5c0a4,2.35,#877e66,1.3,#675c49,0.65,#2a251e,0.55,#c5c0a4,2.35,#b0ae91,2.86,#675c49,0.65,#9c9a7d,2.36,#675c49,0.65,#877e66,1.3,#9c9a7d,2.36,#2a251e,0.55,#b0ae91,2.86,#2a251e,0.55,#9c9a7d,2.36,#b0ae91,2.86,#877e66,1.3,#675c49,0.65,#675c49,0.65,#877e66,1.3,#9c9a7d,2.36,#2a251e,0.55,#b0ae91,2.86,,Buxbaumia,Buxbaumia aphylla
KW_T_423_13_0105L,KW_T_423_13_0105L.tif_segmented.png,1063814,2986,3623,#b9b58e,3.19,#cac9a0,2.72,#8a8466,2.23,#a59f7a,2.2,#726750,1.57,#cac9a0,2.72,#302b21,0.39,#b9b58e,3.19,#726750,1.57,#a59f7a,2.2,#302b21,0.39,#8a8466,2.23,#726750,1.57,#a59f7a,2.2,#b9b58e,3.19,#302b21,0.39,#cac9a0,2.72,#b9b58e,3.19,#a59f7a,2.2,#726750,1.57,#302b21,0.39,#8a8466,2.23,#726750,1.57,#a59f7a,2.2,#b9b58e,3.19,Cyperaceae,Carex,Carex acutiformis
KW_T_423_13_0107L,KW_T_423_13_0107L.tif_segmented.png,522457,2990,3627,#bfb698,1.25,#ada78a,1.19,#928d74,0.65,#2c291e,0.46,#736a54,0.33,#2c291e,0.46,#bfb698,1.25,#ada78a,1.19,#736a54,0.33,#928d74,0.65,#736a54,0.33,#2c291e,0.46,#928d74,0.65,#ada78a,1.19,#bfb698,1.25,#2c291e,0.46,#736a54,0.33,#ada78a,1.19,#928d74,0.65,#bfb698,1.25,#736a54,0.33,#2c291e,0.46,#928d74,0.65,#ada78a,1.19,#bfb698,1.25,Cyperaceae,Carex,Carex spec.
KW_T_423_13_0109L,KW_T_423_13_0109L.tif_segmented.png,1066363,2988,3635,#cec8b4,2.92,#aea98c,2.35,#beba9e,2.25,#929276,1.47,#75745e,1.33,#cec8b4,2.92,#beba9e,2.25,#595945,0.9,#aea98c,2.35,#75745e,1.33,#595945,0.9,#929276,1.47,#75745e,1.33,#aea98c,2.35,#beba9e,2.25,#75745e,1.33,#929276,1.47,#aea98c,2.35,#595945,0.9,#beba9e,2.25,#595945,0.9,#929276,1.47,#75745e,1.33,#aea98c,2.35,#beba9e,2.25,,Neolentinus,Neolentinus lepideus 
KW_T_423_13_0112L,KW_T_423_13_0112L.tif_segmented.png,1912969,2988,3631,#a0a78b,4.48,#8f977d,3.8,#79826e,3.48,#b4b69a,3.46,#666a5a,1.39,#dbd168,0.42,#b4b69a,3.46,#a0a78b,4.48,#666a5a,1.39,#8f977d,3.8,#dbd168,0.42,#666a5a,1.39,#b4b69a,3.46,#8f977d,3.8,#a0a78b,4.48,#dbd168,0.42,#a0a78b,4.48,#8f977d,3.8,#79826e,3.48,#b4b69a,3.46,#dbd168,0.42,#666a5a,1.39,#b4b69a,3.46,#8f977d,3.8,#a0a78b,4.48,,Tortula,Tortula muralis
KW_T_423_13_0114L,KW_T_423_13_0114L.tif_segmented.png,700311,2929,3627,#b7af9c,1.89,#c8c4b4,1.86,#9d9a8d,1.26,#7f8174,0.84,#59635e,0.52,#332e24,0.41,#c8c4b4,1.86,#b7af9c,1.89,#59635e,0.52,#9d9a8d,1.26,#332e24,0.41,#59635e,0.52,#7f8174,0.84,#b7af9c,1.89,#9d9a8d,1.26,#332e24,0.41,#7f8174,0.84,#c8c4b4,1.86,#9d9a8d,1.26,#59635e,0.52,#332e24,0.41,#59635e,0.52,#7f8174,0.84,#b7af9c,1.89,#9d9a8d,1.26,Pottiaceae,Syntrichia,Syntrichia laevipila
KW_T_423_13_0117L,KW_T_423_13_0117L.tif_segmented.png,2315471,2929,3615,#969a73,4.77,#7e8364,4.53,#adad8e,4.28,#c9c3a7,2.93,#64684f,2.56,#c3b571,1.0,#c9c3a7,2.93,#64684f,2.56,#969a73,4.77,#adad8e,4.28,#64684f,2.56,#7e8364,4.53,#adad8e,4.28,#969a73,4.77,#c3b571,1.0,#c3b571,1.0,#adad8e,4.28,#969a73,4.77,#7e8364,4.53,#c9c3a7,2.93,#64684f,2.56,#7e8364,4.53,#adad8e,4.28,#969a73,4.77,#c3b571,1.0,,Jacobaea,Jacobaea erucifolia
KW_T_423_13_0119L,KW_T_423_13_0119L.tif_segmented.png,1229153,2929,3615,#b9ba91,4.11,#a5a980,3.87,#cdc8a8,3.07,#8a906d,2.78,#747654,2.58,#67553a,0.95,#cdc8a8,3.07,#a5885b,0.65,#b9ba91,4.11,#a5a980,3.87,#67553a,0.95,#747654,2.58,#a5885b,0.65,#8a906d,2.78,#a5a980,3.87,#b9ba91,4.11,#8a906d,2.78,#a5a980,3.87,#cdc8a8,3.07,#a5885b,0.65,#67553a,0.95,#747654,2.58,#a5885b,0.65,#8a906d,2.78,#a5a980,3.87,Cyperaceae,Carex,Carex nigra
KW_T_423_13_0121L,KW_T_423_13_0121L.tif_segmented.png,1012083,2931,3611,#cbc8a7,2.63,#b5b092,2.51,#9e9f74,1.93,#878161,1.54,#c2c47d,1.0,#c2c47d,1.0,#cbc8a7,2.63,#2d2a22,0.67,#6c5e48,0.8,#b5b092,2.51,#2d2a22,0.67,#6c5e48,0.8,#878161,1.54,#9e9f74,1.93,#b5b092,2.51,#2d2a22,0.67,#c2c47d,1.0,#878161,1.54,#9e9f74,1.93,#cbc8a7,2.63,#2d2a22,0.67,#6c5e48,0.8,#878161,1.54,#9e9f74,1.93,#b5b092,2.51,,Pimpinella,Pimpinella major
KW_T_423_13_0123L,KW_T_423_13_0123L.tif_segmented.png,3998803,2931,3607,#ada991,4.73,#c1bba7,4.7,#96917c,3.76,#807867,3.56,#665f52,1.88,#332e25,0.62,#c1bba7,4.7,#ada991,4.73,#96917c,3.76,#665f52,1.88,#332e25,0.62,#96917c,3.76,#ada991,4.73,#807867,3.56,#665f52,1.88,#332e25,0.62,#807867,3.56,#ada991,4.73,#96917c,3.76,#665f52,1.88,#332e25,0.62,#96917c,3.76,#ada991,4.73,#807867,3.56,#665f52,1.88,,Gymnocarpium,Gymnocarpium dryopteris
KW_T_423_13_0125L,KW_T_423_13_0125L.tif_segmented.png,605179,2931,3611,#b6b194,2.21,#cbc5ab,2.07,#8f9566,1.25,#9b9c83,1.21,#777659,0.69,#d7c861,0.17,#302c23,0.57,#cbc5ab,2.07,#b6b194,2.21,#8f9566,1.25,#302c23,0.57,#777659,0.69,#9b9c83,1.21,#8f9566,1.25,#b6b194,2.21,#d7c861,0.17,#302c23,0.57,#9b9c83,1.21,#777659,0.69,#8f9566,1.25,#302c23,0.57,#777659,0.69,#9b9c83,1.21,#8f9566,1.25,#b6b194,2.21,,Crassula,Crassula tillaea
KW_T_423_13_0127L,KW_T_423_13_0127L.tif_segmented.png,1257003,2927,3607,#c1c29b,3.31,#afb28b,2.79,#d0ccb1,2.41,#9a9e7b,1.84,#7e7f63,0.9,#40392d,0.41,#d0ccb1,2.41,#c1c29b,3.31,#afb28b,2.79,#9a9e7b,1.84,#40392d,0.41,#7e7f63,0.9,#9a9e7b,1.84,#c1c29b,3.31,#afb28b,2.79,#40392d,0.41,#c1c29b,3.31,#afb28b,2.79,#9a9e7b,1.84,#7e7f63,0.9,#40392d,0.41,#7e7f63,0.9,#9a9e7b,1.84,#c1c29b,3.31,#afb28b,2.79,,Thalictrum,Thalictrum minus
KW_T_423_13_0129L,KW_T_423_13_0129L.tif_segmented.png,1954740,2923,3611,#c9c3a9,2.75,#b7b198,2.49,#a09d88,2.14,#898470,1.44,#2a271f,0.69,#2a271f,0.69,#c9c3a9,2.75,#5e5441,0.45,#b7b198,2.49,#a09d88,2.14,#5e5441,0.45,#2a271f,0.69,#898470,1.44,#a09d88,2.14,#b7b198,2.49,#2a271f,0.69,#a09d88,2.14,#898470,1.44,#5e5441,0.45,#c9c3a9,2.75,#5e5441,0.45,#2a271f,0.69,#898470,1.44,#a09d88,2.14,#b7b198,2.49,,Jacobaea,Jacobaea aquatica
KW_T_423_13_0131L,KW_T_423_13_0131L.tif_segmented.png,306841,2992,3631,#cec6ac,2.15,#bab194,1.93,#9c9b82,1.06,#7f8069,0.89,#2a2721,0.73,#cec6ac,2.15,#2a2721,0.73,#bab194,1.93,#615944,0.47,#9c9b82,1.06,#615944,0.47,#7f8069,0.89,#2a2721,0.73,#9c9b82,1.06,#bab194,1.93,#2a2721,0.73,#7f8069,0.89,#9c9b82,1.06,#615944,0.47,#cec6ac,2.15,#615944,0.47,#7f8069,0.89,#2a2721,0.73,#9c9b82,1.06,#bab194,1.93,,Corispermum,Corispermum marschallii
KW_T_423_13_0133L,KW_T_423_13_0133L.tif_segmented.png,1319053,2984,3619,#7d8468,3.1,#bfba9c,3.08,#929775,2.96,#a8a88a,2.16,#6c6e59,1.47,#423b2e,0.45,#bfba9c,3.08,#a8a88a,2.16,#929775,2.96,#7d8468,3.1,#423b2e,0.45,#bfba9c,3.08,#a8a88a,2.16,#929775,2.96,#6c6e59,1.47,#423b2e,0.45,#929775,2.96,#a8a88a,2.16,#7d8468,3.1,#6c6e59,1.47,#423b2e,0.45,#bfba9c,3.08,#a8a88a,2.16,#929775,2.96,#6c6e59,1.47,,Pimpinella,Pimpinella saxifraga
KW_T_423_13_0135L,KW_T_423_13_0135L.tif_segmented.png,894577,2986,3631,#c1b899,2.56,#ada487,1.9,#d1caaf,1.71,#8e836b,1.09,#6d614e,0.75,#d1caaf,1.71,#2e2a22,0.67,#c1b899,2.56,#6d614e,0.75,#ada487,1.9,#6d614e,0.75,#2e2a22,0.67,#8e836b,1.09,#ada487,1.9,#c1b899,2.56,#2e2a22,0.67,#ada487,1.9,#6d614e,0.75,#d1caaf,1.71,#c1b899,2.56,#6d614e,0.75,#2e2a22,0.67,#8e836b,1.09,#ada487,1.9,#c1b899,2.56,,Monotropa,Monotropa hypopitys
KW_T_423_13_0137L,KW_T_423_13_0137L.tif_segmented.png,1535619,2986,3615,#c5bd9e,3.09,#b4ab8b,2.67,#9f9576,1.76,#7c725b,1.34,#27251f,0.61,#c5bd9e,3.09,#27251f,0.61,#b4ab8b,2.67,#5f543f,0.58,#9f9576,1.76,#27251f,0.61,#5f543f,0.58,#7c725b,1.34,#9f9576,1.76,#b4ab8b,2.67,#27251f,0.61,#7c725b,1.34,#b4ab8b,2.67,#c5bd9e,3.09,#9f9576,1.76,#27251f,0.61,#5f543f,0.58,#7c725b,1.34,#9f9576,1.76,#b4ab8b,2.67,Asteraceae,Crepis,Crepis capillaris
KW_T_423_13_0139L,KW_T_423_13_0139L.tif_segmented.png,1664684,2984,3635,#c4c3b2,3.42,#beb69b,2.78,#aba691,2.3,#8f8f7c,1.61,#534c3c,1.25,#534c3c,1.25,#beb69b,2.78,#c4c3b2,3.42,#aba691,2.3,#6e6c59,0.98,#534c3c,1.25,#6e6c59,0.98,#8f8f7c,1.61,#beb69b,2.78,#aba691,2.3,#534c3c,1.25,#6e6c59,0.98,#8f8f7c,1.61,#aba691,2.3,#c4c3b2,3.42,#534c3c,1.25,#6e6c59,0.98,#8f8f7c,1.61,#beb69b,2.78,#aba691,2.3,Cyperaceae,Carex,Carex otrubae
KW_T_423_13_0141L,KW_T_423_13_0141L.tif_segmented.png,1683257,2982,3623,#c1be9c,3.29,#b1ac8d,3.23,#9d997a,2.61,#817f66,2.25,#625a47,1.26,#dfd977,1.1,#c1be9c,3.29,#625a47,1.26,#b1ac8d,3.23,#9d997a,2.61,#625a47,1.26,#817f66,2.25,#9d997a,2.61,#b1ac8d,3.23,#c1be9c,3.29,#dfd977,1.1,#817f66,2.25,#c1be9c,3.29,#b1ac8d,3.23,#9d997a,2.61,#625a47,1.26,#817f66,2.25,#9d997a,2.61,#b1ac8d,3.23,#c1be9c,3.29,Cyperaceae,Carex,Carex remota
KW_T_423_13_0143L,KW_T_423_13_0143L.tif_segmented.png,1765663,2933,3639,#8e938b,3.46,#a2a59b,3.38,#7c8175,3.36,#686958,1.39,#2f2c25,0.87,#2f2c25,0.87,#a2a59b,3.38,#686958,1.39,#8e938b,3.46,#7c8175,3.36,#2f2c25,0.87,#686958,1.39,#7c8175,3.36,#a2a59b,3.38,#8e938b,3.46,#2f2c25,0.87,#7c8175,3.36,#a2a59b,3.38,#686958,1.39,#8e938b,3.46,#2f2c25,0.87,#686958,1.39,#7c8175,3.36,#a2a59b,3.38,#8e938b,3.46,Cyperaceae,Carex,Carex pilulifera
KW_T_423_13_0145L,KW_T_423_13_0145L.tif_segmented.png,865548,2937,3627,#bab9a3,1.82,#a7a18d,1.59,#8b8776,1.29,#685e4d,1.12,#2c2923,0.92,#2c2923,0.92,#bab9a3,1.82,#685e4d,1.12,#a7a18d,1.59,#8b8776,1.29,#685e4d,1.12,#8b8776,1.29,#2c2923,0.92,#a7a18d,1.59,#bab9a3,1.82,#2c2923,0.92,#a7a18d,1.59,#685e4d,1.12,#8b8776,1.29,#bab9a3,1.82,#685e4d,1.12,#8b8776,1.29,#2c2923,0.92,#a7a18d,1.59,#bab9a3,1.82,Cyperaceae,Carex,Carex rostrata
KW_T_423_13_0147L,KW_T_423_13_0147L.tif_segmented.png,826713,2931,3627,#b9baaf,2.13,#aba898,2.0,#908f82,1.84,#716c5d,0.98,#342f28,0.64,#342f28,0.64,#b9baaf,2.13,#aba898,2.0,#716c5d,0.98,#908f82,1.84,#342f28,0.64,#716c5d,0.98,#908f82,1.84,#aba898,2.0,#b9baaf,2.13,#342f28,0.64,#aba898,2.0,#b9baaf,2.13,#716c5d,0.98,#908f82,1.84,#342f28,0.64,#716c5d,0.98,#908f82,1.84,#aba898,2.0,#b9baaf,2.13,Cyperaceae,Carex,Carex echinata
KW_T_423_13_0149L,KW_T_423_13_0149L.tif_segmented.png,929777,2933,3627,#bbb8a2,1.7,#aaa68c,1.64,#6b6450,0.96,#2d2a24,0.83,#8c886f,0.8,#2d2a24,0.83,#bbb8a2,1.7,#aaa68c,1.64,#6b6450,0.96,#8c886f,0.8,#6b6450,0.96,#2d2a24,0.83,#8c886f,0.8,#aaa68c,1.64,#bbb8a2,1.7,#2d2a24,0.83,#6b6450,0.96,#aaa68c,1.64,#8c886f,0.8,#bbb8a2,1.7,#6b6450,0.96,#2d2a24,0.83,#8c886f,0.8,#aaa68c,1.64,#bbb8a2,1.7,Cyperaceae,Carex,Carex paniculata
KW_T_423_13_0151L,KW_T_423_13_0151L.tif_segmented.png,836991,2931,3627,#aca890,1.96,#b6b9a6,1.4,#94907c,1.15,#2b2923,0.84,#777161,0.79,#2b2923,0.84,#aca890,1.96,#b6b9a6,1.4,#777161,0.79,#94907c,1.15,#2b2923,0.84,#777161,0.79,#94907c,1.15,#aca890,1.96,#b6b9a6,1.4,#2b2923,0.84,#aca890,1.96,#777161,0.79,#94907c,1.15,#b6b9a6,1.4,#2b2923,0.84,#777161,0.79,#94907c,1.15,#aca890,1.96,#b6b9a6,1.4,Cyperaceae,Carex,Carex elongata
KW_T_423_13_0153L,KW_T_423_13_0153L.tif_segmented.png,3527448,2923,3615,#7b857c,6.41,#a0a595,6.12,#8d9589,5.42,#b0b6a8,5.04,#6c756d,4.69,#c7c6b5,3.49,#b0b6a8,5.04,#a0a595,6.12,#596057,2.09,#7b857c,6.41,#b0b6a8,5.04,#a0a595,6.12,#596057,2.09,#8d9589,5.42,#7b857c,6.41,#a0a595,6.12,#b0b6a8,5.04,#7b857c,6.41,#c7c6b5,3.49,#596057,2.09,#b0b6a8,5.04,#a0a595,6.12,#596057,2.09,#8d9589,5.42,#7b857c,6.41,Cyperaceae,Carex,Carex acuta
KW_T_423_13_0153R,KW_T_423_13_0153R.tif_segmented.png,1309869,2921,3615,#aaa998,3.34,#919284,3.28,#797c71,2.97,#636255,1.97,#2f2b22,0.6,#2f2b22,0.6,#aaa998,3.34,#919284,3.28,#636255,1.97,#797c71,2.97,#2f2b22,0.6,#636255,1.97,#797c71,2.97,#919284,3.28,#aaa998,3.34,#2f2b22,0.6,#aaa998,3.34,#797c71,2.97,#636255,1.97,#919284,3.28,#2f2b22,0.6,#636255,1.97,#797c71,2.97,#919284,3.28,#aaa998,3.34,Cyperaceae,Carex,Carex sect. Phaestoglochin
KW_T_423_13_0156L,KW_T_423_13_0156L.tif_segmented.png,1829389,2929,3627,#b8b8a2,4.21,#a8a590,3.74,#969282,2.58,#827e71,1.72,#69635a,0.96,#2e2a22,0.7,#b8b8a2,4.21,#a8a590,3.74,#969282,2.58,#69635a,0.96,#2e2a22,0.7,#969282,2.58,#69635a,0.96,#827e71,1.72,#a8a590,3.74,#2e2a22,0.7,#a8a590,3.74,#827e71,1.72,#b8b8a2,4.21,#969282,2.58,#2e2a22,0.7,#969282,2.58,#69635a,0.96,#827e71,1.72,#a8a590,3.74,Cyperaceae,Carex,Carex flacca
KW_T_423_13_0158L,KW_T_423_13_0158L.tif_segmented.png,354975,2925,3627,#a5a18b,3.75,#c9c6b5,3.36,#b7b5a0,3.1,#908c79,2.17,#7a7361,1.01,#322e26,0.55,#c9c6b5,3.36,#b7b5a0,3.1,#a5a18b,3.75,#7a7361,1.01,#322e26,0.55,#7a7361,1.01,#908c79,2.17,#a5a18b,3.75,#b7b5a0,3.1,#322e26,0.55,#a5a18b,3.75,#7a7361,1.01,#908c79,2.17,#c9c6b5,3.36,#322e26,0.55,#7a7361,1.01,#908c79,2.17,#a5a18b,3.75,#b7b5a0,3.1,Cyperaceae,Carex,Carex demissa
KW_T_423_13_0160L,KW_T_423_13_0160L.tif_segmented.png,1130296,2923,3615,#aca086,3.94,#c6b79a,3.3,#968973,2.36,#7c6f5d,1.17,#363129,0.58,#c6b79a,3.3,#363129,0.58,#aca086,3.94,#7c6f5d,1.17,#968973,2.36,#363129,0.58,#7c6f5d,1.17,#968973,2.36,#aca086,3.94,#c6b79a,3.3,#363129,0.58,#7c6f5d,1.17,#aca086,3.94,#c6b79a,3.3,#968973,2.36,#363129,0.58,#7c6f5d,1.17,#968973,2.36,#aca086,3.94,#c6b79a,3.3,,Eleocharis,Eleocharis multicaulis
KW_T_423_13_0162L,KW_T_423_13_0162L.tif_segmented.png,1386265,2921,3623,#b0a282,3.19,#c3b78f,2.32,#d3caa6,2.13,#a68e6c,2.13,#8f7b60,1.74,#d3caa6,2.13,#c3b78f,2.32,#2c2922,0.82,#a68e6c,2.13,#b0a282,3.19,#2c2922,0.82,#77634e,1.38,#8f7b60,1.74,#a68e6c,2.13,#b0a282,3.19,#2c2922,0.82,#c3b78f,2.32,#d3caa6,2.13,#b0a282,3.19,#77634e,1.38,#2c2922,0.82,#77634e,1.38,#8f7b60,1.74,#a68e6c,2.13,#b0a282,3.19,,Eleocharis,Eleocharis acicularis
KW_T_423_13_0164L,KW_T_423_13_0164L.tif_segmented.png,2303949,2919,3623,#babeaf,4.75,#a9aa9a,4.26,#9a9886,4.14,#7f8175,2.44,#606257,1.35,#d6d48c,0.74,#babeaf,4.75,#606257,1.35,#9a9886,4.14,#a9aa9a,4.26,#606257,1.35,#7f8175,2.44,#9a9886,4.14,#a9aa9a,4.26,#d6d48c,0.74,#d6d48c,0.74,#a9aa9a,4.26,#babeaf,4.75,#9a9886,4.14,#7f8175,2.44,#606257,1.35,#7f8175,2.44,#9a9886,4.14,#a9aa9a,4.26,#d6d48c,0.74,,Eleocharis,Eleocharis palustris
KW_T_423_13_0166L,KW_T_423_13_0166L.tif_segmented.png,1702876,2919,3631,#a5a08f,2.93,#8b897e,2.49,#747368,2.26,#b8b5a5,2.18,#5d5b50,1.03,#b8b5a5,2.18,#a5a08f,2.93,#5d5b50,1.03,#747368,2.26,#8b897e,2.49,#a5a08f,2.93,#8b897e,2.49,#747368,2.26,#5d5b50,1.03,#b8b5a5,2.18,#a5a08f,2.93,#5d5b50,1.03,#b8b5a5,2.18,#747368,2.26,#8b897e,2.49,#a5a08f,2.93,#8b897e,2.49,#747368,2.26,#5d5b50,1.03,#b8b5a5,2.18,,Radiola,Radiola linoides
KW_T_423_13_0168L,KW_T_423_13_0168L.tif_segmented.png,1118822,2913,3623,#b7b6a6,3.52,#a2a69a,2.79,#a39d82,2.47,#858776,1.93,#726555,1.04,#2a2721,0.71,#a39d82,2.47,#726555,1.04,#b7b6a6,3.52,#a2a69a,2.79,#2a2721,0.71,#726555,1.04,#858776,1.93,#a39d82,2.47,#a2a69a,2.79,#2a2721,0.71,#a2a69a,2.79,#726555,1.04,#858776,1.93,#a39d82,2.47,#2a2721,0.71,#726555,1.04,#858776,1.93,#a39d82,2.47,#a2a69a,2.79,,Luzula,Luzula spec.
KW_T_423_13_0170L,KW_T_423_13_0170L.tif_segmented.png,1342104,2915,3607,#bbac8e,3.38,#d5c59d,3.03,#a6967b,2.43,#8c7b65,2.11,#706151,1.46,#d5c59d,3.03,#2f2c23,0.58,#bbac8e,3.38,#a6967b,2.43,#706151,1.46,#2f2c23,0.58,#706151,1.46,#8c7b65,2.11,#a6967b,2.43,#bbac8e,3.38,#2f2c23,0.58,#d5c59d,3.03,#706151,1.46,#8c7b65,2.11,#bbac8e,3.38,#2f2c23,0.58,#706151,1.46,#8c7b65,2.11,#a6967b,2.43,#bbac8e,3.38,,Juncus,Juncus capitatus
KW_T_423_13_0172L,KW_T_423_13_0172L.tif_segmented.png,1887934,2915,3619,#5e3b34,4.53,#a49c8b,2.62,#b6b4a2,2.35,#715345,1.98,#7993a4,1.87,#5e3b34,4.53,#715345,1.98,#7993a4,1.87,#b6b4a2,2.35,#8d7867,1.75,#8d7867,1.75,#a49c8b,2.62,#715345,1.98,#b6b4a2,2.35,#5e3b34,4.53,#7993a4,1.87,#5e3b34,4.53,#a49c8b,2.62,#8d7867,1.75,#b6b4a2,2.35,#8d7867,1.75,#a49c8b,2.62,#715345,1.98,#b6b4a2,2.35,#5e3b34,4.53,,Juncus,Juncus conglomeratus
KW_T_423_14_0010L,KW_T_423_14_0010L.tif_segmented.png,1306557,2960,3635,#a9b1ac,3.75,#8e9694,3.0,#787c76,2.07,#bdaf8f,1.48,#655d4e,1.04,#bdaf8f,1.48,#322d24,0.85,#655d4e,1.04,#a9b1ac,3.75,#8e9694,3.0,#655d4e,1.04,#322d24,0.85,#bdaf8f,1.48,#787c76,2.07,#8e9694,3.0,#322d24,0.85,#a9b1ac,3.75,#655d4e,1.04,#bdaf8f,1.48,#787c76,2.07,#655d4e,1.04,#322d24,0.85,#bdaf8f,1.48,#787c76,2.07,#8e9694,3.0,,Juncus,Juncus bufonius
KW_T_423_14_0012L,KW_T_423_14_0012L.tif_segmented.png,506765,2884,3635,#b1bab4,2.36,#98a299,1.82,#cec3a3,1.12,#7b8479,1.11,#b1a381,0.96,#cec3a3,1.12,#544b3c,0.26,#b1a381,0.96,#b1bab4,2.36,#98a299,1.82,#544b3c,0.26,#b1a381,0.96,#7b8479,1.11,#98a299,1.82,#cec3a3,1.12,#b1bab4,2.36,#b1a381,0.96,#544b3c,0.26,#7b8479,1.11,#cec3a3,1.12,#544b3c,0.26,#b1a381,0.96,#7b8479,1.11,#98a299,1.82,#cec3a3,1.12,,Juncus,Juncus inflexus
KW_T_423_14_0014L,KW_T_423_14_0014L.tif_segmented.png,799212,2937,3635,#beb99c,2.83,#aca786,1.91,#958d6f,1.12,#2c2921,0.76,#675e4a,0.31,#2c2921,0.76,#beb99c,2.83,#aca786,1.91,#675e4a,0.31,#958d6f,1.12,#675e4a,0.31,#958d6f,1.12,#2c2921,0.76,#aca786,1.91,#beb99c,2.83,#2c2921,0.76,#aca786,1.91,#675e4a,0.31,#958d6f,1.12,#beb99c,2.83,#675e4a,0.31,#958d6f,1.12,#2c2921,0.76,#aca786,1.91,#beb99c,2.83,,Lotus,Lotus pedunculatus
KW_T_423_14_0016L,KW_T_423_14_0016L.tif_segmented.png,1015113,2950,3611,#cbb697,3.87,#b39a7c,2.32,#947b64,1.66,#75604a,1.02,#2d2921,0.69,#cbb697,3.87,#2d2921,0.69,#b39a7c,2.32,#75604a,1.02,#947b64,1.66,#75604a,1.02,#2d2921,0.69,#947b64,1.66,#b39a7c,2.32,#cbb697,3.87,#2d2921,0.69,#75604a,1.02,#cbb697,3.87,#b39a7c,2.32,#947b64,1.66,#75604a,1.02,#2d2921,0.69,#947b64,1.66,#b39a7c,2.32,#cbb697,3.87,,Medicago,Medicago falcata
KW_T_423_14_0018L,KW_T_423_14_0018L.tif_segmented.png,524440,2852,3627,#b6ab8c,1.64,#ccbe88,1.09,#968960,1.06,#afa06c,1.06,#736a4e,0.86,#ccbe88,1.09,#2b2822,0.85,#afa06c,1.06,#b6ab8c,1.64,#736a4e,0.86,#736a4e,0.86,#b6ab8c,1.64,#2b2822,0.85,#968960,1.06,#ccbe88,1.09,#2b2822,0.85,#ccbe88,1.09,#afa06c,1.06,#968960,1.06,#736a4e,0.86,#736a4e,0.86,#b6ab8c,1.64,#2b2822,0.85,#968960,1.06,#ccbe88,1.09,,Arrhenatherum,Arrhenatherum elatius
KW_T_423_14_0020L,KW_T_423_14_0020L.tif_segmented.png,2877838,2931,3611,#b8bda2,6.41,#a4ac95,5.81,#929a87,4.74,#808675,3.74,#6b6c5e,1.97,#2d2a23,0.69,#b8bda2,6.41,#a4ac95,5.81,#929a87,4.74,#6b6c5e,1.97,#2d2a23,0.69,#6b6c5e,1.97,#808675,3.74,#929a87,4.74,#a4ac95,5.81,#2d2a23,0.69,#a4ac95,5.81,#929a87,4.74,#b8bda2,6.41,#808675,3.74,#2d2a23,0.69,#6b6c5e,1.97,#808675,3.74,#929a87,4.74,#a4ac95,5.81,,Mercurialis,Mercurialis annua
KW_T_423_14_0022L,KW_T_423_14_0022L.tif_segmented.png,2637557,2941,3615,#979d93,5.72,#86897f,4.7,#aab1a5,4.35,#72746a,3.99,#c3b795,2.5,#c3b795,2.5,#aab1a5,4.35,#5b5e55,2.14,#979d93,5.72,#72746a,3.99,#5b5e55,2.14,#72746a,3.99,#c3b795,2.5,#86897f,4.7,#979d93,5.72,#aab1a5,4.35,#c3b795,2.5,#5b5e55,2.14,#979d93,5.72,#86897f,4.7,#5b5e55,2.14,#72746a,3.99,#c3b795,2.5,#86897f,4.7,#979d93,5.72,,Danthonia,Danthonia decumbens
KW_T_423_14_0024L,KW_T_423_14_0024L.tif_segmented.png,6970487,2909,3603,#8a8773,5.78,#6d6d5e,5.62,#9d9d8f,5.35,#b6b8ab,5.2,#54564c,4.19,#d2c8a1,3.54,#bcad8a,4.19,#54564c,4.19,#6d6d5e,5.62,#b6b8ab,5.2,#54564c,4.19,#6d6d5e,5.62,#8a8773,5.78,#9d9d8f,5.35,#bcad8a,4.19,#d2c8a1,3.54,#54564c,4.19,#8a8773,5.78,#bcad8a,4.19,#b6b8ab,5.2,#54564c,4.19,#6d6d5e,5.62,#8a8773,5.78,#9d9d8f,5.35,#bcad8a,4.19,Pottiaceae,Syntrichia,Syntrichia latifolia
KW_T_423_14_0026L,KW_T_423_14_0026L.tif_segmented.png,2524934,2929,3615,#9d9c87,5.0,#c1c1a9,4.86,#aeaf9a,4.51,#878775,3.06,#716d5b,1.53,#2b2922,0.85,#c1c1a9,4.86,#aeaf9a,4.51,#9d9c87,5.0,#716d5b,1.53,#2b2922,0.85,#716d5b,1.53,#878775,3.06,#9d9c87,5.0,#aeaf9a,4.51,#2b2922,0.85,#9d9c87,5.0,#878775,3.06,#716d5b,1.53,#aeaf9a,4.51,#2b2922,0.85,#716d5b,1.53,#878775,3.06,#9d9c87,5.0,#aeaf9a,4.51,Pottiaceae,Syntrichia,Syntrichia papillosa
KW_T_423_14_0028L,KW_T_423_14_0028L.tif_segmented.png,1856325,2927,3643,#beb383,3.64,#a89a71,3.53,#967a5b,3.17,#dad691,2.99,#d0c5a7,2.6,#dad691,2.99,#d0c5a7,2.6,#beb383,3.64,#2c2922,0.92,#967a5b,3.17,#2c2922,0.92,#a89a71,3.53,#73604a,1.42,#beb383,3.64,#967a5b,3.17,#dad691,2.99,#2c2922,0.92,#beb383,3.64,#a89a71,3.53,#73604a,1.42,#2c2922,0.92,#a89a71,3.53,#73604a,1.42,#beb383,3.64,#967a5b,3.17,Orobanchaceae,Orobanche,Orobanche caryophyllacea
KW_T_423_14_0030L,KW_T_423_14_0030L.tif_segmented.png,2253448,2960,3623,#c0c4b6,6.05,#a2aca3,3.36,#979686,3.32,#bfb59c,2.95,#7b7e75,2.5,#332d24,0.87,#bfb59c,2.95,#c0c4b6,6.05,#635f54,1.17,#979686,3.32,#332d24,0.87,#635f54,1.17,#7b7e75,2.5,#979686,3.32,#bfb59c,2.95,#332d24,0.87,#a2aca3,3.36,#c0c4b6,6.05,#7b7e75,2.5,#979686,3.32,#332d24,0.87,#635f54,1.17,#7b7e75,2.5,#979686,3.32,#bfb59c,2.95,,Filipendula,Filipendula ulmaria
KW_T_423_14_0032L,KW_T_423_14_0032L.tif_segmented.png,3432827,2933,3595,#a7b2a6,7.15,#c2c2b0,5.87,#929a92,4.57,#78807a,3.58,#62635c,3.21,#ac7763,0.86,#c2c2b0,5.87,#a7b2a6,7.15,#43433e,1.72,#62635c,3.21,#43433e,1.72,#62635c,3.21,#ac7763,0.86,#78807a,3.58,#929a92,4.57,#43433e,1.72,#a7b2a6,7.15,#ac7763,0.86,#78807a,3.58,#c2c2b0,5.87,#43433e,1.72,#62635c,3.21,#ac7763,0.86,#78807a,3.58,#929a92,4.57,Caprifoliaceae,Valerianella,Valerianella rimosa
KW_T_423_14_0034L,KW_T_423_14_0034L.tif_segmented.png,834123,2892,3599,#beb9a2,4.84,#a2a395,2.36,#87877a,2.0,#69695e,1.47,#2b2822,1.05,#beb9a2,4.84,#2b2822,1.05,#a2a395,2.36,#69695e,1.47,#87877a,2.0,#69695e,1.47,#2b2822,1.05,#87877a,2.0,#a2a395,2.36,#beb9a2,4.84,#2b2822,1.05,#a2a395,2.36,#87877a,2.0,#beb9a2,4.84,#69695e,1.47,#69695e,1.47,#2b2822,1.05,#87877a,2.0,#a2a395,2.36,#beb9a2,4.84,,Calliergonella,Calliergonella cuspidata
KW_T_423_14_0036L,KW_T_423_14_0036L.tif_segmented.png,877882,2929,3599,#b6b7a7,2.59,#9aa095,1.97,#838579,1.8,#aca185,1.41,#2e2c24,0.7,#2e2c24,0.7,#aca185,1.41,#b6b7a7,2.59,#6a6a5b,0.64,#9aa095,1.97,#2e2c24,0.7,#6a6a5b,0.64,#838579,1.8,#aca185,1.41,#9aa095,1.97,#2e2c24,0.7,#aca185,1.41,#b6b7a7,2.59,#9aa095,1.97,#838579,1.8,#2e2c24,0.7,#6a6a5b,0.64,#838579,1.8,#aca185,1.41,#9aa095,1.97,,Galeopsis,Galeopsis speciosa
KW_T_423_14_0038L,KW_T_423_14_0038L.tif_segmented.png,4782475,2923,3599,#afa48e,6.61,#c3b7a0,6.57,#9a8f7c,5.51,#817768,5.37,#675f53,4.66,#c3b7a0,6.57,#afa48e,6.61,#4a443c,3.11,#9a8f7c,5.51,#675f53,4.66,#9a8f7c,5.51,#817768,5.37,#4a443c,3.11,#675f53,4.66,#afa48e,6.61,#4a443c,3.11,#817768,5.37,#afa48e,6.61,#675f53,4.66,#9a8f7c,5.51,#9a8f7c,5.51,#817768,5.37,#4a443c,3.11,#675f53,4.66,#afa48e,6.61,,Ranunculus,Ranunculus aquatilis
KW_T_423_14_0040L,KW_T_423_14_0040L.tif_segmented.png,1429359,2927,3599,#adb3a8,2.99,#cbc3ac,2.93,#a59f89,2.8,#878a7e,1.76,#69695e,1.25,#cbc3ac,2.93,#2e2b25,0.59,#a59f89,2.8,#adb3a8,2.99,#69695e,1.25,#2e2b25,0.59,#69695e,1.25,#878a7e,1.76,#a59f89,2.8,#adb3a8,2.99,#2e2b25,0.59,#adb3a8,2.99,#a59f89,2.8,#878a7e,1.76,#cbc3ac,2.93,#2e2b25,0.59,#69695e,1.25,#878a7e,1.76,#a59f89,2.8,#adb3a8,2.99,,Artemisia,Artemisia campestris 
KW_T_423_14_0042L,KW_T_423_14_0042L.tif_segmented.png,3160599,2935,3607,#b7bdb5,5.02,#9fa8a1,4.88,#888f89,4.4,#72746c,3.42,#54544e,2.78,#cdc3a0,2.57,#ada284,2.24,#54544e,2.78,#b7bdb5,5.02,#9fa8a1,4.88,#54544e,2.78,#72746c,3.42,#888f89,4.4,#9fa8a1,4.88,#ada284,2.24,#b7bdb5,5.02,#54544e,2.78,#9fa8a1,4.88,#cdc3a0,2.57,#ada284,2.24,#54544e,2.78,#72746c,3.42,#888f89,4.4,#9fa8a1,4.88,#ada284,2.24,,Avenula,Avenula pubescens
KW_T_423_14_0044L,KW_T_423_14_0044L.tif_segmented.png,1519868,2905,3615,#a59f8e,3.93,#b4b3a1,3.59,#c6c3b6,3.43,#86837e,1.64,#29271f,0.74,#29271f,0.74,#c6c3b6,3.43,#b4b3a1,3.59,#a59f8e,3.93,#67635c,0.6,#67635c,0.6,#29271f,0.74,#86837e,1.64,#a59f8e,3.93,#b4b3a1,3.59,#29271f,0.74,#a59f8e,3.93,#c6c3b6,3.43,#b4b3a1,3.59,#86837e,1.64,#67635c,0.6,#29271f,0.74,#86837e,1.64,#a59f8e,3.93,#b4b3a1,3.59,,Ranunculus,Ranunculus trichophyllus
KW_T_423_14_0046L,KW_T_423_14_0046L.tif_segmented.png,261487,2927,3623,#c3ba9a,1.77,#aba082,1.37,#2b2820,0.6,#61523d,0.57,#8a7b62,0.53,#c3ba9a,1.77,#2b2820,0.6,#61523d,0.57,#aba082,1.37,#8a7b62,0.53,#61523d,0.57,#8a7b62,0.53,#aba082,1.37,#2b2820,0.6,#c3ba9a,1.77,#2b2820,0.6,#aba082,1.37,#8a7b62,0.53,#c3ba9a,1.77,#61523d,0.57,#61523d,0.57,#8a7b62,0.53,#aba082,1.37,#2b2820,0.6,#c3ba9a,1.77,Orobanchaceae,Orobanche,Orobanche picridis
KW_T_423_14_0048L,KW_T_423_14_0048L.tif_segmented.png,674117,2931,3627,#bfb09b,1.85,#a69986,0.97,#26241e,0.65,#88796b,0.56,#5e513f,0.35,#bfb09b,1.85,#26241e,0.65,#5e513f,0.35,#a69986,0.97,#88796b,0.56,#5e513f,0.35,#88796b,0.56,#a69986,0.97,#26241e,0.65,#bfb09b,1.85,#26241e,0.65,#88796b,0.56,#a69986,0.97,#5e513f,0.35,#bfb09b,1.85,#5e513f,0.35,#88796b,0.56,#a69986,0.97,#26241e,0.65,#bfb09b,1.85,,Ranunculus,Ranunculus fluitans
KW_T_423_14_0050L,KW_T_423_14_0050L.tif_segmented.png,2682391,2966,3627,#a4b3b3,7.33,#92a2a6,6.86,#7d8e93,5.22,#e1d183,4.47,#6f7673,4.42,#e1d183,4.47,#ab9d78,2.74,#a4b3b3,7.33,#92a2a6,6.86,#7d8e93,5.22,#ab9d78,2.74,#595d58,3.15,#6f7673,4.42,#7d8e93,5.22,#a4b3b3,7.33,#e1d183,4.47,#a4b3b3,7.33,#92a2a6,6.86,#ab9d78,2.74,#7d8e93,5.22,#ab9d78,2.74,#595d58,3.15,#6f7673,4.42,#7d8e93,5.22,#a4b3b3,7.33,,Callitriche,Callitriche platycarpa
KW_T_423_14_0052L,KW_T_423_14_0052L.tif_segmented.png,1093524,2970,3619,#bcc1b1,4.72,#a4ada3,2.66,#909484,1.84,#bab291,1.81,#687366,0.98,#312f26,0.57,#bab291,1.81,#bcc1b1,4.72,#687366,0.98,#a4ada3,2.66,#312f26,0.57,#687366,0.98,#909484,1.84,#bab291,1.81,#a4ada3,2.66,#312f26,0.57,#a4ada3,2.66,#bcc1b1,4.72,#bab291,1.81,#687366,0.98,#312f26,0.57,#687366,0.98,#909484,1.84,#bab291,1.81,#a4ada3,2.66,,Ranunculus,Ranunculus circinatus
KW_T_423_14_0054L,KW_T_423_14_0054L.tif_segmented.png,1078105,2972,3623,#999c93,2.37,#acb4b0,2.12,#80837d,2.03,#bfb497,1.76,#60655e,1.26,#bfb497,1.76,#2e2b23,0.64,#acb4b0,2.12,#60655e,1.26,#999c93,2.37,#60655e,1.26,#2e2b23,0.64,#80837d,2.03,#bfb497,1.76,#999c93,2.37,#2e2b23,0.64,#acb4b0,2.12,#80837d,2.03,#bfb497,1.76,#999c93,2.37,#60655e,1.26,#2e2b23,0.64,#80837d,2.03,#bfb497,1.76,#999c93,2.37,Pottiaceae,Syntrichia,Syntrichia ruralis var. arenicola
KW_T_423_14_0056L,KW_T_423_14_0056L.tif_segmented.png,855531,2980,3627,#c8c4ac,2.29,#b5b198,1.74,#a99f82,1.08,#8b8778,0.94,#2e2921,0.88,#2e2921,0.88,#c8c4ac,2.29,#b5b198,1.74,#a99f82,1.08,#64574b,0.71,#64574b,0.71,#8b8778,0.94,#2e2921,0.88,#a99f82,1.08,#b5b198,1.74,#2e2921,0.88,#a99f82,1.08,#64574b,0.71,#8b8778,0.94,#c8c4ac,2.29,#64574b,0.71,#8b8778,0.94,#2e2921,0.88,#a99f82,1.08,#b5b198,1.74,,Arum,Arum italicum
KW_T_423_14_0058L,KW_T_423_14_0058L.tif_segmented.png,1334825,2876,3619,#babdab,4.31,#a8ac9a,2.85,#979783,1.53,#837b69,1.1,#645345,0.43,#645345,0.43,#babdab,4.31,#837b69,1.1,#a8ac9a,2.85,#979783,1.53,#645345,0.43,#837b69,1.1,#979783,1.53,#a8ac9a,2.85,#babdab,4.31,#837b69,1.1,#a8ac9a,2.85,#979783,1.53,#babdab,4.31,#645345,0.43,#645345,0.43,#837b69,1.1,#979783,1.53,#a8ac9a,2.85,#babdab,4.31,,Ranunculus,Ranunculus ololeucos
KW_T_423_14_0060L,KW_T_423_14_0060L.tif_segmented.png,3414777,2950,3611,#8c8f8a,5.68,#a0aba7,5.19,#c0c0b7,5.01,#747774,4.8,#5e635f,4.4,#b7a893,3.08,#c0c0b7,5.01,#4a4c48,3.65,#a0aba7,5.19,#5e635f,4.4,#4a4c48,3.65,#5e635f,4.4,#747774,4.8,#b7a893,3.08,#8c8f8a,5.68,#4a4c48,3.65,#a0aba7,5.19,#c0c0b7,5.01,#b7a893,3.08,#747774,4.8,#4a4c48,3.65,#5e635f,4.4,#747774,4.8,#b7a893,3.08,#8c8f8a,5.68,,Lithospermum,Lithospermum officinale
KW_T_423_14_0062L,KW_T_423_14_0062L.tif_segmented.png,2933688,2921,3591,#9da197,4.55,#c7bb99,4.08,#848b85,3.91,#b0b8b0,3.57,#6c706a,2.77,#c7bb99,4.08,#4c514d,1.44,#b0b8b0,3.57,#9da197,4.55,#6c706a,2.77,#4c514d,1.44,#6c706a,2.77,#848b85,3.91,#9da197,4.55,#b0b8b0,3.57,#b0b8b0,3.57,#4c514d,1.44,#c7bb99,4.08,#9da197,4.55,#848b85,3.91,#4c514d,1.44,#6c706a,2.77,#848b85,3.91,#9da197,4.55,#b0b8b0,3.57,Cyperaceae,Carex,Carex cf. elata
KW_T_423_14_0064L,KW_T_423_14_0064L.tif_segmented.png,1989226,2929,3603,#c5c4b5,4.41,#a3a9a0,4.05,#87918d,3.59,#6e756f,3.31,#5c5b53,3.18,#bfb698,2.48,#c5c4b5,4.41,#5c5b53,3.18,#908471,2.16,#a3a9a0,4.05,#5c5b53,3.18,#908471,2.16,#6e756f,3.31,#87918d,3.59,#bfb698,2.48,#a3a9a0,4.05,#c5c4b5,4.41,#5c5b53,3.18,#bfb698,2.48,#908471,2.16,#5c5b53,3.18,#908471,2.16,#6e756f,3.31,#87918d,3.59,#bfb698,2.48,,Anisantha,Anisantha tectorum
KW_T_423_14_0066L,KW_T_423_14_0066L.tif_segmented.png,989904,2927,3603,#bbb59c,3.58,#ccc6ac,3.31,#aca58a,2.75,#969179,1.28,#876f5c,0.76,#2c2923,0.71,#ccc6ac,3.31,#bbb59c,3.58,#876f5c,0.76,#aca58a,2.75,#2c2923,0.71,#876f5c,0.76,#969179,1.28,#aca58a,2.75,#bbb59c,3.58,#2c2923,0.71,#aca58a,2.75,#876f5c,0.76,#ccc6ac,3.31,#969179,1.28,#2c2923,0.71,#876f5c,0.76,#969179,1.28,#aca58a,2.75,#bbb59c,3.58,,Poterium,Poterium sanguisorba
KW_T_423_14_0068L,KW_T_423_14_0068L.tif_segmented.png,679242,2931,3615,#d1c8a6,2.01,#bcb18c,1.99,#e7e0a3,1.95,#9a9074,0.88,#2f2c25,0.66,#e7e0a3,1.95,#d1c8a6,2.01,#2f2c25,0.66,#bcb18c,1.99,#696051,0.36,#696051,0.36,#9a9074,0.88,#2f2c25,0.66,#bcb18c,1.99,#e7e0a3,1.95,#e7e0a3,1.95,#2f2c25,0.66,#bcb18c,1.99,#d1c8a6,2.01,#696051,0.36,#696051,0.36,#9a9074,0.88,#2f2c25,0.66,#bcb18c,1.99,#e7e0a3,1.95,,Juncus,Juncus gerardii
KW_T_423_14_0070L,KW_T_423_14_0070L.tif_segmented.png,2123567,2911,3579,#c1c3b4,4.94,#abb2a6,3.74,#677166,2.56,#959c94,2.44,#838577,2.4,#aea383,2.36,#c1c3b4,4.94,#555d4f,1.81,#abb2a6,3.74,#677166,2.56,#aea383,2.36,#677166,2.56,#555d4f,1.81,#838577,2.4,#959c94,2.44,#abb2a6,3.74,#aea383,2.36,#555d4f,1.81,#c1c3b4,4.94,#838577,2.4,#aea383,2.36,#677166,2.56,#555d4f,1.81,#838577,2.4,#959c94,2.44,,Schoenoplectus,Schoenoplectus tabernaemontani
KW_T_423_14_0072L,KW_T_423_14_0072L.tif_segmented.png,2357125,2907,3599,#c0bdaa,4.27,#aea486,3.13,#a1a69e,3.06,#898e85,3.04,#73756b,2.9,#aea486,3.13,#c0bdaa,4.27,#5b5b52,2.08,#73756b,2.9,#a1a69e,3.06,#5b5b52,2.08,#73756b,2.9,#898e85,3.04,#aea486,3.13,#a1a69e,3.06,#aea486,3.13,#a1a69e,3.06,#5b5b52,2.08,#c0bdaa,4.27,#73756b,2.9,#5b5b52,2.08,#73756b,2.9,#898e85,3.04,#aea486,3.13,#a1a69e,3.06,,Juncus,Juncus bulbosus
KW_T_423_14_0074L,KW_T_423_14_0074L.tif_segmented.png,2272159,2911,3595,#a7a18b,4.12,#b2b4a7,3.21,#8d8c7e,2.7,#727366,2.18,#5d5c52,1.53,#c5ba99,1.3,#a7a18b,4.12,#5d5c52,1.53,#b2b4a7,3.21,#727366,2.18,#5d5c52,1.53,#727366,2.18,#8d8c7e,2.7,#a7a18b,4.12,#c5ba99,1.3,#a7a18b,4.12,#b2b4a7,3.21,#c5ba99,1.3,#5d5c52,1.53,#727366,2.18,#5d5c52,1.53,#727366,2.18,#8d8c7e,2.7,#a7a18b,4.12,#c5ba99,1.3,,Orthotrichum,Orthotrichum diaphanum
KW_T_423_14_0076L,KW_T_423_14_0076L.tif_segmented.png,1173119,2919,3603,#aba489,3.4,#c5bda5,2.66,#85897a,2.14,#4a4e46,2.06,#676d61,1.66,#c5bda5,2.66,#2b2821,0.68,#aba489,3.4,#4a4e46,2.06,#85897a,2.14,#2b2821,0.68,#4a4e46,2.06,#676d61,1.66,#85897a,2.14,#aba489,3.4,#2b2821,0.68,#4a4e46,2.06,#aba489,3.4,#85897a,2.14,#676d61,1.66,#2b2821,0.68,#4a4e46,2.06,#676d61,1.66,#85897a,2.14,#aba489,3.4,,Hieracium,Hieracium amplexicaule
KW_T_423_14_0078L,KW_T_423_14_0078L.tif_segmented.png,916479,2925,3599,#ccc3ae,2.25,#beb29c,2.12,#ab9f8a,1.79,#8d8170,0.96,#6a5f54,0.75,#2b2720,0.68,#ccc3ae,2.25,#beb29c,2.12,#ab9f8a,1.79,#6a5f54,0.75,#6a5f54,0.75,#2b2720,0.68,#8d8170,0.96,#ab9f8a,1.79,#beb29c,2.12,#2b2720,0.68,#ab9f8a,1.79,#8d8170,0.96,#6a5f54,0.75,#ccc3ae,2.25,#6a5f54,0.75,#2b2720,0.68,#8d8170,0.96,#ab9f8a,1.79,#beb29c,2.12,,Ceratodon,Ceratodon purpureus
KW_T_423_14_0080L,KW_T_423_14_0080L.tif_segmented.png,1703364,2995,3635,#c3c6b9,3.32,#a4ada8,3.1,#70736d,2.99,#859090,2.52,#c5b997,2.17,#c5b997,2.17,#a29780,2.15,#c3c6b9,3.32,#58554b,1.82,#a4ada8,3.1,#58554b,1.82,#70736d,2.99,#a29780,2.15,#c5b997,2.17,#859090,2.52,#a4ada8,3.1,#58554b,1.82,#c3c6b9,3.32,#c5b997,2.17,#a29780,2.15,#58554b,1.82,#70736d,2.99,#a29780,2.15,#c5b997,2.17,#859090,2.52,,Barbarea,Barbarea stricta
KW_T_423_14_0082L,KW_T_423_14_0082L.tif_segmented.png,2423548,2986,3591,#b7b89f,4.61,#c2c6b1,4.59,#a7a48d,3.81,#90907f,2.47,#787768,2.0,#c2c6b1,4.59,#b7b89f,4.61,#5f5b4e,1.04,#a7a48d,3.81,#787768,2.0,#5f5b4e,1.04,#787768,2.0,#90907f,2.47,#a7a48d,3.81,#b7b89f,4.61,#a7a48d,3.81,#c2c6b1,4.59,#5f5b4e,1.04,#787768,2.0,#b7b89f,4.61,#5f5b4e,1.04,#787768,2.0,#90907f,2.47,#a7a48d,3.81,#b7b89f,4.61,Cyperaceae,Carex,Carex acuta
KW_T_423_14_0084L,KW_T_423_14_0084L.tif_segmented.png,3640620,2999,3607,#869b8d,6.67,#9cad9e,6.24,#bdb9a2,5.89,#7d8175,4.46,#686c61,4.05,#bdb9a2,5.89,#a89981,2.64,#9cad9e,6.24,#869b8d,6.67,#55534a,1.8,#55534a,1.8,#a89981,2.64,#686c61,4.05,#7d8175,4.46,#bdb9a2,5.89,#9cad9e,6.24,#869b8d,6.67,#55534a,1.8,#7d8175,4.46,#bdb9a2,5.89,#55534a,1.8,#a89981,2.64,#686c61,4.05,#7d8175,4.46,#bdb9a2,5.89,,Juncus,Juncus acutiflorus
KW_T_423_14_0086L,KW_T_423_14_0086L.tif_segmented.png,1090468,2999,3607,#c7c0ac,3.23,#bdb399,3.22,#a79c83,1.86,#918268,1.18,#75634d,0.91,#2c2a23,0.61,#c7c0ac,3.23,#bdb399,3.22,#75634d,0.91,#a79c83,1.86,#75634d,0.91,#918268,1.18,#2c2a23,0.61,#a79c83,1.86,#bdb399,3.22,#2c2a23,0.61,#75634d,0.91,#a79c83,1.86,#918268,1.18,#c7c0ac,3.23,#75634d,0.91,#918268,1.18,#2c2a23,0.61,#a79c83,1.86,#bdb399,3.22,,Arctium,Arctium tomentosum
KW_T_423_14_0088L,KW_T_423_14_0088L.tif_segmented.png,1298318,3007,3623,#c4baa0,3.24,#837057,1.95,#5c5042,1.81,#a59b85,1.69,#b08c5a,1.69,#ccb169,1.32,#b08c5a,1.69,#c4baa0,3.24,#292620,0.91,#5c5042,1.81,#5c5042,1.81,#837057,1.95,#a59b85,1.69,#b08c5a,1.69,#ccb169,1.32,#ccb169,1.32,#292620,0.91,#b08c5a,1.69,#837057,1.95,#5c5042,1.81,#5c5042,1.81,#837057,1.95,#a59b85,1.69,#b08c5a,1.69,#ccb169,1.32,,Rorippa,Rorippa sylvestris
KW_T_423_14_0090L,KW_T_423_14_0090L.tif_segmented.png,2393637,3017,3647,#aaa995,5.75,#c0bfaa,4.83,#757a6c,3.6,#8e9283,3.6,#5d6256,3.36,#2a2720,0.9,#c0bfaa,4.83,#aaa995,5.75,#5d6256,3.36,#757a6c,3.6,#5d6256,3.36,#757a6c,3.6,#aaa995,5.75,#8e9283,3.6,#2a2720,0.9,#2a2720,0.9,#aaa995,5.75,#757a6c,3.6,#5d6256,3.36,#8e9283,3.6,#5d6256,3.36,#757a6c,3.6,#aaa995,5.75,#8e9283,3.6,#2a2720,0.9,,Arabis,Arabis hirsuta subsp. hirsuta
KW_T_423_14_0091L,KW_T_423_14_0091L.tif_segmented.png,3645364,2982,3627,#b0b6a6,6.34,#9ea494,4.62,#899081,4.19,#777b6d,3.59,#636659,3.34,#b0b6a6,6.34,#4f4d44,2.44,#9ea494,4.62,#636659,3.34,#899081,4.19,#4f4d44,2.44,#636659,3.34,#777b6d,3.59,#899081,4.19,#b0b6a6,6.34,#4f4d44,2.44,#9ea494,4.62,#b0b6a6,6.34,#777b6d,3.59,#899081,4.19,#4f4d44,2.44,#636659,3.34,#777b6d,3.59,#899081,4.19,#b0b6a6,6.34,,Potamogeton,Potamogeton pusillus
KW_T_423_14_0093L,KW_T_423_14_0093L.tif_segmented.png,2141599,2984,3611,#a9b09e,4.82,#bcc5b3,4.59,#989888,3.51,#7e7b6f,2.53,#655f54,1.57,#d1c79d,1.36,#2b2820,0.86,#bcc5b3,4.59,#a9b09e,4.82,#655f54,1.57,#655f54,1.57,#2b2820,0.86,#7e7b6f,2.53,#989888,3.51,#d1c79d,1.36,#2b2820,0.86,#d1c79d,1.36,#bcc5b3,4.59,#a9b09e,4.82,#7e7b6f,2.53,#655f54,1.57,#2b2820,0.86,#7e7b6f,2.53,#989888,3.51,#d1c79d,1.36,,Callitriche,Callitriche cf. palustris
KW_T_423_14_0095L,KW_T_423_14_0095L.tif_segmented.png,871503,2986,3611,#b7b7a2,2.87,#a5a693,2.25,#8e9282,1.4,#74796b,0.82,#2d2a21,0.67,#2d2a21,0.67,#b7b7a2,2.87,#a5a693,2.25,#74796b,0.82,#8e9282,1.4,#74796b,0.82,#2d2a21,0.67,#8e9282,1.4,#a5a693,2.25,#b7b7a2,2.87,#2d2a21,0.67,#a5a693,2.25,#74796b,0.82,#8e9282,1.4,#b7b7a2,2.87,#74796b,0.82,#2d2a21,0.67,#8e9282,1.4,#a5a693,2.25,#b7b7a2,2.87,,Viola,Viola hirta
KW_T_423_14_0097L,KW_T_423_14_0097L.tif_segmented.png,1072388,2925,3615,#c0b5a0,1.87,#ab9f89,1.61,#918675,1.15,#2a2620,0.81,#6c6254,0.54,#2a2620,0.81,#c0b5a0,1.87,#ab9f89,1.61,#6c6254,0.54,#918675,1.15,#6c6254,0.54,#2a2620,0.81,#918675,1.15,#ab9f89,1.61,#c0b5a0,1.87,#2a2620,0.81,#6c6254,0.54,#ab9f89,1.61,#918675,1.15,#c0b5a0,1.87,#6c6254,0.54,#2a2620,0.81,#918675,1.15,#ab9f89,1.61,#c0b5a0,1.87,,Koeleria,Koeleria albescens/macrantha
KW_T_423_14_0099L,KW_T_423_14_0099L.tif_segmented.png,1024198,2988,3595,#b6b89c,2.98,#a3a88a,2.94,#909176,1.83,#d5c976,0.7,#302c25,0.69,#d5c976,0.7,#302c25,0.69,#b6b89c,2.98,#a3a88a,2.94,#776f5b,0.63,#302c25,0.69,#776f5b,0.63,#909176,1.83,#a3a88a,2.94,#b6b89c,2.98,#d5c976,0.7,#302c25,0.69,#a3a88a,2.94,#776f5b,0.63,#909176,1.83,#302c25,0.69,#776f5b,0.63,#909176,1.83,#a3a88a,2.94,#b6b89c,2.98,,Corynephorus,Corynephorus canescens
KW_T_423_14_0101L,KW_T_423_14_0101L.tif_segmented.png,1121824,2984,3595,#c6c5a9,2.87,#b4b795,2.56,#9d9f82,2.01,#82826c,1.3,#62584d,0.71,#c6c5a9,2.87,#282620,0.71,#b4b795,2.56,#62584d,0.71,#9d9f82,2.01,#282620,0.71,#62584d,0.71,#82826c,1.3,#9d9f82,2.01,#b4b795,2.56,#282620,0.71,#9d9f82,2.01,#b4b795,2.56,#82826c,1.3,#62584d,0.71,#282620,0.71,#62584d,0.71,#82826c,1.3,#9d9f82,2.01,#b4b795,2.56,,Calliergon,Calliergon giganteum
KW_T_423_14_0103L,KW_T_423_14_0103L.tif_segmented.png,495583,2995,3595,#bfb9a0,1.6,#a6a288,0.93,#ddd777,0.64,#342f27,0.61,#88816b,0.58,#ddd777,0.64,#342f27,0.61,#bfb9a0,1.6,#a6a288,0.93,#88816b,0.58,#342f27,0.61,#88816b,0.58,#a6a288,0.93,#bfb9a0,1.6,#ddd777,0.64,#ddd777,0.64,#342f27,0.61,#a6a288,0.93,#88816b,0.58,#bfb9a0,1.6,#342f27,0.61,#88816b,0.58,#a6a288,0.93,#bfb9a0,1.6,#ddd777,0.64,,Hieracium,Hieracium laevigatum
KW_T_423_14_0105L,KW_T_423_14_0105L.tif_segmented.png,712883,2999,3607,#bdb9a3,2.54,#a8a690,1.92,#928c74,1.1,#2d2921,0.55,#756c55,0.4,#2d2921,0.55,#bdb9a3,2.54,#756c55,0.4,#a8a690,1.92,#928c74,1.1,#2d2921,0.55,#756c55,0.4,#928c74,1.1,#a8a690,1.92,#bdb9a3,2.54,#2d2921,0.55,#756c55,0.4,#a8a690,1.92,#928c74,1.1,#bdb9a3,2.54,#2d2921,0.55,#756c55,0.4,#928c74,1.1,#a8a690,1.92,#bdb9a3,2.54,,Geranium,Geranium pyrenaicum
KW_T_423_14_0107L,KW_T_423_14_0107L.tif_segmented.png,1682753,2923,3615,#dbcc99,3.35,#cbb788,3.13,#af9c75,1.94,#48433b,1.87,#8a7a5d,1.84,#dbcc99,3.35,#cbb788,3.13,#af9c75,1.94,#48433b,1.87,#8a7a5d,1.84,#48433b,1.87,#8a7a5d,1.84,#675e4d,1.15,#af9c75,1.94,#cbb788,3.13,#dbcc99,3.35,#cbb788,3.13,#48433b,1.87,#af9c75,1.94,#675e4d,1.15,#48433b,1.87,#8a7a5d,1.84,#675e4d,1.15,#af9c75,1.94,#cbb788,3.13,,Isolepis,Isolepis setacea
KW_T_423_14_0109L,KW_T_423_14_0109L.tif_segmented.png,2481028,2986,3583,#aeaf97,3.37,#656d61,3.3,#7f8474,3.22,#969b88,3.09,#4f5549,3.07,#dcdc8b,0.62,#aeaf97,3.37,#4f5549,3.07,#969b88,3.09,#656d61,3.3,#7f8474,3.22,#aeaf97,3.37,#969b88,3.09,#656d61,3.3,#4f5549,3.07,#dcdc8b,0.62,#4f5549,3.07,#7f8474,3.22,#969b88,3.09,#aeaf97,3.37,#7f8474,3.22,#aeaf97,3.37,#969b88,3.09,#656d61,3.3,#4f5549,3.07,,Anagallis,Anagallis tenella
KW_T_423_14_0111L,KW_T_423_14_0111L.tif_segmented.png,1918237,2980,3599,#b4beaf,5.48,#879187,3.56,#9ba69d,3.4,#76796e,2.92,#b7ad8a,2.35,#b7ad8a,2.35,#b4beaf,5.48,#5f5f56,2.0,#9ba69d,3.4,#76796e,2.92,#5f5f56,2.0,#b7ad8a,2.35,#76796e,2.92,#879187,3.56,#9ba69d,3.4,#b4beaf,5.48,#b7ad8a,2.35,#9ba69d,3.4,#76796e,2.92,#879187,3.56,#5f5f56,2.0,#b7ad8a,2.35,#76796e,2.92,#879187,3.56,#9ba69d,3.4,,Dicranoweisia,Dicranoweisia cirrata
KW_T_423_14_0113L,KW_T_423_14_0113L.tif_segmented.png,859933,2982,3591,#c5bea6,2.5,#b4ac94,2.26,#a19781,1.37,#7f715d,0.62,#332e26,0.54,#332e26,0.54,#c5bea6,2.5,#b4ac94,2.26,#7f715d,0.62,#a19781,1.37,#332e26,0.54,#7f715d,0.62,#a19781,1.37,#b4ac94,2.26,#c5bea6,2.5,#332e26,0.54,#7f715d,0.62,#b4ac94,2.26,#a19781,1.37,#c5bea6,2.5,#332e26,0.54,#7f715d,0.62,#a19781,1.37,#b4ac94,2.26,#c5bea6,2.5,,Kindbergia,Kindbergia praelonga
KW_T_423_14_0115L,KW_T_423_14_0115L.tif_segmented.png,3096681,2986,3599,#bfb7a2,3.53,#aba492,3.01,#968f80,1.77,#7e776b,1.2,#5b5549,0.65,#bfb7a2,3.53,#5b5549,0.65,#aba492,3.01,#968f80,1.77,#7e776b,1.2,#5b5549,0.65,#7e776b,1.2,#968f80,1.77,#aba492,3.01,#bfb7a2,3.53,#5b5549,0.65,#aba492,3.01,#7e776b,1.2,#968f80,1.77,#bfb7a2,3.53,#5b5549,0.65,#7e776b,1.2,#968f80,1.77,#aba492,3.01,#bfb7a2,3.53,,Asclepias,Asclepias syriaca
KW_T_423_14_0117L,KW_T_423_14_0117L.tif_segmented.png,1375626,2990,3591,#c4b9a2,2.94,#b1a691,2.33,#635c51,1.72,#9a9081,1.37,#7e7669,1.2,#c4b9a2,2.94,#b1a691,2.33,#49443c,1.12,#635c51,1.72,#9a9081,1.37,#49443c,1.12,#7e7669,1.2,#635c51,1.72,#9a9081,1.37,#b1a691,2.33,#49443c,1.12,#7e7669,1.2,#635c51,1.72,#b1a691,2.33,#9a9081,1.37,#49443c,1.12,#7e7669,1.2,#635c51,1.72,#9a9081,1.37,#b1a691,2.33,,Calamagrostis,Calamagrostis epigejos
KW_T_423_14_0119L,KW_T_423_14_0119L.tif_segmented.png,2732939,2990,3591,#bbbda6,4.69,#9aaaa5,4.58,#7b8f8c,3.7,#577475,2.94,#a99f84,2.57,#bbbda6,4.69,#a99f84,2.57,#577475,2.94,#9aaaa5,4.58,#4c5650,2.03,#7f7467,1.86,#a99f84,2.57,#4c5650,2.03,#9aaaa5,4.58,#577475,2.94,#577475,2.94,#9aaaa5,4.58,#4c5650,2.03,#7b8f8c,3.7,#7f7467,1.86,#7f7467,1.86,#a99f84,2.57,#4c5650,2.03,#9aaaa5,4.58,#577475,2.94,,Calamagrostis,Calamagrostis canescens
KW_T_423_14_0121L,KW_T_423_14_0121L.tif_segmented.png,3945805,2995,3603,#a0a996,7.99,#b1b9a4,7.72,#c6c7b0,6.67,#909886,6.32,#7f8271,4.51,#c6c7b0,6.67,#52423b,1.34,#b1b9a4,7.72,#a0a996,7.99,#6b6457,2.37,#52423b,1.34,#6b6457,2.37,#7f8271,4.51,#b1b9a4,7.72,#a0a996,7.99,#a0a996,7.99,#b1b9a4,7.72,#7f8271,4.51,#52423b,1.34,#909886,6.32,#52423b,1.34,#6b6457,2.37,#7f8271,4.51,#b1b9a4,7.72,#a0a996,7.99,,Myriostoma,Myriostoma coliforme
KW_T_423_14_0122L,KW_T_423_14_0122L.tif_segmented.png,1919993,3001,3595,#afb096,4.31,#c3c4b5,3.47,#cbc7a0,3.33,#969883,3.28,#797f6f,2.73,#cbc7a0,3.33,#afb096,4.31,#5e5f51,2.66,#c3c4b5,3.47,#969883,3.28,#5e5f51,2.66,#797f6f,2.73,#969883,3.28,#afb096,4.31,#cbc7a0,3.33,#cbc7a0,3.33,#797f6f,2.73,#969883,3.28,#afb096,4.31,#5e5f51,2.66,#5e5f51,2.66,#797f6f,2.73,#969883,3.28,#afb096,4.31,#cbc7a0,3.33,,Suillus,Suillus luteus
KW_T_423_14_0124L,KW_T_423_14_0124L.tif_segmented.png,684879,3001,3599,#c6c2a8,3.41,#b0b196,3.22,#95a28b,3.01,#868b72,1.85,#a89e6d,1.53,#a89e6d,1.53,#c6c2a8,3.41,#716951,0.86,#b0b196,3.22,#95a28b,3.01,#716951,0.86,#a89e6d,1.53,#868b72,1.85,#95a28b,3.01,#b0b196,3.22,#a89e6d,1.53,#95a28b,3.01,#868b72,1.85,#716951,0.86,#b0b196,3.22,#716951,0.86,#a89e6d,1.53,#868b72,1.85,#95a28b,3.01,#b0b196,3.22,,Oenothera,Oenothera spec.
KW_T_423_14_0126L,KW_T_423_14_0126L.tif_segmented.png,3846244,3005,3595,#c1b9a2,6.03,#ada590,4.14,#958c79,2.15,#78705f,1.36,#585245,0.61,#c1b9a2,6.03,#ada590,4.14,#585245,0.61,#78705f,1.36,#958c79,2.15,#585245,0.61,#78705f,1.36,#958c79,2.15,#ada590,4.14,#c1b9a2,6.03,#585245,0.61,#78705f,1.36,#ada590,4.14,#958c79,2.15,#c1b9a2,6.03,#585245,0.61,#78705f,1.36,#958c79,2.15,#ada590,4.14,#c1b9a2,6.03,,Calamagrostis,Calamagrostis cf. canescens
KW_T_423_14_0128L,KW_T_423_14_0128L.tif_segmented.png,2753412,2964,3587,#a5b1a7,4.98,#909b91,4.54,#7e847a,2.96,#6a6a5f,2.3,#564d41,1.51,#564d41,1.51,#a5b1a7,4.98,#909b91,4.54,#6a6a5f,2.3,#7e847a,2.96,#564d41,1.51,#6a6a5f,2.3,#7e847a,2.96,#909b91,4.54,#a5b1a7,4.98,#a5b1a7,4.98,#564d41,1.51,#7e847a,2.96,#909b91,4.54,#6a6a5f,2.3,#564d41,1.51,#6a6a5f,2.3,#7e847a,2.96,#909b91,4.54,#a5b1a7,4.98,,Eurhynchium,Eurhynchium striatum
KW_T_423_14_0130L,KW_T_423_14_0130L.tif_segmented.png,1494564,2972,3591,#e6e0d5,63.83,#9d9c90,4.11,#88877c,3.78,#766f64,3.28,#63584d,2.55,#e6e0d5,63.83,#63584d,2.55,#766f64,3.28,#9d9c90,4.11,#88877c,3.78,#63584d,2.55,#766f64,3.28,#88877c,3.78,#9d9c90,4.11,#e6e0d5,63.83,#63584d,2.55,#9d9c90,4.11,#88877c,3.78,#766f64,3.28,#e6e0d5,63.83,#63584d,2.55,#766f64,3.28,#88877c,3.78,#9d9c90,4.11,#e6e0d5,63.83,,Tricholomopsis,Tricholomopsis rutilans
KW_T_423_14_0132L,KW_T_423_14_0132L.tif_segmented.png,1201310,2976,3591,#97a29b,2.87,#778681,2.33,#656759,1.81,#968969,0.93,,,#968969,0.93,#656759,1.81,#97a29b,2.87,#778681,2.33,,,#656759,1.81,#968969,0.93,#778681,2.33,#97a29b,2.87,,,#778681,2.33,#97a29b,2.87,#968969,0.93,#656759,1.81,,,#656759,1.81,#968969,0.93,#778681,2.33,#97a29b,2.87,,,Boletaceae,Rubroboletus,Rubroboletus rhodoxanthus
KW_T_423_14_0134L,KW_T_423_14_0134L.tif_segmented.png,2739503,2978,3595,#9aa693,3.8,#717266,3.75,#878f7d,3.64,#535b51,3.47,#b4947f,1.27,#b4947f,1.27,#9aa693,3.8,#535b51,3.47,#878f7d,3.64,#717266,3.75,#b4947f,1.27,#717266,3.75,#535b51,3.47,#878f7d,3.64,#9aa693,3.8,#9aa693,3.8,#535b51,3.47,#878f7d,3.64,#717266,3.75,#b4947f,1.27,#b4947f,1.27,#717266,3.75,#535b51,3.47,#878f7d,3.64,#9aa693,3.8,Ranunculaceae,Anemone,Anemone apennina
KW_T_423_14_0136L,KW_T_423_14_0136L.tif_segmented.png,1494154,2980,3583,#c3bba0,2.66,#dfd496,2.5,#a8a287,2.35,#504d42,2.08,#898470,1.99,#dfd496,2.5,#c3bba0,2.66,#504d42,2.08,#a8a287,2.35,#6c695b,1.95,#a8a287,2.35,#898470,1.99,#504d42,2.08,#6c695b,1.95,#c3bba0,2.66,#dfd496,2.5,#504d42,2.08,#a8a287,2.35,#898470,1.99,#6c695b,1.95,#a8a287,2.35,#898470,1.99,#504d42,2.08,#6c695b,1.95,#c3bba0,2.66,,Montia,Montia spec.
KW_T_423_14_0138L,KW_T_423_14_0138L.tif_segmented.png,447909,2980,3583,#b3b6a4,4.33,#93998b,3.05,#7a7c6c,2.69,#605d4e,1.48,#ded073,1.46,#ded073,1.46,#b8a86b,0.96,#605d4e,1.48,#b3b6a4,4.33,#7a7c6c,2.69,#605d4e,1.48,#7a7c6c,2.69,#93998b,3.05,#b3b6a4,4.33,#b8a86b,0.96,#ded073,1.46,#b8a86b,0.96,#7a7c6c,2.69,#605d4e,1.48,#b3b6a4,4.33,#605d4e,1.48,#7a7c6c,2.69,#93998b,3.05,#b3b6a4,4.33,#b8a86b,0.96,,Homalia,Homalia trichomanoides
KW_T_423_14_0140L,KW_T_423_14_0140L.tif_segmented.png,2231307,2984,3587,#979c8b,3.83,#bdbeaa,3.82,#a8ae9b,3.31,#84897a,3.11,#717468,2.81,#bdbeaa,3.82,#a8ae9b,3.31,#5c5e55,1.85,#979c8b,3.83,#717468,2.81,#5c5e55,1.85,#717468,2.81,#84897a,3.11,#979c8b,3.83,#a8ae9b,3.31,#a8ae9b,3.31,#979c8b,3.83,#84897a,3.11,#bdbeaa,3.82,#5c5e55,1.85,#5c5e55,1.85,#717468,2.81,#84897a,3.11,#979c8b,3.83,#a8ae9b,3.31,,Lepista,Lepista flaccida
KW_T_423_14_0142L,KW_T_423_14_0142L.tif_segmented.png,4002397,2980,3603,#a7b79d,7.97,#70826d,5.86,#98a689,5.23,#85937b,4.8,#5d6d5c,4.49,#c1c5ab,4.33,#a7b79d,7.97,#98a689,5.23,#445144,2.61,#5d6d5c,4.49,#445144,2.61,#a7b79d,7.97,#98a689,5.23,#5d6d5c,4.49,#70826d,5.86,#a7b79d,7.97,#85937b,4.8,#70826d,5.86,#98a689,5.23,#445144,2.61,#445144,2.61,#a7b79d,7.97,#98a689,5.23,#5d6d5c,4.49,#70826d,5.86,,Leotia,Leotia lubrica
KW_T_423_14_0143L,KW_T_423_14_0143L.tif_segmented.png,8716323,3005,3579,#e6e0d7,50.27,#e1dbd1,19.71,#9a947e,4.42,#7f7c6d,3.39,#636155,3.06,#e6e0d7,50.27,#e1dbd1,19.71,#9a947e,4.42,#636155,3.06,#7f7c6d,3.39,#636155,3.06,#7f7c6d,3.39,#9a947e,4.42,#e1dbd1,19.71,#e6e0d7,50.27,#7f7c6d,3.39,#9a947e,4.42,#636155,3.06,#e1dbd1,19.71,#e6e0d7,50.27,#636155,3.06,#7f7c6d,3.39,#9a947e,4.42,#e1dbd1,19.71,#e6e0d7,50.27,Asteraceae,Cirsium,Cirsium oleraceum
KW_T_423_14_0145L,KW_T_423_14_0145L.tif_segmented.png,8731586,3007,3587,#e7e3db,72.18,#d6cfbd,4.78,#5e554c,4.09,#847164,3.07,#483330,2.54,#e7e3db,72.18,#853938,0.85,#ba7972,1.39,#d6cfbd,4.78,#483330,2.54,#847164,3.07,#ba7972,1.39,#5e554c,4.09,#483330,2.54,#853938,0.85,#853938,0.85,#ba7972,1.39,#483330,2.54,#847164,3.07,#5e554c,4.09,#847164,3.07,#ba7972,1.39,#5e554c,4.09,#483330,2.54,#853938,0.85,Salicaceae,Salix,Salix x fragilis
KW_T_423_14_0147L,KW_T_423_14_0147L.tif_segmented.png,2920742,3011,3599,#bcbfa9,5.18,#aaad98,4.23,#979b85,3.66,#82816f,2.58,#6a6455,1.37,#2c2923,0.67,#bcbfa9,5.18,#aaad98,4.23,#6a6455,1.37,#979b85,3.66,#2c2923,0.67,#6a6455,1.37,#82816f,2.58,#979b85,3.66,#aaad98,4.23,#2c2923,0.67,#979b85,3.66,#82816f,2.58,#aaad98,4.23,#bcbfa9,5.18,#2c2923,0.67,#6a6455,1.37,#82816f,2.58,#979b85,3.66,#aaad98,4.23,,Pinus,Pinus sylvestris
KW_T_423_14_0149L,KW_T_423_14_0149L.tif_segmented.png,8822780,3021,3631,#99ad96,6.51,#a8bdad,6.49,#859785,5.7,#707f71,4.13,#5c675c,2.67,#bbae93,1.95,#2b2824,0.97,#a8bdad,6.49,#99ad96,6.51,#859785,5.7,#2b2824,0.97,#bbae93,1.95,#5c675c,2.67,#707f71,4.13,#a8bdad,6.49,#2b2824,0.97,#a8bdad,6.49,#99ad96,6.51,#859785,5.7,#707f71,4.13,#2b2824,0.97,#bbae93,1.95,#5c675c,2.67,#707f71,4.13,#a8bdad,6.49,,Dactylorhiza,Dactylorhiza incarnata
KW_T_423_14_0150L,KW_T_423_14_0150L.tif_segmented.png,2844880,3009,3591,#9db1a0,5.89,#b8c4b6,5.05,#8b9e8d,4.16,#bcb79a,3.48,#827c6f,3.0,#bcb79a,3.48,#685a51,2.16,#b8c4b6,5.05,#9db1a0,5.89,#a89b86,1.87,#685a51,2.16,#827c6f,3.0,#a89b86,1.87,#bcb79a,3.48,#9db1a0,5.89,#9db1a0,5.89,#b8c4b6,5.05,#8b9e8d,4.16,#827c6f,3.0,#685a51,2.16,#685a51,2.16,#827c6f,3.0,#a89b86,1.87,#bcb79a,3.48,#9db1a0,5.89,,Suillus,Suillus granulatus
KW_T_423_14_0152L,KW_T_423_14_0152L.tif_segmented.png,1209732,2919,3603,#c6c3b1,2.17,#abad9b,1.98,#999682,1.8,#7f7c6e,1.55,#676256,1.22,#2a2720,0.98,#c6c3b1,2.17,#abad9b,1.98,#999682,1.8,#676256,1.22,#676256,1.22,#7f7c6e,1.55,#999682,1.8,#2a2720,0.98,#abad9b,1.98,#2a2720,0.98,#7f7c6e,1.55,#abad9b,1.98,#999682,1.8,#c6c3b1,2.17,#676256,1.22,#7f7c6e,1.55,#999682,1.8,#2a2720,0.98,#abad9b,1.98,,Daphne,Daphne mezereum
KW_T_423_14_0154L,KW_T_423_14_0154L.tif_segmented.png,8638502,2984,3591,#a1a29d,1.41,#828380,1.2,#68655e,0.81,#2e2a23,0.61,#4f4a41,0.6,#2e2a23,0.61,#a1a29d,1.41,#4f4a41,0.6,#68655e,0.81,#828380,1.2,#2e2a23,0.61,#828380,1.2,#4f4a41,0.6,#68655e,0.81,#a1a29d,1.41,#2e2a23,0.61,#4f4a41,0.6,#a1a29d,1.41,#828380,1.2,#68655e,0.81,#2e2a23,0.61,#828380,1.2,#4f4a41,0.6,#68655e,0.81,#a1a29d,1.41,,Arum,Arum maculatum
KW_T_423_14_0156L,KW_T_423_14_0156L.tif_segmented.png,1415025,2990,3591,#9fa493,2.57,#b4b9a4,2.45,#89897a,1.44,#6e6757,1.25,#302b23,0.74,#302b23,0.74,#b4b9a4,2.45,#6e6757,1.25,#9fa493,2.57,#89897a,1.44,#302b23,0.74,#6e6757,1.25,#89897a,1.44,#9fa493,2.57,#b4b9a4,2.45,#302b23,0.74,#9fa493,2.57,#b4b9a4,2.45,#6e6757,1.25,#89897a,1.44,#302b23,0.74,#6e6757,1.25,#89897a,1.44,#9fa493,2.57,#b4b9a4,2.45,Cyperaceae,Carex,Carex oederi
KW_T_423_14_0158L,KW_T_423_14_0158L.tif_segmented.png,2878204,2937,3595,#bebda9,4.6,#aeaa98,4.15,#9a9789,3.54,#848176,3.22,#6c695f,2.66,#bebda9,4.6,#aeaa98,4.15,#545249,2.2,#6c695f,2.66,#9a9789,3.54,#545249,2.2,#6c695f,2.66,#848176,3.22,#9a9789,3.54,#aeaa98,4.15,#545249,2.2,#aeaa98,4.15,#848176,3.22,#bebda9,4.6,#9a9789,3.54,#545249,2.2,#6c695f,2.66,#848176,3.22,#9a9789,3.54,#aeaa98,4.15,,Hypnum,Hypnum cupressiforme
KW_T_423_14_0159L,KW_T_423_14_0159L.tif_segmented.png,5516330,2946,3595,#b0c0a1,8.84,#839a88,8.18,#708c7f,8.02,#99ac93,7.58,#617c70,7.2,#b0c0a1,8.84,#2d2a23,0.89,#99ac93,7.58,#617c70,7.2,#708c7f,8.02,#2d2a23,0.89,#b0c0a1,8.84,#99ac93,7.58,#839a88,8.18,#52685d,5.73,#2d2a23,0.89,#b0c0a1,8.84,#708c7f,8.02,#99ac93,7.58,#617c70,7.2,#2d2a23,0.89,#b0c0a1,8.84,#99ac93,7.58,#839a88,8.18,#52685d,5.73,,Chlorophyllum,Chlorophyllum racodes
KW_T_423_14_0161L,KW_T_423_14_0161L.tif_segmented.png,1122584,2944,3603,#acab96,2.95,#bcbcab,2.88,#969681,1.53,#817363,0.97,#302d27,0.77,#302d27,0.77,#bcbcab,2.88,#817363,0.97,#acab96,2.95,#969681,1.53,#302d27,0.77,#817363,0.97,#969681,1.53,#acab96,2.95,#bcbcab,2.88,#302d27,0.77,#817363,0.97,#969681,1.53,#acab96,2.95,#bcbcab,2.88,#302d27,0.77,#817363,0.97,#969681,1.53,#acab96,2.95,#bcbcab,2.88,,Saxifraga,Saxifraga granulata
KW_T_423_14_0163L,KW_T_423_14_0163L.tif_segmented.png,967213,2954,3607,#b9b29c,1.81,#a29a87,1.16,#645d50,0.84,#2b2821,0.81,#867d6c,0.78,#2b2821,0.81,#b9b29c,1.81,#a29a87,1.16,#645d50,0.84,#867d6c,0.78,#2b2821,0.81,#645d50,0.84,#867d6c,0.78,#a29a87,1.16,#b9b29c,1.81,#2b2821,0.81,#867d6c,0.78,#645d50,0.84,#a29a87,1.16,#b9b29c,1.81,#2b2821,0.81,#645d50,0.84,#867d6c,0.78,#a29a87,1.16,#b9b29c,1.81,,Juniperus,Juniperus communis
KW_T_423_15_0009L,KW_T_423_15_0009L.tif_segmented.png,897238,2937,3583,#a7aa91,7.46,#929680,5.62,#7f7f6b,3.74,#625f51,3.3,#d6d185,1.57,#d6d185,1.57,#bab26b,1.09,#a7aa91,7.46,#625f51,3.3,#929680,5.62,#625f51,3.3,#7f7f6b,3.74,#929680,5.62,#a7aa91,7.46,#bab26b,1.09,#d6d185,1.57,#bab26b,1.09,#7f7f6b,3.74,#a7aa91,7.46,#929680,5.62,#625f51,3.3,#7f7f6b,3.74,#929680,5.62,#a7aa91,7.46,#bab26b,1.09,,Anacamptis,Anacamptis pyramidalis
KW_T_423_15_0011L,KW_T_423_15_0011L.tif_segmented.png,2634529,2907,3579,#afac91,5.75,#979b85,5.34,#858a76,4.48,#737766,3.43,#5f5f52,2.26,#302b23,0.56,#afac91,5.75,#979b85,5.34,#858a76,4.48,#5f5f52,2.26,#302b23,0.56,#5f5f52,2.26,#737766,3.43,#979b85,5.34,#858a76,4.48,#302b23,0.56,#979b85,5.34,#858a76,4.48,#737766,3.43,#afac91,5.75,#302b23,0.56,#5f5f52,2.26,#737766,3.43,#979b85,5.34,#858a76,4.48,,Tortula,Tortula marginata
KW_T_423_15_0013L,KW_T_423_15_0013L.tif_segmented.png,1547602,2913,3579,#a2a08c,4.91,#898b7d,3.99,#b5b19b,3.81,#747367,2.48,#60544b,1.34,#27251e,0.78,#b5b19b,3.81,#a2a08c,4.91,#60544b,1.34,#898b7d,3.99,#27251e,0.78,#60544b,1.34,#747367,2.48,#898b7d,3.99,#a2a08c,4.91,#27251e,0.78,#a2a08c,4.91,#60544b,1.34,#898b7d,3.99,#b5b19b,3.81,#27251e,0.78,#60544b,1.34,#747367,2.48,#898b7d,3.99,#a2a08c,4.91,,Mycena,Mycena pura
KW_T_423_15_0015L,KW_T_423_15_0015L.tif_segmented.png,2425367,2917,3599,#aba78e,5.43,#939480,3.84,#7c7d6d,3.6,#6a695b,3.42,#59574b,2.81,#aba78e,5.43,#2a2720,0.73,#939480,3.84,#59574b,2.81,#6a695b,3.42,#2a2720,0.73,#59574b,2.81,#6a695b,3.42,#7c7d6d,3.6,#aba78e,5.43,#2a2720,0.73,#7c7d6d,3.6,#59574b,2.81,#939480,3.84,#aba78e,5.43,#2a2720,0.73,#59574b,2.81,#6a695b,3.42,#7c7d6d,3.6,#aba78e,5.43,,Glaucium,Glaucium flavum
KW_T_423_15_0017L,KW_T_423_15_0017L.tif_segmented.png,2346616,2933,3603,#aea183,4.12,#c1b391,3.89,#9c8f73,3.12,#857964,2.81,#5e5646,2.72,#c1b391,3.89,#aea183,4.12,#5e5646,2.72,#9c8f73,3.12,#706553,2.67,#9c8f73,3.12,#857964,2.81,#706553,2.67,#5e5646,2.72,#aea183,4.12,#706553,2.67,#857964,2.81,#5e5646,2.72,#aea183,4.12,#c1b391,3.89,#9c8f73,3.12,#857964,2.81,#706553,2.67,#5e5646,2.72,#aea183,4.12,,Fumaria,Fumaria capreolata
KW_T_423_15_0020L,KW_T_423_15_0020L.tif_segmented.png,242160,2931,3611,#b4b79f,5.03,#a3a48e,4.07,#92937e,3.77,#7b7b6a,2.84,#615e52,2.07,#d7c87b,1.33,#b4b79f,5.03,#615e52,2.07,#a3a48e,4.07,#92937e,3.77,#615e52,2.07,#7b7b6a,2.84,#92937e,3.77,#a3a48e,4.07,#d7c87b,1.33,#d7c87b,1.33,#a3a48e,4.07,#92937e,3.77,#7b7b6a,2.84,#b4b79f,5.03,#615e52,2.07,#7b7b6a,2.84,#92937e,3.77,#a3a48e,4.07,#d7c87b,1.33,,Gentianella,Gentianella campestris
KW_T_423_15_0022L,KW_T_423_15_0022L.tif_segmented.png,2539685,2956,3587,#a3ae8b,7.04,#b7bb9a,5.24,#8e9778,4.26,#787860,1.89,#d4be79,0.96,#d4be79,0.96,#312c23,0.73,#b7bb9a,5.24,#a3ae8b,7.04,#8e9778,4.26,#312c23,0.73,#d4be79,0.96,#787860,1.89,#a3ae8b,7.04,#8e9778,4.26,#d4be79,0.96,#312c23,0.73,#8e9778,4.26,#b7bb9a,5.24,#787860,1.89,#312c23,0.73,#d4be79,0.96,#787860,1.89,#a3ae8b,7.04,#8e9778,4.26,,Cyperus,Cyperus fuscus
KW_T_423_15_0024L,KW_T_423_15_0024L.tif_segmented.png,1591574,2958,3583,#c0b998,4.29,#aaa487,3.12,#938b73,2.48,#7a7460,2.41,#60594a,2.27,#c0b998,4.29,#2e2a23,0.7,#aaa487,3.12,#60594a,2.27,#938b73,2.48,#2e2a23,0.7,#60594a,2.27,#7a7460,2.41,#938b73,2.48,#aaa487,3.12,#2e2a23,0.7,#7a7460,2.41,#aaa487,3.12,#60594a,2.27,#c0b998,4.29,#2e2a23,0.7,#60594a,2.27,#7a7460,2.41,#938b73,2.48,#aaa487,3.12,,Pseudoscleropodium,Pseudoscleropodium purum
KW_T_423_15_0026L,KW_T_423_15_0026L.tif_segmented.png,1531512,2956,3595,#ada589,4.71,#9f9377,3.43,#8a8067,2.11,#756a55,1.07,#2f2b25,0.52,#ada589,4.71,#2f2b25,0.52,#9f9377,3.43,#756a55,1.07,#8a8067,2.11,#2f2b25,0.52,#756a55,1.07,#8a8067,2.11,#9f9377,3.43,#ada589,4.71,#2f2b25,0.52,#756a55,1.07,#ada589,4.71,#8a8067,2.11,#9f9377,3.43,#2f2b25,0.52,#756a55,1.07,#8a8067,2.11,#9f9377,3.43,#ada589,4.71,,Rosa,Rosa villosa
KW_T_423_15_0028L,KW_T_423_15_0028L.tif_segmented.png,1779425,2903,3579,#9f8969,3.05,#b6a17d,2.77,#c9b792,2.65,#887359,2.58,#6d5e4a,2.34,#c9b792,2.65,#b6a17d,2.77,#6d5e4a,2.34,#9f8969,3.05,#887359,2.58,#6d5e4a,2.34,#b6a17d,2.77,#887359,2.58,#9f8969,3.05,#c9b792,2.65,#b6a17d,2.77,#c9b792,2.65,#6d5e4a,2.34,#887359,2.58,#9f8969,3.05,#6d5e4a,2.34,#b6a17d,2.77,#887359,2.58,#9f8969,3.05,#c9b792,2.65,,Primula,Primula vulgaris
KW_T_423_15_0030L,KW_T_423_15_0030L.tif_segmented.png,1841063,2931,3587,#b7b59a,3.93,#9ea18d,3.42,#767363,2.85,#888d7b,2.38,#625a4d,1.88,#2d2923,0.88,#b7b59a,3.93,#a08a6f,1.42,#625a4d,1.88,#9ea18d,3.42,#2d2923,0.88,#625a4d,1.88,#a08a6f,1.42,#767363,2.85,#9ea18d,3.42,#2d2923,0.88,#9ea18d,3.42,#625a4d,1.88,#888d7b,2.38,#767363,2.85,#2d2923,0.88,#625a4d,1.88,#a08a6f,1.42,#767363,2.85,#9ea18d,3.42,Salicaceae,Salix,Salix repens
KW_T_423_15_0032L,KW_T_423_15_0032L.tif_segmented.png,2509933,2950,3575,#a5a991,3.77,#bab99a,3.54,#92967f,3.04,#80816e,2.37,#686859,1.83,#bab99a,3.54,#a5a991,3.77,#686859,1.83,#92967f,3.04,#80816e,2.37,#686859,1.83,#80816e,2.37,#92967f,3.04,#a5a991,3.77,#bab99a,3.54,#92967f,3.04,#80816e,2.37,#a5a991,3.77,#bab99a,3.54,#686859,1.83,#686859,1.83,#80816e,2.37,#92967f,3.04,#a5a991,3.77,#bab99a,3.54,,Homalothecium,Homalothecium lutescens
KW_T_423_15_0034L,KW_T_423_15_0034L.tif_segmented.png,1266773,2952,3575,#bab496,3.72,#a8a083,3.15,#908771,2.85,#766d5e,2.61,#60564b,2.13,#d1ce7f,0.76,#bab496,3.72,#60564b,2.13,#a8a083,3.15,#766d5e,2.61,#60564b,2.13,#766d5e,2.61,#908771,2.85,#a8a083,3.15,#d1ce7f,0.76,#d1ce7f,0.76,#60564b,2.13,#a8a083,3.15,#766d5e,2.61,#bab496,3.72,#60564b,2.13,#766d5e,2.61,#908771,2.85,#a8a083,3.15,#d1ce7f,0.76,Tricholomataceae,Tricholoma,Tricholoma sulphureum
KW_T_423_15_0036L,KW_T_423_15_0036L.tif_segmented.png,1436479,2946,3583,#bdb292,2.27,#75684e,2.16,#ded584,2.0,#bda870,1.94,#978866,1.85,#ded584,2.0,#bda870,1.94,#2f2b23,0.71,#bdb292,2.27,#75684e,2.16,#2f2b23,0.71,#75684e,2.16,#978866,1.85,#bda870,1.94,#ded584,2.0,#ded584,2.0,#2f2b23,0.71,#bda870,1.94,#75684e,2.16,#978866,1.85,#2f2b23,0.71,#75684e,2.16,#978866,1.85,#bda870,1.94,#ded584,2.0,Salicaceae,Salix,Salix x smithiana
KW_T_423_15_0038L,KW_T_423_15_0038L.tif_segmented.png,726042,2950,3575,#ab9e81,1.88,#665b4b,1.63,#877a66,1.28,#c98b6b,0.92,#aa6b50,0.72,#c98b6b,0.92,#aa6b50,0.72,#2d2921,0.58,#ab9e81,1.88,#665b4b,1.63,#2d2921,0.58,#877a66,1.28,#665b4b,1.63,#ab9e81,1.88,#aa6b50,0.72,#2d2921,0.58,#c98b6b,0.92,#aa6b50,0.72,#877a66,1.28,#665b4b,1.63,#2d2921,0.58,#877a66,1.28,#665b4b,1.63,#ab9e81,1.88,#aa6b50,0.72,Salicaceae,Salix,Salix spec.
KW_T_423_15_0040L,KW_T_423_15_0040L.tif_segmented.png,2710087,2923,3603,#9ca59c,4.49,#89938c,4.2,#656d63,3.96,#7a8275,3.57,#ada386,2.29,#ada386,2.29,#51574f,2.18,#9ca59c,4.49,#656d63,3.96,#89938c,4.2,#51574f,2.18,#656d63,3.96,#ada386,2.29,#7a8275,3.57,#89938c,4.2,#51574f,2.18,#7a8275,3.57,#ada386,2.29,#9ca59c,4.49,#656d63,3.96,#51574f,2.18,#656d63,3.96,#ada386,2.29,#7a8275,3.57,#89938c,4.2,Salicaceae,Salix,Salix cinerea
KW_T_423_15_0042L,KW_T_423_15_0042L.tif_segmented.png,1304865,2913,3595,#a79e80,2.41,#b7af92,2.22,#918772,1.64,#5d5449,1.28,#786c5e,1.25,#b7af92,2.22,#a79e80,2.41,#5d5449,1.28,#786c5e,1.25,#918772,1.64,#5d5449,1.28,#786c5e,1.25,#918772,1.64,#a79e80,2.41,#b7af92,2.22,#5d5449,1.28,#a79e80,2.41,#786c5e,1.25,#b7af92,2.22,#918772,1.64,#5d5449,1.28,#786c5e,1.25,#918772,1.64,#a79e80,2.41,#b7af92,2.22,,Schizophyllum,Schizophyllum amplum
KW_T_423_15_0043L,KW_T_423_15_0043L.tif_segmented.png,1768387,2927,3595,#bbbc9f,4.89,#a5a98e,3.36,#889581,3.15,#727d6e,2.73,#998d70,1.6,#bbbc9f,4.89,#998d70,1.6,#a5a98e,3.36,#5c5f51,0.98,#889581,3.15,#998d70,1.6,#5c5f51,0.98,#727d6e,2.73,#889581,3.15,#a5a98e,3.36,#a5a98e,3.36,#889581,3.15,#727d6e,2.73,#bbbc9f,4.89,#5c5f51,0.98,#998d70,1.6,#5c5f51,0.98,#727d6e,2.73,#889581,3.15,#a5a98e,3.36,,Ascocoryne,Ascocoryne sarcoides s.l.
KW_T_423_15_0045L,KW_T_423_15_0045L.tif_segmented.png,1202987,2933,3587,#918d75,3.16,#bab399,2.96,#a4a089,2.45,#767562,2.07,#5c5a4a,1.39,#bab399,2.96,#5c5a4a,1.39,#a4a089,2.45,#918d75,3.16,#767562,2.07,#5c5a4a,1.39,#767562,2.07,#918d75,3.16,#a4a089,2.45,#bab399,2.96,#767562,2.07,#a4a089,2.45,#5c5a4a,1.39,#918d75,3.16,#bab399,2.96,#5c5a4a,1.39,#767562,2.07,#918d75,3.16,#a4a089,2.45,#bab399,2.96,,Vaccinium,Vaccinium uliginosum
KW_T_423_15_0047L,KW_T_423_15_0047L.tif_segmented.png,1377838,2931,3583,#bdb194,3.3,#9d9379,2.44,#8e7957,1.75,#dab65f,1.33,#b49258,1.07,#dab65f,1.33,#b49258,1.07,#bdb194,3.3,#8e7957,1.75,#5f594b,0.94,#5f594b,0.94,#9d9379,2.44,#8e7957,1.75,#b49258,1.07,#bdb194,3.3,#dab65f,1.33,#b49258,1.07,#5f594b,0.94,#bdb194,3.3,#8e7957,1.75,#5f594b,0.94,#9d9379,2.44,#8e7957,1.75,#b49258,1.07,#bdb194,3.3,,Claytonia,Claytonia perfoliata
KW_T_423_15_0049L,KW_T_423_15_0049L.tif_segmented.png,1277178,2937,3595,#bdbc9c,4.09,#969277,3.1,#a9a88c,2.55,#757463,1.49,#dbd474,0.38,#dbd474,0.38,#322d22,0.36,#bdbc9c,4.09,#a9a88c,2.55,#969277,3.1,#322d22,0.36,#757463,1.49,#969277,3.1,#a9a88c,2.55,#dbd474,0.38,#dbd474,0.38,#322d22,0.36,#a9a88c,2.55,#bdbc9c,4.09,#757463,1.49,#322d22,0.36,#757463,1.49,#969277,3.1,#a9a88c,2.55,#dbd474,0.38,,Rumex,Rumex patientia
KW_T_423_15_0051L,KW_T_423_15_0051L.tif_segmented.png,1834649,2917,3571,#b2ad93,4.19,#9d947e,3.43,#837869,2.83,#64594d,2.33,,,#b2ad93,4.19,#64594d,2.33,#9d947e,3.43,#837869,2.83,,,#64594d,2.33,#837869,2.83,#9d947e,3.43,#b2ad93,4.19,,,#837869,2.83,#64594d,2.33,#b2ad93,4.19,#9d947e,3.43,,,#64594d,2.33,#837869,2.83,#9d947e,3.43,#b2ad93,4.19,,,,Cinclidium,Cinclidium stygium
KW_T_423_15_0052L,KW_T_423_15_0052L.tif_segmented.png,4179293,2944,3583,#a2ae95,7.51,#5f7263,7.46,#b6bb92,6.01,#95987c,5.29,#788572,5.21,#b6bb92,6.01,#a2ae95,7.51,#4e6053,4.8,#5f7263,7.46,#95987c,5.29,#95987c,5.29,#a2ae95,7.51,#b6bb92,6.01,#788572,5.21,#5f7263,7.46,#b6bb92,6.01,#a2ae95,7.51,#788572,5.21,#95987c,5.29,#5f7263,7.46,#95987c,5.29,#a2ae95,7.51,#b6bb92,6.01,#788572,5.21,#5f7263,7.46,Gymnosporangiaceae,Gymnosporangium,Gymnosporangium sabinae
KW_T_423_15_0054L,KW_T_423_15_0054L.tif_segmented.png,572897,2925,3587,#a0967d,1.41,#8d8169,1.19,#bcb299,1.06,#776c59,1.05,#625847,1.01,#28241d,0.62,#bcb299,1.06,#a0967d,1.41,#625847,1.01,#8d8169,1.19,#625847,1.01,#28241d,0.62,#776c59,1.05,#8d8169,1.19,#a0967d,1.41,#28241d,0.62,#776c59,1.05,#625847,1.01,#8d8169,1.19,#a0967d,1.41,#625847,1.01,#28241d,0.62,#776c59,1.05,#8d8169,1.19,#a0967d,1.41,Gymnosporangiaceae,Gymnosporangium,Gymnosporangium clavariiforme
KW_T_423_15_0056L,KW_T_423_15_0056L.tif_segmented.png,386055,2941,3587,#6e6553,1.13,#90856f,1.08,#aea389,0.92,#c8bfa2,0.83,#28241d,0.82,#c8bfa2,0.83,#28241d,0.82,#aea389,0.92,#584f3f,0.74,#6e6553,1.13,#584f3f,0.74,#6e6553,1.13,#aea389,0.92,#90856f,1.08,#28241d,0.82,#28241d,0.82,#6e6553,1.13,#aea389,0.92,#584f3f,0.74,#c8bfa2,0.83,#584f3f,0.74,#6e6553,1.13,#aea389,0.92,#90856f,1.08,#28241d,0.82,Brassicaceae,Lepidium,Lepidium draba
KW_T_423_15_0058L,KW_T_423_15_0058L.tif_segmented.png,568657,2944,3587,#b7b4a3,3.03,#a6a490,2.68,#8f8d7d,2.2,#777161,1.39,#5c503c,0.5,#5c503c,0.5,#b7b4a3,3.03,#a6a490,2.68,#777161,1.39,#8f8d7d,2.2,#5c503c,0.5,#777161,1.39,#8f8d7d,2.2,#a6a490,2.68,#b7b4a3,3.03,#a6a490,2.68,#777161,1.39,#8f8d7d,2.2,#5c503c,0.5,#b7b4a3,3.03,#5c503c,0.5,#777161,1.39,#8f8d7d,2.2,#a6a490,2.68,#b7b4a3,3.03,,Sanicula,Sanicula europaea
KW_T_423_15_0060L,KW_T_423_15_0060L.tif_segmented.png,2282104,2956,3587,#b3b5a2,3.51,#9ea08e,3.07,#747365,2.37,#5c5a4d,2.3,#8d8b77,2.3,#dad17b,0.86,#b3b5a2,3.51,#5c5a4d,2.3,#9ea08e,3.07,#747365,2.37,#5c5a4d,2.3,#747365,2.37,#8d8b77,2.3,#9ea08e,3.07,#dad17b,0.86,#dad17b,0.86,#9ea08e,3.07,#5c5a4d,2.3,#8d8b77,2.3,#b3b5a2,3.51,#5c5a4d,2.3,#747365,2.37,#8d8b77,2.3,#9ea08e,3.07,#dad17b,0.86,,Euphorbia,Euphorbia paralias
KW_T_423_15_0062L,KW_T_423_15_0062L.tif_segmented.png,1854868,2946,3583,#93978a,3.53,#b8baa8,3.11,#a7a799,3.05,#7f7f74,2.33,#66645a,1.28,#b8baa8,3.11,#66645a,1.28,#a7a799,3.05,#93978a,3.53,#7f7f74,2.33,#66645a,1.28,#7f7f74,2.33,#93978a,3.53,#a7a799,3.05,#b8baa8,3.11,#a7a799,3.05,#7f7f74,2.33,#b8baa8,3.11,#93978a,3.53,#66645a,1.28,#66645a,1.28,#7f7f74,2.33,#93978a,3.53,#a7a799,3.05,#b8baa8,3.11,,Anthoxanthum,Anthoxanthum aristatum
KW_T_423_15_0064L,KW_T_423_15_0064L.tif_segmented.png,928251,2950,3591,#b5af9d,1.91,#a19b8b,1.51,#8c8572,1.25,#2a2821,0.83,#685e4b,0.56,#2a2821,0.83,#b5af9d,1.91,#685e4b,0.56,#a19b8b,1.51,#8c8572,1.25,#2a2821,0.83,#685e4b,0.56,#8c8572,1.25,#a19b8b,1.51,#b5af9d,1.91,#2a2821,0.83,#685e4b,0.56,#a19b8b,1.51,#8c8572,1.25,#b5af9d,1.91,#2a2821,0.83,#685e4b,0.56,#8c8572,1.25,#a19b8b,1.51,#b5af9d,1.91,,Gymnopus,Gymnopus confluens
KW_T_423_15_0066L,KW_T_423_15_0066L.tif_segmented.png,2627378,2870,3587,#bcb6a4,5.09,#aba694,4.47,#928c7f,1.43,#2e2a23,0.55,#696354,0.53,#2e2a23,0.55,#bcb6a4,5.09,#aba694,4.47,#696354,0.53,#928c7f,1.43,#2e2a23,0.55,#696354,0.53,#928c7f,1.43,#aba694,4.47,#bcb6a4,5.09,#2e2a23,0.55,#aba694,4.47,#696354,0.53,#928c7f,1.43,#bcb6a4,5.09,#2e2a23,0.55,#696354,0.53,#928c7f,1.43,#aba694,4.47,#bcb6a4,5.09,,Hypericum,Hypericum elodes
KW_T_423_15_0068L,KW_T_423_15_0068L.tif_segmented.png,1250844,2874,3591,#a5a593,3.22,#bdbca6,3.1,#8a9185,1.85,#71776b,1.66,#59594f,1.15,#2b271f,0.57,#bdbca6,3.1,#a5a593,3.22,#59594f,1.15,#8a9185,1.85,#2b271f,0.57,#59594f,1.15,#71776b,1.66,#a5a593,3.22,#8a9185,1.85,#2b271f,0.57,#a5a593,3.22,#59594f,1.15,#71776b,1.66,#bdbca6,3.1,#2b271f,0.57,#59594f,1.15,#71776b,1.66,#a5a593,3.22,#8a9185,1.85,,Prunus,Prunus mahaleb
KW_T_423_15_0070L,KW_T_423_15_0070L.tif_segmented.png,3205392,2890,3595,#9da48a,7.49,#86937a,5.5,#afb69b,5.46,#6e7b66,4.19,#565e4e,2.06,#e3da86,1.54,#afb69b,5.46,#9da48a,7.49,#565e4e,2.06,#86937a,5.5,#565e4e,2.06,#6e7b66,4.19,#9da48a,7.49,#afb69b,5.46,#86937a,5.5,#e3da86,1.54,#9da48a,7.49,#86937a,5.5,#6e7b66,4.19,#afb69b,5.46,#565e4e,2.06,#6e7b66,4.19,#9da48a,7.49,#afb69b,5.46,#86937a,5.5,,Blackstonia,Blackstonia perfoliata subsp. serotina
KW_T_423_15_0072L,KW_T_423_15_0072L.tif_segmented.png,1573171,2907,3587,#bdb79c,3.32,#9c967f,2.76,#aaa893,2.51,#86806f,1.8,#696255,0.85,#bdb79c,3.32,#696255,0.85,#9c967f,2.76,#aaa893,2.51,#86806f,1.8,#696255,0.85,#86806f,1.8,#9c967f,2.76,#aaa893,2.51,#bdb79c,3.32,#86806f,1.8,#aaa893,2.51,#9c967f,2.76,#696255,0.85,#bdb79c,3.32,#696255,0.85,#86806f,1.8,#9c967f,2.76,#aaa893,2.51,#bdb79c,3.32,,Zygodon,Zygodon viridissimus
KW_T_423_15_0074L,KW_T_423_15_0074L.tif_segmented.png,835050,2917,3583,#b9b19a,2.43,#a89f87,2.11,#948872,1.3,#7a6f5a,0.72,#302b22,0.43,#302b22,0.43,#b9b19a,2.43,#a89f87,2.11,#7a6f5a,0.72,#948872,1.3,#302b22,0.43,#7a6f5a,0.72,#948872,1.3,#a89f87,2.11,#b9b19a,2.43,#302b22,0.43,#7a6f5a,0.72,#a89f87,2.11,#948872,1.3,#b9b19a,2.43,#302b22,0.43,#7a6f5a,0.72,#948872,1.3,#a89f87,2.11,#b9b19a,2.43,,Otidea,Otidea spec.
KW_T_423_15_0076L,KW_T_423_15_0076L.tif_segmented.png,1552396,2931,3583,#bdb29b,2.74,#a99f8a,1.65,#8f8673,0.85,#4d4437,0.81,#6d6555,0.76,#bdb29b,2.74,#4d4437,0.81,#a99f8a,1.65,#6d6555,0.76,#8f8673,0.85,#4d4437,0.81,#6d6555,0.76,#8f8673,0.85,#a99f8a,1.65,#bdb29b,2.74,#4d4437,0.81,#6d6555,0.76,#a99f8a,1.65,#8f8673,0.85,#bdb29b,2.74,#4d4437,0.81,#6d6555,0.76,#8f8673,0.85,#a99f8a,1.65,#bdb29b,2.74,,Scrophularia,Scrophularia vernalis
KW_T_423_15_0078L,KW_T_423_15_0078L.tif_segmented.png,2327804,2950,3579,#adac9a,4.62,#939a91,4.14,#7d857d,3.64,#6c716a,3.01,#5f5a50,2.46,#adac9a,4.62,#48403b,1.4,#5f5a50,2.46,#939a91,4.14,#7d857d,3.64,#48403b,1.4,#5f5a50,2.46,#6c716a,3.01,#adac9a,4.62,#7d857d,3.64,#48403b,1.4,#adac9a,4.62,#5f5a50,2.46,#7d857d,3.64,#939a91,4.14,#48403b,1.4,#5f5a50,2.46,#6c716a,3.01,#adac9a,4.62,#7d857d,3.64,Salicaceae,Salix,Salix purpurea
KW_T_423_15_0080L,KW_T_423_15_0080L.tif_segmented.png,1876126,2964,3579,#b7b29c,3.4,#a19e8b,3.13,#6d7167,3.04,#8d8374,1.99,#5a584e,1.65,#b7b29c,3.4,#a19e8b,3.13,#5a584e,1.65,#8d8374,1.99,#6d7167,3.04,#5a584e,1.65,#6d7167,3.04,#8d8374,1.99,#7d8d84,1.6,#a19e8b,3.13,#a19e8b,3.13,#5a584e,1.65,#8d8374,1.99,#7d8d84,1.6,#b7b29c,3.4,#5a584e,1.65,#6d7167,3.04,#8d8374,1.99,#7d8d84,1.6,#a19e8b,3.13,,Splachnum,Splachnum ampullaceum
KW_T_423_15_0082L,KW_T_423_15_0082L.tif_segmented.png,1678498,2966,3575,#bdbe97,4.9,#afad8b,3.88,#9a997e,2.71,#847f6a,2.29,#656253,1.37,#bdbe97,4.9,#312f26,0.45,#afad8b,3.88,#9a997e,2.71,#656253,1.37,#312f26,0.45,#656253,1.37,#847f6a,2.29,#9a997e,2.71,#afad8b,3.88,#312f26,0.45,#bdbe97,4.9,#afad8b,3.88,#847f6a,2.29,#9a997e,2.71,#312f26,0.45,#656253,1.37,#847f6a,2.29,#9a997e,2.71,#afad8b,3.88,Russulaceae,Lactarius,Lactarius controversus
KW_T_423_15_0084L,KW_T_423_15_0084L.tif_segmented.png,579292,2974,3587,#aca38a,3.33,#bab39b,3.21,#978e7b,2.3,#80786a,1.82,#6b6357,1.42,#bab39b,3.21,#aca38a,3.33,#6b6357,1.42,#978e7b,2.3,#80786a,1.82,#6b6357,1.42,#80786a,1.82,#978e7b,2.3,#aca38a,3.33,#bab39b,3.21,#aca38a,3.33,#80786a,1.82,#6b6357,1.42,#978e7b,2.3,#bab39b,3.21,#6b6357,1.42,#80786a,1.82,#978e7b,2.3,#aca38a,3.33,#bab39b,3.21,,Abortiporus,Abortiporus biennis
KW_T_423_15_0086L,KW_T_423_15_0086L.tif_segmented.png,1171144,2892,3591,#a69c85,2.43,#b8ae9a,2.3,#908776,1.08,#2c2821,0.83,#736a5d,0.45,#2c2821,0.83,#b8ae9a,2.3,#a69c85,2.43,#736a5d,0.45,#908776,1.08,#2c2821,0.83,#736a5d,0.45,#908776,1.08,#a69c85,2.43,#b8ae9a,2.3,#2c2821,0.83,#a69c85,2.43,#908776,1.08,#736a5d,0.45,#b8ae9a,2.3,#2c2821,0.83,#736a5d,0.45,#908776,1.08,#a69c85,2.43,#b8ae9a,2.3,,Melanoleuca,Melanoleuca brevipes s.l.
KW_T_423_15_0088L,KW_T_423_15_0088L.tif_segmented.png,1244505,2895,3583,#88988e,3.68,#a4a79d,3.35,#788279,2.76,#676d64,2.33,#a3977a,1.94,#a3977a,1.94,#88988e,3.68,#a4a79d,3.35,#51564e,1.73,#676d64,2.33,#51564e,1.73,#676d64,2.33,#a3977a,1.94,#788279,2.76,#88988e,3.68,#51564e,1.73,#a4a79d,3.35,#788279,2.76,#88988e,3.68,#a3977a,1.94,#51564e,1.73,#676d64,2.33,#a3977a,1.94,#788279,2.76,#88988e,3.68,,Amelanchier,Amelanchier lamarckii
KW_T_423_15_0090L,KW_T_423_15_0090L.tif_segmented.png,1750031,2905,3583,#938f7e,4.14,#a4a295,3.09,#b9b6a4,2.91,#757368,2.02,#5e5a51,1.5,#b9b6a4,2.91,#5e5a51,1.5,#938f7e,4.14,#a4a295,3.09,#757368,2.02,#5e5a51,1.5,#757368,2.02,#938f7e,4.14,#a4a295,3.09,#b9b6a4,2.91,#a4a295,3.09,#938f7e,4.14,#5e5a51,1.5,#b9b6a4,2.91,#757368,2.02,#5e5a51,1.5,#757368,2.02,#938f7e,4.14,#a4a295,3.09,#b9b6a4,2.91,,Populus,Populus nigra
KW_T_423_15_0092L,KW_T_423_15_0092L.tif_segmented.png,1104580,2917,3599,#c3bea3,3.8,#9c957d,3.51,#aeac93,2.97,#817c6b,1.48,#655f53,1.23,#c3bea3,3.8,#2c2821,0.89,#aeac93,2.97,#9c957d,3.51,#655f53,1.23,#2c2821,0.89,#655f53,1.23,#817c6b,1.48,#9c957d,3.51,#aeac93,2.97,#2c2821,0.89,#817c6b,1.48,#aeac93,2.97,#655f53,1.23,#9c957d,3.51,#2c2821,0.89,#655f53,1.23,#817c6b,1.48,#9c957d,3.51,#aeac93,2.97,,Populus,Populus nigra
KW_T_423_15_0094L,KW_T_423_15_0094L.tif_segmented.png,478897,2927,3587,#bfbaa3,3.51,#acaa98,2.67,#9c9784,2.28,#877a6c,1.07,#2d2923,0.72,#2d2923,0.72,#bfbaa3,3.51,#725d4d,0.59,#acaa98,2.67,#9c9784,2.28,#2d2923,0.72,#725d4d,0.59,#877a6c,1.07,#9c9784,2.28,#acaa98,2.67,#2d2923,0.72,#877a6c,1.07,#acaa98,2.67,#9c9784,2.28,#725d4d,0.59,#2d2923,0.72,#725d4d,0.59,#877a6c,1.07,#9c9784,2.28,#acaa98,2.67,,Cystopteris,Cystopteris fragilis
KW_T_423_15_0096L,KW_T_423_15_0096L.tif_segmented.png,1043860,2958,3595,#a69b83,2.31,#bdb195,2.14,#8f846f,2.1,#786c5c,1.58,#594e42,1.09,#bdb195,2.14,#292620,0.62,#a69b83,2.31,#594e42,1.09,#786c5c,1.58,#292620,0.62,#594e42,1.09,#786c5c,1.58,#8f846f,2.1,#a69b83,2.31,#292620,0.62,#786c5c,1.58,#594e42,1.09,#a69b83,2.31,#8f846f,2.1,#292620,0.62,#594e42,1.09,#786c5c,1.58,#8f846f,2.1,#a69b83,2.31,,Limacella,Limacella guttata
KW_T_423_15_0098L,KW_T_423_15_0098L.tif_segmented.png,2530464,2907,3575,#7d867d,5.53,#8f978c,5.42,#aaaa95,3.64,#6d716a,3.38,#5b5a51,1.95,#352e24,0.87,#aaaa95,3.64,#8f978c,5.42,#7d867d,5.53,#5b5a51,1.95,#352e24,0.87,#5b5a51,1.95,#aaaa95,3.64,#6d716a,3.38,#8f978c,5.42,#352e24,0.87,#aaaa95,3.64,#7d867d,5.53,#5b5a51,1.95,#8f978c,5.42,#352e24,0.87,#5b5a51,1.95,#aaaa95,3.64,#6d716a,3.38,#8f978c,5.42,,Rosa,Rosa x cantiana
KW_T_423_15_0100L,KW_T_423_15_0100L.tif_segmented.png,453455,2917,3591,#b6b39e,3.69,#a2a392,3.48,#8e9084,2.89,#7a796e,2.21,#676152,1.13,#3c3328,0.59,#b6b39e,3.69,#676152,1.13,#a2a392,3.48,#8e9084,2.89,#3c3328,0.59,#676152,1.13,#7a796e,2.21,#8e9084,2.89,#a2a392,3.48,#3c3328,0.59,#a2a392,3.48,#676152,1.13,#7a796e,2.21,#b6b39e,3.69,#3c3328,0.59,#676152,1.13,#7a796e,2.21,#8e9084,2.89,#a2a392,3.48,,Vaccinium,Vaccinium macrocarpon
KW_T_423_15_0102L,KW_T_423_15_0102L.tif_segmented.png,1880526,2915,3603,#b7b8a5,3.3,#858272,3.15,#6c685c,2.65,#9b9b8a,2.62,#b7ab85,2.14,#d7d389,1.14,#504535,0.66,#b7ab85,2.14,#b7b8a5,3.3,#6c685c,2.65,#504535,0.66,#6c685c,2.65,#858272,3.15,#b7ab85,2.14,#9b9b8a,2.62,#d7d389,1.14,#b7ab85,2.14,#858272,3.15,#504535,0.66,#9b9b8a,2.62,#504535,0.66,#6c685c,2.65,#858272,3.15,#b7ab85,2.14,#9b9b8a,2.62,,Lappula,Lappula squarrosa
KW_T_423_15_0104L,KW_T_423_15_0104L.tif_segmented.png,8744038,3007,3595,#e0d7c8,72.7,#dbd2bd,10.04,#89897c,2.27,#747366,1.73,#3c372c,0.27,#e0d7c8,72.7,#dbd2bd,10.04,#3c372c,0.27,#747366,1.73,#89897c,2.27,#3c372c,0.27,#747366,1.73,#89897c,2.27,#dbd2bd,10.04,#e0d7c8,72.7,#3c372c,0.27,#747366,1.73,#89897c,2.27,#e0d7c8,72.7,#dbd2bd,10.04,#3c372c,0.27,#747366,1.73,#89897c,2.27,#dbd2bd,10.04,#e0d7c8,72.7,,Arum,Arum maculatum
KW_T_423_15_0106L,KW_T_423_15_0106L.tif_segmented.png,8695537,3001,3587,#e3d9cc,44.16,#e0d7c8,34.13,#ddd3bc,6.66,#6d614e,2.79,#a5966f,2.5,#e3d9cc,44.16,#e0d7c8,34.13,#ddd3bc,6.66,#a5966f,2.5,#52483e,1.79,#52483e,1.79,#897a5f,2.29,#6d614e,2.79,#a5966f,2.5,#ddd3bc,6.66,#52483e,1.79,#a5966f,2.5,#6d614e,2.79,#897a5f,2.29,#e3d9cc,44.16,#52483e,1.79,#897a5f,2.29,#6d614e,2.79,#a5966f,2.5,#ddd3bc,6.66,,Otidea,Otidea alutacea
KW_T_423_15_0108L,KW_T_423_15_0108L.tif_segmented.png,1693958,3001,3595,#b8b7a2,4.78,#9ea294,3.36,#878a7c,3.22,#6f7065,2.11,#624a3f,1.35,#976550,0.83,#624a3f,1.35,#b2a07f,1.35,#b8b7a2,4.78,#9ea294,3.36,#624a3f,1.35,#976550,0.83,#b2a07f,1.35,#6f7065,2.11,#878a7c,3.22,#976550,0.83,#9ea294,3.36,#b2a07f,1.35,#878a7c,3.22,#b8b7a2,4.78,#624a3f,1.35,#976550,0.83,#b2a07f,1.35,#6f7065,2.11,#878a7c,3.22,Helvellaceae,Helvella,Helvella acetabulum
KW_T_423_15_0110L,KW_T_423_15_0110L.tif_segmented.png,2300839,3001,3579,#b5b6a2,4.16,#8b8d7e,3.45,#9ea394,3.44,#787669,2.11,#aea183,1.36,#aea183,1.36,#b5b6a2,4.16,#635f52,0.96,#9ea394,3.44,#787669,2.11,#635f52,0.96,#787669,2.11,#aea183,1.36,#8b8d7e,3.45,#9ea394,3.44,#9ea394,3.44,#aea183,1.36,#b5b6a2,4.16,#635f52,0.96,#8b8d7e,3.45,#635f52,0.96,#787669,2.11,#aea183,1.36,#8b8d7e,3.45,#9ea394,3.44,,Genista,Genista tinctoria
KW_T_423_15_0112L,KW_T_423_15_0112L.tif_segmented.png,3009336,3003,3583,#989c84,5.75,#b0ae94,4.71,#898c76,4.65,#777665,4.57,#646155,4.07,#b0ae94,4.71,#524b42,2.56,#989c84,5.75,#646155,4.07,#898c76,4.65,#646155,4.07,#777665,4.57,#524b42,2.56,#898c76,4.65,#989c84,5.75,#989c84,5.75,#898c76,4.65,#524b42,2.56,#777665,4.57,#b0ae94,4.71,#646155,4.07,#777665,4.57,#524b42,2.56,#898c76,4.65,#989c84,5.75,,Chenopodium,Chenopodium ficifolium
KW_T_423_15_0114L,KW_T_423_15_0114L.tif_segmented.png,842002,3003,3583,#ada78d,3.05,#beb8a0,2.98,#98947d,2.01,#7f8270,1.22,#6c6856,0.81,#2a261f,0.52,#beb8a0,2.98,#ada78d,3.05,#6c6856,0.81,#98947d,2.01,#2a261f,0.52,#6c6856,0.81,#7f8270,1.22,#98947d,2.01,#ada78d,3.05,#2a261f,0.52,#7f8270,1.22,#ada78d,3.05,#6c6856,0.81,#98947d,2.01,#2a261f,0.52,#6c6856,0.81,#7f8270,1.22,#98947d,2.01,#ada78d,3.05,,Populus,Populus tremula
KW_T_423_15_0116L,KW_T_423_15_0116L.tif_segmented.png,1703590,3011,3619,#b4a889,4.15,#a09378,3.59,#8b7b64,2.92,#736959,2.31,#575145,1.45,#dbd07a,0.78,#b4a889,4.15,#a09378,3.59,#575145,1.45,#8b7b64,2.92,#575145,1.45,#8b7b64,2.92,#736959,2.31,#a09378,3.59,#b4a889,4.15,#dbd07a,0.78,#575145,1.45,#b4a889,4.15,#736959,2.31,#8b7b64,2.92,#575145,1.45,#8b7b64,2.92,#736959,2.31,#a09378,3.59,#b4a889,4.15,,Populus,Populus tremula
KW_T_423_15_0118L,KW_T_423_15_0118L.tif_segmented.png,2224482,2919,3591,#9fa08c,4.12,#b3b4a0,3.65,#8d8c79,3.27,#76786b,2.65,#626156,1.82,#c7b872,0.82,#b3b4a0,3.65,#9fa08c,4.12,#626156,1.82,#8d8c79,3.27,#626156,1.82,#76786b,2.65,#8d8c79,3.27,#9fa08c,4.12,#c7b872,0.82,#c7b872,0.82,#9fa08c,4.12,#8d8c79,3.27,#76786b,2.65,#b3b4a0,3.65,#626156,1.82,#76786b,2.65,#8d8c79,3.27,#9fa08c,4.12,#c7b872,0.82,,Fomitopsis,Fomitopsis pinicola
KW_T_423_15_0120L,KW_T_423_15_0120L.tif_segmented.png,2095468,2925,3599,#8a958b,3.91,#a4aa9f,3.74,#747c72,3.61,#5c655e,2.76,#a3987e,1.88,#322e25,0.68,#a3987e,1.88,#a4aa9f,3.74,#5c655e,2.76,#8a958b,3.91,#322e25,0.68,#a3987e,1.88,#a4aa9f,3.74,#8a958b,3.91,#747c72,3.61,#322e25,0.68,#a4aa9f,3.74,#747c72,3.61,#8a958b,3.91,#a3987e,1.88,#322e25,0.68,#a3987e,1.88,#a4aa9f,3.74,#8a958b,3.91,#747c72,3.61,,Ganoderma,Ganoderma lucidum
KW_T_423_15_0122L,KW_T_423_15_0122L.tif_segmented.png,1820795,2939,3615,#9fa08d,3.83,#b4b29d,3.24,#8e8f7f,3.03,#7b7c6f,2.27,#646258,1.6,#272520,0.91,#b4b29d,3.24,#9fa08d,3.83,#646258,1.6,#8e8f7f,3.03,#272520,0.91,#646258,1.6,#7b7c6f,2.27,#8e8f7f,3.03,#9fa08d,3.83,#272520,0.91,#9fa08d,3.83,#7b7c6f,2.27,#8e8f7f,3.03,#b4b29d,3.24,#272520,0.91,#646258,1.6,#7b7c6f,2.27,#8e8f7f,3.03,#9fa08d,3.83,Salicaceae,Salix,Salix viminalis
KW_T_423_15_0124L,KW_T_423_15_0124L.tif_segmented.png,2128463,2962,3607,#c0ba9d,3.48,#9f9981,2.44,#8d8670,2.38,#756e5d,2.26,#afab90,2.14,#c0ba9d,3.48,#5e5548,1.33,#afab90,2.14,#756e5d,2.26,#9f9981,2.44,#5e5548,1.33,#756e5d,2.26,#8d8670,2.38,#9f9981,2.44,#afab90,2.14,#5e5548,1.33,#756e5d,2.26,#afab90,2.14,#9f9981,2.44,#8d8670,2.38,#5e5548,1.33,#756e5d,2.26,#8d8670,2.38,#9f9981,2.44,#afab90,2.14,,Populus,Populus x canadensis
KW_T_423_15_0126L,KW_T_423_15_0126L.tif_segmented.png,801730,2964,3607,#c6b99b,2.35,#7a6a59,2.07,#655749,1.8,#50433a,1.78,#91836d,1.26,#c6b99b,2.35,#50433a,1.78,#ab9e82,1.02,#655749,1.8,#7a6a59,2.07,#ab9e82,1.02,#91836d,1.26,#7a6a59,2.07,#50433a,1.78,#655749,1.8,#7a6a59,2.07,#50433a,1.78,#ab9e82,1.02,#655749,1.8,#c6b99b,2.35,#ab9e82,1.02,#91836d,1.26,#7a6a59,2.07,#50433a,1.78,#655749,1.8,,Populus,Populus x canadensis
KW_T_423_15_0128L,KW_T_423_15_0128L.tif_segmented.png,1969403,2974,3619,#74827f,4.82,#99a39e,4.66,#8b928c,4.17,#63706a,3.71,#515953,2.48,#bcb28e,2.3,#99a39e,4.66,#515953,2.48,#63706a,3.71,#74827f,4.82,#515953,2.48,#63706a,3.71,#8b928c,4.17,#99a39e,4.66,#bcb28e,2.3,#bcb28e,2.3,#74827f,4.82,#515953,2.48,#99a39e,4.66,#63706a,3.71,#515953,2.48,#63706a,3.71,#8b928c,4.17,#99a39e,4.66,#bcb28e,2.3,,Juncus,Juncus filiformis
KW_T_423_15_0130L,KW_T_423_15_0130L.tif_segmented.png,175679,2937,3603,#babca5,4.52,#a4a893,4.11,#5b5b50,4.09,#767868,4.0,#8b8f80,3.39,#d2cb7e,1.66,#aea369,1.37,#babca5,4.52,#5b5b50,4.09,#a4a893,4.11,#5b5b50,4.09,#767868,4.0,#8b8f80,3.39,#a4a893,4.11,#aea369,1.37,#d2cb7e,1.66,#aea369,1.37,#a4a893,4.11,#767868,4.0,#5b5b50,4.09,#5b5b50,4.09,#767868,4.0,#8b8f80,3.39,#a4a893,4.11,#aea369,1.37,,Clavulina,Clavulina coralloides
KW_T_423_15_0132L,KW_T_423_15_0132L.tif_segmented.png,253203,2937,3591,#b1ae9a,3.38,#9c9a88,3.01,#84806f,1.77,#695f4b,0.67,#2c2821,0.42,#2c2821,0.42,#b1ae9a,3.38,#695f4b,0.67,#9c9a88,3.01,#84806f,1.77,#695f4b,0.67,#2c2821,0.42,#84806f,1.77,#9c9a88,3.01,#b1ae9a,3.38,#2c2821,0.42,#84806f,1.77,#695f4b,0.67,#9c9a88,3.01,#b1ae9a,3.38,#695f4b,0.67,#2c2821,0.42,#84806f,1.77,#9c9a88,3.01,#b1ae9a,3.38,,Iberis,Iberis amara
KW_T_423_15_0134L,KW_T_423_15_0134L.tif_segmented.png,1495408,2933,3595,#aaa991,3.32,#b9b8a5,2.8,#8f907b,2.09,#7c7463,1.26,#654e42,0.94,#27241d,0.58,#654e42,0.94,#b9b8a5,2.8,#aaa991,3.32,#7c7463,1.26,#654e42,0.94,#27241d,0.58,#7c7463,1.26,#8f907b,2.09,#aaa991,3.32,#27241d,0.58,#8f907b,2.09,#aaa991,3.32,#7c7463,1.26,#b9b8a5,2.8,#654e42,0.94,#27241d,0.58,#7c7463,1.26,#8f907b,2.09,#aaa991,3.32,,Populus,Populus x canescens
KW_T_423_15_0136L,KW_T_423_15_0136L.tif_segmented.png,598262,2921,3603,#c2b697,1.91,#5d5145,1.69,#776859,1.68,#ab9f83,1.53,#90836d,1.04,#c2b697,1.91,#25231c,0.58,#ab9f83,1.53,#5d5145,1.69,#776859,1.68,#25231c,0.58,#90836d,1.04,#ab9f83,1.53,#776859,1.68,#5d5145,1.69,#25231c,0.58,#776859,1.68,#5d5145,1.69,#ab9f83,1.53,#c2b697,1.91,#25231c,0.58,#90836d,1.04,#ab9f83,1.53,#776859,1.68,#5d5145,1.69,,Populus,Populus x canescens
KW_T_423_15_0138L,KW_T_423_15_0138L.tif_segmented.png,1582077,2962,3611,#afafa0,3.46,#9b9b8e,3.26,#898779,2.88,#747265,1.93,#5d584b,0.98,#5d584b,0.98,#afafa0,3.46,#9b9b8e,3.26,#747265,1.93,#898779,2.88,#5d584b,0.98,#747265,1.93,#898779,2.88,#9b9b8e,3.26,#afafa0,3.46,#5d584b,0.98,#afafa0,3.46,#898779,2.88,#9b9b8e,3.26,#747265,1.93,#5d584b,0.98,#747265,1.93,#898779,2.88,#9b9b8e,3.26,#afafa0,3.46,,Encalypta,Encalypta streptocarpa
KW_T_423_15_0140L,KW_T_423_15_0140L.tif_segmented.png,1433149,2970,3603,#8b917e,2.79,#beb9a1,2.45,#a4a390,2.45,#777b6a,2.1,#5e6357,1.46,#2c2820,0.59,#beb9a1,2.45,#a4a390,2.45,#8b917e,2.79,#5e6357,1.46,#2c2820,0.59,#a4a390,2.45,#8b917e,2.79,#777b6a,2.1,#5e6357,1.46,#2c2820,0.59,#a4a390,2.45,#777b6a,2.1,#8b917e,2.79,#5e6357,1.46,#2c2820,0.59,#a4a390,2.45,#8b917e,2.79,#777b6a,2.1,#5e6357,1.46,Tricholomataceae,Tricholoma,Tricholoma saponaceum
KW_T_423_15_0142L,KW_T_423_15_0142L.tif_segmented.png,256855,2970,3591,#bfbdaa,3.2,#aaab9b,2.9,#9a9a8a,2.03,#888575,1.63,#27231c,0.87,#27231c,0.87,#bfbdaa,3.2,#aaab9b,2.9,#736d5d,0.67,#9a9a8a,2.03,#27231c,0.87,#736d5d,0.67,#888575,1.63,#9a9a8a,2.03,#aaab9b,2.9,#27231c,0.87,#aaab9b,2.9,#888575,1.63,#9a9a8a,2.03,#736d5d,0.67,#27231c,0.87,#736d5d,0.67,#888575,1.63,#9a9a8a,2.03,#aaab9b,2.9,Asteraceae,Crepis,Crepis capillaris
KW_T_423_15_0144L,KW_T_423_15_0144L.tif_segmented.png,1353033,2980,3607,#958e7b,2.23,#c5bda3,2.03,#b2a78c,1.73,#7c7463,1.61,#5e594d,1.13,#c5bda3,2.03,#2a2720,0.6,#b2a78c,1.73,#5e594d,1.13,#7c7463,1.61,#5e594d,1.13,#7c7463,1.61,#958e7b,2.23,#2a2720,0.6,#b2a78c,1.73,#2a2720,0.6,#7c7463,1.61,#5e594d,1.13,#b2a78c,1.73,#958e7b,2.23,#5e594d,1.13,#7c7463,1.61,#958e7b,2.23,#2a2720,0.6,#b2a78c,1.73,,Mentha,Mentha x rotundifolia nm. alopecuroides
KW_T_423_15_0146L,KW_T_423_15_0146L.tif_segmented.png,1070082,2968,3599,#b1a992,2.15,#c6bfa8,2.02,#443f39,1.82,#59574b,1.1,#96947e,0.71,#c6bfa8,2.02,#b1a992,2.15,#443f39,1.82,#59574b,1.1,#96947e,0.71,#757362,0.63,#96947e,0.71,#443f39,1.82,#59574b,1.1,#b1a992,2.15,#443f39,1.82,#59574b,1.1,#96947e,0.71,#757362,0.63,#b1a992,2.15,#757362,0.63,#96947e,0.71,#443f39,1.82,#59574b,1.1,#b1a992,2.15,,Asparagus,Asparagus officinalis subsp. prostratus
KW_T_423_15_0148L,KW_T_423_15_0148L.tif_segmented.png,586890,2966,3595,#a1a18b,2.59,#b8b79d,2.5,#898b7a,1.72,#757466,1.46,#605a4f,1.04,#29251e,0.58,#b8b79d,2.5,#a1a18b,2.59,#605a4f,1.04,#898b7a,1.72,#29251e,0.58,#605a4f,1.04,#757466,1.46,#898b7a,1.72,#a1a18b,2.59,#29251e,0.58,#a1a18b,2.59,#898b7a,1.72,#605a4f,1.04,#b8b79d,2.5,#29251e,0.58,#605a4f,1.04,#757466,1.46,#898b7a,1.72,#a1a18b,2.59,,Epipactis,Epipactis helleborine subsp. helleborine
KW_T_423_15_0150L,KW_T_423_15_0150L.tif_segmented.png,3350703,2970,3607,#5d6955,5.15,#6f7c64,4.8,#838f76,4.38,#b1b29c,4.27,#9ca18a,3.97,#b1b29c,4.27,#5d6955,5.15,#4b5244,2.06,#9ca18a,3.97,#6f7c64,4.8,#9ca18a,3.97,#838f76,4.38,#4b5244,2.06,#6f7c64,4.8,#5d6955,5.15,#838f76,4.38,#9ca18a,3.97,#4b5244,2.06,#6f7c64,4.8,#b1b29c,4.27,#9ca18a,3.97,#838f76,4.38,#4b5244,2.06,#6f7c64,4.8,#5d6955,5.15,,Geastrum,Geastrum triplex
KW_T_423_15_0152L,KW_T_423_15_0152L.tif_segmented.png,1938435,2968,3595,#786f5f,3.5,#a09982,3.3,#b3ab90,3.09,#8c8673,2.95,#c3ba9e,2.5,#c3ba9e,2.5,#b3ab90,3.09,#63594b,2.47,#786f5f,3.5,#a09982,3.3,#63594b,2.47,#786f5f,3.5,#8c8673,2.95,#a09982,3.3,#b3ab90,3.09,#63594b,2.47,#786f5f,3.5,#8c8673,2.95,#a09982,3.3,#b3ab90,3.09,#63594b,2.47,#786f5f,3.5,#8c8673,2.95,#a09982,3.3,#b3ab90,3.09,,Pseudofumaria,Pseudofumaria lutea
KW_T_423_15_0154L,KW_T_423_15_0154L.tif_segmented.png,1288274,2968,3587,#b9b19a,3.14,#a59e8a,1.98,#88826f,1.75,#6d6957,1.49,#5a5141,1.17,#b9b19a,3.14,#5a5141,1.17,#a59e8a,1.98,#6d6957,1.49,#88826f,1.75,#5a5141,1.17,#6d6957,1.49,#88826f,1.75,#a59e8a,1.98,#b9b19a,3.14,#88826f,1.75,#6d6957,1.49,#a59e8a,1.98,#5a5141,1.17,#b9b19a,3.14,#5a5141,1.17,#6d6957,1.49,#88826f,1.75,#a59e8a,1.98,#b9b19a,3.14,,Diervilla,Diervilla lonicera
KW_T_423_15_0156L,KW_T_423_15_0156L.tif_segmented.png,833918,2960,3635,#b8ae93,2.34,#9e957f,1.69,#877e6b,1.69,#706554,1.53,#54493e,1.04,#b8ae93,2.34,#54493e,1.04,#706554,1.53,#9e957f,1.69,#877e6b,1.69,#877e6b,1.69,#706554,1.53,#54493e,1.04,#9e957f,1.69,#b8ae93,2.34,#706554,1.53,#877e6b,1.69,#54493e,1.04,#b8ae93,2.34,#9e957f,1.69,#877e6b,1.69,#706554,1.53,#54493e,1.04,#9e957f,1.69,#b8ae93,2.34,Cyperaceae,Carex,Carex trinervis
KW_T_423_15_0158L,KW_T_423_15_0158L.tif_segmented.png,1350085,2958,3591,#90958a,2.6,#b7ad82,2.49,#838370,1.88,#a6aba0,1.84,#dcd992,1.63,#dcd992,1.63,#b7ad82,2.49,#685f48,0.59,#838370,1.88,#a6aba0,1.84,#685f48,0.59,#b7ad82,2.49,#838370,1.88,#a6aba0,1.84,#90958a,2.6,#dcd992,1.63,#b7ad82,2.49,#838370,1.88,#a6aba0,1.84,#685f48,0.59,#685f48,0.59,#b7ad82,2.49,#838370,1.88,#a6aba0,1.84,#90958a,2.6,,Polytrichum,Polytrichum juniperum
KW_T_423_15_0160L,KW_T_423_15_0160L.tif_segmented.png,1415879,2954,3575,#898175,3.14,#6d6864,2.37,#979295,2.37,#b7b0a3,2.0,#b0a280,1.63,#b0a280,1.63,#b7b0a3,2.0,#534c45,1.27,#898175,3.14,#6d6864,2.37,#534c45,1.27,#b0a280,1.63,#898175,3.14,#6d6864,2.37,#979295,2.37,#534c45,1.27,#b0a280,1.63,#898175,3.14,#b7b0a3,2.0,#979295,2.37,#534c45,1.27,#b0a280,1.63,#898175,3.14,#6d6864,2.37,#979295,2.37,Tricholomataceae,Tricholoma,Tricholoma vaccinum
KW_T_423_15_0162L,KW_T_423_15_0162L.tif_segmented.png,3542068,2954,3587,#778473,7.92,#90917f,3.93,#a9a590,3.53,#6a6c5f,3.48,#c1bba8,2.21,#c1bba8,2.21,#585247,1.93,#a9a590,3.53,#778473,7.92,#6a6c5f,3.48,#585247,1.93,#a9a590,3.53,#6a6c5f,3.48,#90917f,3.93,#778473,7.92,#778473,7.92,#585247,1.93,#a9a590,3.53,#90917f,3.93,#6a6c5f,3.48,#585247,1.93,#a9a590,3.53,#6a6c5f,3.48,#90917f,3.93,#778473,7.92,,Rosa,Rosa x cantiana
KW_T_423_15_0165L,KW_T_423_15_0165L.tif_segmented.png,220344,2948,3591,#a5a191,3.52,#6d6960,3.07,#96907d,2.95,#817e74,2.82,#b6b2a1,2.81,#b6b2a1,2.81,#595249,1.75,#a5a191,3.52,#96907d,2.95,#6d6960,3.07,#595249,1.75,#6d6960,3.07,#817e74,2.82,#96907d,2.95,#a5a191,3.52,#595249,1.75,#a5a191,3.52,#817e74,2.82,#96907d,2.95,#b6b2a1,2.81,#595249,1.75,#6d6960,3.07,#817e74,2.82,#96907d,2.95,#a5a191,3.52,,Galinsoga,Galinsoga parviflora
KW_T_423_15_0167L,KW_T_423_15_0167L.tif_segmented.png,946206,2925,3571,#473e37,1.91,#918770,1.75,#605446,1.49,#766a59,1.41,#a69d85,1.27,#bdb49e,1.2,#473e37,1.91,#605446,1.49,#a69d85,1.27,#766a59,1.41,#a69d85,1.27,#918770,1.75,#766a59,1.41,#473e37,1.91,#605446,1.49,#473e37,1.91,#766a59,1.41,#a69d85,1.27,#605446,1.49,#918770,1.75,#a69d85,1.27,#918770,1.75,#766a59,1.41,#473e37,1.91,#605446,1.49,,Lolium,Lolium multiflorum
KW_T_423_16_0009L,KW_T_423_16_0009L.tif_segmented.png,2052835,2919,3595,#929d88,3.83,#acaf9b,2.88,#7e8470,2.64,#646656,1.43,#dcd27a,1.16,#dcd27a,1.16,#c2af58,1.06,#acaf9b,2.88,#646656,1.43,#929d88,3.83,#646656,1.43,#7e8470,2.64,#929d88,3.83,#acaf9b,2.88,#c2af58,1.06,#dcd27a,1.16,#c2af58,1.06,#929d88,3.83,#7e8470,2.64,#acaf9b,2.88,#646656,1.43,#7e8470,2.64,#929d88,3.83,#acaf9b,2.88,#c2af58,1.06,Tricholomataceae,Tricholoma,Tricholoma equestre
KW_T_423_16_0011L,KW_T_423_16_0011L.tif_segmented.png,2142889,2911,3599,#767869,4.15,#929283,4.15,#b0af9b,4.08,#5d584c,2.77,#292620,0.84,#ccc167,0.33,#292620,0.84,#b0af9b,4.08,#5d584c,2.77,#929283,4.15,#292620,0.84,#5d584c,2.77,#767869,4.15,#929283,4.15,#b0af9b,4.08,#ccc167,0.33,#292620,0.84,#5d584c,2.77,#767869,4.15,#b0af9b,4.08,#292620,0.84,#5d584c,2.77,#767869,4.15,#929283,4.15,#b0af9b,4.08,Agaricaceae,Cyathus,Cyathus striatus
KW_T_423_16_0013L,KW_T_423_16_0013L.tif_segmented.png,1254915,2909,3595,#b4b198,4.0,#c1c0a6,3.59,#9d9b87,2.88,#888572,2.26,#6f6a5b,1.46,#2c2821,0.66,#c1c0a6,3.59,#b4b198,4.0,#9d9b87,2.88,#6f6a5b,1.46,#2c2821,0.66,#6f6a5b,1.46,#888572,2.26,#9d9b87,2.88,#b4b198,4.0,#2c2821,0.66,#9d9b87,2.88,#888572,2.26,#c1c0a6,3.59,#b4b198,4.0,#2c2821,0.66,#6f6a5b,1.46,#888572,2.26,#9d9b87,2.88,#b4b198,4.0,,Gentiana,Gentiana cruciata
KW_T_423_16_0015L,KW_T_423_16_0015L.tif_segmented.png,1639745,2909,3591,#b6b09a,2.75,#9e9d8e,1.61,#7f8575,1.52,#616859,1.34,#454337,0.62,#b6b09a,2.75,#454337,0.62,#9e9d8e,1.61,#616859,1.34,#7f8575,1.52,#454337,0.62,#616859,1.34,#7f8575,1.52,#9e9d8e,1.61,#b6b09a,2.75,#454337,0.62,#7f8575,1.52,#616859,1.34,#9e9d8e,1.61,#b6b09a,2.75,#454337,0.62,#616859,1.34,#7f8575,1.52,#9e9d8e,1.61,#b6b09a,2.75,,Populus,Populus alba
KW_T_423_16_0017L,KW_T_423_16_0017L.tif_segmented.png,748294,2911,3599,#b9af94,2.44,#635d52,1.45,#4d443c,1.21,#9d937f,1.19,#807666,1.19,#b9af94,2.44,#4d443c,1.21,#9d937f,1.19,#635d52,1.45,#807666,1.19,#4d443c,1.21,#807666,1.19,#635d52,1.45,#9d937f,1.19,#b9af94,2.44,#4d443c,1.21,#807666,1.19,#635d52,1.45,#b9af94,2.44,#9d937f,1.19,#4d443c,1.21,#807666,1.19,#635d52,1.45,#9d937f,1.19,#b9af94,2.44,,Populus,Populus alba
KW_T_423_16_0019L,KW_T_423_16_0019L.tif_segmented.png,1794583,2937,3591,#98998a,2.84,#7b7e73,2.58,#b4b09a,2.52,#5e6156,2.13,#29261f,0.77,#29261f,0.77,#b4b09a,2.52,#98998a,2.84,#5e6156,2.13,#7b7e73,2.58,#5e6156,2.13,#7b7e73,2.58,#98998a,2.84,#29261f,0.77,#b4b09a,2.52,#29261f,0.77,#7b7e73,2.58,#98998a,2.84,#5e6156,2.13,#b4b09a,2.52,#5e6156,2.13,#7b7e73,2.58,#98998a,2.84,#29261f,0.77,#b4b09a,2.52,,Orthotrichum,Orthotrichum pulchellum
KW_T_423_16_0021L,KW_T_423_16_0021L.tif_segmented.png,2867015,2950,3607,#a19881,4.92,#67695e,4.85,#c0b293,4.67,#554f47,4.14,#7c867b,3.31,#c0b293,4.67,#907061,2.97,#a19881,4.92,#554f47,4.14,#67695e,4.85,#7c867b,3.31,#67695e,4.85,#554f47,4.14,#a19881,4.92,#907061,2.97,#554f47,4.14,#907061,2.97,#7c867b,3.31,#c0b293,4.67,#a19881,4.92,#7c867b,3.31,#67695e,4.85,#554f47,4.14,#a19881,4.92,#907061,2.97,,Leccinum,Leccinum albostipitatum
KW_T_423_16_0023L,KW_T_423_16_0023L.tif_segmented.png,2023222,2952,3591,#c1baa1,3.29,#aea88e,2.7,#9c957c,2.56,#857d6b,1.74,#6a6256,1.47,#c1baa1,3.29,#49413a,0.49,#aea88e,2.7,#9c957c,2.56,#6a6256,1.47,#49413a,0.49,#6a6256,1.47,#857d6b,1.74,#9c957c,2.56,#aea88e,2.7,#49413a,0.49,#857d6b,1.74,#aea88e,2.7,#9c957c,2.56,#6a6256,1.47,#49413a,0.49,#6a6256,1.47,#857d6b,1.74,#9c957c,2.56,#aea88e,2.7,,Chrysosplenium,Chrysosplenium alternifolium
KW_T_423_16_0025L,KW_T_423_16_0025L.tif_segmented.png,4368749,2974,3623,#bfbaa5,4.11,#aaa99a,3.83,#979588,3.67,#838074,3.22,#6d6b61,2.54,#bfbaa5,4.11,#5b554c,1.34,#aaa99a,3.83,#979588,3.67,#6d6b61,2.54,#5b554c,1.34,#6d6b61,2.54,#838074,3.22,#979588,3.67,#aaa99a,3.83,#5b554c,1.34,#aaa99a,3.83,#838074,3.22,#979588,3.67,#bfbaa5,4.11,#5b554c,1.34,#6d6b61,2.54,#838074,3.22,#979588,3.67,#aaa99a,3.83,,Populus,Populus x canescens
KW_T_423_16_0027L,KW_T_423_16_0027L.tif_segmented.png,519260,2974,3599,#bdb498,2.5,#a09b83,1.47,#847863,1.23,#655545,1.18,#2c2821,0.7,#bdb498,2.5,#2c2821,0.7,#655545,1.18,#a09b83,1.47,#847863,1.23,#655545,1.18,#847863,1.23,#2c2821,0.7,#a09b83,1.47,#bdb498,2.5,#2c2821,0.7,#847863,1.23,#a09b83,1.47,#bdb498,2.5,#655545,1.18,#655545,1.18,#847863,1.23,#2c2821,0.7,#a09b83,1.47,#bdb498,2.5,,Populus,Populus x canescens
KW_T_423_16_0029L,KW_T_423_16_0029L.tif_segmented.png,2942685,2980,3591,#b4b893,5.32,#c5ca9f,5.16,#8c9078,4.42,#757e6b,4.2,#646b5b,3.91,#c5ca9f,5.16,#b4b893,5.32,#565246,1.68,#a2a384,3.65,#646b5b,3.91,#565246,1.68,#a2a384,3.65,#8c9078,4.42,#646b5b,3.91,#757e6b,4.2,#c5ca9f,5.16,#b4b893,5.32,#a2a384,3.65,#757e6b,4.2,#8c9078,4.42,#565246,1.68,#a2a384,3.65,#8c9078,4.42,#646b5b,3.91,#757e6b,4.2,,Geastrum,"Geastrum elegans (a-c, h); Geastrum schmidelii (e en g)"
KW_T_423_16_0031L,KW_T_423_16_0031L.tif_segmented.png,1838900,2984,3599,#a6ad98,3.78,#9a9e87,3.71,#bab99f,3.71,#888d78,3.15,#757563,1.95,#bab99f,3.71,#595546,0.92,#a6ad98,3.78,#9a9e87,3.71,#757563,1.95,#595546,0.92,#757563,1.95,#888d78,3.15,#9a9e87,3.71,#a6ad98,3.78,#9a9e87,3.71,#a6ad98,3.78,#888d78,3.15,#595546,0.92,#757563,1.95,#595546,0.92,#757563,1.95,#888d78,3.15,#9a9e87,3.71,#a6ad98,3.78,,Geastrum,Geastrum minimum
KW_T_423_16_0033L,KW_T_423_16_0033L.tif_segmented.png,2170073,2950,3595,#afb4a1,4.1,#9aa192,3.71,#878678,3.55,#716b60,3.18,#584f45,1.69,#b59e80,0.99,#584f45,1.69,#afb4a1,4.1,#716b60,3.18,#9aa192,3.71,#584f45,1.69,#716b60,3.18,#b59e80,0.99,#878678,3.55,#afb4a1,4.1,#584f45,1.69,#afb4a1,4.1,#9aa192,3.71,#878678,3.55,#b59e80,0.99,#584f45,1.69,#716b60,3.18,#b59e80,0.99,#878678,3.55,#afb4a1,4.1,,Iberis,Iberis umbellata
KW_T_423_16_0035L,KW_T_423_16_0035L.tif_segmented.png,2514597,2946,3599,#c6bea2,4.0,#b5ac92,3.1,#a0967f,2.28,#877d6a,2.24,#726757,2.1,#c6bea2,4.0,#b5ac92,3.1,#584e41,1.28,#726757,2.1,#a0967f,2.28,#584e41,1.28,#726757,2.1,#877d6a,2.24,#a0967f,2.28,#b5ac92,3.1,#877d6a,2.24,#726757,2.1,#584e41,1.28,#b5ac92,3.1,#c6bea2,4.0,#584e41,1.28,#726757,2.1,#877d6a,2.24,#a0967f,2.28,#b5ac92,3.1,,Jacobaea,Jacobaea vulgaris subsp. dunensis
KW_T_423_16_0037L,KW_T_423_16_0037L.tif_segmented.png,1327265,2882,3603,#b4ae98,2.47,#a09a83,2.37,#84806d,1.55,#292721,0.96,#706551,0.71,#292721,0.96,#b4ae98,2.47,#706551,0.71,#a09a83,2.37,#84806d,1.55,#292721,0.96,#706551,0.71,#84806d,1.55,#a09a83,2.37,#b4ae98,2.47,#292721,0.96,#706551,0.71,#84806d,1.55,#a09a83,2.37,#b4ae98,2.47,#292721,0.96,#706551,0.71,#84806d,1.55,#a09a83,2.37,#b4ae98,2.47,,Galeopsis,Galeopsis bifida
KW_T_423_16_0039L,KW_T_423_16_0039L.tif_segmented.png,233000,2878,3611,#adac92,3.69,#9a9981,3.38,#85846f,2.16,#6e6b5b,1.15,#2d2a23,0.86,#2d2a23,0.86,#adac92,3.69,#9a9981,3.38,#6e6b5b,1.15,#85846f,2.16,#6e6b5b,1.15,#2d2a23,0.86,#85846f,2.16,#9a9981,3.38,#adac92,3.69,#2d2a23,0.86,#85846f,2.16,#9a9981,3.38,#adac92,3.69,#6e6b5b,1.15,#6e6b5b,1.15,#2d2a23,0.86,#85846f,2.16,#9a9981,3.38,#adac92,3.69,,Dicranella,Dicranella heteromalla
KW_T_423_16_0041L,KW_T_423_16_0041L.tif_segmented.png,1346459,2892,3599,#9da08b,5.46,#afb49d,4.64,#858b7b,4.1,#707667,3.1,#585a4d,1.43,#d9d677,0.51,#afb49d,4.64,#9da08b,5.46,#585a4d,1.43,#707667,3.1,#585a4d,1.43,#707667,3.1,#858b7b,4.1,#afb49d,4.64,#9da08b,5.46,#d9d677,0.51,#9da08b,5.46,#afb49d,4.64,#585a4d,1.43,#858b7b,4.1,#585a4d,1.43,#707667,3.1,#858b7b,4.1,#afb49d,4.64,#9da08b,5.46,,Oudemansiella,Oudemansiella mucida
KW_T_423_16_0043L,KW_T_423_16_0043L.tif_segmented.png,1560158,2901,3619,#9f9e87,3.76,#b5b29a,2.92,#717263,2.58,#878878,2.49,#5c574a,1.54,#2b2720,0.88,#b5b29a,2.92,#9f9e87,3.76,#5c574a,1.54,#717263,2.58,#5c574a,1.54,#717263,2.58,#2b2720,0.88,#878878,2.49,#9f9e87,3.76,#2b2720,0.88,#9f9e87,3.76,#5c574a,1.54,#878878,2.49,#717263,2.58,#5c574a,1.54,#717263,2.58,#2b2720,0.88,#878878,2.49,#9f9e87,3.76,,Saxifraga,Saxifraga granulata 'Plena'
KW_T_423_16_0045L,KW_T_423_16_0045L.tif_segmented.png,918202,2925,3623,#9e9b83,3.38,#c3c0a7,3.07,#aaae9a,2.87,#bcb28f,2.24,#858270,1.81,#bcb28f,2.24,#c3c0a7,3.07,#696557,0.91,#9e9b83,3.38,#aaae9a,2.87,#696557,0.91,#858270,1.81,#9e9b83,3.38,#aaae9a,2.87,#bcb28f,2.24,#858270,1.81,#aaae9a,2.87,#9e9b83,3.38,#bcb28f,2.24,#c3c0a7,3.07,#696557,0.91,#858270,1.81,#9e9b83,3.38,#aaae9a,2.87,#bcb28f,2.24,,Lysimachia,Lysimachia nemorum
KW_T_423_16_0047L,KW_T_423_16_0047L.tif_segmented.png,1250472,2905,3591,#a9a89b,2.56,#bdbaa7,2.09,#919087,1.93,#807968,1.93,#5f584b,1.5,#a89a75,1.11,#5f584b,1.5,#bdbaa7,2.09,#807968,1.93,#a9a89b,2.56,#a89a75,1.11,#5f584b,1.5,#807968,1.93,#919087,1.93,#a9a89b,2.56,#807968,1.93,#5f584b,1.5,#a9a89b,2.56,#a89a75,1.11,#bdbaa7,2.09,#a89a75,1.11,#5f584b,1.5,#807968,1.93,#919087,1.93,#a9a89b,2.56,Cyperaceae,Carex,Carex pallescens
KW_T_423_16_0049L,KW_T_423_16_0049L.tif_segmented.png,1192409,2905,3595,#98977c,2.96,#aeab8c,2.28,#c3bfa4,2.0,#e5df7f,1.69,#80826d,1.68,#e5df7f,1.69,#71634e,0.99,#c3bfa4,2.0,#aeab8c,2.28,#98977c,2.96,#71634e,0.99,#98977c,2.96,#aeab8c,2.28,#80826d,1.68,#e5df7f,1.69,#e5df7f,1.69,#80826d,1.68,#aeab8c,2.28,#98977c,2.96,#71634e,0.99,#71634e,0.99,#98977c,2.96,#aeab8c,2.28,#80826d,1.68,#e5df7f,1.69,,Barbula,Barbula unguiculata
KW_T_423_16_0051L,KW_T_423_16_0051L.tif_segmented.png,785735,2915,3623,#7e857f,3.89,#aaac9d,3.85,#929a91,3.31,#6a726b,3.19,#c2c0ad,2.96,#c2c0ad,2.96,#a3987a,1.8,#585c51,1.57,#aaac9d,3.85,#6a726b,3.19,#585c51,1.57,#a3987a,1.8,#6a726b,3.19,#7e857f,3.89,#aaac9d,3.85,#aaac9d,3.85,#585c51,1.57,#a3987a,1.8,#7e857f,3.89,#c2c0ad,2.96,#585c51,1.57,#a3987a,1.8,#6a726b,3.19,#7e857f,3.89,#aaac9d,3.85,Helvellaceae,Helvella,Helvella crispa
KW_T_423_16_0053L,KW_T_423_16_0053L.tif_segmented.png,1821673,2952,3603,#737f6b,7.39,#adb593,6.87,#97a28a,6.6,#626c5a,5.95,#87917b,5.83,#adb593,6.87,#c3c3a9,4.55,#4c5648,4.07,#97a28a,6.6,#626c5a,5.95,#4c5648,4.07,#adb593,6.87,#97a28a,6.6,#626c5a,5.95,#87917b,5.83,#97a28a,6.6,#adb593,6.87,#737f6b,7.39,#87917b,5.83,#4c5648,4.07,#4c5648,4.07,#adb593,6.87,#97a28a,6.6,#626c5a,5.95,#87917b,5.83,,Sanguisorba,Sanguisorba officinalis
KW_T_423_16_0055L,KW_T_423_16_0055L.tif_segmented.png,840080,2964,3603,#b7b096,2.76,#a69f83,2.02,#928b6d,1.65,#796f56,1.04,#29261f,0.67,#29261f,0.67,#b7b096,2.76,#a69f83,2.02,#796f56,1.04,#928b6d,1.65,#29261f,0.67,#796f56,1.04,#928b6d,1.65,#a69f83,2.02,#b7b096,2.76,#29261f,0.67,#796f56,1.04,#a69f83,2.02,#928b6d,1.65,#b7b096,2.76,#29261f,0.67,#796f56,1.04,#928b6d,1.65,#a69f83,2.02,#b7b096,2.76,,Symphyotrichum,Symphyotrichum lanceolatum
KW_T_423_16_0057L,KW_T_423_16_0057L.tif_segmented.png,664852,2960,3599,#bdb295,2.19,#a4997f,1.47,#635b4c,1.28,#847a69,1.23,#2b271f,0.64,#bdb295,2.19,#2b271f,0.64,#a4997f,1.47,#635b4c,1.28,#847a69,1.23,#2b271f,0.64,#847a69,1.23,#a4997f,1.47,#635b4c,1.28,#bdb295,2.19,#2b271f,0.64,#847a69,1.23,#635b4c,1.28,#a4997f,1.47,#bdb295,2.19,#2b271f,0.64,#847a69,1.23,#a4997f,1.47,#635b4c,1.28,#bdb295,2.19,,Euphorbia,Euphorbia stricta
KW_T_423_16_0059L,KW_T_423_16_0059L.tif_segmented.png,1542692,2958,3599,#bbbba4,7.15,#aaac94,6.33,#999d86,6.3,#8d8b75,4.29,#7b7663,2.9,#bbbba4,7.15,#aaac94,6.33,#635c4d,1.26,#999d86,6.3,#7b7663,2.9,#635c4d,1.26,#7b7663,2.9,#8d8b75,4.29,#999d86,6.3,#aaac94,6.33,#999d86,6.3,#7b7663,2.9,#aaac94,6.33,#635c4d,1.26,#8d8b75,4.29,#635c4d,1.26,#7b7663,2.9,#8d8b75,4.29,#999d86,6.3,#aaac94,6.33,,Festuca,Festuca arenaria
KW_T_423_16_0061L,KW_T_423_16_0061L.tif_segmented.png,3779695,2958,3599,#bfbb98,6.53,#a0a28a,5.57,#828774,5.49,#646b5d,5.23,#9a6846,4.76,#805038,2.93,#9a6846,4.76,#b08f5c,3.62,#bfbb98,6.53,#a0a28a,5.57,#646b5d,5.23,#828774,5.49,#a0a28a,5.57,#b08f5c,3.62,#9a6846,4.76,#b08f5c,3.62,#a0a28a,5.57,#828774,5.49,#bfbb98,6.53,#805038,2.93,#646b5d,5.23,#828774,5.49,#a0a28a,5.57,#b08f5c,3.62,#9a6846,4.76,Clitocybaceae,Clitocybe,Clitocybe nebularis
KW_T_423_16_0063L,KW_T_423_16_0063L.tif_segmented.png,1286668,2921,3591,#b7b497,3.17,#a1a187,2.56,#918c72,2.46,#77715d,1.79,#5a503e,0.76,#5a503e,0.76,#b7b497,3.17,#a1a187,2.56,#77715d,1.79,#918c72,2.46,#5a503e,0.76,#77715d,1.79,#918c72,2.46,#a1a187,2.56,#b7b497,3.17,#a1a187,2.56,#77715d,1.79,#b7b497,3.17,#918c72,2.46,#5a503e,0.76,#5a503e,0.76,#77715d,1.79,#918c72,2.46,#a1a187,2.56,#b7b497,3.17,,Symphyotrichum,Symphyotrichum novi-belgii
KW_T_423_16_0065L,KW_T_423_16_0065L.tif_segmented.png,1636279,2917,3587,#c2bda5,3.74,#adaa94,3.09,#99977f,2.47,#838068,2.47,#6c6550,1.72,#4b3e32,0.45,#c2bda5,3.74,#6c6550,1.72,#adaa94,3.09,#838068,2.47,#4b3e32,0.45,#6c6550,1.72,#838068,2.47,#99977f,2.47,#adaa94,3.09,#838068,2.47,#4b3e32,0.45,#6c6550,1.72,#99977f,2.47,#adaa94,3.09,#4b3e32,0.45,#6c6550,1.72,#838068,2.47,#99977f,2.47,#adaa94,3.09,,Campanula,Campanula rapunculus
KW_T_423_16_0067L,KW_T_423_16_0067L.tif_segmented.png,1851699,2915,3595,#bbab8d,2.96,#a6845b,2.35,#8b7155,2.3,#a59377,2.29,#715d47,1.79,#a6845b,2.35,#bbab8d,2.96,#715d47,1.79,#8b7155,2.3,#a59377,2.29,#715d47,1.79,#a59377,2.29,#bbab8d,2.96,#8b7155,2.3,#a6845b,2.35,#a6845b,2.35,#bbab8d,2.96,#715d47,1.79,#8b7155,2.3,#a59377,2.29,#715d47,1.79,#a59377,2.29,#bbab8d,2.96,#8b7155,2.3,#a6845b,2.35,,Festuca,Festuca rubra
KW_T_423_16_0069L,KW_T_423_16_0069L.tif_segmented.png,2360577,2974,3587,#a7aa94,5.44,#949683,4.28,#c1bda5,3.55,#81806f,3.17,#706959,2.61,#cebd74,1.39,#c1bda5,3.55,#5b5042,1.14,#a7aa94,5.44,#706959,2.61,#5b5042,1.14,#706959,2.61,#81806f,3.17,#a7aa94,5.44,#949683,4.28,#cebd74,1.39,#a7aa94,5.44,#81806f,3.17,#949683,4.28,#706959,2.61,#5b5042,1.14,#706959,2.61,#81806f,3.17,#a7aa94,5.44,#949683,4.28,,Isothecium,Isothecium alopecuroides
KW_T_423_16_0071L,KW_T_423_16_0071L.tif_segmented.png,2372117,2976,3599,#bdbca5,3.44,#acad97,3.07,#838773,3.02,#9a9985,2.54,#6e7462,2.18,#bdbca5,3.44,#5b5a4c,1.34,#acad97,3.07,#6e7462,2.18,#9a9985,2.54,#5b5a4c,1.34,#6e7462,2.18,#838773,3.02,#9a9985,2.54,#acad97,3.07,#838773,3.02,#9a9985,2.54,#6e7462,2.18,#5b5a4c,1.34,#acad97,3.07,#5b5a4c,1.34,#6e7462,2.18,#838773,3.02,#9a9985,2.54,#acad97,3.07,,Geastrum,Geastrum rufescens
KW_T_423_16_0073L,KW_T_423_16_0073L.tif_segmented.png,2377610,2980,3607,#c1b9a0,4.45,#b1a58d,4.1,#9b927f,3.5,#867e6e,3.29,#6e6a5b,2.89,#c1b9a0,4.45,#b1a58d,4.1,#555346,1.39,#9b927f,3.5,#6e6a5b,2.89,#555346,1.39,#6e6a5b,2.89,#867e6e,3.29,#9b927f,3.5,#b1a58d,4.1,#555346,1.39,#867e6e,3.29,#b1a58d,4.1,#6e6a5b,2.89,#9b927f,3.5,#555346,1.39,#6e6a5b,2.89,#867e6e,3.29,#9b927f,3.5,#b1a58d,4.1,Sapindaceae,Acer,Acer campestre
KW_T_423_16_0075L,KW_T_423_16_0075L.tif_segmented.png,1103296,2962,3595,#b7b199,2.64,#a19e88,1.76,#8c866c,1.43,#716a53,1.19,#2e2a22,0.64,#2e2a22,0.64,#b7b199,2.64,#716a53,1.19,#a19e88,1.76,#8c866c,1.43,#2e2a22,0.64,#716a53,1.19,#8c866c,1.43,#a19e88,1.76,#b7b199,2.64,#2e2a22,0.64,#716a53,1.19,#a19e88,1.76,#8c866c,1.43,#b7b199,2.64,#2e2a22,0.64,#716a53,1.19,#8c866c,1.43,#a19e88,1.76,#b7b199,2.64,,Ornithopus,Ornithopus sativus
KW_T_423_16_0077L,KW_T_423_16_0077L.tif_segmented.png,1861332,2892,3599,#868873,5.07,#787862,3.42,#666350,2.78,#c5ba9e,1.89,#a89b7e,1.72,#c5ba9e,1.89,#28251e,0.87,#a89b7e,1.72,#50453d,1.54,#666350,2.78,#28251e,0.87,#50453d,1.54,#a89b7e,1.72,#666350,2.78,#868873,5.07,#28251e,0.87,#787862,3.42,#868873,5.07,#50453d,1.54,#666350,2.78,#28251e,0.87,#50453d,1.54,#a89b7e,1.72,#666350,2.78,#868873,5.07,,Hieracium,Hieracium lactucella
KW_T_423_16_0079L,KW_T_423_16_0079L.tif_segmented.png,3321613,2903,3591,#98a383,6.73,#aab094,6.24,#8e9275,5.36,#7c7d65,2.93,#615d4e,1.7,#2f2a20,0.7,#aab094,6.24,#98a383,6.73,#8e9275,5.36,#615d4e,1.7,#2f2a20,0.7,#615d4e,1.7,#7c7d65,2.93,#aab094,6.24,#8e9275,5.36,#2f2a20,0.7,#7c7d65,2.93,#8e9275,5.36,#aab094,6.24,#98a383,6.73,#2f2a20,0.7,#615d4e,1.7,#7c7d65,2.93,#aab094,6.24,#8e9275,5.36,,Brachypodium,Brachypodium sylvaticum
KW_T_423_16_0081L,KW_T_423_16_0081L.tif_segmented.png,2075851,2919,3611,#ada994,3.57,#c4bfa6,3.39,#8e9181,3.23,#737363,3.11,#59564a,2.09,#d4c251,0.62,#c4bfa6,3.39,#a3926a,1.75,#59564a,2.09,#ada994,3.57,#59564a,2.09,#737363,3.11,#8e9181,3.23,#a3926a,1.75,#ada994,3.57,#d4c251,0.62,#59564a,2.09,#a3926a,1.75,#737363,3.11,#ada994,3.57,#59564a,2.09,#737363,3.11,#8e9181,3.23,#a3926a,1.75,#ada994,3.57,,Auriscalpium,Auriscalpium vulgare
KW_T_423_16_0083L,KW_T_423_16_0083L.tif_segmented.png,1898691,2950,3611,#93977e,6.4,#696f5d,5.93,#7e846e,5.6,#a5a98f,5.46,#b8b99f,5.22,#b8b99f,5.22,#a5a98f,5.46,#565b4a,3.78,#93977e,6.4,#696f5d,5.93,#a5a98f,5.46,#7e846e,5.6,#93977e,6.4,#696f5d,5.93,#565b4a,3.78,#7e846e,5.6,#93977e,6.4,#a5a98f,5.46,#696f5d,5.93,#b8b99f,5.22,#a5a98f,5.46,#7e846e,5.6,#93977e,6.4,#696f5d,5.93,#565b4a,3.78,,Hieracium,Hieracium aurantiacum
KW_T_423_16_0085L,KW_T_423_16_0085L.tif_segmented.png,1441782,2946,3603,#c0bd9f,3.4,#b3ad92,3.39,#a39c7f,3.22,#90866b,1.76,#78684f,0.86,#c0bd9f,3.4,#78684f,0.86,#b3ad92,3.39,#a39c7f,3.22,#90866b,1.76,#78684f,0.86,#90866b,1.76,#a39c7f,3.22,#b3ad92,3.39,#c0bd9f,3.4,#78684f,0.86,#a39c7f,3.22,#c0bd9f,3.4,#b3ad92,3.39,#90866b,1.76,#78684f,0.86,#90866b,1.76,#a39c7f,3.22,#b3ad92,3.39,#c0bd9f,3.4,,Amaranthus,Amaranthus retroflexus
KW_T_423_16_0087L,KW_T_423_16_0087L.tif_segmented.png,2132104,2911,3603,#c0b89e,6.18,#aea690,5.73,#9b937f,5.58,#887f6e,4.85,#736a5b,3.69,#c0b89e,6.18,#aea690,5.73,#575043,2.03,#9b937f,5.58,#736a5b,3.69,#575043,2.03,#736a5b,3.69,#887f6e,4.85,#9b937f,5.58,#aea690,5.73,#575043,2.03,#887f6e,4.85,#aea690,5.73,#736a5b,3.69,#9b937f,5.58,#575043,2.03,#736a5b,3.69,#887f6e,4.85,#9b937f,5.58,#aea690,5.73,,Scirpus,Scirpus sylvaticus
KW_T_423_16_0089L,KW_T_423_16_0089L.tif_segmented.png,4904613,2939,3595,#8a917d,9.52,#727a6a,9.29,#616355,7.05,#a6a891,6.85,#aa9270,4.03,#aa9270,4.03,#906a5d,3.74,#a6a891,6.85,#8a917d,9.52,#47423c,3.59,#aa9270,4.03,#47423c,3.59,#a6a891,6.85,#906a5d,3.74,#8a917d,9.52,#47423c,3.59,#8a917d,9.52,#906a5d,3.74,#a6a891,6.85,#727a6a,9.29,#aa9270,4.03,#47423c,3.59,#a6a891,6.85,#906a5d,3.74,#8a917d,9.52,,Homalothecium,Homalothecium sericeum
KW_T_423_16_0091L,KW_T_423_16_0091L.tif_segmented.png,1845249,2948,3599,#9a9b8b,4.18,#aaae9e,3.82,#878a7c,3.35,#c4b896,2.95,#76776a,2.58,#c4b896,2.95,#aaae9e,3.82,#626155,1.49,#9a9b8b,4.18,#76776a,2.58,#626155,1.49,#76776a,2.58,#878a7c,3.35,#9a9b8b,4.18,#aaae9e,3.82,#aaae9e,3.82,#9a9b8b,4.18,#c4b896,2.95,#76776a,2.58,#878a7c,3.35,#626155,1.49,#76776a,2.58,#878a7c,3.35,#9a9b8b,4.18,#aaae9e,3.82,,Pseudoboletus,Pseudoboletus parasiticus
KW_T_423_16_0093L,KW_T_423_16_0093L.tif_segmented.png,930300,3025,3615,#9d967a,2.58,#817965,2.34,#655b4d,1.49,#27241d,0.81,,,#27241d,0.81,#9d967a,2.58,#817965,2.34,#655b4d,1.49,,,#655b4d,1.49,#817965,2.34,#9d967a,2.58,#27241d,0.81,,,#27241d,0.81,#817965,2.34,#655b4d,1.49,#9d967a,2.58,,,#655b4d,1.49,#817965,2.34,#9d967a,2.58,#27241d,0.81,,,,Barbarea,Barbarea verna
KW_T_423_16_0095L,KW_T_423_16_0095L.tif_segmented.png,505918,3025,3615,#b5af97,2.52,#a39b81,2.17,#8f8069,0.84,#2e2a22,0.65,#736655,0.61,#2e2a22,0.65,#b5af97,2.52,#a39b81,2.17,#736655,0.61,#8f8069,0.84,#2e2a22,0.65,#736655,0.61,#8f8069,0.84,#a39b81,2.17,#b5af97,2.52,#2e2a22,0.65,#736655,0.61,#a39b81,2.17,#b5af97,2.52,#8f8069,0.84,#2e2a22,0.65,#736655,0.61,#8f8069,0.84,#a39b81,2.17,#b5af97,2.52,,Malus,Malus sylvestris
KW_T_423_16_0097L,KW_T_423_16_0097L.tif_segmented.png,1354954,3023,3619,#776d5c,2.33,#918873,2.28,#5f5649,2.26,#a49e8a,2.03,#bab7aa,1.62,#c5b68b,1.4,#5f5649,2.26,#776d5c,2.33,#bab7aa,1.62,#a49e8a,2.03,#a49e8a,2.03,#918873,2.28,#5f5649,2.26,#776d5c,2.33,#c5b68b,1.4,#c5b68b,1.4,#5f5649,2.26,#776d5c,2.33,#a49e8a,2.03,#918873,2.28,#a49e8a,2.03,#918873,2.28,#5f5649,2.26,#776d5c,2.33,#c5b68b,1.4,,Mentha,Mentha arvensis
KW_T_423_16_0099L,KW_T_423_16_0099L.tif_segmented.png,254665,3031,3627,#c2baa6,3.38,#93907d,3.06,#a8a796,2.7,#7a7c6b,1.86,#636052,1.24,#2c281f,0.75,#c2baa6,3.38,#a8a796,2.7,#636052,1.24,#93907d,3.06,#636052,1.24,#7a7c6b,1.86,#93907d,3.06,#2c281f,0.75,#a8a796,2.7,#2c281f,0.75,#7a7c6b,1.86,#a8a796,2.7,#93907d,3.06,#636052,1.24,#636052,1.24,#7a7c6b,1.86,#93907d,3.06,#2c281f,0.75,#a8a796,2.7,Cyperaceae,Carex,Carex curta
KW_T_423_16_0101L,KW_T_423_16_0101L.tif_segmented.png,1813005,2988,3619,#959580,2.89,#7e8373,2.84,#6a7062,2.84,#abaa93,2.63,#575c4f,2.0,#2d2921,0.74,#abaa93,2.63,#959580,2.89,#575c4f,2.0,#7e8373,2.84,#575c4f,2.0,#6a7062,2.84,#7e8373,2.84,#2d2921,0.74,#959580,2.89,#2d2921,0.74,#7e8373,2.84,#959580,2.89,#575c4f,2.0,#abaa93,2.63,#575c4f,2.0,#6a7062,2.84,#7e8373,2.84,#2d2921,0.74,#959580,2.89,,Astraeus,Astraeus hygrometricus
KW_T_423_16_0103L,KW_T_423_16_0103L.tif_segmented.png,1834332,2986,3619,#9aa594,3.23,#848f7e,2.57,#727664,1.97,#a49773,1.4,#5c6d97,1.04,#5c6d97,1.04,#a49773,1.4,#9aa594,3.23,#727664,1.97,#50514a,0.48,#50514a,0.48,#a49773,1.4,#727664,1.97,#848f7e,2.57,#5c6d97,1.04,#5c6d97,1.04,#9aa594,3.23,#50514a,0.48,#727664,1.97,#848f7e,2.57,#50514a,0.48,#a49773,1.4,#727664,1.97,#848f7e,2.57,#5c6d97,1.04,,Symphyotrichum,Symphyotrichum novi-belgii
KW_T_423_16_0105L,KW_T_423_16_0105L.tif_segmented.png,814022,2999,3607,#969884,3.36,#838473,3.17,#6e7162,2.89,#aaab97,2.89,#5a594b,1.87,#aaab97,2.89,#5a594b,1.87,#969884,3.36,#6e7162,2.89,#838473,3.17,#5a594b,1.87,#6e7162,2.89,#838473,3.17,#969884,3.36,#aaab97,2.89,#5a594b,1.87,#969884,3.36,#838473,3.17,#aaab97,2.89,#6e7162,2.89,#5a594b,1.87,#6e7162,2.89,#838473,3.17,#969884,3.36,#aaab97,2.89,Asteraceae,Crepis,Crepis capillaris
KW_T_423_16_0107L,KW_T_423_16_0107L.tif_segmented.png,1521317,2966,3607,#e1d9cc,53.93,#ded6c5,24.13,#9f947b,2.68,#847a68,1.41,#504b40,1.07,#e1d9cc,53.93,#ded6c5,24.13,#504b40,1.07,#9f947b,2.68,#6a6355,1.02,#504b40,1.07,#6a6355,1.02,#847a68,1.41,#9f947b,2.68,#ded6c5,24.13,#504b40,1.07,#847a68,1.41,#6a6355,1.02,#e1d9cc,53.93,#ded6c5,24.13,#504b40,1.07,#6a6355,1.02,#847a68,1.41,#9f947b,2.68,#ded6c5,24.13,Poaceae,Poa,Poa palustris
KW_T_423_16_0109L,KW_T_423_16_0109L.tif_segmented.png,2793474,2972,3615,#e1d8ca,61.84,#dfd4ba,12.48,#7c887d,3.69,#776d65,2.99,#5e4f43,0.99,#e1d8ca,61.84,#dfd4ba,12.48,#5e4f43,0.99,#776d65,2.99,#7c887d,3.69,#5e4f43,0.99,#776d65,2.99,#7c887d,3.69,#dfd4ba,12.48,#e1d8ca,61.84,#7c887d,3.69,#dfd4ba,12.48,#5e4f43,0.99,#e1d8ca,61.84,#776d65,2.99,#5e4f43,0.99,#776d65,2.99,#7c887d,3.69,#dfd4ba,12.48,#e1d8ca,61.84,,Aulacomnium,Aulacomnium palustre
KW_T_423_16_0111L,KW_T_423_16_0111L.tif_segmented.png,8722924,2986,3607,#e0d8ca,53.92,#ded4be,14.05,#898d75,4.15,#747865,3.02,#5c5e50,1.72,#e0d8ca,53.92,#ded4be,14.05,#5c5e50,1.72,#898d75,4.15,#747865,3.02,#5c5e50,1.72,#747865,3.02,#898d75,4.15,#ded4be,14.05,#e0d8ca,53.92,#898d75,4.15,#747865,3.02,#5c5e50,1.72,#e0d8ca,53.92,#ded4be,14.05,#5c5e50,1.72,#747865,3.02,#898d75,4.15,#ded4be,14.05,#e0d8ca,53.92,,Geastrum,Geastrum corollinum
KW_T_423_16_0113L,KW_T_423_16_0113L.tif_segmented.png,8730873,2995,3611,#e0d7c9,50.62,#ded5c2,17.97,#dcd1b4,7.07,#88846c,4.1,#6d6654,2.52,#e0d7c9,50.62,#ded5c2,17.97,#dcd1b4,7.07,#6d6654,2.52,#88846c,4.1,#6d6654,2.52,#88846c,4.1,#dcd1b4,7.07,#ded5c2,17.97,#e0d7c9,50.62,#88846c,4.1,#6d6654,2.52,#dcd1b4,7.07,#e0d7c9,50.62,#ded5c2,17.97,#6d6654,2.52,#88846c,4.1,#dcd1b4,7.07,#ded5c2,17.97,#e0d7c9,50.62,Caryophyllaceae,Silene,Silene nutans
KW_T_423_16_0115L,KW_T_423_16_0115L.tif_segmented.png,1050665,2946,3591,#b7b199,2.69,#a09f83,2.49,#888a6f,2.3,#696853,1.41,#2a251c,0.6,#2a251c,0.6,#b7b199,2.69,#a09f83,2.49,#696853,1.41,#888a6f,2.3,#2a251c,0.6,#696853,1.41,#888a6f,2.3,#a09f83,2.49,#b7b199,2.69,#2a251c,0.6,#888a6f,2.3,#a09f83,2.49,#696853,1.41,#b7b199,2.69,#2a251c,0.6,#696853,1.41,#888a6f,2.3,#a09f83,2.49,#b7b199,2.69,,Campanula,Campanula rapunculoides
KW_T_423_16_0117L,KW_T_423_16_0117L.tif_segmented.png,4470356,2946,3599,#d0b88f,7.38,#a1957b,4.21,#c4a37a,3.51,#b4ab90,3.09,#8e7e67,2.78,#d0b88f,7.38,#c4a37a,3.51,#746753,1.75,#b4ab90,3.09,#a1957b,4.21,#746753,1.75,#8e7e67,2.78,#a1957b,4.21,#b4ab90,3.09,#c4a37a,3.51,#c4a37a,3.51,#d0b88f,7.38,#746753,1.75,#b4ab90,3.09,#8e7e67,2.78,#746753,1.75,#8e7e67,2.78,#a1957b,4.21,#b4ab90,3.09,#c4a37a,3.51,,Eleocharis,Eleocharis quinqueflora
KW_T_423_16_0119L,KW_T_423_16_0119L.tif_segmented.png,3094868,2944,3599,#aaac8d,5.39,#989980,4.73,#767866,4.38,#bebc9a,4.38,#878772,4.1,#bebc9a,4.38,#aaac8d,5.39,#575445,1.56,#989980,4.73,#676857,3.67,#aaac8d,5.39,#989980,4.73,#878772,4.1,#575445,1.56,#767866,4.38,#aaac8d,5.39,#575445,1.56,#878772,4.1,#989980,4.73,#767866,4.38,#aaac8d,5.39,#989980,4.73,#878772,4.1,#575445,1.56,#767866,4.38,Poaceae,Poa,Poa cf. nemoralis
KW_T_423_16_0121L,KW_T_423_16_0121L.tif_segmented.png,1518903,2937,3587,#909988,4.07,#a5ac96,3.73,#7f8675,3.0,#bebba1,2.93,#6b6959,1.23,#4f4130,0.52,#bebba1,2.93,#a5ac96,3.73,#6b6959,1.23,#909988,4.07,#4f4130,0.52,#6b6959,1.23,#a5ac96,3.73,#7f8675,3.0,#909988,4.07,#a5ac96,3.73,#7f8675,3.0,#909988,4.07,#4f4130,0.52,#6b6959,1.23,#4f4130,0.52,#6b6959,1.23,#a5ac96,3.73,#7f8675,3.0,#909988,4.07,,Pseudoplectania,Pseudoplectania nigrella
KW_T_423_16_0123L,KW_T_423_16_0123L.tif_segmented.png,150295,2933,3587,#bab595,4.53,#a8a289,3.44,#968f79,2.66,#7d7361,1.27,#473a2a,0.57,#473a2a,0.57,#bab595,4.53,#a8a289,3.44,#968f79,2.66,#7d7361,1.27,#473a2a,0.57,#7d7361,1.27,#968f79,2.66,#a8a289,3.44,#bab595,4.53,#473a2a,0.57,#7d7361,1.27,#a8a289,3.44,#bab595,4.53,#968f79,2.66,#473a2a,0.57,#7d7361,1.27,#968f79,2.66,#a8a289,3.44,#bab595,4.53,,Cochlearia,Cochlearia danica
KW_T_423_16_0125L,KW_T_423_16_0125L.tif_segmented.png,1049518,2892,3587,#afaa97,2.83,#9e967d,2.12,#897f68,1.18,#2b271e,0.71,#685c48,0.57,#2b271e,0.71,#afaa97,2.83,#685c48,0.57,#9e967d,2.12,#897f68,1.18,#2b271e,0.71,#685c48,0.57,#897f68,1.18,#9e967d,2.12,#afaa97,2.83,#2b271e,0.71,#897f68,1.18,#685c48,0.57,#afaa97,2.83,#9e967d,2.12,#2b271e,0.71,#685c48,0.57,#897f68,1.18,#9e967d,2.12,#afaa97,2.83,Rosaceae,Rubus,Rubus cf. nessensis
KW_T_423_16_0127L,KW_T_423_16_0127L.tif_segmented.png,726795,2899,3603,#554a43,2.57,#6d6157,1.49,#c6bca0,1.15,#897d6e,0.86,#a79b83,0.74,#c6bca0,1.15,#27241d,0.64,#a79b83,0.74,#554a43,2.57,#6d6157,1.49,#a79b83,0.74,#897d6e,0.86,#27241d,0.64,#6d6157,1.49,#554a43,2.57,#27241d,0.64,#554a43,2.57,#897d6e,0.86,#6d6157,1.49,#a79b83,0.74,#a79b83,0.74,#897d6e,0.86,#27241d,0.64,#6d6157,1.49,#554a43,2.57,Cyperaceae,Carex,Carex caryophyllea
KW_T_423_16_0129L,KW_T_423_16_0129L.tif_segmented.png,1092127,2907,3579,#b4b59b,3.93,#a1a48e,3.68,#90917c,3.25,#7d7a68,2.27,#675d4b,1.32,#675d4b,1.32,#b4b59b,3.93,#a1a48e,3.68,#7d7a68,2.27,#90917c,3.25,#675d4b,1.32,#7d7a68,2.27,#90917c,3.25,#a1a48e,3.68,#b4b59b,3.93,#a1a48e,3.68,#7d7a68,2.27,#90917c,3.25,#675d4b,1.32,#b4b59b,3.93,#675d4b,1.32,#7d7a68,2.27,#90917c,3.25,#a1a48e,3.68,#b4b59b,3.93,,Polytrichum,Polytrichum piliferum
KW_T_423_16_0132L,KW_T_423_16_0132L.tif_segmented.png,2099206,2988,3603,#a3a795,5.45,#949686,5.39,#b5b8a1,5.38,#828274,4.51,#6e6d60,2.32,#292720,0.9,#b5b8a1,5.38,#a3a795,5.45,#949686,5.39,#6e6d60,2.32,#292720,0.9,#6e6d60,2.32,#828274,4.51,#a3a795,5.45,#949686,5.39,#292720,0.9,#a3a795,5.45,#828274,4.51,#b5b8a1,5.38,#949686,5.39,#292720,0.9,#6e6d60,2.32,#828274,4.51,#a3a795,5.45,#949686,5.39,,Geastrum,Geastrum fimbriatum
KW_T_423_16_0134L,KW_T_423_16_0134L.tif_segmented.png,944741,2995,3599,#beb79a,2.31,#8f886c,1.25,#b7a875,1.23,#9d9f8b,1.02,#26231c,0.82,#b7a875,1.23,#26231c,0.82,#beb79a,2.31,#71674e,0.51,#8f886c,1.25,#71674e,0.51,#26231c,0.82,#b7a875,1.23,#8f886c,1.25,#9d9f8b,1.02,#26231c,0.82,#b7a875,1.23,#9d9f8b,1.02,#71674e,0.51,#8f886c,1.25,#71674e,0.51,#26231c,0.82,#b7a875,1.23,#8f886c,1.25,#9d9f8b,1.02,,Helichrysum,Helichrysum arenarium
KW_T_423_16_0136L,KW_T_423_16_0136L.tif_segmented.png,936118,2954,3607,#c1baa9,2.47,#9e907a,1.64,#8a6f61,1.59,#aea795,1.47,#2d2a23,0.99,#2d2a23,0.99,#c1baa9,2.47,#6e5649,0.65,#8a6f61,1.59,#9e907a,1.64,#6e5649,0.65,#2d2a23,0.99,#8a6f61,1.59,#9e907a,1.64,#aea795,1.47,#2d2a23,0.99,#8a6f61,1.59,#aea795,1.47,#6e5649,0.65,#c1baa9,2.47,#6e5649,0.65,#2d2a23,0.99,#8a6f61,1.59,#9e907a,1.64,#aea795,1.47,Orobanchaceae,Orobanche,Orobanche purpurea
KW_T_423_16_0138L,KW_T_423_16_0138L.tif_segmented.png,4086743,2956,3615,#9b6d62,7.79,#b79380,7.43,#ab8070,6.54,#846155,5.21,#6d5247,3.83,#b79380,7.43,#c0af9a,3.08,#ab8070,6.54,#9b6d62,7.79,#6d5247,3.83,#2b2822,1.18,#6d5247,3.83,#c0af9a,3.08,#b79380,7.43,#846155,5.21,#2b2822,1.18,#9b6d62,7.79,#846155,5.21,#ab8070,6.54,#b79380,7.43,#2b2822,1.18,#6d5247,3.83,#c0af9a,3.08,#b79380,7.43,#846155,5.21,,Ulmus,Ulmus x hollandica
KW_T_423_16_0140L,KW_T_423_16_0140L.tif_segmented.png,187012,2964,3611,#a3a086,2.72,#b3b499,2.61,#8a8c78,1.49,#2c2923,0.87,#726854,0.56,#2c2923,0.87,#b3b499,2.61,#726854,0.56,#a3a086,2.72,#8a8c78,1.49,#2c2923,0.87,#726854,0.56,#8a8c78,1.49,#a3a086,2.72,#b3b499,2.61,#2c2923,0.87,#726854,0.56,#a3a086,2.72,#8a8c78,1.49,#b3b499,2.61,#2c2923,0.87,#726854,0.56,#8a8c78,1.49,#a3a086,2.72,#b3b499,2.61,,Bromus,Bromus arvensis
KW_T_423_16_0142L,KW_T_423_16_0142L.tif_segmented.png,2021580,2966,3595,#b6b59e,3.6,#a1a18a,3.25,#888775,2.6,#706a59,2.06,#2d2923,0.91,#d8cc74,0.36,#2d2923,0.91,#b6b59e,3.6,#706a59,2.06,#a1a18a,3.25,#2d2923,0.91,#706a59,2.06,#888775,2.6,#a1a18a,3.25,#d8cc74,0.36,#d8cc74,0.36,#2d2923,0.91,#a1a18a,3.25,#888775,2.6,#706a59,2.06,#2d2923,0.91,#706a59,2.06,#888775,2.6,#a1a18a,3.25,#d8cc74,0.36,Helvellaceae,Helvella,Helvella lacunosa
KW_T_423_16_0144L,KW_T_423_16_0144L.tif_segmented.png,2576141,2974,3811,#969f8c,6.97,#848c7a,5.49,#757b69,5.26,#b0af98,5.03,#65695a,3.81,#b0af98,5.03,#534d41,1.61,#969f8c,6.97,#848c7a,5.49,#757b69,5.26,#534d41,1.61,#65695a,3.81,#757b69,5.26,#b0af98,5.03,#969f8c,6.97,#969f8c,6.97,#757b69,5.26,#534d41,1.61,#848c7a,5.49,#b0af98,5.03,#534d41,1.61,#65695a,3.81,#757b69,5.26,#b0af98,5.03,#969f8c,6.97,Asteraceae,Inula,Inula britannica
KW_T_423_16_0146L,KW_T_423_16_0146L.tif_segmented.png,801089,2952,3587,#c1bcac,2.68,#aba896,2.23,#98927c,1.82,#837861,1.51,#6a5e4a,1.23,#423a31,0.63,#c1bcac,2.68,#6a5e4a,1.23,#aba896,2.23,#837861,1.51,#423a31,0.63,#6a5e4a,1.23,#837861,1.51,#98927c,1.82,#aba896,2.23,#423a31,0.63,#837861,1.51,#6a5e4a,1.23,#aba896,2.23,#98927c,1.82,#423a31,0.63,#6a5e4a,1.23,#837861,1.51,#98927c,1.82,#aba896,2.23,Salicaceae,Salix,Salix aurita
KW_T_423_16_0148L,KW_T_423_16_0148L.tif_segmented.png,4620323,2954,3595,#c0b39a,10.26,#b1a48d,8.96,#a1957f,7.9,#928674,6.39,#817666,4.74,#c0b39a,10.26,#1e1c17,2.38,#b1a48d,8.96,#a1957f,7.9,#928674,6.39,#1e1c17,2.38,#706558,2.69,#817666,4.74,#928674,6.39,#a1957f,7.9,#1e1c17,2.38,#817666,4.74,#b1a48d,8.96,#706558,2.69,#928674,6.39,#1e1c17,2.38,#706558,2.69,#817666,4.74,#928674,6.39,#a1957f,7.9,,Schedolium,Schedolium loliaceum (×)
KW_T_423_16_0150L,KW_T_423_16_0150L.tif_segmented.png,1694731,2956,3607,#75837b,3.48,#5d6a62,2.97,#b8b7a4,2.92,#909d94,2.74,#a79c82,1.28,#353027,0.84,#a79c82,1.28,#b8b7a4,2.92,#5d6a62,2.97,#909d94,2.74,#353027,0.84,#a79c82,1.28,#909d94,2.74,#75837b,3.48,#5d6a62,2.97,#353027,0.84,#75837b,3.48,#909d94,2.74,#5d6a62,2.97,#a79c82,1.28,#353027,0.84,#a79c82,1.28,#909d94,2.74,#75837b,3.48,#5d6a62,2.97,,Dicranum,Dicranum polysetum
KW_T_423_16_0152L,KW_T_423_16_0152L.tif_segmented.png,1541533,2964,3591,#b7b9a6,4.88,#a6aa99,4.36,#949988,3.0,#838676,1.98,#726954,0.74,#726954,0.74,#b7b9a6,4.88,#a6aa99,4.36,#949988,3.0,#838676,1.98,#726954,0.74,#838676,1.98,#949988,3.0,#a6aa99,4.36,#b7b9a6,4.88,#726954,0.74,#a6aa99,4.36,#838676,1.98,#949988,3.0,#b7b9a6,4.88,#726954,0.74,#838676,1.98,#949988,3.0,#a6aa99,4.36,#b7b9a6,4.88,,Geastrum,Geastrum quadrifiduum
KW_T_423_16_0154L,KW_T_423_16_0154L.tif_segmented.png,202081,2968,3583,#babba6,4.29,#a6a997,3.85,#929587,3.75,#7b7d6f,2.57,#6c6553,1.54,#2f2b24,0.87,#babba6,4.29,#6c6553,1.54,#a6a997,3.85,#929587,3.75,#2f2b24,0.87,#6c6553,1.54,#7b7d6f,2.57,#929587,3.75,#a6a997,3.85,#2f2b24,0.87,#a6a997,3.85,#7b7d6f,2.57,#6c6553,1.54,#babba6,4.29,#2f2b24,0.87,#6c6553,1.54,#7b7d6f,2.57,#929587,3.75,#a6a997,3.85,,Cardamine,Cardamine pratensis 'Flore Pleno'
KW_T_423_16_0156L,KW_T_423_16_0156L.tif_segmented.png,827695,2968,3603,#b3ae98,3.0,#c4bfab,2.81,#9b9480,1.85,#897d66,1.27,#292721,0.85,#292721,0.85,#c4bfab,2.81,#b3ae98,3.0,#6f634f,0.83,#897d66,1.27,#6f634f,0.83,#292721,0.85,#897d66,1.27,#9b9480,1.85,#b3ae98,3.0,#292721,0.85,#6f634f,0.83,#897d66,1.27,#9b9480,1.85,#b3ae98,3.0,#6f634f,0.83,#292721,0.85,#897d66,1.27,#9b9480,1.85,#b3ae98,3.0,,Picea,Picea abies
KW_T_423_16_0158L,KW_T_423_16_0158L.tif_segmented.png,1932568,2968,3607,#a69c86,2.4,#908674,2.38,#beb39b,2.36,#786f61,2.28,#60594b,1.07,#beb39b,2.36,#a69c86,2.4,#60594b,1.07,#786f61,2.28,#908674,2.38,#a69c86,2.4,#60594b,1.07,#908674,2.38,#786f61,2.28,#beb39b,2.36,#60594b,1.07,#786f61,2.28,#a69c86,2.4,#908674,2.38,#beb39b,2.36,#a69c86,2.4,#60594b,1.07,#908674,2.38,#786f61,2.28,#beb39b,2.36,,Eriophorum,Eriophorum latifolium
KW_T_423_16_0160L,KW_T_423_16_0160L.tif_segmented.png,275968,2968,3583,#b5b39f,3.95,#9fa392,3.81,#8d8e7f,3.3,#7a7566,1.5,#564a38,0.43,#564a38,0.43,#b5b39f,3.95,#9fa392,3.81,#7a7566,1.5,#8d8e7f,3.3,#564a38,0.43,#7a7566,1.5,#8d8e7f,3.3,#9fa392,3.81,#b5b39f,3.95,#9fa392,3.81,#7a7566,1.5,#8d8e7f,3.3,#564a38,0.43,#b5b39f,3.95,#564a38,0.43,#7a7566,1.5,#8d8e7f,3.3,#9fa392,3.81,#b5b39f,3.95,,Agrostis,Agrostis stolonifera
KW_T_423_16_0162L,KW_T_423_16_0162L.tif_segmented.png,1873890,2964,3591,#818c81,5.28,#b1b19a,4.23,#989c8e,4.07,#76786c,3.72,#c4c1ae,2.53,#ddd882,1.6,#c4c1ae,2.53,#b1b19a,4.23,#606158,2.37,#76786c,3.72,#606158,2.37,#989c8e,4.07,#76786c,3.72,#b1b19a,4.23,#818c81,5.28,#ddd882,1.6,#b1b19a,4.23,#818c81,5.28,#989c8e,4.07,#76786c,3.72,#606158,2.37,#989c8e,4.07,#76786c,3.72,#b1b19a,4.23,#818c81,5.28,,Leocarpus,Leocarpus fragilis
KW_T_423_16_0164L,KW_T_423_16_0164L.tif_segmented.png,972565,2962,3635,#979d92,4.5,#b4af9b,4.16,#7b867f,3.25,#908672,2.07,#6e695a,1.75,#2c2822,0.99,#b4af9b,4.16,#908672,2.07,#6e695a,1.75,#979d92,4.5,#6e695a,1.75,#908672,2.07,#2c2822,0.99,#979d92,4.5,#7b867f,3.25,#2c2822,0.99,#7b867f,3.25,#6e695a,1.75,#979d92,4.5,#908672,2.07,#6e695a,1.75,#908672,2.07,#2c2822,0.99,#979d92,4.5,#7b867f,3.25,,Helosciadium,Helosciadium nodiflorum
KW_T_423_16_0166L,KW_T_423_16_0166L.tif_segmented.png,1057339,2958,3595,#8c8970,8.14,#9a9980,6.98,#7b7863,6.66,#696553,3.98,#aeab94,3.83,#2d2922,0.76,#c5c0ad,3.13,#8c8970,8.14,#aeab94,3.83,#9a9980,6.98,#2d2922,0.76,#aeab94,3.83,#9a9980,6.98,#8c8970,8.14,#696553,3.98,#2d2922,0.76,#7b7863,6.66,#9a9980,6.98,#8c8970,8.14,#696553,3.98,#2d2922,0.76,#aeab94,3.83,#9a9980,6.98,#8c8970,8.14,#696553,3.98,,Rumex,Rumex sanguineus
KW_T_423_16_0168L,KW_T_423_16_0168L.tif_segmented.png,1930346,2946,3591,#9d8568,3.69,#b09a77,3.5,#867059,3.44,#c1ad88,3.38,#685a4a,2.26,#cec1a1,2.26,#c1ad88,3.38,#b09a77,3.5,#28251f,0.81,#9d8568,3.69,#28251f,0.81,#685a4a,2.26,#867059,3.44,#c1ad88,3.38,#9d8568,3.69,#28251f,0.81,#c1ad88,3.38,#b09a77,3.5,#867059,3.44,#cec1a1,2.26,#28251f,0.81,#685a4a,2.26,#867059,3.44,#c1ad88,3.38,#9d8568,3.69,,Fagus,Fagus sylvatica
KW_T_423_17_0009L,KW_T_423_17_0009L.tif_segmented.png,2288938,2944,3587,#93988b,5.83,#a1a89b,4.56,#8b8775,3.45,#bcbba9,3.42,#b9ae8f,2.8,#b9ae8f,2.8,#746a5b,1.32,#bcbba9,3.42,#8b8775,3.45,#93988b,5.83,#746a5b,1.32,#93988b,5.83,#a1a89b,4.56,#b9ae8f,2.8,#8b8775,3.45,#a1a89b,4.56,#8b8775,3.45,#746a5b,1.32,#b9ae8f,2.8,#93988b,5.83,#746a5b,1.32,#93988b,5.83,#a1a89b,4.56,#b9ae8f,2.8,#8b8775,3.45,,Leucoagaricus,Leucoagaricus meleagris 
KW_T_423_17_0011L,KW_T_423_17_0011L.tif_segmented.png,909807,2941,3607,#b2b7a2,4.1,#a1a591,3.99,#91927f,2.43,#c8bb93,1.8,#2f2b25,1.11,#c8bb93,1.8,#2f2b25,1.11,#b2b7a2,4.1,#a1a591,3.99,#91927f,2.43,#2f2b25,1.11,#7b7a6b,1.01,#91927f,2.43,#a1a591,3.99,#c8bb93,1.8,#2f2b25,1.11,#a1a591,3.99,#c8bb93,1.8,#b2b7a2,4.1,#91927f,2.43,#2f2b25,1.11,#7b7a6b,1.01,#91927f,2.43,#a1a591,3.99,#c8bb93,1.8,Gymnosporangiaceae,Gymnosporangium,Gymnosporangium clavariiforme
KW_T_423_17_0013L,KW_T_423_17_0013L.tif_segmented.png,1949609,2937,3599,#a9ab9d,3.9,#92978b,3.56,#7d8377,3.14,#6a6f62,2.46,#a99e7c,1.96,#2d2923,1.02,#a99e7c,1.96,#a9ab9d,3.9,#6a6f62,2.46,#92978b,3.56,#2d2923,1.02,#a99e7c,1.96,#a9ab9d,3.9,#7d8377,3.14,#92978b,3.56,#2d2923,1.02,#a9ab9d,3.9,#a99e7c,1.96,#7d8377,3.14,#6a6f62,2.46,#2d2923,1.02,#a99e7c,1.96,#a9ab9d,3.9,#7d8377,3.14,#92978b,3.56,,Stellaria,Stellaria graminea
KW_T_423_17_0015L,KW_T_423_17_0015L.tif_segmented.png,681664,2937,3615,#aba38a,3.73,#beb8a5,3.37,#918a75,1.63,#2a2721,1.13,#756b58,0.93,#2a2721,1.13,#beb8a5,3.37,#aba38a,3.73,#756b58,0.93,#918a75,1.63,#2a2721,1.13,#756b58,0.93,#918a75,1.63,#aba38a,3.73,#beb8a5,3.37,#2a2721,1.13,#756b58,0.93,#aba38a,3.73,#918a75,1.63,#beb8a5,3.37,#2a2721,1.13,#756b58,0.93,#918a75,1.63,#aba38a,3.73,#beb8a5,3.37,,Medicago,Medicago polymorpha
KW_T_423_17_0017L,KW_T_423_17_0017L.tif_segmented.png,2715967,2935,3595,#ccb898,4.81,#b3a180,4.38,#816b5b,4.15,#9c856d,3.47,#e0cf77,2.95,#e0cf77,2.95,#ccb898,4.81,#b3a180,4.38,#635246,2.9,#816b5b,4.15,#b3a180,4.38,#9c856d,3.47,#816b5b,4.15,#635246,2.9,#ccb898,4.81,#e0cf77,2.95,#816b5b,4.15,#b3a180,4.38,#ccb898,4.81,#635246,2.9,#b3a180,4.38,#9c856d,3.47,#816b5b,4.15,#635246,2.9,#ccb898,4.81,,Plantago,Plantago lanceolata
KW_T_423_17_0019L,KW_T_423_17_0019L.tif_segmented.png,1292379,2950,3607,#a4a28b,4.6,#bcb8a0,3.76,#868b7b,3.55,#6f7265,2.24,#d6cc66,1.8,#d6cc66,1.8,#e1db8b,1.37,#2c2923,0.91,#bcb8a0,3.76,#a4a28b,4.6,#2c2923,0.91,#6f7265,2.24,#868b7b,3.55,#a4a28b,4.6,#e1db8b,1.37,#d6cc66,1.8,#e1db8b,1.37,#2c2923,0.91,#a4a28b,4.6,#868b7b,3.55,#2c2923,0.91,#6f7265,2.24,#868b7b,3.55,#a4a28b,4.6,#e1db8b,1.37,,Bromus,Bromus racemosus
KW_T_423_17_0021L,KW_T_423_17_0021L.tif_segmented.png,173838,2960,3603,#b0b4a6,2.61,#c5b997,2.52,#989f93,2.45,#aa9e7f,2.13,#808173,1.37,#c5b997,2.52,#312d26,0.81,#aa9e7f,2.13,#b0b4a6,2.61,#989f93,2.45,#312d26,0.81,#808173,1.37,#989f93,2.45,#aa9e7f,2.13,#b0b4a6,2.61,#312d26,0.81,#b0b4a6,2.61,#808173,1.37,#aa9e7f,2.13,#c5b997,2.52,#312d26,0.81,#808173,1.37,#989f93,2.45,#aa9e7f,2.13,#b0b4a6,2.61,Clitocybaceae,Clitocybe,Clitocybe odora
KW_T_423_17_0023L,KW_T_423_17_0023L.tif_segmented.png,941509,2964,3607,#969a8d,8.55,#a7ac9c,7.67,#86867a,6.81,#c3bca4,5.04,#706a5e,3.87,#d8d174,1.53,#c3bca4,5.04,#ada079,2.07,#706a5e,3.87,#a7ac9c,7.67,#706a5e,3.87,#ada079,2.07,#86867a,6.81,#969a8d,8.55,#a7ac9c,7.67,#d8d174,1.53,#ada079,2.07,#a7ac9c,7.67,#969a8d,8.55,#86867a,6.81,#706a5e,3.87,#ada079,2.07,#86867a,6.81,#969a8d,8.55,#a7ac9c,7.67,,Tuberaria,Tuberaria guttata
KW_T_423_17_0025L,KW_T_423_17_0025L.tif_segmented.png,842352,2966,3599,#bfb7a0,3.07,#b3a98d,2.79,#a19276,2.18,#82755f,0.86,#2e2a24,0.64,#2e2a24,0.64,#bfb7a0,3.07,#b3a98d,2.79,#a19276,2.18,#82755f,0.86,#2e2a24,0.64,#82755f,0.86,#a19276,2.18,#b3a98d,2.79,#bfb7a0,3.07,#2e2a24,0.64,#82755f,0.86,#b3a98d,2.79,#a19276,2.18,#bfb7a0,3.07,#2e2a24,0.64,#82755f,0.86,#a19276,2.18,#b3a98d,2.79,#bfb7a0,3.07,,Medicago,Medicago sativa
KW_T_423_17_0027L,KW_T_423_17_0027L.tif_segmented.png,161479,2970,3603,#b3ac8f,2.71,#a19576,0.93,#2e2b23,0.72,#746752,0.36,,,#2e2b23,0.72,#b3ac8f,2.71,#a19576,0.93,#746752,0.36,,,#746752,0.36,#2e2b23,0.72,#a19576,0.93,#b3ac8f,2.71,,,#2e2b23,0.72,#746752,0.36,#b3ac8f,2.71,#a19576,0.93,,,#746752,0.36,#2e2b23,0.72,#a19576,0.93,#b3ac8f,2.71,,,,Quercus,Quercus robur
KW_T_423_17_0029L,KW_T_423_17_0029L.tif_segmented.png,2331785,2988,3607,#969d8c,5.94,#868b7a,5.33,#aab1a0,4.89,#b8ab86,3.25,#6f6e61,2.01,#e0dc7e,1.32,#b8ab86,3.25,#aab1a0,4.89,#969d8c,5.94,#6f6e61,2.01,#6f6e61,2.01,#b8ab86,3.25,#868b7a,5.33,#969d8c,5.94,#aab1a0,4.89,#e0dc7e,1.32,#b8ab86,3.25,#aab1a0,4.89,#969d8c,5.94,#868b7a,5.33,#6f6e61,2.01,#b8ab86,3.25,#868b7a,5.33,#969d8c,5.94,#aab1a0,4.89,,Pylaisia,Pylaisia polyantha
KW_T_423_17_0031L,KW_T_423_17_0031L.tif_segmented.png,1085588,2982,3599,#aeb09f,7.43,#9a9e92,6.13,#878a7f,4.28,#afa16d,3.04,#767360,1.88,#d3cb81,1.24,#afa16d,3.04,#aeb09f,7.43,#767360,1.88,#9a9e92,6.13,#767360,1.88,#878a7f,4.28,#9a9e92,6.13,#afa16d,3.04,#aeb09f,7.43,#d3cb81,1.24,#afa16d,3.04,#767360,1.88,#aeb09f,7.43,#9a9e92,6.13,#767360,1.88,#878a7f,4.28,#9a9e92,6.13,#afa16d,3.04,#aeb09f,7.43,,Psathyrella,Psathyrella candolleana
KW_T_423_17_0033L,KW_T_423_17_0033L.tif_segmented.png,1402728,2988,3595,#909986,6.17,#a1a995,6.01,#b7b9a1,5.98,#818573,5.75,#6b6a5d,3.39,#afa07c,2.48,#b7b9a1,5.98,#a1a995,6.01,#6b6a5d,3.39,#909986,6.17,#6b6a5d,3.39,#818573,5.75,#afa07c,2.48,#909986,6.17,#a1a995,6.01,#a1a995,6.01,#818573,5.75,#909986,6.17,#afa07c,2.48,#b7b9a1,5.98,#6b6a5d,3.39,#818573,5.75,#afa07c,2.48,#909986,6.17,#a1a995,6.01,,Verbascum,Verbascum lychnitis
KW_T_423_17_0035L,KW_T_423_17_0035L.tif_segmented.png,977183,2995,3595,#b6af97,3.66,#a59d83,3.15,#93886c,1.84,#766b56,0.94,#2f2b25,0.74,#2f2b25,0.74,#b6af97,3.66,#a59d83,3.15,#766b56,0.94,#93886c,1.84,#2f2b25,0.74,#766b56,0.94,#93886c,1.84,#a59d83,3.15,#b6af97,3.66,#2f2b25,0.74,#766b56,0.94,#a59d83,3.15,#93886c,1.84,#b6af97,3.66,#2f2b25,0.74,#766b56,0.94,#93886c,1.84,#a59d83,3.15,#b6af97,3.66,,Lilium,Lilium bulbiferum subsp. croceum
KW_T_423_17_0037L,KW_T_423_17_0037L.tif_segmented.png,4369864,2995,3599,#62615a,9.7,#a39b89,6.25,#74726a,5.99,#53504a,5.7,#b6af9d,4.96,#b6af9d,4.96,#a39b89,6.25,#62615a,9.7,#53504a,5.7,#8d877a,4.85,#a39b89,6.25,#8d877a,4.85,#b6af9d,4.96,#74726a,5.99,#62615a,9.7,#53504a,5.7,#a39b89,6.25,#8d877a,4.85,#62615a,9.7,#b6af9d,4.96,#a39b89,6.25,#8d877a,4.85,#b6af9d,4.96,#74726a,5.99,#62615a,9.7,,Puccinellia,Puccinellia fasciculata
KW_T_423_17_0039L,KW_T_423_17_0039L.tif_segmented.png,388174,2946,3611,#838c7f,4.91,#98a195,4.89,#bab9a5,3.67,#6d7367,3.09,#d6d481,1.44,#d6d481,1.44,#2a2822,1.15,#aea378,1.43,#bab9a5,3.67,#98a195,4.89,#2a2822,1.15,#aea378,1.43,#6d7367,3.09,#838c7f,4.91,#98a195,4.89,#d6d481,1.44,#2a2822,1.15,#aea378,1.43,#98a195,4.89,#838c7f,4.91,#2a2822,1.15,#aea378,1.43,#6d7367,3.09,#838c7f,4.91,#98a195,4.89,,Rhytidiadelphus,Rhytidiadelphus loreus
KW_T_423_17_0041L,KW_T_423_17_0041L.tif_segmented.png,1812118,2956,3603,#9ca095,4.61,#aeb1a5,3.9,#8b8f83,3.78,#7c796b,2.91,#b9ae8c,2.51,#b9ae8c,2.51,#665f51,1.56,#aeb1a5,3.9,#7c796b,2.91,#9ca095,4.61,#665f51,1.56,#b9ae8c,2.51,#7c796b,2.91,#8b8f83,3.78,#9ca095,4.61,#aeb1a5,3.9,#b9ae8c,2.51,#7c796b,2.91,#665f51,1.56,#9ca095,4.61,#665f51,1.56,#b9ae8c,2.51,#7c796b,2.91,#8b8f83,3.78,#9ca095,4.61,Tricholomataceae,Tricholoma,Tricholoma focale
KW_T_423_17_0043L,KW_T_423_17_0043L.tif_segmented.png,1830455,2958,3595,#999f8d,7.69,#88907e,7.68,#a7ae9c,7.15,#797e6f,4.92,#bdbea9,4.59,#b6a587,2.09,#bdbea9,4.59,#a7ae9c,7.15,#999f8d,7.69,#88907e,7.68,#b6a587,2.09,#a7ae9c,7.15,#686a5c,3.06,#999f8d,7.69,#797e6f,4.92,#a7ae9c,7.15,#999f8d,7.69,#797e6f,4.92,#88907e,7.68,#b6a587,2.09,#b6a587,2.09,#a7ae9c,7.15,#686a5c,3.06,#999f8d,7.69,#797e6f,4.92,,Hieracium,Hieracium Sect. Vulgata
KW_T_423_17_0045L,KW_T_423_17_0045L.tif_segmented.png,1175147,2956,3599,#b6af95,3.48,#a59c82,2.27,#917e67,1.68,#766451,0.84,#2b2722,0.6,#2b2722,0.6,#b6af95,3.48,#766451,0.84,#a59c82,2.27,#917e67,1.68,#2b2722,0.6,#766451,0.84,#917e67,1.68,#a59c82,2.27,#b6af95,3.48,#2b2722,0.6,#766451,0.84,#a59c82,2.27,#b6af95,3.48,#917e67,1.68,#2b2722,0.6,#766451,0.84,#917e67,1.68,#a59c82,2.27,#b6af95,3.48,Salicaceae,Salix,Salix spec.
KW_T_423_17_0047L,KW_T_423_17_0047L.tif_segmented.png,1478829,2970,3603,#9c8c77,3.23,#8a7867,3.04,#756659,3.03,#b0a187,2.91,#c3b799,2.79,#c3b799,2.79,#b0a187,2.91,#5f5348,1.82,#9c8c77,3.23,#756659,3.03,#b0a187,2.91,#9c8c77,3.23,#5f5348,1.82,#8a7867,3.04,#756659,3.03,#8a7867,3.04,#756659,3.03,#5f5348,1.82,#b0a187,2.91,#c3b799,2.79,#b0a187,2.91,#9c8c77,3.23,#5f5348,1.82,#8a7867,3.04,#756659,3.03,,Lilium,Lilium martagon
KW_T_423_17_0049L,KW_T_423_17_0049L.tif_segmented.png,2615736,2976,3607,#9a9a85,6.55,#acaf94,6.22,#858976,5.48,#c3bea1,4.86,#747568,4.12,#c3bea1,4.86,#2f2b24,0.68,#acaf94,6.22,#9a9a85,6.55,#858976,5.48,#2f2b24,0.68,#626157,2.26,#747568,4.12,#9a9a85,6.55,#858976,5.48,#2f2b24,0.68,#9a9a85,6.55,#acaf94,6.22,#858976,5.48,#c3bea1,4.86,#2f2b24,0.68,#626157,2.26,#747568,4.12,#9a9a85,6.55,#858976,5.48,,Ulota,Ulota bruchii
KW_T_423_17_0051L,KW_T_423_17_0051L.tif_segmented.png,673933,2988,3599,#a6a18b,3.4,#b7b5ae,2.49,#8c8c7e,2.47,#c4b795,2.11,#737366,1.32,#c4b795,2.11,#312e25,0.65,#a6a18b,3.4,#b7b5ae,2.49,#737366,1.32,#312e25,0.65,#737366,1.32,#8c8c7e,2.47,#a6a18b,3.4,#c4b795,2.11,#312e25,0.65,#a6a18b,3.4,#b7b5ae,2.49,#c4b795,2.11,#8c8c7e,2.47,#312e25,0.65,#737366,1.32,#8c8c7e,2.47,#a6a18b,3.4,#c4b795,2.11,Gymnosporangiaceae,Gymnosporangium,Gymnosporangium sabinae
KW_T_423_17_0053L,KW_T_423_17_0053L.tif_segmented.png,2815807,3001,3603,#97a197,5.2,#898f83,4.85,#b1b4a6,4.58,#bbaf8b,3.65,#72766c,2.76,#bbaf8b,3.65,#2e2c24,0.75,#b1b4a6,4.58,#97a197,5.2,#898f83,4.85,#2e2c24,0.75,#72766c,2.76,#898f83,4.85,#97a197,5.2,#bbaf8b,3.65,#2e2c24,0.75,#bbaf8b,3.65,#b1b4a6,4.58,#97a197,5.2,#898f83,4.85,#2e2c24,0.75,#72766c,2.76,#898f83,4.85,#97a197,5.2,#bbaf8b,3.65,,Rhus,Rhus radicans
KW_T_423_17_0055L,KW_T_423_17_0055L.tif_segmented.png,698607,2997,3603,#b5b099,3.62,#a79e85,3.06,#938870,2.51,#cabe9b,1.5,#716b5a,1.09,#cabe9b,1.5,#2b2822,0.82,#b5b099,3.62,#a79e85,3.06,#938870,2.51,#2b2822,0.82,#716b5a,1.09,#938870,2.51,#a79e85,3.06,#b5b099,3.62,#2b2822,0.82,#cabe9b,1.5,#716b5a,1.09,#a79e85,3.06,#b5b099,3.62,#2b2822,0.82,#716b5a,1.09,#938870,2.51,#a79e85,3.06,#b5b099,3.62,,Scorzonera,Scorzonera spec.
KW_T_423_17_0057L,KW_T_423_17_0057L.tif_segmented.png,2134969,2939,3607,#cbbc94,4.14,#baaa8b,3.62,#a89a7b,3.47,#97896e,3.0,#867760,2.7,#cbbc94,4.14,#baaa8b,3.62,#a89a7b,3.47,#6f634f,1.39,#867760,2.7,#6f634f,1.39,#867760,2.7,#97896e,3.0,#a89a7b,3.47,#baaa8b,3.62,#cbbc94,4.14,#6f634f,1.39,#867760,2.7,#baaa8b,3.62,#a89a7b,3.47,#6f634f,1.39,#867760,2.7,#97896e,3.0,#a89a7b,3.47,#baaa8b,3.62,,Scrophularia,Scrophularia umbrosa
KW_T_423_17_0059L,KW_T_423_17_0059L.tif_segmented.png,965989,2972,3603,#bbb19a,3.14,#a1a092,2.77,#898c82,2.33,#75796f,2.25,#606259,1.69,#bbb19a,3.14,#282520,1.25,#a1a092,2.77,#606259,1.69,#898c82,2.33,#606259,1.69,#282520,1.25,#75796f,2.25,#898c82,2.33,#a1a092,2.77,#282520,1.25,#a1a092,2.77,#75796f,2.25,#606259,1.69,#898c82,2.33,#606259,1.69,#282520,1.25,#75796f,2.25,#898c82,2.33,#a1a092,2.77,,Calliergon,Calliergon cordifolium
KW_T_423_17_0061L,KW_T_423_17_0061L.tif_segmented.png,1033152,2974,3595,#b0b29e,3.48,#c3c0a9,3.21,#9c9f8c,2.75,#888778,1.49,#2b2720,0.81,#2b2720,0.81,#c3c0a9,3.21,#b0b29e,3.48,#6d6859,0.64,#9c9f8c,2.75,#2b2720,0.81,#6d6859,0.64,#888778,1.49,#9c9f8c,2.75,#b0b29e,3.48,#2b2720,0.81,#9c9f8c,2.75,#b0b29e,3.48,#888778,1.49,#6d6859,0.64,#2b2720,0.81,#6d6859,0.64,#888778,1.49,#9c9f8c,2.75,#b0b29e,3.48,Grifolaceae,Grifola,Grifola frondosa
KW_T_423_17_0063L,KW_T_423_17_0063L.tif_segmented.png,977301,2988,3595,#a9ab97,8.25,#919688,8.06,#bcbead,7.85,#7c8277,7.72,#696a5e,5.01,#cebc48,1.27,#ddd780,1.24,#bcbead,7.85,#a9ab97,8.25,#696a5e,5.01,#a9ab97,8.25,#696a5e,5.01,#7c8277,7.72,#919688,8.06,#ddd780,1.24,#cebc48,1.27,#ddd780,1.24,#a9ab97,8.25,#7c8277,7.72,#bcbead,7.85,#a9ab97,8.25,#696a5e,5.01,#7c8277,7.72,#919688,8.06,#ddd780,1.24,,Viburnum,Viburnum lantana
KW_T_423_17_0065L,KW_T_423_17_0065L.tif_segmented.png,1313191,2988,3607,#b8b39d,3.78,#a7a18a,2.73,#968b71,2.51,#746853,1.21,#2c2922,0.75,#2c2922,0.75,#b8b39d,3.78,#746853,1.21,#a7a18a,2.73,#968b71,2.51,#2c2922,0.75,#746853,1.21,#968b71,2.51,#a7a18a,2.73,#b8b39d,3.78,#2c2922,0.75,#746853,1.21,#a7a18a,2.73,#b8b39d,3.78,#968b71,2.51,#2c2922,0.75,#746853,1.21,#968b71,2.51,#a7a18a,2.73,#b8b39d,3.78,Plantaginaceae,Veronica,Veronica persica
KW_T_423_17_0067L,KW_T_423_17_0067L.tif_segmented.png,894007,2988,3595,#bcaf8c,2.24,#6f5e46,1.63,#a99873,1.61,#8c7556,1.56,#312c25,0.75,#bcaf8c,2.24,#312c25,0.75,#a99873,1.61,#6f5e46,1.63,#8c7556,1.56,#312c25,0.75,#a99873,1.61,#8c7556,1.56,#6f5e46,1.63,#bcaf8c,2.24,#312c25,0.75,#bcaf8c,2.24,#a99873,1.61,#6f5e46,1.63,#8c7556,1.56,#312c25,0.75,#a99873,1.61,#8c7556,1.56,#6f5e46,1.63,#bcaf8c,2.24,,Eleocharis,Eleocharis uniglumis
KW_T_423_17_0069L,KW_T_423_17_0069L.tif_segmented.png,2934812,2999,3603,#656e66,6.65,#768179,5.76,#505851,4.29,#c2bda4,4.29,#a4a799,4.1,#c2bda4,4.29,#a2956f,1.55,#505851,4.29,#656e66,6.65,#a4a799,4.1,#a2956f,1.55,#a4a799,4.1,#8d938a,3.48,#768179,5.76,#656e66,6.65,#a4a799,4.1,#505851,4.29,#768179,5.76,#a2956f,1.55,#c2bda4,4.29,#a2956f,1.55,#a4a799,4.1,#8d938a,3.48,#768179,5.76,#656e66,6.65,,Bryum,Bryum argenteum
KW_T_423_17_0071L,KW_T_423_17_0071L.tif_segmented.png,1046970,2980,3595,#919784,3.54,#a9ac97,3.45,#7c806f,3.15,#656658,2.38,#292720,0.94,#c2b657,0.59,#292720,0.94,#a9ac97,3.45,#919784,3.54,#656658,2.38,#292720,0.94,#656658,2.38,#7c806f,3.15,#919784,3.54,#a9ac97,3.45,#c2b657,0.59,#292720,0.94,#7c806f,3.15,#a9ac97,3.45,#919784,3.54,#292720,0.94,#656658,2.38,#7c806f,3.15,#919784,3.54,#a9ac97,3.45,Gomphidiaceae ,Gomphidius,Gomphidius glutinosus
KW_T_423_17_0073L,KW_T_423_17_0073L.tif_segmented.png,2827502,2980,3607,#b5b7a0,8.21,#a5a690,6.95,#93927f,4.66,#7c7865,2.73,#c8ba4b,1.14,#dbd56f,1.13,#c8ba4b,1.14,#b5b7a0,8.21,#5b5648,0.91,#a5a690,6.95,#5b5648,0.91,#7c7865,2.73,#dbd56f,1.13,#c8ba4b,1.14,#93927f,4.66,#c8ba4b,1.14,#dbd56f,1.13,#a5a690,6.95,#7c7865,2.73,#5b5648,0.91,#5b5648,0.91,#7c7865,2.73,#dbd56f,1.13,#c8ba4b,1.14,#93927f,4.66,,Geranium,Geranium columbinum
KW_T_423_17_0075L,KW_T_423_17_0075L.tif_segmented.png,845228,2982,3591,#bab59e,3.21,#a9a287,2.37,#826b55,1.3,#94876f,1.28,#2d2921,0.66,#2d2921,0.66,#bab59e,3.21,#826b55,1.3,#a9a287,2.37,#94876f,1.28,#2d2921,0.66,#826b55,1.3,#94876f,1.28,#a9a287,2.37,#bab59e,3.21,#2d2921,0.66,#a9a287,2.37,#826b55,1.3,#bab59e,3.21,#94876f,1.28,#2d2921,0.66,#826b55,1.3,#94876f,1.28,#a9a287,2.37,#bab59e,3.21,Fabaceae,Trifolium,Trifolium subterraneum
KW_T_423_17_0077L,KW_T_423_17_0077L.tif_segmented.png,1709619,2984,3607,#9f998e,3.5,#adaba6,2.69,#89847c,2.5,#c8bc9e,1.93,#746c5f,1.66,#c8bc9e,1.93,#575042,1.62,#746c5f,1.66,#9f998e,3.5,#adaba6,2.69,#575042,1.62,#746c5f,1.66,#89847c,2.5,#9f998e,3.5,#adaba6,2.69,#adaba6,2.69,#575042,1.62,#746c5f,1.66,#c8bc9e,1.93,#9f998e,3.5,#575042,1.62,#746c5f,1.66,#89847c,2.5,#9f998e,3.5,#adaba6,2.69,,Anagallis,Anagallis arvensis subsp. foemina
KW_T_423_17_0079L,KW_T_423_17_0079L.tif_segmented.png,1275561,2992,3603,#696d64,4.07,#7c8176,3.82,#8d968e,3.25,#adae9f,3.25,#55594f,2.59,#a09372,2.09,#adae9f,3.25,#55594f,2.59,#696d64,4.07,#8d968e,3.25,#a09372,2.09,#adae9f,3.25,#7c8176,3.82,#8d968e,3.25,#696d64,4.07,#55594f,2.59,#adae9f,3.25,#7c8176,3.82,#a09372,2.09,#8d968e,3.25,#a09372,2.09,#adae9f,3.25,#7c8176,3.82,#8d968e,3.25,#696d64,4.07,Poaceae,Setaria,Setaria pumila
KW_T_423_17_0081L,KW_T_423_17_0081L.tif_segmented.png,2106804,2956,3587,#9f9e86,4.61,#b6b79f,3.93,#818574,2.91,#646c5f,2.91,#42534b,1.85,#dcd464,0.82,#b3a048,0.77,#42534b,1.85,#b6b79f,3.93,#9f9e86,4.61,#818574,2.91,#9f9e86,4.61,#646c5f,2.91,#b3a048,0.77,#42534b,1.85,#dcd464,0.82,#b3a048,0.77,#42534b,1.85,#9f9e86,4.61,#818574,2.91,#818574,2.91,#9f9e86,4.61,#646c5f,2.91,#b3a048,0.77,#42534b,1.85,Clitocybaceae,Clitocybe,Clitocybe spec.
KW_T_423_17_0083L,KW_T_423_17_0083L.tif_segmented.png,2310928,2960,3591,#9b9780,3.48,#bbb79f,3.31,#858170,3.0,#a7a693,2.93,#6d6658,2.18,#312d25,0.88,#bbb79f,3.31,#9b9780,3.48,#6d6658,2.18,#a7a693,2.93,#312d25,0.88,#6d6658,2.18,#858170,3.0,#9b9780,3.48,#a7a693,2.93,#312d25,0.88,#858170,3.0,#a7a693,2.93,#9b9780,3.48,#6d6658,2.18,#312d25,0.88,#6d6658,2.18,#858170,3.0,#9b9780,3.48,#a7a693,2.93,,Rosa,Rosa majalis
KW_T_423_17_0085L,KW_T_423_17_0085L.tif_segmented.png,801680,2974,3591,#b6ad96,3.64,#a4967d,2.59,#967f61,1.86,#79654e,1.46,#493b2a,0.6,#493b2a,0.6,#b6ad96,3.64,#79654e,1.46,#967f61,1.86,#a4967d,2.59,#493b2a,0.6,#79654e,1.46,#967f61,1.86,#a4967d,2.59,#b6ad96,3.64,#493b2a,0.6,#79654e,1.46,#b6ad96,3.64,#a4967d,2.59,#967f61,1.86,#493b2a,0.6,#79654e,1.46,#967f61,1.86,#a4967d,2.59,#b6ad96,3.64,,Malva,Malva pusilla
KW_T_423_17_0087L,KW_T_423_17_0087L.tif_segmented.png,1476784,2990,3603,#c2ba9e,3.04,#a79f88,2.33,#796f59,1.88,#918870,1.83,#5d5643,1.64,#c2ba9e,3.04,#27251e,0.84,#5d5643,1.64,#a79f88,2.33,#796f59,1.88,#27251e,0.84,#a79f88,2.33,#918870,1.83,#796f59,1.88,#5d5643,1.64,#27251e,0.84,#796f59,1.88,#5d5643,1.64,#a79f88,2.33,#918870,1.83,#27251e,0.84,#a79f88,2.33,#918870,1.83,#796f59,1.88,#5d5643,1.64,,Rumex,Rumex maritimus
KW_T_423_17_0089L,KW_T_423_17_0089L.tif_segmented.png,3050149,2995,3595,#afb39a,8.14,#9ea18b,6.32,#8a8e7c,5.7,#797a69,4.17,#646355,2.91,#afb39a,8.14,#9ea18b,6.32,#4c473e,1.04,#8a8e7c,5.7,#646355,2.91,#4c473e,1.04,#646355,2.91,#797a69,4.17,#8a8e7c,5.7,#9ea18b,6.32,#4c473e,1.04,#9ea18b,6.32,#afb39a,8.14,#797a69,4.17,#8a8e7c,5.7,#4c473e,1.04,#646355,2.91,#797a69,4.17,#8a8e7c,5.7,#9ea18b,6.32,,Orthotrichum,Orthotrichum sprucei
KW_T_423_17_0091L,KW_T_423_17_0091L.tif_segmented.png,2798966,2997,3591,#bfbdaf,5.49,#b0aa9a,4.98,#929e95,4.71,#7e8c85,3.32,#6c766f,2.93,#bfbdaf,5.49,#b0aa9a,4.98,#967774,1.59,#605d57,2.23,#929e95,4.71,#967774,1.59,#605d57,2.23,#b0aa9a,4.98,#929e95,4.71,#6c766f,2.93,#967774,1.59,#929e95,4.71,#b0aa9a,4.98,#7e8c85,3.32,#bfbdaf,5.49,#967774,1.59,#605d57,2.23,#b0aa9a,4.98,#929e95,4.71,#6c766f,2.93,,Laetiporus,Laetiporus sulphureus
KW_T_423_17_0093L,KW_T_423_17_0093L.tif_segmented.png,737053,3001,3587,#9da18d,2.2,#bcb396,1.75,#848577,1.3,#646257,1.16,#2c2720,0.66,#2c2720,0.66,#bcb396,1.75,#9da18d,2.2,#646257,1.16,#848577,1.3,#2c2720,0.66,#646257,1.16,#848577,1.3,#9da18d,2.2,#bcb396,1.75,#2c2720,0.66,#9da18d,2.2,#848577,1.3,#bcb396,1.75,#646257,1.16,#2c2720,0.66,#646257,1.16,#848577,1.3,#9da18d,2.2,#bcb396,1.75,,Scopolia,Scopolia carniolica
KW_T_423_17_0095L,KW_T_423_17_0095L.tif_segmented.png,797630,3001,3591,#b5ae97,2.98,#c3bca6,2.79,#a69d85,2.28,#968670,1.92,#846b58,1.74,#685445,0.96,#c3bca6,2.79,#846b58,1.74,#b5ae97,2.98,#a69d85,2.28,#685445,0.96,#846b58,1.74,#968670,1.92,#a69d85,2.28,#b5ae97,2.98,#846b58,1.74,#a69d85,2.28,#b5ae97,2.98,#c3bca6,2.79,#685445,0.96,#685445,0.96,#846b58,1.74,#968670,1.92,#a69d85,2.28,#b5ae97,2.98,Plantaginaceae,Veronica,Veronica polita
KW_T_423_17_0097L,KW_T_423_17_0097L.tif_segmented.png,1383146,3003,3607,#bfb89f,2.51,#b3a98d,2.17,#9e9985,1.8,#88826d,1.36,#666150,1.05,#2c2820,0.63,#bfb89f,2.51,#b3a98d,2.17,#666150,1.05,#9e9985,1.8,#2c2820,0.63,#666150,1.05,#88826d,1.36,#9e9985,1.8,#b3a98d,2.17,#2c2820,0.63,#666150,1.05,#88826d,1.36,#9e9985,1.8,#b3a98d,2.17,#2c2820,0.63,#666150,1.05,#88826d,1.36,#9e9985,1.8,#b3a98d,2.17,Poaceae,Avena,Avena strigosa
KW_T_423_17_0099L,KW_T_423_17_0099L.tif_segmented.png,356683,2925,3607,#82887e,6.04,#979e94,5.96,#aeb2a3,5.18,#6a6d64,4.05,#a19679,1.72,#2b2822,1.2,#a19679,1.72,#aeb2a3,5.18,#979e94,5.96,#82887e,6.04,#6a6d64,4.05,#82887e,6.04,#a19679,1.72,#979e94,5.96,#2b2822,1.2,#2b2822,1.2,#aeb2a3,5.18,#979e94,5.96,#82887e,6.04,#a19679,1.72,#6a6d64,4.05,#82887e,6.04,#a19679,1.72,#979e94,5.96,#2b2822,1.2,,Bryum,Bryum archangelicum
KW_T_423_17_0101L,KW_T_423_17_0101L.tif_segmented.png,1073730,2925,3599,#b2b099,2.75,#a79a78,2.07,#828070,2.06,#95988b,1.71,#69675b,1.25,#2b2821,1.14,#a79a78,2.07,#b2b099,2.75,#69675b,1.25,#828070,2.06,#2b2821,1.14,#69675b,1.25,#828070,2.06,#a79a78,2.07,#95988b,1.71,#2b2821,1.14,#828070,2.06,#a79a78,2.07,#b2b099,2.75,#95988b,1.71,#2b2821,1.14,#69675b,1.25,#828070,2.06,#a79a78,2.07,#95988b,1.71,,Thelephora,Thelephora caryophyllea
KW_T_423_17_0103L,KW_T_423_17_0103L.tif_segmented.png,676446,2970,3619,#93927e,3.24,#a5a793,3.03,#bdb89e,2.69,#7a7969,2.6,#646052,1.55,#2c2922,1.05,#bdb89e,2.69,#a5a793,3.03,#646052,1.55,#93927e,3.24,#646052,1.55,#7a7969,2.6,#93927e,3.24,#2c2922,1.05,#a5a793,3.03,#2c2922,1.05,#a5a793,3.03,#93927e,3.24,#7a7969,2.6,#646052,1.55,#646052,1.55,#7a7969,2.6,#93927e,3.24,#2c2922,1.05,#a5a793,3.03,,Cochlearia,Cochlearia anglica
KW_T_423_17_0105L,KW_T_423_17_0105L.tif_segmented.png,671530,2970,3623,#aeab96,2.24,#9b947c,1.93,#857362,1.26,#2a2721,1.04,#6c5c49,0.57,#2a2721,1.04,#6c5c49,0.57,#aeab96,2.24,#9b947c,1.93,#857362,1.26,#6c5c49,0.57,#857362,1.26,#2a2721,1.04,#9b947c,1.93,#aeab96,2.24,#2a2721,1.04,#857362,1.26,#aeab96,2.24,#6c5c49,0.57,#9b947c,1.93,#6c5c49,0.57,#857362,1.26,#2a2721,1.04,#9b947c,1.93,#aeab96,2.24,,Salvia,Salvia verbenaca
KW_T_423_17_0107L,KW_T_423_17_0107L.tif_segmented.png,2360281,2986,3635,#a29577,5.03,#afa385,4.78,#c2b8a1,3.26,#867b66,2.37,#6a6151,1.45,#28251f,1.07,#c2b8a1,3.26,#afa385,4.78,#a29577,5.03,#6a6151,1.45,#28251f,1.07,#6a6151,1.45,#867b66,2.37,#afa385,4.78,#a29577,5.03,#28251f,1.07,#afa385,4.78,#867b66,2.37,#6a6151,1.45,#a29577,5.03,#28251f,1.07,#6a6151,1.45,#867b66,2.37,#afa385,4.78,#a29577,5.03,,Cyperus,Cyperus flavescens
KW_T_423_17_0109L,KW_T_423_17_0109L.tif_segmented.png,1764708,2984,3631,#b3b29e,3.98,#989e90,3.77,#858d81,2.98,#797768,1.97,#2f2a22,1.03,#2f2a22,1.03,#695b44,0.68,#b3b29e,3.98,#989e90,3.77,#797768,1.97,#695b44,0.68,#797768,1.97,#858d81,2.98,#989e90,3.77,#2f2a22,1.03,#2f2a22,1.03,#797768,1.97,#989e90,3.77,#695b44,0.68,#b3b29e,3.98,#695b44,0.68,#797768,1.97,#858d81,2.98,#989e90,3.77,#2f2a22,1.03,,Bryum,Bryum radiculosum
KW_T_423_17_0111L,KW_T_423_17_0111L.tif_segmented.png,642271,2986,3627,#b1b59f,5.55,#9fa792,5.37,#919582,4.52,#7d8070,2.53,#666455,1.51,#b1b59f,5.55,#9fa792,5.37,#666455,1.51,#919582,4.52,#7d8070,2.53,#666455,1.51,#7d8070,2.53,#919582,4.52,#9fa792,5.37,#b1b59f,5.55,#9fa792,5.37,#7d8070,2.53,#919582,4.52,#b1b59f,5.55,#666455,1.51,#666455,1.51,#7d8070,2.53,#919582,4.52,#9fa792,5.37,#b1b59f,5.55,,Fistulina,Fistulina hepatica
KW_T_423_17_0113L,KW_T_423_17_0113L.tif_segmented.png,2611279,2974,3607,#b1b8a5,5.59,#a2a196,5.23,#928e84,4.26,#80796e,3.03,#bdb18f,1.91,#bdb18f,1.91,#695f50,1.53,#b1b8a5,5.59,#a2a196,5.23,#80796e,3.03,#695f50,1.53,#80796e,3.03,#bdb18f,1.91,#928e84,4.26,#a2a196,5.23,#b1b8a5,5.59,#695f50,1.53,#bdb18f,1.91,#80796e,3.03,#a2a196,5.23,#695f50,1.53,#80796e,3.03,#bdb18f,1.91,#928e84,4.26,#a2a196,5.23,,Montia,Montia fontana subsp. amporitana
KW_T_423_17_0115L,KW_T_423_17_0115L.tif_segmented.png,1267735,2978,3615,#babaac,3.38,#9ea494,3.02,#8f8d79,2.58,#b9ad91,2.11,#7c7561,1.83,#625742,0.86,#b9ad91,2.11,#babaac,3.38,#7c7561,1.83,#9ea494,3.02,#625742,0.86,#7c7561,1.83,#8f8d79,2.58,#9ea494,3.02,#b9ad91,2.11,#7c7561,1.83,#9ea494,3.02,#8f8d79,2.58,#babaac,3.38,#625742,0.86,#625742,0.86,#7c7561,1.83,#8f8d79,2.58,#9ea494,3.02,#b9ad91,2.11,,Tragopogon,Tragopogon pratensis subsp. minor
KW_T_423_17_0117L,KW_T_423_17_0117L.tif_segmented.png,1800613,2966,3607,#aa9c81,3.38,#94856f,2.15,#2b2721,1.04,#746756,1.01,,,#aa9c81,3.38,#2b2721,1.04,#94856f,2.15,#746756,1.01,,,#2b2721,1.04,#746756,1.01,#aa9c81,3.38,#94856f,2.15,,,#2b2721,1.04,#746756,1.01,#aa9c81,3.38,#94856f,2.15,,,#2b2721,1.04,#746756,1.01,#aa9c81,3.38,#94856f,2.15,,,,Rumex,Rumex hydrolapathum
KW_T_423_17_0119L,KW_T_423_17_0119L.tif_segmented.png,2608495,2966,3611,#797c6b,4.75,#bbaea0,4.26,#a4a48c,4.16,#88947e,4.15,#636154,2.71,#dbd682,0.85,#bbaea0,4.26,#a5867e,2.02,#636154,2.71,#a4a48c,4.16,#636154,2.71,#a5867e,2.02,#a4a48c,4.16,#797c6b,4.75,#88947e,4.15,#dbd682,0.85,#88947e,4.15,#a4a48c,4.16,#797c6b,4.75,#a5867e,2.02,#636154,2.71,#a5867e,2.02,#a4a48c,4.16,#797c6b,4.75,#88947e,4.15,,Bryum,Bryum pallens
KW_T_423_17_0121L,KW_T_423_17_0121L.tif_segmented.png,2917301,2972,3615,#abb59b,5.88,#9aa48e,5.81,#89917e,5.17,#767b6b,3.68,#636456,2.1,#abb59b,5.88,#2d2a25,0.95,#9aa48e,5.81,#89917e,5.17,#636456,2.1,#2d2a25,0.95,#636456,2.1,#767b6b,3.68,#abb59b,5.88,#9aa48e,5.81,#2d2a25,0.95,#9aa48e,5.81,#abb59b,5.88,#89917e,5.17,#767b6b,3.68,#2d2a25,0.95,#636456,2.1,#767b6b,3.68,#abb59b,5.88,#9aa48e,5.81,Grifolaceae,Grifola,Grifola frondosa
KW_T_423_17_0123L,KW_T_423_17_0123L.tif_segmented.png,1274410,2984,3651,#9b8d6e,3.38,#81735c,2.53,#b1a58a,2.31,#645646,1.36,#292722,1.36,#bfac6c,1.09,#b1a58a,2.31,#292722,1.36,#9b8d6e,3.38,#645646,1.36,#645646,1.36,#b1a58a,2.31,#81735c,2.53,#292722,1.36,#9b8d6e,3.38,#292722,1.36,#bfac6c,1.09,#81735c,2.53,#b1a58a,2.31,#645646,1.36,#645646,1.36,#b1a58a,2.31,#81735c,2.53,#292722,1.36,#9b8d6e,3.38,Ranunculaceae,Anemone,Anemone nemorosa 'Flore Pleno'
KW_T_423_17_0125L,KW_T_423_17_0125L.tif_segmented.png,1368699,2970,3623,#bcbca5,3.72,#aaa993,3.14,#99947f,2.52,#897b66,2.44,#6f614e,1.38,#2d2a24,1.26,#bcbca5,3.72,#6f614e,1.38,#897b66,2.44,#aaa993,3.14,#2d2a24,1.26,#6f614e,1.38,#897b66,2.44,#99947f,2.52,#aaa993,3.14,#2d2a24,1.26,#aaa993,3.14,#6f614e,1.38,#897b66,2.44,#99947f,2.52,#2d2a24,1.26,#6f614e,1.38,#897b66,2.44,#99947f,2.52,#aaa993,3.14,,Plantago,Plantago arenaria
KW_T_423_17_0127L,KW_T_423_17_0127L.tif_segmented.png,3481191,2954,3603,#d0bb82,5.31,#a3906c,4.97,#b8a57c,4.87,#8c7a5e,4.66,#776750,4.65,#d0bb82,5.31,#b8a57c,4.87,#a3906c,4.97,#5d5141,3.13,#776750,4.65,#b8a57c,4.87,#d0bb82,5.31,#5d5141,3.13,#776750,4.65,#8c7a5e,4.66,#d0bb82,5.31,#b8a57c,4.87,#776750,4.65,#a3906c,4.97,#5d5141,3.13,#b8a57c,4.87,#d0bb82,5.31,#5d5141,3.13,#776750,4.65,#8c7a5e,4.66,,Ammi,Ammi majus
KW_T_423_17_0129L,KW_T_423_17_0129L.tif_segmented.png,1505904,2968,3595,#acad9a,2.66,#736c56,2.29,#8e8c7c,1.64,#ccc591,1.46,#a69f6d,1.06,#ccc591,1.46,#2f2b24,0.82,#a69f6d,1.06,#736c56,2.29,#acad9a,2.66,#2f2b24,0.82,#a69f6d,1.06,#736c56,2.29,#ccc591,1.46,#8e8c7c,1.64,#2f2b24,0.82,#ccc591,1.46,#a69f6d,1.06,#736c56,2.29,#acad9a,2.66,#2f2b24,0.82,#a69f6d,1.06,#736c56,2.29,#ccc591,1.46,#8e8c7c,1.64,,Bryum,Bryum marratii
KW_T_423_17_0131L,KW_T_423_17_0131L.tif_segmented.png,717470,2974,3599,#7e7766,3.48,#a5a38f,2.88,#686456,2.7,#908c79,2.61,#bbb6a0,2.57,#cab468,0.35,#bbb6a0,2.57,#686456,2.7,#7e7766,3.48,#a5a38f,2.88,#686456,2.7,#7e7766,3.48,#908c79,2.61,#a5a38f,2.88,#bbb6a0,2.57,#cab468,0.35,#a5a38f,2.88,#7e7766,3.48,#908c79,2.61,#686456,2.7,#686456,2.7,#7e7766,3.48,#908c79,2.61,#a5a38f,2.88,#bbb6a0,2.57,,Entoloma,Entoloma clypeatum
KW_T_423_17_0133L,KW_T_423_17_0133L.tif_segmented.png,2768613,2974,3599,#c2bca5,4.91,#b5ad92,4.29,#9e9d8a,3.95,#8c8b76,3.36,#7b7763,2.3,#c2bca5,4.91,#b5ad92,4.29,#646151,1.52,#7b7763,2.3,#9e9d8a,3.95,#646151,1.52,#7b7763,2.3,#8c8b76,3.36,#9e9d8a,3.95,#b5ad92,4.29,#7b7763,2.3,#9e9d8a,3.95,#8c8b76,3.36,#646151,1.52,#b5ad92,4.29,#646151,1.52,#7b7763,2.3,#8c8b76,3.36,#9e9d8a,3.95,#b5ad92,4.29,Apiaceae,Torilis,Torilis arvensis
KW_T_423_17_0135L,KW_T_423_17_0135L.tif_segmented.png,1838268,2974,3599,#b8b4a0,3.38,#a4a08e,2.95,#908472,1.84,#786857,1.2,#2f2b24,0.75,#2f2b24,0.75,#b8b4a0,3.38,#786857,1.2,#a4a08e,2.95,#908472,1.84,#2f2b24,0.75,#786857,1.2,#908472,1.84,#a4a08e,2.95,#b8b4a0,3.38,#2f2b24,0.75,#786857,1.2,#a4a08e,2.95,#908472,1.84,#b8b4a0,3.38,#2f2b24,0.75,#786857,1.2,#908472,1.84,#a4a08e,2.95,#b8b4a0,3.38,Asteraceae,Crepis,Crepis foetida
KW_T_423_17_0137L,KW_T_423_17_0137L.tif_segmented.png,713870,2976,3615,#c8ba9e,2.28,#b0a187,1.79,#83634c,1.19,#5b4237,1.14,#2d2924,0.9,#c8ba9e,2.28,#5b4237,1.14,#83634c,1.19,#b0a187,1.79,#2d2924,0.9,#2d2924,0.9,#98816c,0.67,#5b4237,1.14,#b0a187,1.79,#83634c,1.19,#2d2924,0.9,#b0a187,1.79,#83634c,1.19,#5b4237,1.14,#c8ba9e,2.28,#2d2924,0.9,#98816c,0.67,#5b4237,1.14,#b0a187,1.79,#83634c,1.19,,Luzula,Luzula luzuloides
KW_T_423_17_0139L,KW_T_423_17_0139L.tif_segmented.png,2229944,3019,3619,#a4ab96,6.69,#8f9686,5.38,#696c5f,5.32,#7b8071,5.01,#c0bfa7,4.81,#d4cb62,1.21,#c0bfa7,4.81,#a4ab96,6.69,#55554c,4.12,#696c5f,5.32,#55554c,4.12,#696c5f,5.32,#a4ab96,6.69,#8f9686,5.38,#7b8071,5.01,#d4cb62,1.21,#a4ab96,6.69,#7b8071,5.01,#55554c,4.12,#8f9686,5.38,#55554c,4.12,#696c5f,5.32,#a4ab96,6.69,#8f9686,5.38,#7b8071,5.01,,Fucus,Fucus spiralis
KW_T_423_17_0141L,KW_T_423_17_0141L.tif_segmented.png,576586,3017,3611,#8f9a88,3.79,#a4a890,3.43,#c8c2a6,3.33,#808774,3.28,#adb5a5,2.7,#c8c2a6,3.33,#5c5d4e,2.09,#a4a890,3.43,#adb5a5,2.7,#6f7362,2.49,#5c5d4e,2.09,#6f7362,2.49,#a4a890,3.43,#808774,3.28,#8f9a88,3.79,#a4a890,3.43,#808774,3.28,#adb5a5,2.7,#8f9a88,3.79,#5c5d4e,2.09,#5c5d4e,2.09,#6f7362,2.49,#a4a890,3.43,#808774,3.28,#8f9a88,3.79,Hymenochaetaceae,Coltricia,Coltricia perennis
KW_T_423_17_0143L,KW_T_423_17_0143L.tif_segmented.png,2234686,3015,3599,#a3a78f,5.36,#817f6c,5.31,#bcb99c,5.3,#6e6b5c,4.88,#93927d,4.85,#bcb99c,5.3,#595548,3.04,#a3a78f,5.36,#6e6b5c,4.88,#93927d,4.85,#595548,3.04,#6e6b5c,4.88,#817f6c,5.31,#93927d,4.85,#a3a78f,5.36,#a3a78f,5.36,#817f6c,5.31,#595548,3.04,#93927d,4.85,#bcb99c,5.3,#595548,3.04,#6e6b5c,4.88,#817f6c,5.31,#93927d,4.85,#a3a78f,5.36,Papaveraceae,Corydalis,Corydalis cava
KW_T_423_17_0145L,KW_T_423_17_0145L.tif_segmented.png,398507,3015,3611,#c8c1a8,3.22,#b8b195,2.94,#a59e7f,1.8,#917f66,1.64,#78624f,1.19,#c8c1a8,3.22,#2b2822,0.93,#78624f,1.19,#b8b195,2.94,#a59e7f,1.8,#2b2822,0.93,#78624f,1.19,#917f66,1.64,#a59e7f,1.8,#b8b195,2.94,#2b2822,0.93,#a59e7f,1.8,#78624f,1.19,#b8b195,2.94,#917f66,1.64,#2b2822,0.93,#78624f,1.19,#917f66,1.64,#a59e7f,1.8,#b8b195,2.94,,Berteroa,Berteroa incana
KW_T_423_17_0147L,KW_T_423_17_0147L.tif_segmented.png,6185324,3007,3619,#7d6d56,8.22,#8d7e67,7.01,#6c5c48,6.8,#b8af9a,4.6,#9e9582,4.47,#6c5c48,6.8,#b8af9a,4.6,#5a4c3d,3.48,#7d6d56,8.22,#8d7e67,7.01,#9e9582,4.47,#b8af9a,4.6,#8d7e67,7.01,#7d6d56,8.22,#6c5c48,6.8,#7d6d56,8.22,#8d7e67,7.01,#6c5c48,6.8,#9e9582,4.47,#5a4c3d,3.48,#9e9582,4.47,#b8af9a,4.6,#8d7e67,7.01,#7d6d56,8.22,#6c5c48,6.8,,Viola,Viola riviniana
KW_T_423_17_0149L,KW_T_423_17_0149L.tif_segmented.png,799673,3009,3599,#b8b497,2.59,#a1a188,1.78,#888671,1.48,#716853,0.9,#292620,0.78,#292620,0.78,#b8b497,2.59,#716853,0.9,#a1a188,1.78,#888671,1.48,#292620,0.78,#716853,0.9,#888671,1.48,#a1a188,1.78,#b8b497,2.59,#292620,0.78,#a1a188,1.78,#716853,0.9,#888671,1.48,#b8b497,2.59,#292620,0.78,#716853,0.9,#888671,1.48,#a1a188,1.78,#b8b497,2.59,,Bryum,Bryum warneum
KW_T_423_17_0151L,KW_T_423_17_0151L.tif_segmented.png,332437,3003,3607,#939a81,4.85,#b8b99e,4.84,#a4ab91,4.37,#82856e,3.19,#6f6a55,1.52,#b8b99e,4.84,#6f6a55,1.52,#a4ab91,4.37,#939a81,4.85,#82856e,3.19,#6f6a55,1.52,#82856e,3.19,#939a81,4.85,#a4ab91,4.37,#b8b99e,4.84,#939a81,4.85,#a4ab91,4.37,#82856e,3.19,#6f6a55,1.52,#b8b99e,4.84,#6f6a55,1.52,#82856e,3.19,#939a81,4.85,#a4ab91,4.37,#b8b99e,4.84,,Chroogomphus,Chroogomphus rutilus
KW_T_423_17_0153L,KW_T_423_17_0153L.tif_segmented.png,938527,3003,3607,#c4bb9f,4.3,#acab96,3.71,#a19783,3.44,#8c8272,2.42,#7d6b5c,2.16,#c4bb9f,4.3,#62564b,1.34,#7d6b5c,2.16,#acab96,3.71,#a19783,3.44,#62564b,1.34,#7d6b5c,2.16,#8c8272,2.42,#a19783,3.44,#acab96,3.71,#7d6b5c,2.16,#62564b,1.34,#acab96,3.71,#8c8272,2.42,#a19783,3.44,#62564b,1.34,#7d6b5c,2.16,#8c8272,2.42,#a19783,3.44,#acab96,3.71,,Helianthemum,Helianthemum nummularium
KW_T_423_17_0155L,KW_T_423_17_0155L.tif_segmented.png,1089876,3001,3619,#c2b79b,3.62,#afa48a,2.74,#806f55,1.98,#9a8c73,1.8,#2c2a24,0.98,#c2b79b,3.62,#2c2a24,0.98,#806f55,1.98,#afa48a,2.74,#9a8c73,1.8,#2c2a24,0.98,#806f55,1.98,#9a8c73,1.8,#afa48a,2.74,#c2b79b,3.62,#2c2a24,0.98,#806f55,1.98,#afa48a,2.74,#c2b79b,3.62,#9a8c73,1.8,#2c2a24,0.98,#806f55,1.98,#9a8c73,1.8,#afa48a,2.74,#c2b79b,3.62,,Bupleurum,Bupleurum tenuissimum
KW_T_423_17_0157L,KW_T_423_17_0157L.tif_segmented.png,2535242,2997,3619,#908363,4.78,#c8bb90,4.68,#776b53,3.97,#baa470,3.95,#9c997b,3.55,#c8bb90,4.68,#baa470,3.95,#585243,2.41,#776b53,3.97,#908363,4.78,#585243,2.41,#9c997b,3.55,#776b53,3.97,#908363,4.78,#baa470,3.95,#baa470,3.95,#c8bb90,4.68,#776b53,3.97,#585243,2.41,#9c997b,3.55,#585243,2.41,#9c997b,3.55,#776b53,3.97,#908363,4.78,#baa470,3.95,,Senecio,Senecio ovatus
KW_T_423_17_0159L,KW_T_423_17_0159L.tif_segmented.png,272164,2992,3611,#afac92,4.84,#c3c1a5,4.39,#9a987f,4.26,#83806d,4.0,#666556,2.66,#d4d07f,1.09,#2a2721,1.15,#c3c1a5,4.39,#afac92,4.84,#9a987f,4.26,#666556,2.66,#83806d,4.0,#9a987f,4.26,#2a2721,1.15,#afac92,4.84,#d4d07f,1.09,#2a2721,1.15,#83806d,4.0,#9a987f,4.26,#afac92,4.84,#666556,2.66,#83806d,4.0,#9a987f,4.26,#2a2721,1.15,#afac92,4.84,,Bryum,Bryum knowltonii
KW_T_423_17_0161L,KW_T_423_17_0161L.tif_segmented.png,775812,2990,3599,#908e7b,3.99,#a1a28f,3.97,#bab49a,3.86,#78796b,3.25,#615e52,2.51,#bab49a,3.86,#292621,0.81,#a1a28f,3.97,#615e52,2.51,#908e7b,3.99,#292621,0.81,#615e52,2.51,#78796b,3.25,#908e7b,3.99,#a1a28f,3.97,#292621,0.81,#a1a28f,3.97,#908e7b,3.99,#78796b,3.25,#615e52,2.51,#292621,0.81,#615e52,2.51,#78796b,3.25,#908e7b,3.99,#a1a28f,3.97,,Dolichospermum,Dolichospermum circinale
KW_T_423_17_0163L,KW_T_423_17_0163L.tif_segmented.png,2233175,2986,3599,#767e75,5.37,#87928b,5.32,#9fa89e,4.41,#bcbeaa,4.39,#a49879,2.41,#a49879,2.41,#bcbeaa,4.39,#62665c,1.96,#9fa89e,4.41,#767e75,5.37,#a49879,2.41,#62665c,1.96,#9fa89e,4.41,#767e75,5.37,#87928b,5.32,#9fa89e,4.41,#767e75,5.37,#bcbeaa,4.39,#a49879,2.41,#87928b,5.32,#a49879,2.41,#62665c,1.96,#9fa89e,4.41,#767e75,5.37,#87928b,5.32,,Erysimum,Erysimum virgatum
KW_T_423_17_0165L,KW_T_423_17_0165L.tif_segmented.png,814067,2984,3607,#bab6a0,2.27,#aea68b,2.13,#9b9075,1.4,#2a2721,1.06,#756652,0.72,#2a2721,1.06,#bab6a0,2.27,#aea68b,2.13,#756652,0.72,#9b9075,1.4,#756652,0.72,#2a2721,1.06,#9b9075,1.4,#aea68b,2.13,#bab6a0,2.27,#2a2721,1.06,#756652,0.72,#aea68b,2.13,#bab6a0,2.27,#9b9075,1.4,#756652,0.72,#2a2721,1.06,#9b9075,1.4,#aea68b,2.13,#bab6a0,2.27,,Centaurea,Centaurea solstitialis
KW_T_423_17_0167L,KW_T_423_17_0167L.tif_segmented.png,2513194,2974,3599,#c1b799,4.38,#ada389,3.99,#928059,3.04,#c2a85f,2.63,#998d75,2.56,#c2a85f,2.63,#c1b799,4.38,#928059,3.04,#675d4d,1.57,#ada389,3.99,#675d4d,1.57,#928059,3.04,#998d75,2.56,#ada389,3.99,#c2a85f,2.63,#c2a85f,2.63,#675d4d,1.57,#ada389,3.99,#928059,3.04,#c1b799,4.38,#675d4d,1.57,#928059,3.04,#998d75,2.56,#ada389,3.99,#c2a85f,2.63,,Scrophularia,Scrophularia auriculata
KW_T_423_18_0009L,KW_T_423_18_0009L.tif_segmented.png,2056261,2960,3623,#999487,4.48,#c0bea5,4.22,#aaa895,4.08,#847f6f,3.25,#6c6759,2.0,#c0bea5,4.22,#2c2924,1.04,#aaa895,4.08,#6c6759,2.0,#999487,4.48,#2c2924,1.04,#6c6759,2.0,#847f6f,3.25,#aaa895,4.08,#999487,4.48,#2c2924,1.04,#847f6f,3.25,#aaa895,4.08,#c0bea5,4.22,#6c6759,2.0,#2c2924,1.04,#6c6759,2.0,#847f6f,3.25,#aaa895,4.08,#999487,4.48,,Bryum,Bryum uliginosum
KW_T_423_18_0011L,KW_T_423_18_0011L.tif_segmented.png,2673795,2968,3631,#a8b0a2,6.26,#9d9f91,5.34,#bbc0b1,4.34,#8b887b,3.21,#c7ba9a,2.66,#c7ba9a,2.66,#2e2b26,1.09,#bbc0b1,4.34,#a8b0a2,6.26,#736b5e,2.31,#2e2b26,1.09,#736b5e,2.31,#8b887b,3.21,#9d9f91,5.34,#a8b0a2,6.26,#2e2b26,1.09,#a8b0a2,6.26,#bbc0b1,4.34,#9d9f91,5.34,#c7ba9a,2.66,#2e2b26,1.09,#736b5e,2.31,#8b887b,3.21,#9d9f91,5.34,#a8b0a2,6.26,,Pleurotus,Pleurotus ostreatus
KW_T_423_18_0013L,KW_T_423_18_0013L.tif_segmented.png,360305,2974,3631,#beb99e,4.12,#959078,3.28,#9fa691,2.94,#b8a582,2.58,#807a68,2.14,#b8a582,2.58,#beb99e,4.12,#686151,1.21,#959078,3.28,#9fa691,2.94,#686151,1.21,#807a68,2.14,#959078,3.28,#9fa691,2.94,#b8a582,2.58,#9fa691,2.94,#b8a582,2.58,#807a68,2.14,#686151,1.21,#959078,3.28,#686151,1.21,#807a68,2.14,#959078,3.28,#9fa691,2.94,#b8a582,2.58,,Sinapis,Sinapis alba
KW_T_423_18_0015L,KW_T_423_18_0015L.tif_segmented.png,827033,2976,3627,#bbad97,2.71,#a99984,2.01,#94816c,1.65,#786855,0.88,#2b2822,0.85,#2b2822,0.85,#bbad97,2.71,#a99984,2.01,#786855,0.88,#94816c,1.65,#2b2822,0.85,#786855,0.88,#94816c,1.65,#a99984,2.01,#bbad97,2.71,#2b2822,0.85,#786855,0.88,#a99984,2.01,#94816c,1.65,#bbad97,2.71,#2b2822,0.85,#786855,0.88,#94816c,1.65,#a99984,2.01,#bbad97,2.71,,Potentilla,Potentilla alba
KW_T_423_18_0017L,KW_T_423_18_0017L.tif_segmented.png,1513487,2931,3623,#bab19b,2.36,#2e2b25,1.3,#a39a88,1.05,#837867,0.36,,,#2e2b25,1.3,#bab19b,2.36,#a39a88,1.05,#837867,0.36,,,#2e2b25,1.3,#837867,0.36,#a39a88,1.05,#bab19b,2.36,,,#2e2b25,1.3,#837867,0.36,#a39a88,1.05,#bab19b,2.36,,,#2e2b25,1.3,#837867,0.36,#a39a88,1.05,#bab19b,2.36,,,,Carpinus,Carpinus betulus 
KW_T_423_18_0019L,KW_T_423_18_0019L.tif_segmented.png,7950322,2921,3623,#e3dbce,57.17,#dcd4c0,13.44,#cac9af,5.15,#80866f,4.57,#1f1d19,2.68,#e3dbce,57.17,#d8d26d,1.32,#dcd4c0,13.44,#1f1d19,2.68,#cac9af,5.15,#1f1d19,2.68,#6a6e5c,2.56,#80866f,4.57,#d8d26d,1.32,#cac9af,5.15,#d8d26d,1.32,#1f1d19,2.68,#80866f,4.57,#cac9af,5.15,#6a6e5c,2.56,#1f1d19,2.68,#6a6e5c,2.56,#80866f,4.57,#d8d26d,1.32,#cac9af,5.15,,Bryum,Bryum algovicum
KW_T_423_18_0021L,KW_T_423_18_0021L.tif_segmented.png,2911528,2917,3615,#aeb39e,6.02,#959e8b,5.9,#858d7a,5.39,#737466,3.55,#5d5a4d,2.51,#cbc271,2.14,#aeb39e,6.02,#5d5a4d,2.51,#959e8b,5.9,#858d7a,5.39,#5d5a4d,2.51,#737466,3.55,#858d7a,5.39,#959e8b,5.9,#aeb39e,6.02,#cbc271,2.14,#959e8b,5.9,#858d7a,5.39,#aeb39e,6.02,#5d5a4d,2.51,#5d5a4d,2.51,#737466,3.55,#858d7a,5.39,#959e8b,5.9,#aeb39e,6.02,,Hydnellum,Hydnellum concrescens
KW_T_423_18_0023L,KW_T_423_18_0023L.tif_segmented.png,1494508,2915,3627,#c4bca1,3.21,#b3ac8d,2.8,#88816b,2.28,#9c977e,2.27,#6b6555,1.61,#c4bca1,3.21,#292721,0.9,#b3ac8d,2.8,#6b6555,1.61,#9c977e,2.27,#292721,0.9,#6b6555,1.61,#88816b,2.28,#9c977e,2.27,#b3ac8d,2.8,#292721,0.9,#b3ac8d,2.8,#88816b,2.28,#6b6555,1.61,#9c977e,2.27,#292721,0.9,#6b6555,1.61,#88816b,2.28,#9c977e,2.27,#b3ac8d,2.8,,Scutellaria,Scutellaria columnae
KW_T_423_18_0025L,KW_T_423_18_0025L.tif_segmented.png,797675,2935,3643,#bab59e,2.4,#aaa389,2.14,#94856a,1.34,#2b2823,1.11,#77634e,0.98,#2b2823,1.11,#bab59e,2.4,#77634e,0.98,#aaa389,2.14,#94856a,1.34,#2b2823,1.11,#77634e,0.98,#94856a,1.34,#aaa389,2.14,#bab59e,2.4,#2b2823,1.11,#aaa389,2.14,#77634e,0.98,#94856a,1.34,#bab59e,2.4,#2b2823,1.11,#77634e,0.98,#94856a,1.34,#aaa389,2.14,#bab59e,2.4,Plantaginaceae,Veronica,Veronica prostrata
KW_T_423_18_0027L,KW_T_423_18_0027L.tif_segmented.png,2992523,2935,3623,#cabb9b,5.6,#b9ab8e,4.39,#a89b80,3.16,#948772,2.64,#7a6f5e,1.41,#cabb9b,5.6,#b9ab8e,4.39,#4d463b,0.55,#a89b80,3.16,#948772,2.64,#4d463b,0.55,#7a6f5e,1.41,#948772,2.64,#a89b80,3.16,#b9ab8e,4.39,#4d463b,0.55,#7a6f5e,1.41,#b9ab8e,4.39,#cabb9b,5.6,#a89b80,3.16,#4d463b,0.55,#7a6f5e,1.41,#948772,2.64,#a89b80,3.16,#b9ab8e,4.39,,Narcissus,Narcissus poeticus
KW_T_423_18_0029L,KW_T_423_18_0029L.tif_segmented.png,1403120,2925,3631,#a7ac8f,4.1,#979a7e,3.51,#b8bea1,3.49,#82866f,2.64,#c7c08a,2.23,#c7c08a,2.23,#b8bea1,3.49,#a7ac8f,4.1,#676957,1.45,#979a7e,3.51,#676957,1.45,#82866f,2.64,#979a7e,3.51,#a7ac8f,4.1,#c7c08a,2.23,#c7c08a,2.23,#82866f,2.64,#a7ac8f,4.1,#979a7e,3.51,#b8bea1,3.49,#676957,1.45,#82866f,2.64,#979a7e,3.51,#a7ac8f,4.1,#c7c08a,2.23,,Bryum,Bryum intermedium
KW_T_423_18_0031L,KW_T_423_18_0031L.tif_segmented.png,1349217,2844,3643,#9ca696,4.26,#8b9488,3.85,#b0b6a0,3.58,#7a8073,2.93,#66685d,2.02,#b0b6a0,3.58,#9ca696,4.26,#66685d,2.02,#8b9488,3.85,#7a8073,2.93,#66685d,2.02,#7a8073,2.93,#8b9488,3.85,#9ca696,4.26,#b0b6a0,3.58,#9ca696,4.26,#7a8073,2.93,#b0b6a0,3.58,#8b9488,3.85,#66685d,2.02,#66685d,2.02,#7a8073,2.93,#8b9488,3.85,#9ca696,4.26,#b0b6a0,3.58,,Ramaria,Ramaria spec.
KW_T_423_18_0033L,KW_T_423_18_0033L.tif_segmented.png,2495808,2927,3631,#9fa890,4.65,#aeb7a3,4.05,#90957e,3.56,#c1c08b,3.37,#797c6a,2.72,#c1c08b,3.37,#aeb7a3,4.05,#9fa890,4.65,#5f5f52,1.28,#90957e,3.56,#5f5f52,1.28,#797c6a,2.72,#c1c08b,3.37,#90957e,3.56,#9fa890,4.65,#c1c08b,3.37,#9fa890,4.65,#90957e,3.56,#797c6a,2.72,#aeb7a3,4.05,#5f5f52,1.28,#797c6a,2.72,#c1c08b,3.37,#90957e,3.56,#9fa890,4.65,Caryophyllaceae,Dianthus,Dianthus carthusianorum
KW_T_423_18_0035L,KW_T_423_18_0035L.tif_segmented.png,665575,2958,3615,#beb8a0,2.52,#aca48a,1.5,#2c2923,0.92,#97886e,0.9,#7d6951,0.61,#2c2923,0.92,#beb8a0,2.52,#7d6951,0.61,#aca48a,1.5,#97886e,0.9,#2c2923,0.92,#7d6951,0.61,#97886e,0.9,#aca48a,1.5,#beb8a0,2.52,#2c2923,0.92,#7d6951,0.61,#aca48a,1.5,#beb8a0,2.52,#97886e,0.9,#2c2923,0.92,#7d6951,0.61,#97886e,0.9,#aca48a,1.5,#beb8a0,2.52,,Cerastium,Cerastium glomeratum
KW_T_423_18_0037L,KW_T_423_18_0037L.tif_segmented.png,1521826,2888,3619,#bcb4a1,2.62,#a9a193,1.34,#2f2b24,0.67,#7b7264,0.25,,,#2f2b24,0.67,#bcb4a1,2.62,#a9a193,1.34,#7b7264,0.25,,,#2f2b24,0.67,#7b7264,0.25,#a9a193,1.34,#bcb4a1,2.62,,,#2f2b24,0.67,#a9a193,1.34,#7b7264,0.25,#bcb4a1,2.62,,,#2f2b24,0.67,#7b7264,0.25,#a9a193,1.34,#bcb4a1,2.62,,,,Lupinus,Lupinus luteus
KW_T_423_18_0039L,KW_T_423_18_0039L.tif_segmented.png,1720618,2937,3619,#bcc19c,4.45,#aab092,3.9,#979b84,2.99,#83846f,1.95,#9f8e69,1.4,#bcc19c,4.45,#9f8e69,1.4,#aab092,3.9,#6c6a59,0.93,#979b84,2.99,#6c6a59,0.93,#83846f,1.95,#9f8e69,1.4,#979b84,2.99,#aab092,3.9,#bcc19c,4.45,#aab092,3.9,#979b84,2.99,#83846f,1.95,#9f8e69,1.4,#6c6a59,0.93,#83846f,1.95,#9f8e69,1.4,#979b84,2.99,#aab092,3.9,,Bryum,Bryum cf. creberrimum
KW_T_423_18_0041L,KW_T_423_18_0041L.tif_segmented.png,930954,2937,3639,#c5c1a4,3.02,#acaf96,2.65,#9b9981,2.14,#878573,1.78,#716f5e,1.35,#c5c1a4,3.02,#2c2923,0.78,#acaf96,2.65,#9b9981,2.14,#716f5e,1.35,#2c2923,0.78,#716f5e,1.35,#878573,1.78,#9b9981,2.14,#acaf96,2.65,#2c2923,0.78,#acaf96,2.65,#878573,1.78,#9b9981,2.14,#716f5e,1.35,#2c2923,0.78,#716f5e,1.35,#878573,1.78,#9b9981,2.14,#acaf96,2.65,,Gyroporus,Gyroporus castaneus
KW_T_423_18_0043L,KW_T_423_18_0043L.tif_segmented.png,927092,2966,3627,#848d79,5.05,#afb49c,4.68,#9aa08a,4.67,#717464,4.2,#5a5d4f,3.44,#2a2821,0.86,#afb49c,4.68,#9aa08a,4.67,#5a5d4f,3.44,#848d79,5.05,#2a2821,0.86,#5a5d4f,3.44,#717464,4.2,#9aa08a,4.67,#848d79,5.05,#2a2821,0.86,#9aa08a,4.67,#848d79,5.05,#afb49c,4.68,#5a5d4f,3.44,#2a2821,0.86,#5a5d4f,3.44,#717464,4.2,#9aa08a,4.67,#848d79,5.05,,Fragaria,Fragaria moschata
KW_T_423_18_0045L,KW_T_423_18_0045L.tif_segmented.png,859331,2968,3623,#b6af98,2.93,#a5977b,1.69,#918167,1.55,#756852,0.8,#534434,0.39,#534434,0.39,#b6af98,2.93,#a5977b,1.69,#756852,0.8,#918167,1.55,#534434,0.39,#756852,0.8,#918167,1.55,#a5977b,1.69,#b6af98,2.93,#756852,0.8,#534434,0.39,#918167,1.55,#b6af98,2.93,#a5977b,1.69,#534434,0.39,#756852,0.8,#918167,1.55,#a5977b,1.69,#b6af98,2.93,,Genista,Genista sagittalis
KW_T_423_18_0047L,KW_T_423_18_0047L.tif_segmented.png,2639104,2972,3647,#85715a,4.55,#968266,4.2,#70614e,2.86,#b6ad97,2.77,#a0947e,2.6,#b6ad97,2.77,#5d4f40,1.99,#85715a,4.55,#968266,4.2,#70614e,2.86,#5d4f40,1.99,#b6ad97,2.77,#70614e,2.86,#a0947e,2.6,#85715a,4.55,#70614e,2.86,#85715a,4.55,#5d4f40,1.99,#968266,4.2,#b6ad97,2.77,#5d4f40,1.99,#b6ad97,2.77,#70614e,2.86,#a0947e,2.6,#85715a,4.55,,Verbascum,Verbascum thapsus
KW_T_423_18_0049L,KW_T_423_18_0049L.tif_segmented.png,1093497,2978,3635,#9e9a87,3.46,#aeaf9f,2.64,#868173,2.52,#bdb190,1.57,#6e6554,1.4,#bdb190,1.57,#6e6554,1.4,#aeaf9f,2.64,#9e9a87,3.46,#868173,2.52,#6e6554,1.4,#868173,2.52,#9e9a87,3.46,#aeaf9f,2.64,#bdb190,1.57,#9e9a87,3.46,#6e6554,1.4,#868173,2.52,#aeaf9f,2.64,#bdb190,1.57,#6e6554,1.4,#868173,2.52,#9e9a87,3.46,#aeaf9f,2.64,#bdb190,1.57,,Bryum,Bryum torquescens
KW_T_423_18_0051L,KW_T_423_18_0051L.tif_segmented.png,889176,2986,3615,#c0c39c,6.02,#b3b592,5.55,#a3a287,3.27,#918e75,2.35,#796c57,1.02,#c0c39c,6.02,#2d2920,0.6,#b3b592,5.55,#796c57,1.02,#a3a287,3.27,#2d2920,0.6,#796c57,1.02,#918e75,2.35,#a3a287,3.27,#b3b592,5.55,#2d2920,0.6,#c0c39c,6.02,#b3b592,5.55,#796c57,1.02,#a3a287,3.27,#2d2920,0.6,#796c57,1.02,#918e75,2.35,#a3a287,3.27,#b3b592,5.55,Cortinariaceae,Cortinarius,Cortinarius spec.
KW_T_423_18_0053L,KW_T_423_18_0053L.tif_segmented.png,501350,2986,3615,#bbb596,2.69,#a9a489,1.55,#958e76,1.12,#7d735f,0.74,#322e26,0.45,#322e26,0.45,#bbb596,2.69,#a9a489,1.55,#7d735f,0.74,#958e76,1.12,#322e26,0.45,#7d735f,0.74,#958e76,1.12,#a9a489,1.55,#bbb596,2.69,#322e26,0.45,#7d735f,0.74,#a9a489,1.55,#bbb596,2.69,#958e76,1.12,#322e26,0.45,#7d735f,0.74,#958e76,1.12,#a9a489,1.55,#bbb596,2.69,,Potentilla,Potentilla sterilis
KW_T_423_18_0055L,KW_T_423_18_0055L.tif_segmented.png,1343387,2984,3615,#c0b89b,4.02,#b3a98b,2.72,#a19377,1.41,#887760,0.93,#302c24,0.74,#302c24,0.74,#c0b89b,4.02,#b3a98b,2.72,#887760,0.93,#a19377,1.41,#302c24,0.74,#887760,0.93,#a19377,1.41,#b3a98b,2.72,#c0b89b,4.02,#302c24,0.74,#b3a98b,2.72,#887760,0.93,#c0b89b,4.02,#a19377,1.41,#302c24,0.74,#887760,0.93,#a19377,1.41,#b3a98b,2.72,#c0b89b,4.02,,Primula,Primula veris
KW_T_423_18_0057L,KW_T_423_18_0057L.tif_segmented.png,956389,2909,3631,#afa184,1.98,#c4b694,1.88,#948771,1.33,#292620,1.12,#736756,0.83,#c4b694,1.88,#292620,1.12,#afa184,1.98,#736756,0.83,#948771,1.33,#292620,1.12,#736756,0.83,#948771,1.33,#afa184,1.98,#c4b694,1.88,#292620,1.12,#736756,0.83,#afa184,1.98,#c4b694,1.88,#948771,1.33,#292620,1.12,#736756,0.83,#948771,1.33,#afa184,1.98,#c4b694,1.88,Cyperaceae,Carex,Carex ericetorum
KW_T_423_18_0059L,KW_T_423_18_0059L.tif_segmented.png,2953099,2980,3615,#919f91,5.95,#7f8b7f,5.75,#a9b2a1,5.03,#bfc3ae,4.54,#6a7065,2.16,#dfda71,1.54,#ccbe54,1.38,#bfc3ae,4.54,#a9b2a1,5.03,#6a7065,2.16,#a9b2a1,5.03,#6a7065,2.16,#ccbe54,1.38,#919f91,5.95,#7f8b7f,5.75,#dfda71,1.54,#ccbe54,1.38,#a9b2a1,5.03,#919f91,5.95,#bfc3ae,4.54,#a9b2a1,5.03,#6a7065,2.16,#ccbe54,1.38,#919f91,5.95,#7f8b7f,5.75,,Bryum,Bryum pallens
KW_T_423_18_0061L,KW_T_423_18_0061L.tif_segmented.png,1227542,2982,3619,#bfbda9,3.78,#a8ae9c,3.16,#969d8f,3.14,#868c80,2.62,#72766b,1.14,#3a342a,0.46,#bfbda9,3.78,#a8ae9c,3.16,#969d8f,3.14,#72766b,1.14,#3a342a,0.46,#72766b,1.14,#a8ae9c,3.16,#969d8f,3.14,#868c80,2.62,#3a342a,0.46,#a8ae9c,3.16,#969d8f,3.14,#868c80,2.62,#bfbda9,3.78,#3a342a,0.46,#72766b,1.14,#a8ae9c,3.16,#969d8f,3.14,#868c80,2.62,Hygrophoraceae,Hygrophorus,Hygrophorus hypothejus
KW_T_423_18_0063L,KW_T_423_18_0063L.tif_segmented.png,97020,2995,3627,#a7a491,2.58,#bebaa5,2.49,#918c7d,1.57,#2e2a23,0.94,#7b7467,0.7,#2e2a23,0.94,#bebaa5,2.49,#a7a491,2.58,#7b7467,0.7,#918c7d,1.57,#2e2a23,0.94,#7b7467,0.7,#918c7d,1.57,#a7a491,2.58,#bebaa5,2.49,#2e2a23,0.94,#a7a491,2.58,#7b7467,0.7,#918c7d,1.57,#bebaa5,2.49,#2e2a23,0.94,#7b7467,0.7,#918c7d,1.57,#a7a491,2.58,#bebaa5,2.49,,Actaea,Actaea spicata
KW_T_423_18_0065L,KW_T_423_18_0065L.tif_segmented.png,781447,2995,3627,#c1baa5,1.9,#b2a992,1.51,#a39478,1.46,#2e2a23,0.86,#897a64,0.8,#2e2a23,0.86,#c1baa5,1.9,#a39478,1.46,#b2a992,1.51,#897a64,0.8,#2e2a23,0.86,#897a64,0.8,#a39478,1.46,#b2a992,1.51,#c1baa5,1.9,#2e2a23,0.86,#897a64,0.8,#b2a992,1.51,#a39478,1.46,#c1baa5,1.9,#2e2a23,0.86,#897a64,0.8,#a39478,1.46,#b2a992,1.51,#c1baa5,1.9,,Orchis,Orchis militaris
KW_T_423_18_0067L,KW_T_423_18_0067L.tif_segmented.png,1586750,2999,3619,#c4c7b1,7.19,#b8b79d,2.63,#a7a184,2.37,#dbd390,1.72,#8e8770,1.54,#dbd390,1.72,#c4c7b1,7.19,#7a6852,0.61,#a7a184,2.37,#b8b79d,2.63,#7a6852,0.61,#dbd390,1.72,#8e8770,1.54,#a7a184,2.37,#b8b79d,2.63,#dbd390,1.72,#7a6852,0.61,#c4c7b1,7.19,#a7a184,2.37,#8e8770,1.54,#7a6852,0.61,#dbd390,1.72,#8e8770,1.54,#a7a184,2.37,#b8b79d,2.63,,Ophrys,Ophrys insectifera
KW_T_423_18_0069L,KW_T_423_18_0069L.tif_segmented.png,2855202,3003,3639,#999f91,5.34,#c1c2af,4.41,#86887c,4.4,#acb2a3,4.33,#706e62,2.51,#2e2a22,0.68,#c1c2af,4.41,#acb2a3,4.33,#999f91,5.34,#706e62,2.51,#2e2a22,0.68,#706e62,2.51,#86887c,4.4,#acb2a3,4.33,#999f91,5.34,#2e2a22,0.68,#acb2a3,4.33,#999f91,5.34,#c1c2af,4.41,#86887c,4.4,#2e2a22,0.68,#706e62,2.51,#86887c,4.4,#acb2a3,4.33,#999f91,5.34,,Bryum,Bryum archangelicum
KW_T_423_18_0071L,KW_T_423_18_0071L.tif_segmented.png,1292765,3001,3615,#c1bfab,3.99,#aeae9e,3.18,#9e9b8e,3.11,#8c877a,2.36,#787266,1.85,#c1bfab,3.99,#635b50,1.21,#aeae9e,3.18,#787266,1.85,#9e9b8e,3.11,#635b50,1.21,#787266,1.85,#8c877a,2.36,#9e9b8e,3.11,#aeae9e,3.18,#aeae9e,3.18,#635b50,1.21,#9e9b8e,3.11,#8c877a,2.36,#c1bfab,3.99,#635b50,1.21,#787266,1.85,#8c877a,2.36,#9e9b8e,3.11,#aeae9e,3.18,,Gymnopus,Gymnopus dryophilus s.l.
KW_T_423_18_0073L,KW_T_423_18_0073L.tif_segmented.png,1589363,3003,3627,#919b8b,5.77,#a4ab9c,5.58,#808679,4.86,#babab0,3.93,#c9be92,3.45,#c9be92,3.45,#a8976e,1.76,#a4ab9c,5.58,#6b6d5f,2.04,#919b8b,5.77,#a4ab9c,5.58,#6b6d5f,2.04,#a8976e,1.76,#919b8b,5.77,#c9be92,3.45,#c9be92,3.45,#a4ab9c,5.58,#a8976e,1.76,#919b8b,5.77,#babab0,3.93,#a4ab9c,5.58,#6b6d5f,2.04,#a8976e,1.76,#919b8b,5.77,#c9be92,3.45,,Dichoropetalum,Dichoropetalum carvifolia
KW_T_423_18_0075L,KW_T_423_18_0075L.tif_segmented.png,1216465,3001,3631,#c4c4b1,4.61,#bcb8a2,4.24,#a6a694,1.79,#908671,0.82,#2e2b23,0.69,#2e2b23,0.69,#bcb8a2,4.24,#c4c4b1,4.61,#908671,0.82,#a6a694,1.79,#2e2b23,0.69,#908671,0.82,#a6a694,1.79,#bcb8a2,4.24,#c4c4b1,4.61,#2e2b23,0.69,#a6a694,1.79,#c4c4b1,4.61,#908671,0.82,#bcb8a2,4.24,#2e2b23,0.69,#908671,0.82,#a6a694,1.79,#bcb8a2,4.24,#c4c4b1,4.61,,Goodyera,Goodyera repens
KW_T_423_18_0077L,KW_T_423_18_0077L.tif_segmented.png,707819,2909,3615,#bfb6a2,1.74,#9e9283,0.98,#a1845e,0.87,#75685b,0.78,#2c2924,0.75,#bfad79,0.68,#a1845e,0.87,#2c2924,0.75,#bfb6a2,1.74,#75685b,0.78,#2c2924,0.75,#75685b,0.78,#a1845e,0.87,#bfad79,0.68,#9e9283,0.98,#2c2924,0.75,#bfad79,0.68,#75685b,0.78,#9e9283,0.98,#a1845e,0.87,#2c2924,0.75,#75685b,0.78,#a1845e,0.87,#bfad79,0.68,#9e9283,0.98,,Anthericum,Anthericum liliago
KW_T_423_18_0079L,KW_T_423_18_0079L.tif_segmented.png,551236,2958,3619,#99a398,5.23,#a9b2a5,4.84,#8b9289,4.68,#bfc3b5,3.76,#787e75,3.13,#1e1b18,2.15,#bfc3b5,3.76,#a9b2a5,4.84,#615a50,0.72,#99a398,5.23,#1e1b18,2.15,#615a50,0.72,#a9b2a5,4.84,#787e75,3.13,#99a398,5.23,#1e1b18,2.15,#a9b2a5,4.84,#bfc3b5,3.76,#99a398,5.23,#787e75,3.13,#1e1b18,2.15,#615a50,0.72,#a9b2a5,4.84,#787e75,3.13,#99a398,5.23,,Bryum,Bryum rubens
KW_T_423_18_0081L,KW_T_423_18_0081L.tif_segmented.png,1465881,2974,3623,#c8c5b2,3.41,#9a9688,3.18,#abafa1,2.96,#827a6d,1.71,#bfb392,1.49,#bfb392,1.49,#2a2722,0.99,#c8c5b2,3.41,#645e53,1.35,#abafa1,2.96,#2a2722,0.99,#645e53,1.35,#827a6d,1.71,#9a9688,3.18,#abafa1,2.96,#2a2722,0.99,#abafa1,2.96,#827a6d,1.71,#bfb392,1.49,#c8c5b2,3.41,#2a2722,0.99,#645e53,1.35,#827a6d,1.71,#9a9688,3.18,#abafa1,2.96,,Melanoleuca,Melanoleuca spec.
KW_T_423_18_0083L,KW_T_423_18_0083L.tif_segmented.png,411659,2980,3607,#959c8f,3.23,#a6ad9f,3.2,#bebeab,2.82,#80877e,2.54,#1f1d17,1.98,#1f1d17,1.98,#bebeab,2.82,#a6ad9f,3.2,#959c8f,3.23,#6d6b60,0.75,#1f1d17,1.98,#6d6b60,0.75,#80877e,2.54,#959c8f,3.23,#a6ad9f,3.2,#1f1d17,1.98,#a6ad9f,3.2,#959c8f,3.23,#bebeab,2.82,#80877e,2.54,#1f1d17,1.98,#6d6b60,0.75,#80877e,2.54,#959c8f,3.23,#a6ad9f,3.2,,Cardamine,Cardamine amara
KW_T_423_18_0085L,KW_T_423_18_0085L.tif_segmented.png,1678450,2984,3615,#bdbca0,4.14,#afac93,2.94,#a1997b,2.02,#867b64,1.31,#383329,0.54,#383329,0.54,#bdbca0,4.14,#afac93,2.94,#a1997b,2.02,#867b64,1.31,#383329,0.54,#867b64,1.31,#a1997b,2.02,#afac93,2.94,#bdbca0,4.14,#383329,0.54,#867b64,1.31,#afac93,2.94,#bdbca0,4.14,#a1997b,2.02,#383329,0.54,#867b64,1.31,#a1997b,2.02,#afac93,2.94,#bdbca0,4.14,,Falcaria,Falcaria vulgaris
KW_T_423_18_0087L,KW_T_423_18_0087L.tif_segmented.png,1957603,2931,3635,#aea08a,3.17,#beb29c,2.96,#988a75,2.03,#817564,1.33,#2a2823,1.04,#beb29c,2.96,#2a2823,1.04,#aea08a,3.17,#988a75,2.03,#696053,0.66,#2a2823,1.04,#696053,0.66,#817564,1.33,#988a75,2.03,#aea08a,3.17,#2a2823,1.04,#817564,1.33,#aea08a,3.17,#696053,0.66,#988a75,2.03,#2a2823,1.04,#696053,0.66,#817564,1.33,#988a75,2.03,#aea08a,3.17,,Orchis,Orchis mascula
KW_T_423_18_0089L,KW_T_423_18_0089L.tif_segmented.png,1369945,2974,3639,#989b88,4.12,#aaaf98,4.06,#bdbfaa,3.44,#848676,2.43,#6f6b5c,0.93,#322e27,0.75,#bdbfaa,3.44,#aaaf98,4.06,#989b88,4.12,#6f6b5c,0.93,#322e27,0.75,#6f6b5c,0.93,#848676,2.43,#aaaf98,4.06,#989b88,4.12,#322e27,0.75,#aaaf98,4.06,#989b88,4.12,#848676,2.43,#bdbfaa,3.44,#322e27,0.75,#6f6b5c,0.93,#848676,2.43,#aaaf98,4.06,#989b88,4.12,,Bryum,Bryum pseudotriquetrum
KW_T_423_18_0091L,KW_T_423_18_0091L.tif_segmented.png,1403843,2980,3623,#c8c4ae,2.69,#999a84,2.34,#afb19a,2.26,#848272,2.19,#686458,1.57,#dbd672,0.82,#c8c4ae,2.69,#686458,1.57,#afb19a,2.26,#999a84,2.34,#686458,1.57,#848272,2.19,#afb19a,2.26,#999a84,2.34,#dbd672,0.82,#dbd672,0.82,#999a84,2.34,#848272,2.19,#afb19a,2.26,#c8c4ae,2.69,#686458,1.57,#848272,2.19,#afb19a,2.26,#999a84,2.34,#dbd672,0.82,,Crepidotus,Crepidotus applanatus
KW_T_423_18_0093L,KW_T_423_18_0093L.tif_segmented.png,1642751,2980,3623,#bdbca7,3.07,#a6a895,2.98,#949283,2.34,#7e7c6f,1.69,#676257,1.1,#2c2923,0.79,#bdbca7,3.07,#a6a895,2.98,#676257,1.1,#949283,2.34,#2c2923,0.79,#676257,1.1,#7e7c6f,1.69,#949283,2.34,#a6a895,2.98,#2c2923,0.79,#a6a895,2.98,#7e7c6f,1.69,#bdbca7,3.07,#949283,2.34,#2c2923,0.79,#676257,1.1,#7e7c6f,1.69,#949283,2.34,#a6a895,2.98,,Cornus,Cornus mas
KW_T_423_18_0095L,KW_T_423_18_0095L.tif_segmented.png,1387536,2984,3635,#bbb99f,4.26,#ada78e,3.09,#978e77,1.41,#2a2720,0.86,#6d6554,0.42,#2a2720,0.86,#bbb99f,4.26,#ada78e,3.09,#6d6554,0.42,#978e77,1.41,#2a2720,0.86,#6d6554,0.42,#978e77,1.41,#ada78e,3.09,#bbb99f,4.26,#2a2720,0.86,#6d6554,0.42,#ada78e,3.09,#bbb99f,4.26,#978e77,1.41,#2a2720,0.86,#6d6554,0.42,#978e77,1.41,#ada78e,3.09,#bbb99f,4.26,Salicaceae,Salix,Salix x rubra
KW_T_423_18_0097L,KW_T_423_18_0097L.tif_segmented.png,3522208,2988,3615,#ad9b7f,6.31,#9b8a72,6.09,#cebaa8,5.89,#bbaa92,5.1,#847665,3.76,#cebaa8,5.89,#bbaa92,5.1,#ad9b7f,6.31,#292721,0.84,#9b8a72,6.09,#292721,0.84,#6c6053,2.13,#847665,3.76,#bbaa92,5.1,#ad9b7f,6.31,#292721,0.84,#847665,3.76,#6c6053,2.13,#ad9b7f,6.31,#bbaa92,5.1,#292721,0.84,#6c6053,2.13,#847665,3.76,#bbaa92,5.1,#ad9b7f,6.31,,Neottia,Neottia nidus-avis
KW_T_423_18_0099L,KW_T_423_18_0099L.tif_segmented.png,1630504,2939,3627,#a3aa9e,3.75,#b8bbab,3.46,#90988f,2.74,#7c8279,1.39,#a49471,0.79,#a49471,0.79,#b8bbab,3.46,#a3aa9e,3.75,#65685f,0.67,#90988f,2.74,#a49471,0.79,#65685f,0.67,#a3aa9e,3.75,#7c8279,1.39,#90988f,2.74,#a3aa9e,3.75,#b8bbab,3.46,#7c8279,1.39,#a49471,0.79,#90988f,2.74,#a49471,0.79,#65685f,0.67,#a3aa9e,3.75,#7c8279,1.39,#90988f,2.74,,Bryum,Bryum pseudotriquetrum
KW_T_423_18_0101L,KW_T_423_18_0101L.tif_segmented.png,4737327,2946,3651,#b4aea1,1.36,#2a2722,1.0,#9a9489,0.53,#675e4f,0.12,,,#2a2722,1.0,#b4aea1,1.36,#675e4f,0.12,#9a9489,0.53,,,#675e4f,0.12,#2a2722,1.0,#9a9489,0.53,#b4aea1,1.36,,,#2a2722,1.0,#675e4f,0.12,#b4aea1,1.36,#9a9489,0.53,,,#675e4f,0.12,#2a2722,1.0,#9a9489,0.53,#b4aea1,1.36,,,,Tapinella,Tapinella panuoides
KW_T_423_18_0101R,KW_T_423_18_0101R.tif_segmented.png,284022,2943,3651,#c4bdae,1.74,#afa796,1.29,#282521,0.88,#928874,0.51,#635b4e,0.23,#282521,0.88,#c4bdae,1.74,#afa796,1.29,#635b4e,0.23,#928874,0.51,#635b4e,0.23,#282521,0.88,#928874,0.51,#afa796,1.29,#c4bdae,1.74,#282521,0.88,#635b4e,0.23,#afa796,1.29,#928874,0.51,#c4bdae,1.74,#635b4e,0.23,#282521,0.88,#928874,0.51,#afa796,1.29,#c4bdae,1.74,,Atriplex,Atriplex portulacoides
KW_T_423_18_0103L,KW_T_423_18_0103L.tif_segmented.png,2264053,2982,3615,#929b8a,7.55,#a0a797,7.13,#b5b3a6,4.5,#848c7b,4.05,#757463,1.41,#2f2b23,0.68,#b5b3a6,4.5,#a0a797,7.13,#929b8a,7.55,#757463,1.41,#2f2b23,0.68,#757463,1.41,#a0a797,7.13,#929b8a,7.55,#848c7b,4.05,#2f2b23,0.68,#a0a797,7.13,#929b8a,7.55,#848c7b,4.05,#757463,1.41,#2f2b23,0.68,#757463,1.41,#a0a797,7.13,#929b8a,7.55,#848c7b,4.05,Cyperaceae,Carex,Carex limosa
KW_T_423_18_0105L,KW_T_423_18_0105L.tif_segmented.png,1161878,2982,3615,#acb39b,4.45,#bdc0a7,4.36,#9ca28c,4.12,#878a77,1.79,#2a271f,0.71,#2a271f,0.71,#bdc0a7,4.36,#acb39b,4.45,#9ca28c,4.12,#6f6a58,0.52,#2a271f,0.71,#6f6a58,0.52,#878a77,1.79,#acb39b,4.45,#9ca28c,4.12,#2a271f,0.71,#9ca28c,4.12,#acb39b,4.45,#878a77,1.79,#bdc0a7,4.36,#2a271f,0.71,#6f6a58,0.52,#878a77,1.79,#acb39b,4.45,#9ca28c,4.12,,Calamagrostis,Calamagrostis x Calammophila 
KW_T_423_18_0107L,KW_T_423_18_0107L.tif_segmented.png,1568257,2984,3607,#c1b69f,2.5,#a99f8d,1.17,#8d8370,1.1,#69645a,0.94,#2b2720,0.81,#2b2720,0.81,#c1b69f,2.5,#a99f8d,1.17,#8d8370,1.1,#69645a,0.94,#2b2720,0.81,#69645a,0.94,#8d8370,1.1,#a99f8d,1.17,#c1b69f,2.5,#2b2720,0.81,#a99f8d,1.17,#8d8370,1.1,#69645a,0.94,#c1b69f,2.5,#2b2720,0.81,#69645a,0.94,#8d8370,1.1,#a99f8d,1.17,#c1b69f,2.5,,Bryum,Bryum neodamense
KW_T_423_18_0109L,KW_T_423_18_0109L.tif_segmented.png,1620263,2984,3615,#b2b29f,3.23,#9aa094,2.28,#818a7f,1.93,#a89871,1.49,#6a6f65,0.99,#a89871,1.49,#333027,0.49,#b2b29f,3.23,#9aa094,2.28,#6a6f65,0.99,#333027,0.49,#6a6f65,0.99,#818a7f,1.93,#9aa094,2.28,#a89871,1.49,#333027,0.49,#a89871,1.49,#9aa094,2.28,#b2b29f,3.23,#818a7f,1.93,#333027,0.49,#6a6f65,0.99,#818a7f,1.93,#9aa094,2.28,#a89871,1.49,,Rhodocollybia,Rhodocollybia butyracea var. butyracea
KW_T_423_18_0111L,KW_T_423_18_0111L.tif_segmented.png,1998750,2988,3627,#b8b5ab,4.45,#989183,4.42,#a3a19b,4.13,#baac8b,3.35,#827b70,2.52,#baac8b,3.35,#6a6256,0.84,#b8b5ab,4.45,#989183,4.42,#827b70,2.52,#6a6256,0.84,#827b70,2.52,#989183,4.42,#baac8b,3.35,#a3a19b,4.13,#baac8b,3.35,#827b70,2.52,#b8b5ab,4.45,#989183,4.42,#a3a19b,4.13,#6a6256,0.84,#827b70,2.52,#989183,4.42,#baac8b,3.35,#a3a19b,4.13,,Agrimonia,Agrimonia procera
KW_T_423_18_0113L,KW_T_423_18_0113L.tif_segmented.png,248665,2990,3623,#c5c2a8,4.39,#b5b69d,4.05,#a6a690,3.03,#99937b,2.12,#837963,1.19,#302c24,0.56,#c5c2a8,4.39,#b5b69d,4.05,#837963,1.19,#a6a690,3.03,#302c24,0.56,#837963,1.19,#99937b,2.12,#a6a690,3.03,#b5b69d,4.05,#302c24,0.56,#a6a690,3.03,#837963,1.19,#b5b69d,4.05,#c5c2a8,4.39,#302c24,0.56,#837963,1.19,#99937b,2.12,#a6a690,3.03,#b5b69d,4.05,Plantaginaceae,Veronica,Veronica opaca
KW_T_423_18_0115L,KW_T_423_18_0115L.tif_segmented.png,769263,3021,3647,#bcb8a3,3.1,#aba695,2.56,#9d937b,1.87,#2e2b26,1.16,#847760,1.07,#2e2b26,1.16,#bcb8a3,3.1,#847760,1.07,#9d937b,1.87,#aba695,2.56,#2e2b26,1.16,#847760,1.07,#9d937b,1.87,#aba695,2.56,#bcb8a3,3.1,#2e2b26,1.16,#847760,1.07,#aba695,2.56,#9d937b,1.87,#bcb8a3,3.1,#2e2b26,1.16,#847760,1.07,#9d937b,1.87,#aba695,2.56,#bcb8a3,3.1,Cyperaceae,Carex,Carex acutiformis
KW_T_423_18_0117L,KW_T_423_18_0117L.tif_segmented.png,1651049,3023,3655,#cabeab,3.18,#aea691,1.78,#cb9a8a,1.77,#957063,1.34,#b7776d,1.3,#cb9a8a,1.77,#b7776d,1.3,#cabeab,3.18,#6d5246,0.62,#957063,1.34,#6d5246,0.62,#957063,1.34,#aea691,1.78,#b7776d,1.3,#cb9a8a,1.77,#b7776d,1.3,#cb9a8a,1.77,#957063,1.34,#aea691,1.78,#6d5246,0.62,#6d5246,0.62,#957063,1.34,#aea691,1.78,#b7776d,1.3,#cb9a8a,1.77,,Bryum,Bryum dichotomum
KW_T_423_18_0119L,KW_T_423_18_0119L.tif_segmented.png,1603750,3031,3631,#a7af9a,4.34,#c0c0a9,4.1,#969c89,2.96,#7d7f6c,1.52,#2a2721,0.99,#2a2721,0.99,#c0c0a9,4.1,#a7af9a,4.34,#575347,0.28,#969c89,2.96,#2a2721,0.99,#575347,0.28,#7d7f6c,1.52,#a7af9a,4.34,#969c89,2.96,#2a2721,0.99,#7d7f6c,1.52,#a7af9a,4.34,#575347,0.28,#969c89,2.96,#2a2721,0.99,#575347,0.28,#7d7f6c,1.52,#a7af9a,4.34,#969c89,2.96,Russulaceae,Russula,Russula nigricans
KW_T_423_18_0121L,KW_T_423_18_0121L.tif_segmented.png,8905976,3003,3659,#e8ddd1,46.43,#e5dacd,34.03,#e0d5be,6.02,#8e8470,1.17,#2a2620,1.06,#e8ddd1,46.43,#e5dacd,34.03,#e0d5be,6.02,#2a2620,1.06,#695e52,0.3,#695e52,0.3,#2a2620,1.06,#8e8470,1.17,#e0d5be,6.02,#e5dacd,34.03,#2a2620,1.06,#695e52,0.3,#e8ddd1,46.43,#8e8470,1.17,#e5dacd,34.03,#695e52,0.3,#2a2620,1.06,#8e8470,1.17,#e0d5be,6.02,#e5dacd,34.03,,Elatine,Elatine hexandra
KW_T_423_18_0123L,KW_T_423_18_0123L.tif_segmented.png,1073305,3007,3643,#b4b49d,4.59,#a3a189,4.13,#918b76,2.03,#726859,1.09,#2b2721,0.93,#2b2721,0.93,#b4b49d,4.59,#a3a189,4.13,#726859,1.09,#918b76,2.03,#2b2721,0.93,#726859,1.09,#918b76,2.03,#a3a189,4.13,#b4b49d,4.59,#2b2721,0.93,#a3a189,4.13,#726859,1.09,#b4b49d,4.59,#918b76,2.03,#2b2721,0.93,#726859,1.09,#918b76,2.03,#a3a189,4.13,#b4b49d,4.59,,Sherardia,Sherardia arvensis
KW_T_423_18_0125L,KW_T_423_18_0125L.tif_segmented.png,620779,3013,3639,#c2baa6,3.16,#b0a793,2.53,#949685,1.55,#a79175,1.15,#2c2922,1.0,#2c2922,1.0,#c2baa6,3.16,#a79175,1.15,#b0a793,2.53,#7e7765,0.98,#2c2922,1.0,#7e7765,0.98,#a79175,1.15,#949685,1.55,#b0a793,2.53,#2c2922,1.0,#7e7765,0.98,#949685,1.55,#b0a793,2.53,#c2baa6,3.16,#2c2922,1.0,#7e7765,0.98,#a79175,1.15,#949685,1.55,#b0a793,2.53,,Juncus,Juncus anceps
KW_T_423_18_0127L,KW_T_423_18_0127L.tif_segmented.png,1900653,3015,3635,#b4bb90,6.29,#c3c49e,5.92,#a3a07e,1.84,#7c755d,0.93,#4d453d,0.48,#c3c49e,5.92,#b4bb90,6.29,#4d453d,0.48,#a3a07e,1.84,#7c755d,0.93,#4d453d,0.48,#7c755d,0.93,#a3a07e,1.84,#b4bb90,6.29,#c3c49e,5.92,#b4bb90,6.29,#c3c49e,5.92,#7c755d,0.93,#4d453d,0.48,#a3a07e,1.84,#4d453d,0.48,#7c755d,0.93,#a3a07e,1.84,#b4bb90,6.29,#c3c49e,5.92,,Bryum,Bryum alpinum
KW_T_423_18_0129L,KW_T_423_18_0129L.tif_segmented.png,308033,3015,3639,#9da18d,7.16,#acb09e,5.09,#c8c3ad,3.72,#8e8e7e,3.31,#797063,1.38,#d2c874,1.31,#c8c3ad,3.72,#9da18d,7.16,#797063,1.38,#acb09e,5.09,#797063,1.38,#8e8e7e,3.31,#acb09e,5.09,#9da18d,7.16,#d2c874,1.31,#d2c874,1.31,#9da18d,7.16,#acb09e,5.09,#8e8e7e,3.31,#797063,1.38,#797063,1.38,#8e8e7e,3.31,#acb09e,5.09,#9da18d,7.16,#d2c874,1.31,,Suillus,Suillus variegatus
KW_T_423_18_0131L,KW_T_423_18_0131L.tif_segmented.png,854284,2978,3647,#9fa289,4.27,#868e79,3.51,#afb3a0,3.24,#727665,1.67,#dcd28e,0.7,#dcd28e,0.7,#383229,0.51,#afb3a0,3.24,#9fa289,4.27,#868e79,3.51,#383229,0.51,#727665,1.67,#868e79,3.51,#9fa289,4.27,#afb3a0,3.24,#dcd28e,0.7,#383229,0.51,#9fa289,4.27,#868e79,3.51,#727665,1.67,#383229,0.51,#727665,1.67,#868e79,3.51,#9fa289,4.27,#afb3a0,3.24,,Sisymbrium,Sisymbrium altissimum
KW_T_423_18_0133L,KW_T_423_18_0133L.tif_segmented.png,899327,2982,3647,#989e91,2.59,#aeb1a0,2.53,#858a7c,2.33,#ae9f81,1.07,#6f6856,0.81,#2b2823,0.73,#ae9f81,1.07,#6f6856,0.81,#aeb1a0,2.53,#989e91,2.59,#2b2823,0.73,#6f6856,0.81,#ae9f81,1.07,#aeb1a0,2.53,#858a7c,2.33,#2b2823,0.73,#6f6856,0.81,#aeb1a0,2.53,#ae9f81,1.07,#989e91,2.59,#2b2823,0.73,#6f6856,0.81,#ae9f81,1.07,#aeb1a0,2.53,#858a7c,2.33,,Oenanthe,Oenanthe lachenalii
KW_T_423_18_0135L,KW_T_423_18_0135L.tif_segmented.png,453154,2982,3651,#a7a58e,4.09,#b7b7a1,3.85,#928e7a,2.07,#2a2723,1.03,#776d58,0.83,#2a2723,1.03,#b7b7a1,3.85,#a7a58e,4.09,#776d58,0.83,#928e7a,2.07,#2a2723,1.03,#776d58,0.83,#928e7a,2.07,#a7a58e,4.09,#b7b7a1,3.85,#2a2723,1.03,#776d58,0.83,#a7a58e,4.09,#928e7a,2.07,#b7b7a1,3.85,#2a2723,1.03,#776d58,0.83,#928e7a,2.07,#a7a58e,4.09,#b7b7a1,3.85,,Xanthium,Xanthium spinosum
KW_T_423_18_0137L,KW_T_423_18_0137L.tif_segmented.png,579034,2992,3655,#cbc0a4,1.94,#afa186,1.27,#c59156,0.91,#2b2822,0.82,#d8aa64,0.82,#d8aa64,0.82,#c59156,0.91,#cbc0a4,1.94,#2b2822,0.82,#afa186,1.27,#83735c,0.63,#2b2822,0.82,#afa186,1.27,#c59156,0.91,#d8aa64,0.82,#d8aa64,0.82,#2b2822,0.82,#c59156,0.91,#83735c,0.63,#afa186,1.27,#83735c,0.63,#2b2822,0.82,#afa186,1.27,#c59156,0.91,#d8aa64,0.82,,Bryum,Bryum caespiticium
KW_T_423_18_0139L,KW_T_423_18_0139L.tif_segmented.png,1122282,2990,3643,#bab79f,2.29,#a1a48d,2.01,#8d8671,1.9,#b0a07c,1.07,#2d2a24,1.0,#2d2a24,1.0,#b0a07c,1.07,#bab79f,2.29,#6e6253,0.88,#a1a48d,2.01,#6e6253,0.88,#2d2a24,1.0,#8d8671,1.9,#b0a07c,1.07,#a1a48d,2.01,#2d2a24,1.0,#a1a48d,2.01,#b0a07c,1.07,#6e6253,0.88,#8d8671,1.9,#6e6253,0.88,#2d2a24,1.0,#8d8671,1.9,#b0a07c,1.07,#a1a48d,2.01,Russulaceae,Russula,Russula foetens
KW_T_423_18_0141L,KW_T_423_18_0141L.tif_segmented.png,9444865,2992,3895,#e7dccf,65.99,#e3d7c6,18.08,#a8a98a,3.35,#d1c9b2,3.13,#bebc9c,2.98,#e7dccf,65.99,#e3d7c6,18.08,#5d4d3a,0.3,#d1c9b2,3.13,#bebc9c,2.98,#5d4d3a,0.3,#7d7764,0.85,#959478,1.99,#a8a98a,3.35,#bebc9c,2.98,#a8a98a,3.35,#7d7764,0.85,#959478,1.99,#bebc9c,2.98,#e7dccf,65.99,#5d4d3a,0.3,#7d7764,0.85,#959478,1.99,#a8a98a,3.35,#bebc9c,2.98,Ranunculaceae,Anemone,Anemone nemorosa
KW_T_423_18_0143L,KW_T_423_18_0143L.tif_segmented.png,3835340,2990,3655,#babda5,8.28,#9ba18a,7.4,#a9af97,7.12,#8b8f7a,4.89,#777765,2.76,#babda5,8.28,#655c48,1.13,#a9af97,7.12,#9ba18a,7.4,#8b8f7a,4.89,#655c48,1.13,#777765,2.76,#8b8f7a,4.89,#a9af97,7.12,#9ba18a,7.4,#9ba18a,7.4,#a9af97,7.12,#8b8f7a,4.89,#777765,2.76,#babda5,8.28,#655c48,1.13,#777765,2.76,#8b8f7a,4.89,#a9af97,7.12,#9ba18a,7.4,,Orchis,Orchis purpurea
KW_T_423_18_0145L,KW_T_423_18_0145L.tif_segmented.png,1384287,2997,3635,#cbbca5,3.5,#74554d,2.02,#8c685e,2.01,#a67b74,1.83,#b7a691,1.53,#cbbca5,3.5,#5d443e,1.52,#b7a691,1.53,#74554d,2.02,#a67b74,1.83,#b7a691,1.53,#8c685e,2.01,#74554d,2.02,#5d443e,1.52,#a67b74,1.83,#8c685e,2.01,#a67b74,1.83,#5d443e,1.52,#74554d,2.02,#b7a691,1.53,#b7a691,1.53,#8c685e,2.01,#74554d,2.02,#5d443e,1.52,#a67b74,1.83,Cyperaceae,Carex,Carex hostiana
KW_T_423_18_0147L,KW_T_423_18_0147L.tif_segmented.png,1636566,2999,3639,#dac6a4,5.5,#cab795,3.09,#b8a27f,1.49,#2b2721,0.82,#9d8869,0.78,#dac6a4,5.5,#cab795,3.09,#2b2721,0.82,#b8a27f,1.49,#76654e,0.34,#76654e,0.34,#2b2721,0.82,#9d8869,0.78,#b8a27f,1.49,#cab795,3.09,#2b2721,0.82,#dac6a4,5.5,#b8a27f,1.49,#76654e,0.34,#cab795,3.09,#76654e,0.34,#2b2721,0.82,#9d8869,0.78,#b8a27f,1.49,#cab795,3.09,,Bryum,Bryum turbinatum
KW_T_423_18_0149L,KW_T_423_18_0149L.tif_segmented.png,1284571,2999,3619,#c5c0a6,4.41,#b1b397,3.36,#9d9f81,2.64,#89826b,1.74,#dbd883,1.02,#dbd883,1.02,#695c47,0.75,#c5c0a6,4.41,#b1b397,3.36,#89826b,1.74,#695c47,0.75,#89826b,1.74,#9d9f81,2.64,#b1b397,3.36,#dbd883,1.02,#dbd883,1.02,#9d9f81,2.64,#b1b397,3.36,#89826b,1.74,#695c47,0.75,#695c47,0.75,#89826b,1.74,#9d9f81,2.64,#b1b397,3.36,#dbd883,1.02,Clitocybaceae,Clitocybe,Clitocybe fragrans
KW_T_423_18_0151L,KW_T_423_18_0151L.tif_segmented.png,2575832,2992,3631,#acb5ac,4.37,#6f7361,3.36,#9ea08c,3.07,#868c79,2.77,#c2ba9d,2.71,#c2ba9d,2.71,#5b4c40,1.88,#6f7361,3.36,#acb5ac,4.37,#9ea08c,3.07,#5b4c40,1.88,#6f7361,3.36,#868c79,2.77,#9ea08c,3.07,#acb5ac,4.37,#acb5ac,4.37,#9ea08c,3.07,#868c79,2.77,#6f7361,3.36,#5b4c40,1.88,#5b4c40,1.88,#6f7361,3.36,#868c79,2.77,#9ea08c,3.07,#acb5ac,4.37,,Bunias,Bunias orientalis
KW_T_423_18_0153L,KW_T_423_18_0153L.tif_segmented.png,805353,2960,3611,#a6a58a,3.44,#b7b79b,3.42,#938e78,2.77,#7f7662,1.89,#292621,0.98,#292621,0.98,#b7b79b,3.42,#665842,0.72,#a6a58a,3.44,#938e78,2.77,#292621,0.98,#665842,0.72,#7f7662,1.89,#938e78,2.77,#a6a58a,3.44,#292621,0.98,#7f7662,1.89,#a6a58a,3.44,#b7b79b,3.42,#938e78,2.77,#292621,0.98,#665842,0.72,#7f7662,1.89,#938e78,2.77,#a6a58a,3.44,Salicaceae,Salix,Salix aurita x cf. cinerea
KW_T_423_18_0155L,KW_T_423_18_0155L.tif_segmented.png,1002394,2960,3607,#576859,2.33,#4e5041,2.15,#88957f,2.1,#727d6a,1.94,#9fa992,1.84,#c5bfa8,1.24,#2a2821,0.83,#9fa992,1.84,#4e5041,2.15,#88957f,2.1,#2a2821,0.83,#4e5041,2.15,#9fa992,1.84,#88957f,2.1,#727d6a,1.94,#2a2821,0.83,#9fa992,1.84,#727d6a,1.94,#88957f,2.1,#4e5041,2.15,#2a2821,0.83,#4e5041,2.15,#9fa992,1.84,#88957f,2.1,#727d6a,1.94,,Scheuchzeria,Scheuchzeria palustris
KW_T_423_18_0157L,KW_T_423_18_0157L.tif_segmented.png,592838,2960,3635,#b9af9a,1.4,#a29682,1.04,#827362,0.78,#29251f,0.72,#605445,0.44,#29251f,0.72,#b9af9a,1.4,#605445,0.44,#a29682,1.04,#827362,0.78,#605445,0.44,#827362,0.78,#29251f,0.72,#a29682,1.04,#b9af9a,1.4,#29251f,0.72,#827362,0.78,#605445,0.44,#a29682,1.04,#b9af9a,1.4,#605445,0.44,#827362,0.78,#29251f,0.72,#a29682,1.04,#b9af9a,1.4,,Bryum,Bryum pallescens
KW_T_423_18_0159L,KW_T_423_18_0159L.tif_segmented.png,3058607,2956,3643,#88927e,5.6,#9aa18d,5.18,#758271,4.74,#b1b399,3.65,#626c5e,2.55,#2c2924,1.1,#b1b399,3.65,#9aa18d,5.18,#88927e,5.6,#758271,4.74,#2c2924,1.1,#b1b399,3.65,#626c5e,2.55,#9aa18d,5.18,#88927e,5.6,#2c2924,1.1,#758271,4.74,#9aa18d,5.18,#88927e,5.6,#b1b399,3.65,#2c2924,1.1,#b1b399,3.65,#626c5e,2.55,#9aa18d,5.18,#88927e,5.6,,Macrolepiota,Macrolepiota excoriata
KW_T_423_18_0161L,KW_T_423_18_0161L.tif_segmented.png,1622183,2964,3635,#b0b59d,4.11,#9ba18c,3.73,#888a74,3.08,#c4c4ae,2.53,#2b2823,0.98,#2b2823,0.98,#c4c4ae,2.53,#b0b59d,4.11,#9ba18c,3.73,#736f5c,0.86,#2b2823,0.98,#736f5c,0.86,#888a74,3.08,#b0b59d,4.11,#9ba18c,3.73,#2b2823,0.98,#9ba18c,3.73,#888a74,3.08,#b0b59d,4.11,#736f5c,0.86,#2b2823,0.98,#736f5c,0.86,#888a74,3.08,#b0b59d,4.11,#9ba18c,3.73,,Calepina,Calepina irregularis
KW_T_423_18_0163L,KW_T_423_18_0163L.tif_segmented.png,2642405,2972,3627,#aeb4a4,5.46,#c4c4ad,5.07,#8a9181,4.23,#a0a38e,3.99,#576159,2.6,#2f2b25,1.0,#c4c4ad,5.07,#aeb4a4,5.46,#a0a38e,3.99,#576159,2.6,#2f2b25,1.0,#576159,2.6,#767a6b,2.5,#8a9181,4.23,#aeb4a4,5.46,#2f2b25,1.0,#a0a38e,3.99,#aeb4a4,5.46,#767a6b,2.5,#c4c4ad,5.07,#2f2b25,1.0,#576159,2.6,#767a6b,2.5,#8a9181,4.23,#aeb4a4,5.46,,Vaccaria,Vaccaria hispanica
KW_T_423_18_0165L,KW_T_423_18_0165L.tif_segmented.png,1884352,2962,3635,#c8baa4,2.9,#b7a894,1.99,#a49683,1.35,#2d2a25,1.22,#8a7b69,0.74,#c8baa4,2.9,#2d2a25,1.22,#b7a894,1.99,#a49683,1.35,#8a7b69,0.74,#2d2a25,1.22,#8a7b69,0.74,#a49683,1.35,#b7a894,1.99,#c8baa4,2.9,#2d2a25,1.22,#8a7b69,0.74,#b7a894,1.99,#a49683,1.35,#c8baa4,2.9,#2d2a25,1.22,#8a7b69,0.74,#a49683,1.35,#b7a894,1.99,#c8baa4,2.9,,Chenopodium,Chenopodium bonus-henricus
KW_T_423_18_0167L,KW_T_423_18_0167L.tif_segmented.png,2887894,2962,3635,#a1a987,5.32,#d0ba9b,4.42,#c39680,4.14,#8f9475,3.81,#b8be92,3.75,#d0ba9b,4.42,#c39680,4.14,#1e1c17,2.58,#a76f68,3.0,#b8be92,3.75,#1e1c17,2.58,#745951,1.98,#a76f68,3.0,#c39680,4.14,#b8be92,3.75,#1e1c17,2.58,#a76f68,3.0,#b8be92,3.75,#8f9475,3.81,#a1a987,5.32,#1e1c17,2.58,#745951,1.98,#a76f68,3.0,#c39680,4.14,#b8be92,3.75,,Leptobryum,Leptobryum pyriforme
KW_T_423_19_0009L,KW_T_423_19_0009L.tif_segmented.png,1312665,2927,3631,#aeac8f,5.34,#bbbea4,4.85,#9a9d85,3.17,#84846e,1.42,#2c2923,1.04,#2c2923,1.04,#bbbea4,4.85,#aeac8f,5.34,#9a9d85,3.17,#84846e,1.42,#2c2923,1.04,#84846e,1.42,#9a9d85,3.17,#aeac8f,5.34,#bbbea4,4.85,#2c2923,1.04,#9a9d85,3.17,#84846e,1.42,#aeac8f,5.34,#bbbea4,4.85,#2c2923,1.04,#84846e,1.42,#9a9d85,3.17,#aeac8f,5.34,#bbbea4,4.85,,Lepista,Lepista spec.
KW_T_423_19_0011L,KW_T_423_19_0011L.tif_segmented.png,664036,2929,3663,#acab8a,3.9,#bfbd9e,2.91,#979b7c,2.78,#85876c,2.07,#2d2a23,0.96,#2d2a23,0.96,#bfbd9e,2.91,#acab8a,3.9,#979b7c,2.78,#6f6d56,0.82,#2d2a23,0.96,#6f6d56,0.82,#85876c,2.07,#979b7c,2.78,#acab8a,3.9,#2d2a23,0.96,#979b7c,2.78,#acab8a,3.9,#85876c,2.07,#bfbd9e,2.91,#2d2a23,0.96,#6f6d56,0.82,#85876c,2.07,#979b7c,2.78,#acab8a,3.9,,Camelina,Camelina sativa subsp. sativa
KW_T_423_19_0013L,KW_T_423_19_0013L.tif_segmented.png,767596,2939,3679,#bdbd9e,4.53,#a6ac8e,4.26,#95977c,4.01,#7b856f,2.31,#2d2b24,0.99,#bdbd9e,4.53,#2d2b24,0.99,#a6ac8e,4.26,#6d6552,0.83,#95977c,4.01,#6d6552,0.83,#2d2b24,0.99,#7b856f,2.31,#95977c,4.01,#a6ac8e,4.26,#2d2b24,0.99,#a6ac8e,4.26,#7b856f,2.31,#95977c,4.01,#6d6552,0.83,#6d6552,0.83,#2d2b24,0.99,#7b856f,2.31,#95977c,4.01,#a6ac8e,4.26,,Oxalis,Oxalis corniculata
KW_T_423_19_0015L,KW_T_423_19_0015L.tif_segmented.png,761229,2903,3631,#a59a7c,2.82,#bbb194,1.95,#837f6f,0.77,#2b2620,0.71,#615f53,0.39,#bbb194,1.95,#2b2620,0.71,#a59a7c,2.82,#615f53,0.39,#837f6f,0.77,#2b2620,0.71,#615f53,0.39,#837f6f,0.77,#a59a7c,2.82,#bbb194,1.95,#2b2620,0.71,#837f6f,0.77,#a59a7c,2.82,#615f53,0.39,#bbb194,1.95,#2b2620,0.71,#615f53,0.39,#837f6f,0.77,#a59a7c,2.82,#bbb194,1.95,,Atriplex,Atriplex prostrata
KW_T_423_19_0017L,KW_T_423_19_0017L.tif_segmented.png,3299805,2907,3659,#ccbfa1,7.2,#ad9c80,5.23,#bfae90,5.23,#9a8972,2.66,#7d6d5c,0.91,#ccbfa1,7.2,#bfae90,5.23,#2d2923,0.72,#ad9c80,5.23,#9a8972,2.66,#2d2923,0.72,#7d6d5c,0.91,#9a8972,2.66,#ad9c80,5.23,#bfae90,5.23,#2d2923,0.72,#7d6d5c,0.91,#ccbfa1,7.2,#bfae90,5.23,#ad9c80,5.23,#2d2923,0.72,#7d6d5c,0.91,#9a8972,2.66,#ad9c80,5.23,#bfae90,5.23,,Pohlia,Pohlia elongata
KW_T_423_19_0019L,KW_T_423_19_0019L.tif_segmented.png,1555416,2931,3639,#bfb89e,4.15,#a8a894,3.4,#a2977a,2.69,#878070,1.25,#6c6455,0.71,#bfb89e,4.15,#a2977a,2.69,#6c6455,0.71,#a8a894,3.4,#878070,1.25,#6c6455,0.71,#878070,1.25,#a2977a,2.69,#a8a894,3.4,#bfb89e,4.15,#a8a894,3.4,#878070,1.25,#6c6455,0.71,#a2977a,2.69,#bfb89e,4.15,#6c6455,0.71,#878070,1.25,#a2977a,2.69,#a8a894,3.4,#bfb89e,4.15,Amanitaceae,Amanita,Amanita pantherina
KW_T_423_19_0021L,KW_T_423_19_0021L.tif_segmented.png,1458705,2948,3667,#a3a989,4.04,#909679,3.03,#b3bc9c,2.84,#c3b793,2.54,#757963,1.38,#342f25,0.6,#c3b793,2.54,#b3bc9c,2.84,#a3a989,4.04,#909679,3.03,#342f25,0.6,#757963,1.38,#909679,3.03,#a3a989,4.04,#b3bc9c,2.84,#342f25,0.6,#909679,3.03,#a3a989,4.04,#b3bc9c,2.84,#757963,1.38,#342f25,0.6,#757963,1.38,#909679,3.03,#a3a989,4.04,#b3bc9c,2.84,Caryophyllaceae,Silene,Silene dichotoma
KW_T_423_19_0023L,KW_T_423_19_0023L.tif_segmented.png,915655,2946,3627,#c3c0a4,4.16,#b0ae93,3.08,#9c967c,2.47,#322e25,0.54,#665d4c,0.28,#c3c0a4,4.16,#322e25,0.54,#b0ae93,3.08,#665d4c,0.28,#9c967c,2.47,#665d4c,0.28,#322e25,0.54,#9c967c,2.47,#b0ae93,3.08,#c3c0a4,4.16,#322e25,0.54,#665d4c,0.28,#b0ae93,3.08,#c3c0a4,4.16,#9c967c,2.47,#665d4c,0.28,#322e25,0.54,#9c967c,2.47,#b0ae93,3.08,#c3c0a4,4.16,,Atriplex,Atriplex prostrata 
KW_T_423_19_0025L,KW_T_423_19_0025L.tif_segmented.png,967403,2952,3627,#cabd9d,2.97,#ab9670,2.61,#988262,2.09,#826c52,1.87,#b9aa8a,1.81,#cabd9d,2.97,#b9aa8a,1.81,#ab9670,2.61,#665744,1.02,#826c52,1.87,#665744,1.02,#826c52,1.87,#988262,2.09,#b9aa8a,1.81,#ab9670,2.61,#ab9670,2.61,#826c52,1.87,#b9aa8a,1.81,#cabd9d,2.97,#665744,1.02,#665744,1.02,#826c52,1.87,#988262,2.09,#b9aa8a,1.81,#ab9670,2.61,,Lolium,Lolium remotum
KW_T_423_19_0027L,KW_T_423_19_0027L.tif_segmented.png,1109596,2966,3623,#c4b799,3.57,#b1a389,2.51,#9a8d73,2.0,#7e7161,1.03,#5b5245,0.5,#c4b799,3.57,#b1a389,2.51,#5b5245,0.5,#9a8d73,2.0,#7e7161,1.03,#5b5245,0.5,#7e7161,1.03,#9a8d73,2.0,#b1a389,2.51,#c4b799,3.57,#7e7161,1.03,#5b5245,0.5,#b1a389,2.51,#c4b799,3.57,#9a8d73,2.0,#5b5245,0.5,#7e7161,1.03,#9a8d73,2.0,#b1a389,2.51,#c4b799,3.57,,Pohlia,Pohlia cruda
KW_T_423_19_0029L,KW_T_423_19_0029L.tif_segmented.png,2091780,2968,3631,#99a380,5.18,#849073,4.74,#c9c1a2,4.24,#b0b18e,3.86,#6f7762,2.41,#c9c1a2,4.24,#564542,0.92,#b0b18e,3.86,#99a380,5.18,#849073,4.74,#564542,0.92,#6f7762,2.41,#b0b18e,3.86,#99a380,5.18,#849073,4.74,#b0b18e,3.86,#849073,4.74,#564542,0.92,#6f7762,2.41,#99a380,5.18,#564542,0.92,#6f7762,2.41,#b0b18e,3.86,#99a380,5.18,#849073,4.74,,Hemipholiota,Hemipholiota populnea
KW_T_423_19_0031L,KW_T_423_19_0031L.tif_segmented.png,726692,2974,3635,#beb79b,4.44,#a8a388,2.83,#938c74,1.67,#7a6f5b,0.83,#332f27,0.55,#beb79b,4.44,#332f27,0.55,#a8a388,2.83,#7a6f5b,0.83,#938c74,1.67,#332f27,0.55,#7a6f5b,0.83,#938c74,1.67,#a8a388,2.83,#beb79b,4.44,#332f27,0.55,#7a6f5b,0.83,#a8a388,2.83,#938c74,1.67,#beb79b,4.44,#332f27,0.55,#7a6f5b,0.83,#938c74,1.67,#a8a388,2.83,#beb79b,4.44,,Senecio,Senecio sarracenicus
KW_T_423_19_0033L,KW_T_423_19_0033L.tif_segmented.png,827128,2978,3631,#c6bea0,5.19,#b7ae8f,3.77,#a49879,2.44,#847660,0.61,#332e26,0.49,#c6bea0,5.19,#332e26,0.49,#b7ae8f,3.77,#a49879,2.44,#847660,0.61,#332e26,0.49,#847660,0.61,#a49879,2.44,#b7ae8f,3.77,#c6bea0,5.19,#332e26,0.49,#847660,0.61,#b7ae8f,3.77,#c6bea0,5.19,#a49879,2.44,#332e26,0.49,#847660,0.61,#a49879,2.44,#b7ae8f,3.77,#c6bea0,5.19,,Stachys,Stachys annua
KW_T_423_19_0035L,KW_T_423_19_0035L.tif_segmented.png,1191606,2984,3643,#cabb9b,4.39,#b6a586,2.7,#9c8a71,1.07,#3b362c,0.36,,,#cabb9b,4.39,#3b362c,0.36,#b6a586,2.7,#9c8a71,1.07,,,#3b362c,0.36,#9c8a71,1.07,#b6a586,2.7,#cabb9b,4.39,,,#3b362c,0.36,#b6a586,2.7,#cabb9b,4.39,#9c8a71,1.07,,,#3b362c,0.36,#9c8a71,1.07,#b6a586,2.7,#cabb9b,4.39,,,,Pilularia,Pilularia globulifera
KW_T_423_19_0037L,KW_T_423_19_0037L.tif_segmented.png,1469882,2931,3631,#c3b9a1,2.37,#716559,1.98,#afa58d,1.6,#5b5045,1.48,#908573,0.73,#c3b9a1,2.37,#5b5045,1.48,#afa58d,1.6,#716559,1.98,#908573,0.73,#908573,0.73,#716559,1.98,#5b5045,1.48,#afa58d,1.6,#c3b9a1,2.37,#5b5045,1.48,#afa58d,1.6,#716559,1.98,#908573,0.73,#c3b9a1,2.37,#908573,0.73,#716559,1.98,#5b5045,1.48,#afa58d,1.6,#c3b9a1,2.37,,Pohlia,Pohlia annotina
KW_T_423_19_0039L,KW_T_423_19_0039L.tif_segmented.png,836028,2956,3631,#bdbb9a,2.19,#a2a485,1.87,#87896e,1.14,#2e2b25,0.7,#6c6a57,0.49,#bdbb9a,2.19,#2e2b25,0.7,#a2a485,1.87,#6c6a57,0.49,#87896e,1.14,#2e2b25,0.7,#6c6a57,0.49,#87896e,1.14,#a2a485,1.87,#bdbb9a,2.19,#2e2b25,0.7,#a2a485,1.87,#87896e,1.14,#bdbb9a,2.19,#6c6a57,0.49,#2e2b25,0.7,#6c6a57,0.49,#87896e,1.14,#a2a485,1.87,#bdbb9a,2.19,Pucciniaceae,Puccinia,Puccinia primulae
KW_T_423_19_0041L,KW_T_423_19_0041L.tif_segmented.png,1653693,2909,3635,#b6b49c,4.62,#a0a08a,3.83,#888773,2.78,#6e6858,1.65,#2d2a22,0.88,#2d2a22,0.88,#b6b49c,4.62,#a0a08a,3.83,#6e6858,1.65,#888773,2.78,#2d2a22,0.88,#6e6858,1.65,#888773,2.78,#a0a08a,3.83,#b6b49c,4.62,#2d2a22,0.88,#a0a08a,3.83,#888773,2.78,#6e6858,1.65,#b6b49c,4.62,#2d2a22,0.88,#6e6858,1.65,#888773,2.78,#a0a08a,3.83,#b6b49c,4.62,,Arabis,Arabis alpina sunsp. caucasica
KW_T_423_19_0043L,KW_T_423_19_0043L.tif_segmented.png,1037354,2921,3635,#bbb79d,4.03,#a7a48c,3.21,#918c75,1.81,#756c59,1.09,#343029,0.61,#bbb79d,4.03,#343029,0.61,#a7a48c,3.21,#756c59,1.09,#918c75,1.81,#343029,0.61,#756c59,1.09,#918c75,1.81,#a7a48c,3.21,#bbb79d,4.03,#343029,0.61,#a7a48c,3.21,#756c59,1.09,#918c75,1.81,#bbb79d,4.03,#343029,0.61,#756c59,1.09,#918c75,1.81,#a7a48c,3.21,#bbb79d,4.03,,Centaurea,Centaurea jacea
KW_T_423_19_0045L,KW_T_423_19_0045L.tif_segmented.png,1341855,2927,3655,#c7b298,4.27,#aca28a,1.83,#bf887b,0.97,#37322b,0.77,#947065,0.77,#c7b298,4.27,#bf887b,0.97,#37322b,0.77,#aca28a,1.83,#947065,0.77,#37322b,0.77,#947065,0.77,#aca28a,1.83,#bf887b,0.97,#c7b298,4.27,#37322b,0.77,#bf887b,0.97,#947065,0.77,#aca28a,1.83,#c7b298,4.27,#37322b,0.77,#947065,0.77,#aca28a,1.83,#bf887b,0.97,#c7b298,4.27,,Campanula,Campanula latifolia
KW_T_423_19_0047L,KW_T_423_19_0047L.tif_segmented.png,1177642,2944,3651,#6c5845,3.07,#896f55,2.94,#b8ad8e,2.5,#e0d48d,1.7,#a08b6c,1.55,#e0d48d,1.7,#6c5845,3.07,#896f55,2.94,#b8ad8e,2.5,#a08b6c,1.55,#b8ad8e,2.5,#a08b6c,1.55,#896f55,2.94,#6c5845,3.07,#e0d48d,1.7,#e0d48d,1.7,#b8ad8e,2.5,#896f55,2.94,#6c5845,3.07,#a08b6c,1.55,#b8ad8e,2.5,#a08b6c,1.55,#896f55,2.94,#6c5845,3.07,#e0d48d,1.7,,Mnium,Mnium stellare
KW_T_423_19_0049L,KW_T_423_19_0049L.tif_segmented.png,1068543,2954,3647,#8c9273,6.75,#9fa285,6.5,#787c63,5.47,#b5b397,5.36,#cac5aa,4.97,#cac5aa,4.97,#b5b397,5.36,#61634f,3.69,#9fa285,6.5,#8c9273,6.75,#61634f,3.69,#787c63,5.47,#8c9273,6.75,#9fa285,6.5,#b5b397,5.36,#9fa285,6.5,#8c9273,6.75,#787c63,5.47,#b5b397,5.36,#cac5aa,4.97,#61634f,3.69,#787c63,5.47,#8c9273,6.75,#9fa285,6.5,#b5b397,5.36,Gomphidiaceae ,Gomphidius,Gomphidius roseus
KW_T_423_19_0051L,KW_T_423_19_0051L.tif_segmented.png,677221,2952,3651,#cbc1a4,2.6,#b0a88b,2.4,#2a2823,1.24,#89896a,1.22,#605648,0.8,#cbc1a4,2.6,#2a2823,1.24,#b0a88b,2.4,#605648,0.8,#89896a,1.22,#605648,0.8,#2a2823,1.24,#89896a,1.22,#b0a88b,2.4,#cbc1a4,2.6,#2a2823,1.24,#89896a,1.22,#b0a88b,2.4,#605648,0.8,#cbc1a4,2.6,#605648,0.8,#2a2823,1.24,#89896a,1.22,#b0a88b,2.4,#cbc1a4,2.6,,Cordyceps,Cordyceps militaris
KW_T_423_19_0053L,KW_T_423_19_0053L.tif_segmented.png,786719,2968,3639,#ccc7a4,2.8,#b4ae8e,2.12,#9d9b7d,1.57,#837f68,1.17,#2b2823,0.9,#ccc7a4,2.8,#2b2823,0.9,#b4ae8e,2.12,#9d9b7d,1.57,#6c6855,0.89,#6c6855,0.89,#837f68,1.17,#2b2823,0.9,#9d9b7d,1.57,#b4ae8e,2.12,#2b2823,0.9,#ccc7a4,2.8,#837f68,1.17,#9d9b7d,1.57,#6c6855,0.89,#6c6855,0.89,#837f68,1.17,#2b2823,0.9,#9d9b7d,1.57,#b4ae8e,2.12,,Sambucus,Sambucus ebulus
KW_T_423_19_0055L,KW_T_423_19_0055L.tif_segmented.png,1978385,2974,3643,#856d52,5.37,#6c5a45,5.27,#9d8463,3.63,#d0c5a6,3.27,#b8ab8c,2.71,#d0c5a6,3.27,#6c5a45,5.27,#856d52,5.37,#b8ab8c,2.71,#4f4237,1.96,#b8ab8c,2.71,#4f4237,1.96,#9d8463,3.63,#856d52,5.37,#6c5a45,5.27,#4f4237,1.96,#856d52,5.37,#b8ab8c,2.71,#d0c5a6,3.27,#6c5a45,5.27,#b8ab8c,2.71,#4f4237,1.96,#9d8463,3.63,#856d52,5.37,#6c5a45,5.27,,Juncus,Juncus articulatus
KW_T_423_19_0057L,KW_T_423_19_0057L.tif_segmented.png,870889,2976,3643,#d0c5a8,3.03,#bcae91,2.69,#6c6152,2.26,#a89a7e,1.82,#8c7d69,1.7,#d0c5a8,3.03,#bcae91,2.69,#403b32,0.54,#a89a7e,1.82,#6c6152,2.26,#403b32,0.54,#8c7d69,1.7,#a89a7e,1.82,#6c6152,2.26,#bcae91,2.69,#403b32,0.54,#6c6152,2.26,#8c7d69,1.7,#d0c5a8,3.03,#bcae91,2.69,#403b32,0.54,#8c7d69,1.7,#a89a7e,1.82,#6c6152,2.26,#bcae91,2.69,,Digitaria,Digitaria sanguinalis
KW_T_423_19_0059L,KW_T_423_19_0059L.tif_segmented.png,4380167,2984,3631,#5c665c,7.88,#737b6e,6.22,#909482,6.15,#c9c4ab,6.13,#475047,4.98,#dad68a,3.34,#b9b282,4.48,#c9c4ab,6.13,#475047,4.98,#5c665c,7.88,#909482,6.15,#a8ad9d,4.55,#737b6e,6.22,#475047,4.98,#5c665c,7.88,#dad68a,3.34,#b9b282,4.48,#475047,4.98,#a8ad9d,4.55,#737b6e,6.22,#909482,6.15,#a8ad9d,4.55,#737b6e,6.22,#475047,4.98,#5c665c,7.88,,Rhizomnium,Rhizomnium pseudopunctatum
KW_T_423_19_0062L,KW_T_423_19_0062L.tif_segmented.png,657301,2937,3623,#bebda5,5.79,#acac95,4.88,#9a9983,3.56,#837f6c,2.04,#5b4f42,0.98,#bebda5,5.79,#5b4f42,0.98,#acac95,4.88,#9a9983,3.56,#837f6c,2.04,#5b4f42,0.98,#837f6c,2.04,#9a9983,3.56,#acac95,4.88,#bebda5,5.79,#837f6c,2.04,#9a9983,3.56,#acac95,4.88,#5b4f42,0.98,#bebda5,5.79,#5b4f42,0.98,#837f6c,2.04,#9a9983,3.56,#acac95,4.88,#bebda5,5.79,Amanitaceae,Amanita,Amanita spec.
KW_T_423_19_0064L,KW_T_423_19_0064L.tif_segmented.png,383973,2946,3623,#bfbda0,4.26,#919677,3.36,#a8a98d,3.25,#7a7c60,1.9,#4b4334,0.37,#4b4334,0.37,#bfbda0,4.26,#a8a98d,3.25,#919677,3.36,#7a7c60,1.9,#4b4334,0.37,#7a7c60,1.9,#919677,3.36,#a8a98d,3.25,#bfbda0,4.26,#919677,3.36,#a8a98d,3.25,#7a7c60,1.9,#4b4334,0.37,#bfbda0,4.26,#4b4334,0.37,#7a7c60,1.9,#919677,3.36,#a8a98d,3.25,#bfbda0,4.26,Fabaceae,Trifolium,Trifolium hybridum subsp. hybridum
KW_T_423_19_0066L,KW_T_423_19_0066L.tif_segmented.png,1053540,2952,3635,#d6caa1,3.52,#d7c57a,2.06,#b1a688,1.7,#bfa363,1.57,#927c5d,1.39,#d7c57a,2.06,#d6caa1,3.52,#bfa363,1.57,#2e2a24,0.91,#665843,0.72,#665843,0.72,#2e2a24,0.91,#927c5d,1.39,#b1a688,1.7,#bfa363,1.57,#d7c57a,2.06,#bfa363,1.57,#2e2a24,0.91,#d6caa1,3.52,#b1a688,1.7,#665843,0.72,#2e2a24,0.91,#927c5d,1.39,#b1a688,1.7,#bfa363,1.57,,Ajuga,Ajuga chamaepitys
KW_T_423_19_0068L,KW_T_423_19_0068L.tif_segmented.png,2353453,2956,3623,#453e38,6.3,#564a3f,5.6,#695b4d,4.32,#7d6c5c,3.52,#968670,1.86,#cdc1a4,1.61,#b2a38a,0.95,#564a3f,5.6,#453e38,6.3,#695b4d,4.32,#b2a38a,0.95,#968670,1.86,#7d6c5c,3.52,#695b4d,4.32,#564a3f,5.6,#453e38,6.3,#7d6c5c,3.52,#564a3f,5.6,#695b4d,4.32,#b2a38a,0.95,#b2a38a,0.95,#968670,1.86,#7d6c5c,3.52,#695b4d,4.32,#564a3f,5.6,Poaceae,Poa,Poa pratensis s.l.
KW_T_423_19_0070L,KW_T_423_19_0070L.tif_segmented.png,815607,2962,3623,#c2b99d,2.12,#8c876d,1.45,#716c57,1.34,#a59f83,1.32,#5a503f,0.65,#c2b99d,2.12,#5a503f,0.65,#a59f83,1.32,#716c57,1.34,#8c876d,1.45,#5a503f,0.65,#716c57,1.34,#8c876d,1.45,#a59f83,1.32,#c2b99d,2.12,#716c57,1.34,#a59f83,1.32,#8c876d,1.45,#5a503f,0.65,#c2b99d,2.12,#5a503f,0.65,#716c57,1.34,#8c876d,1.45,#a59f83,1.32,#c2b99d,2.12,,Plagiomnium,Plagiomnium rostratum
KW_T_423_19_0072L,KW_T_423_19_0072L.tif_segmented.png,1946225,2966,3631,#c6c0a0,3.52,#b5b290,3.5,#a6a182,2.96,#969072,2.48,#817860,1.79,#c6c0a0,3.52,#60543e,0.68,#b5b290,3.5,#a6a182,2.96,#817860,1.79,#60543e,0.68,#817860,1.79,#969072,2.48,#a6a182,2.96,#b5b290,3.5,#817860,1.79,#a6a182,2.96,#b5b290,3.5,#c6c0a0,3.52,#969072,2.48,#60543e,0.68,#817860,1.79,#969072,2.48,#a6a182,2.96,#b5b290,3.5,,Pluteus,Pluteus cervinus
KW_T_423_19_0074L,KW_T_423_19_0074L.tif_segmented.png,9140235,2978,3787,#e9dfd2,54.22,#e3dac9,23.02,#babf96,4.46,#cdcaab,3.24,#675f4e,1.62,#e9dfd2,54.22,#e3dac9,23.02,#3e372e,0.82,#babf96,4.46,#cdcaab,3.24,#3e372e,0.82,#675f4e,1.62,#babf96,4.46,#cdcaab,3.24,#e3dac9,23.02,#3e372e,0.82,#babf96,4.46,#cdcaab,3.24,#675f4e,1.62,#e9dfd2,54.22,#3e372e,0.82,#675f4e,1.62,#babf96,4.46,#cdcaab,3.24,#e3dac9,23.02,,Diplotaxis,Diplotaxis muralis
KW_T_423_19_0076L,KW_T_423_19_0076L.tif_segmented.png,2815604,2976,3639,#646052,6.8,#575144,6.77,#b8b099,2.93,#a29a88,2.5,#887f6d,1.37,#b8b099,2.93,#575144,6.77,#646052,6.8,#a29a88,2.5,#887f6d,1.37,#a29a88,2.5,#b8b099,2.93,#887f6d,1.37,#646052,6.8,#575144,6.77,#575144,6.77,#887f6d,1.37,#646052,6.8,#a29a88,2.5,#b8b099,2.93,#a29a88,2.5,#b8b099,2.93,#887f6d,1.37,#646052,6.8,#575144,6.77,,Lactuca,Lactuca macrophylla
KW_T_423_19_0078L,KW_T_423_19_0078L.tif_segmented.png,1302581,2999,3623,#665748,3.65,#4f443b,3.5,#7c6b5a,2.98,#c1b597,2.23,#948670,1.59,#c1b597,2.23,#28241d,0.68,#665748,3.65,#4f443b,3.5,#7c6b5a,2.98,#28241d,0.68,#948670,1.59,#c1b597,2.23,#7c6b5a,2.98,#4f443b,3.5,#28241d,0.68,#7c6b5a,2.98,#4f443b,3.5,#665748,3.65,#c1b597,2.23,#28241d,0.68,#948670,1.59,#c1b597,2.23,#7c6b5a,2.98,#4f443b,3.5,,Lactuca,Lactuca macrophylla
KW_T_423_19_0080L,KW_T_423_19_0080L.tif_segmented.png,684944,3001,3655,#828a6c,4.58,#989d7e,4.35,#b1af91,4.14,#c6c4a2,3.8,#72735b,2.68,#c6c4a2,3.8,#5d5645,1.49,#b1af91,4.14,#989d7e,4.35,#828a6c,4.58,#5d5645,1.49,#72735b,2.68,#828a6c,4.58,#989d7e,4.35,#b1af91,4.14,#989d7e,4.35,#828a6c,4.58,#c6c4a2,3.8,#72735b,2.68,#b1af91,4.14,#5d5645,1.49,#72735b,2.68,#828a6c,4.58,#989d7e,4.35,#b1af91,4.14,,Dysphania,Dysphania botrys
KW_T_423_19_0082L,KW_T_423_19_0082L.tif_segmented.png,116473,3003,3639,#c0b898,2.51,#a9a080,1.31,#877d65,0.91,#2c2921,0.58,#645948,0.32,#c0b898,2.51,#2c2921,0.58,#a9a080,1.31,#645948,0.32,#877d65,0.91,#645948,0.32,#2c2921,0.58,#877d65,0.91,#a9a080,1.31,#c0b898,2.51,#2c2921,0.58,#a9a080,1.31,#877d65,0.91,#645948,0.32,#c0b898,2.51,#645948,0.32,#2c2921,0.58,#877d65,0.91,#a9a080,1.31,#c0b898,2.51,Tricholomataceae,Tricholoma,Tricholoma album s.l.
KW_T_423_19_0084L,KW_T_423_19_0084L.tif_segmented.png,1099097,3011,3635,#c7c3a5,2.79,#b2ad8e,2.72,#99977c,1.54,#7a7761,0.8,#29261f,0.74,#29261f,0.74,#c7c3a5,2.79,#b2ad8e,2.72,#7a7761,0.8,#99977c,1.54,#29261f,0.74,#7a7761,0.8,#99977c,1.54,#b2ad8e,2.72,#c7c3a5,2.79,#29261f,0.74,#7a7761,0.8,#b2ad8e,2.72,#99977c,1.54,#c7c3a5,2.79,#29261f,0.74,#7a7761,0.8,#99977c,1.54,#b2ad8e,2.72,#c7c3a5,2.79,,Lobularia,Lobularia maritima
KW_T_423_19_0086L,KW_T_423_19_0086L.tif_segmented.png,2115191,2954,3639,#756757,2.84,#615446,2.25,#b2a78d,1.9,#8a7c69,1.49,#39322c,0.98,#b2a78d,1.9,#39322c,0.98,#615446,2.25,#756757,2.84,#8a7c69,1.49,#39322c,0.98,#b2a78d,1.9,#8a7c69,1.49,#615446,2.25,#756757,2.84,#39322c,0.98,#756757,2.84,#8a7c69,1.49,#b2a78d,1.9,#615446,2.25,#39322c,0.98,#b2a78d,1.9,#8a7c69,1.49,#615446,2.25,#756757,2.84,Orobanchaceae,Orobanche,Orobanche purpurea
KW_T_423_19_0088L,KW_T_423_19_0088L.tif_segmented.png,800306,2952,3627,#b0a58a,2.11,#c8bfa8,1.9,#5e5244,1.83,#786b5b,1.54,#948873,1.03,#c8bfa8,1.9,#5e5244,1.83,#b0a58a,2.11,#786b5b,1.54,#948873,1.03,#786b5b,1.54,#5e5244,1.83,#948873,1.03,#b0a58a,2.11,#c8bfa8,1.9,#786b5b,1.54,#b0a58a,2.11,#5e5244,1.83,#948873,1.03,#c8bfa8,1.9,#786b5b,1.54,#5e5244,1.83,#948873,1.03,#b0a58a,2.11,#c8bfa8,1.9,Cyperaceae,Carex,Carex sylvatica
KW_T_423_19_0090L,KW_T_423_19_0090L.tif_segmented.png,1742140,2974,3631,#9a9d83,4.41,#86886f,3.69,#b4b097,3.23,#73735e,2.51,#1e1c17,2.39,#d9cd71,1.02,#1e1c17,2.39,#b4b097,3.23,#9a9d83,4.41,#5c5748,1.27,#1e1c17,2.39,#5c5748,1.27,#73735e,2.51,#86886f,3.69,#9a9d83,4.41,#d9cd71,1.02,#1e1c17,2.39,#9a9d83,4.41,#86886f,3.69,#73735e,2.51,#1e1c17,2.39,#5c5748,1.27,#73735e,2.51,#86886f,3.69,#9a9d83,4.41,,Mnium,Mnium marginatum
KW_T_423_19_0091L,KW_T_423_19_0091L.tif_segmented.png,1013989,2966,3627,#aca487,1.99,#c7bea1,1.73,#8c866c,1.05,#2d2923,0.85,#6b6451,0.72,#c7bea1,1.73,#2d2923,0.85,#aca487,1.99,#6b6451,0.72,#8c866c,1.05,#2d2923,0.85,#6b6451,0.72,#8c866c,1.05,#aca487,1.99,#c7bea1,1.73,#2d2923,0.85,#aca487,1.99,#6b6451,0.72,#8c866c,1.05,#c7bea1,1.73,#2d2923,0.85,#6b6451,0.72,#8c866c,1.05,#aca487,1.99,#c7bea1,1.73,Russulaceae,Russula,Russula emetica s.l.
KW_T_423_19_0093L,KW_T_423_19_0093L.tif_segmented.png,1639201,2972,3631,#bebba6,3.99,#a9a691,3.26,#898879,1.42,#2b2821,0.9,#676453,0.76,#2b2821,0.9,#bebba6,3.99,#a9a691,3.26,#676453,0.76,#898879,1.42,#2b2821,0.9,#676453,0.76,#898879,1.42,#a9a691,3.26,#bebba6,3.99,#2b2821,0.9,#a9a691,3.26,#676453,0.76,#898879,1.42,#bebba6,3.99,#2b2821,0.9,#676453,0.76,#898879,1.42,#a9a691,3.26,#bebba6,3.99,,Conringia,Conringia orientalis
KW_T_423_19_0095L,KW_T_423_19_0095L.tif_segmented.png,2377283,2980,3623,#93a380,5.83,#839474,5.7,#a9af8f,3.39,#738066,3.38,#c3bea1,2.89,#c3bea1,2.89,#93a380,5.83,#a9af8f,3.39,#839474,5.7,#5d6752,1.93,#5d6752,1.93,#738066,3.38,#a9af8f,3.39,#839474,5.7,#93a380,5.83,#a9af8f,3.39,#839474,5.7,#738066,3.38,#93a380,5.83,#c3bea1,2.89,#5d6752,1.93,#738066,3.38,#a9af8f,3.39,#839474,5.7,#93a380,5.83,Brassicaceae,Lepidium,Lepidium perfoliatum
KW_T_423_19_0097L,KW_T_423_19_0097L.tif_segmented.png,530323,2980,3631,#c5bb9f,2.45,#aea68b,2.0,#857d68,1.28,#ca8862,0.82,#655948,0.53,#ca8862,0.82,#c5bb9f,2.45,#655948,0.53,#aea68b,2.0,#857d68,1.28,#655948,0.53,#857d68,1.28,#ca8862,0.82,#aea68b,2.0,#c5bb9f,2.45,#ca8862,0.82,#857d68,1.28,#aea68b,2.0,#655948,0.53,#c5bb9f,2.45,#655948,0.53,#857d68,1.28,#ca8862,0.82,#aea68b,2.0,#c5bb9f,2.45,,Epilobium,Epilobium tetragonum
KW_T_423_19_0099L,KW_T_423_19_0099L.tif_segmented.png,2721834,2984,3631,#b3b395,6.57,#8d8b74,5.68,#9f9f88,5.38,#c7c1a7,5.33,#747064,3.99,#c7c1a7,5.33,#b3b395,6.57,#595249,2.58,#9f9f88,5.38,#8d8b74,5.68,#595249,2.58,#747064,3.99,#8d8b74,5.68,#9f9f88,5.38,#b3b395,6.57,#9f9f88,5.38,#595249,2.58,#b3b395,6.57,#8d8b74,5.68,#c7c1a7,5.33,#595249,2.58,#747064,3.99,#8d8b74,5.68,#9f9f88,5.38,#b3b395,6.57,Cyperaceae,Carex,Carex digitata
KW_T_423_19_0101L,KW_T_423_19_0101L.tif_segmented.png,9103016,2992,3755,#c2ba9c,4.09,#aea98b,3.29,#969276,2.71,#7f7662,1.83,#655b48,1.09,#c2ba9c,4.09,#655b48,1.09,#aea98b,3.29,#969276,2.71,#7f7662,1.83,#655b48,1.09,#7f7662,1.83,#969276,2.71,#aea98b,3.29,#c2ba9c,4.09,#7f7662,1.83,#aea98b,3.29,#655b48,1.09,#969276,2.71,#c2ba9c,4.09,#655b48,1.09,#7f7662,1.83,#969276,2.71,#aea98b,3.29,#c2ba9c,4.09,Pucciniaceae,Puccinia,Puccinia primulae
KW_T_423_19_0103L,KW_T_423_19_0103L.tif_segmented.png,295071,2976,3647,#9aa079,8.05,#aeb38e,6.38,#868967,5.87,#c6c3a6,4.58,#6e6e55,3.87,#c6c3a6,4.58,#aeb38e,6.38,#9aa079,8.05,#474037,0.97,#868967,5.87,#474037,0.97,#6e6e55,3.87,#868967,5.87,#9aa079,8.05,#aeb38e,6.38,#aeb38e,6.38,#474037,0.97,#868967,5.87,#9aa079,8.05,#c6c3a6,4.58,#474037,0.97,#6e6e55,3.87,#868967,5.87,#9aa079,8.05,#aeb38e,6.38,,Hypericum,Hypericum maculatum subsp. obtusiusculum
KW_T_423_19_0105L,KW_T_423_19_0105L.tif_segmented.png,1296246,2976,3639,#c0b49d,2.77,#ab9c88,2.52,#91806e,2.42,#746657,2.23,#5b4f41,1.38,#c0b49d,2.77,#5b4f41,1.38,#ab9c88,2.52,#746657,2.23,#91806e,2.42,#5b4f41,1.38,#746657,2.23,#ab9c88,2.52,#91806e,2.42,#c0b49d,2.77,#746657,2.23,#5b4f41,1.38,#ab9c88,2.52,#91806e,2.42,#c0b49d,2.77,#5b4f41,1.38,#746657,2.23,#ab9c88,2.52,#91806e,2.42,#c0b49d,2.77,,Melilotus,Melilotus indicus
KW_T_423_19_0107L,KW_T_423_19_0107L.tif_segmented.png,2453916,2980,3631,#cca079,5.1,#cfb896,4.27,#91755d,3.65,#b38b69,3.62,#695849,1.94,#cca079,5.1,#cfb896,4.27,#b38b69,3.62,#695849,1.94,#91755d,3.65,#695849,1.94,#91755d,3.65,#b0a283,1.87,#cfb896,4.27,#b38b69,3.62,#cca079,5.1,#b0a283,1.87,#cfb896,4.27,#b38b69,3.62,#695849,1.94,#695849,1.94,#91755d,3.65,#b0a283,1.87,#cfb896,4.27,#b38b69,3.62,,Teucrium,Teucrium chamaedrys
KW_T_423_19_0109L,KW_T_423_19_0109L.tif_segmented.png,1881938,2984,3635,#949e96,5.36,#a7afa0,5.05,#b9bfb0,3.37,#858d7f,2.55,#c9c39d,2.34,#c9c39d,2.34,#6f6a57,0.93,#b9bfb0,3.37,#a7afa0,5.05,#949e96,5.36,#6f6a57,0.93,#c9c39d,2.34,#a7afa0,5.05,#858d7f,2.55,#949e96,5.36,#a7afa0,5.05,#c9c39d,2.34,#b9bfb0,3.37,#6f6a57,0.93,#858d7f,2.55,#6f6a57,0.93,#c9c39d,2.34,#a7afa0,5.05,#858d7f,2.55,#949e96,5.36,Cyperaceae,Carex,Carex leersii
KW_T_423_19_0111L,KW_T_423_19_0111L.tif_segmented.png,1089950,2992,3627,#beb697,2.44,#a29b7f,1.33,#7d735d,0.72,#2a2720,0.68,#594d38,0.33,#beb697,2.44,#2a2720,0.68,#594d38,0.33,#a29b7f,1.33,#7d735d,0.72,#594d38,0.33,#2a2720,0.68,#7d735d,0.72,#a29b7f,1.33,#beb697,2.44,#2a2720,0.68,#7d735d,0.72,#a29b7f,1.33,#beb697,2.44,#594d38,0.33,#594d38,0.33,#2a2720,0.68,#7d735d,0.72,#a29b7f,1.33,#beb697,2.44,,Mitrula,Mitrula paludosa
KW_T_423_19_0113L,KW_T_423_19_0113L.tif_segmented.png,836395,2995,3627,#98a397,4.56,#7e8c81,4.48,#b8b39d,4.22,#6b7468,3.39,#a48e74,2.24,#a48e74,2.24,#b8b39d,4.22,#595648,1.3,#98a397,4.56,#7e8c81,4.48,#a48e74,2.24,#595648,1.3,#98a397,4.56,#6b7468,3.39,#7e8c81,4.48,#595648,1.3,#98a397,4.56,#7e8c81,4.48,#6b7468,3.39,#b8b39d,4.22,#a48e74,2.24,#595648,1.3,#98a397,4.56,#6b7468,3.39,#7e8c81,4.48,Fabaceae,Trifolium,Trifolium scabrum
KW_T_423_19_0115L,KW_T_423_19_0115L.tif_segmented.png,1519921,2999,3635,#c9b895,3.84,#b4a588,2.38,#988c75,1.49,#6e6658,1.46,#4a4234,0.58,#c9b895,3.84,#4a4234,0.58,#b4a588,2.38,#988c75,1.49,#6e6658,1.46,#4a4234,0.58,#6e6658,1.46,#988c75,1.49,#b4a588,2.38,#c9b895,3.84,#4a4234,0.58,#b4a588,2.38,#c9b895,3.84,#6e6658,1.46,#988c75,1.49,#4a4234,0.58,#6e6658,1.46,#988c75,1.49,#b4a588,2.38,#c9b895,3.84,Plantaginaceae,Linaria,Linaria repens
KW_T_423_19_0117L,KW_T_423_19_0117L.tif_segmented.png,1519732,2999,3635,#b2ac8f,3.51,#c7bea0,3.2,#999178,2.08,#736c59,1.47,#312c23,0.76,#c7bea0,3.2,#312c23,0.76,#b2ac8f,3.51,#736c59,1.47,#999178,2.08,#312c23,0.76,#736c59,1.47,#999178,2.08,#b2ac8f,3.51,#c7bea0,3.2,#312c23,0.76,#736c59,1.47,#b2ac8f,3.51,#c7bea0,3.2,#999178,2.08,#312c23,0.76,#736c59,1.47,#999178,2.08,#b2ac8f,3.51,#c7bea0,3.2,,Xanthium,Xanthium  spec. 
KW_T_423_19_0119L,KW_T_423_19_0119L.tif_segmented.png,2291293,3001,3635,#7b6e5b,6.37,#898772,5.43,#675a49,5.0,#9aa18d,4.25,#cdc4ab,4.22,#cdc4ab,4.22,#ac926f,3.03,#675a49,5.0,#b8b095,3.85,#7b6e5b,6.37,#675a49,5.0,#7b6e5b,6.37,#898772,5.43,#ac926f,3.03,#9aa18d,4.25,#7b6e5b,6.37,#9aa18d,4.25,#898772,5.43,#675a49,5.0,#ac926f,3.03,#675a49,5.0,#7b6e5b,6.37,#898772,5.43,#ac926f,3.03,#9aa18d,4.25,Russulaceae,Russula,Russula sardonia
KW_T_423_19_0121L,KW_T_423_19_0121L.tif_segmented.png,1825666,2999,3631,#b6b294,3.18,#9d9e81,2.84,#cac4a7,2.84,#86876c,2.65,#6e6b57,1.91,#cac4a7,2.84,#312c24,0.62,#b6b294,3.18,#9d9e81,2.84,#6e6b57,1.91,#312c24,0.62,#6e6b57,1.91,#86876c,2.65,#9d9e81,2.84,#b6b294,3.18,#312c24,0.62,#9d9e81,2.84,#86876c,2.65,#6e6b57,1.91,#b6b294,3.18,#312c24,0.62,#6e6b57,1.91,#86876c,2.65,#9d9e81,2.84,#b6b294,3.18,,Hydnum,Hydnum repandum
KW_T_423_19_0123L,KW_T_423_19_0123L.tif_segmented.png,9176581,2962,3827,#e6ddce,52.14,#ebe2d3,16.88,#e2d8c6,16.3,#cecab0,3.43,#bab99b,3.15,#e6ddce,52.14,#ebe2d3,16.88,#e2d8c6,16.3,#cecab0,3.43,#74705b,0.55,#74705b,0.55,#8f8f73,2.2,#a6a486,2.84,#bab99b,3.15,#cecab0,3.43,#a6a486,2.84,#74705b,0.55,#8f8f73,2.2,#bab99b,3.15,#cecab0,3.43,#74705b,0.55,#8f8f73,2.2,#a6a486,2.84,#bab99b,3.15,#cecab0,3.43,,Sisymbrium,Sisymbrium orientale
KW_T_423_19_0125L,KW_T_423_19_0125L.tif_segmented.png,1688971,2964,3639,#78624e,3.83,#8e765b,3.58,#5f4f42,3.03,#a28c6d,2.35,#b9a984,2.15,#d1c49c,2.15,#b9a984,2.15,#78624e,3.83,#2c2923,1.12,#5f4f42,3.03,#2c2923,1.12,#b9a984,2.15,#d1c49c,2.15,#a28c6d,2.35,#5f4f42,3.03,#2c2923,1.12,#d1c49c,2.15,#b9a984,2.15,#78624e,3.83,#5f4f42,3.03,#2c2923,1.12,#b9a984,2.15,#d1c49c,2.15,#a28c6d,2.35,#5f4f42,3.03,Salicaceae,Salix,Salix spec.
KW_T_423_19_0127L,KW_T_423_19_0127L.tif_segmented.png,449711,3019,3647,#bfb094,1.68,#aa9a80,1.13,#8a7d6d,1.04,#6e6357,0.91,#2b2822,0.79,#bfb094,1.68,#2b2822,0.79,#aa9a80,1.13,#6e6357,0.91,#8a7d6d,1.04,#2b2822,0.79,#6e6357,0.91,#8a7d6d,1.04,#aa9a80,1.13,#bfb094,1.68,#2b2822,0.79,#8a7d6d,1.04,#6e6357,0.91,#bfb094,1.68,#aa9a80,1.13,#2b2822,0.79,#6e6357,0.91,#8a7d6d,1.04,#aa9a80,1.13,#bfb094,1.68,Cyperaceae,Carex,Carex x fulva
KW_T_423_19_0129L,KW_T_423_19_0129L.tif_segmented.png,2066477,3021,3635,#a5a586,3.54,#8e9078,3.42,#b8b897,3.06,#767b65,2.94,#5c6050,1.41,#b8b897,3.06,#a5a586,3.54,#5c6050,1.41,#767b65,2.94,#8e9078,3.42,#5c6050,1.41,#767b65,2.94,#8e9078,3.42,#a5a586,3.54,#b8b897,3.06,#a5a586,3.54,#767b65,2.94,#8e9078,3.42,#b8b897,3.06,#5c6050,1.41,#5c6050,1.41,#767b65,2.94,#8e9078,3.42,#a5a586,3.54,#b8b897,3.06,,Solorina,Solorina saccata
KW_T_423_19_0131L,KW_T_423_19_0131L.tif_segmented.png,1410769,3025,3635,#81876f,3.0,#b4b493,2.67,#999b82,2.4,#696b5b,1.97,#564640,0.56,#b4b493,2.67,#564640,0.56,#999b82,2.4,#81876f,3.0,#696b5b,1.97,#564640,0.56,#696b5b,1.97,#999b82,2.4,#81876f,3.0,#b4b493,2.67,#81876f,3.0,#999b82,2.4,#b4b493,2.67,#564640,0.56,#696b5b,1.97,#564640,0.56,#696b5b,1.97,#999b82,2.4,#81876f,3.0,#b4b493,2.67,,Marasmius,Marasmius rotula
KW_T_423_19_0133L,KW_T_423_19_0133L.tif_segmented.png,9193101,2997,3787,#e3dacb,42.26,#e8ded0,32.68,#dad3be,6.57,#c8c4a7,4.38,#797458,1.37,#e3dacb,42.26,#e8ded0,32.68,#2c2924,0.93,#dad3be,6.57,#c8c4a7,4.38,#2c2924,0.93,#797458,1.37,#c8c4a7,4.38,#dad3be,6.57,#e3dacb,42.26,#2c2924,0.93,#797458,1.37,#c8c4a7,4.38,#e8ded0,32.68,#e3dacb,42.26,#2c2924,0.93,#797458,1.37,#c8c4a7,4.38,#dad3be,6.57,#e3dacb,42.26,,Mitrophora,Mitrophora semilibera
KW_T_423_19_0135L,KW_T_423_19_0135L.tif_segmented.png,1028236,3007,3647,#ede4d6,9.35,#a19882,0.88,#342f27,0.77,#7e725c,0.63,,,#ede4d6,9.35,#342f27,0.77,#7e725c,0.63,#a19882,0.88,,,#342f27,0.77,#7e725c,0.63,#a19882,0.88,#ede4d6,9.35,,,#342f27,0.77,#7e725c,0.63,#a19882,0.88,#ede4d6,9.35,,,#342f27,0.77,#7e725c,0.63,#a19882,0.88,#ede4d6,9.35,,,,Tilia,Tilia cordata
KW_T_423_19_0137L,KW_T_423_19_0137L.tif_segmented.png,1869539,3013,3643,#efe6d6,7.12,#94886e,2.92,#796c58,2.83,#aba28a,2.72,#5d5242,1.42,#efe6d6,7.12,#5d5242,1.42,#aba28a,2.72,#796c58,2.83,#94886e,2.92,#5d5242,1.42,#796c58,2.83,#94886e,2.92,#aba28a,2.72,#efe6d6,7.12,#796c58,2.83,#aba28a,2.72,#5d5242,1.42,#94886e,2.92,#efe6d6,7.12,#5d5242,1.42,#796c58,2.83,#94886e,2.92,#aba28a,2.72,#efe6d6,7.12,,Mercurialis,Mercurialis perennis
KW_T_423_19_0139L,KW_T_423_19_0139L.tif_segmented.png,9273069,3017,3791,#e7dccd,37.38,#e2d8c7,29.87,#a1ab8e,5.5,#8f9980,5.37,#7f846f,4.9,#e7dccd,37.38,#e2d8c7,29.87,#d6ceb7,4.3,#6e6c5d,3.7,#a1ab8e,5.5,#6e6c5d,3.7,#7f846f,4.9,#a1ab8e,5.5,#8f9980,5.37,#b5b99e,4.18,#8f9980,5.37,#a1ab8e,5.5,#7f846f,4.9,#b5b99e,4.18,#e7dccd,37.38,#6e6c5d,3.7,#7f846f,4.9,#a1ab8e,5.5,#8f9980,5.37,#b5b99e,4.18,Salicaceae,Salix,Salix spec.
KW_T_423_19_0140L,KW_T_423_19_0140L.tif_segmented.png,1751930,3019,3631,#909480,4.37,#b2bcac,3.54,#797a67,3.2,#9ba99c,3.05,#b5b08c,2.41,#b5b08c,2.41,#615b49,1.73,#b2bcac,3.54,#797a67,3.2,#909480,4.37,#615b49,1.73,#797a67,3.2,#909480,4.37,#b5b08c,2.41,#9ba99c,3.05,#9ba99c,3.05,#797a67,3.2,#b2bcac,3.54,#b5b08c,2.41,#909480,4.37,#615b49,1.73,#797a67,3.2,#909480,4.37,#b5b08c,2.41,#9ba99c,3.05,,Leucopaxillus,Leucopaxillus rhodoleucus
KW_T_423_19_0142L,KW_T_423_19_0142L.tif_segmented.png,826576,3021,3635,#bab69a,3.4,#a1a085,2.87,#87846c,1.71,#6c624c,0.92,#2c2822,0.87,#2c2822,0.87,#bab69a,3.4,#6c624c,0.92,#a1a085,2.87,#87846c,1.71,#6c624c,0.92,#2c2822,0.87,#87846c,1.71,#a1a085,2.87,#bab69a,3.4,#2c2822,0.87,#a1a085,2.87,#6c624c,0.92,#87846c,1.71,#bab69a,3.4,#6c624c,0.92,#2c2822,0.87,#87846c,1.71,#a1a085,2.87,#bab69a,3.4,Pucciniaceae,Puccinia,Puccinia phragmitis
KW_T_423_19_0144L,KW_T_423_19_0144L.tif_segmented.png,2271843,3025,3639,#8c724f,3.86,#e8d76a,3.18,#9e8764,3.04,#b7954f,2.81,#d6b75f,2.72,#e8d76a,3.18,#d6b75f,2.72,#b7954f,2.81,#735b43,2.31,#8c724f,3.86,#735b43,2.31,#bead8b,1.95,#8c724f,3.86,#9e8764,3.04,#b7954f,2.81,#e8d76a,3.18,#d6b75f,2.72,#b7954f,2.81,#bead8b,1.95,#8c724f,3.86,#735b43,2.31,#bead8b,1.95,#8c724f,3.86,#9e8764,3.04,#b7954f,2.81,Brassicaceae,Lepidium,Lepidium didymum
KW_T_423_19_0146L,KW_T_423_19_0146L.tif_segmented.png,2270129,3029,3655,#8e6f52,4.11,#776049,3.93,#a17c5a,3.67,#af9473,2.84,#c1b395,2.49,#c1b395,2.49,#a17c5a,3.67,#af9473,2.84,#8e6f52,4.11,#776049,3.93,#c1b395,2.49,#af9473,2.84,#584d40,1.38,#776049,3.93,#8e6f52,4.11,#776049,3.93,#584d40,1.38,#af9473,2.84,#8e6f52,4.11,#c1b395,2.49,#c1b395,2.49,#af9473,2.84,#584d40,1.38,#776049,3.93,#8e6f52,4.11,,Galium,Galium tricornutum
KW_T_423_19_0148L,KW_T_423_19_0148L.tif_segmented.png,1822464,3027,3655,#b9b69c,5.07,#a2a286,4.65,#677363,4.23,#84907c,3.93,#887e64,2.81,#b9b69c,5.07,#56463e,1.78,#a2a286,4.65,#887e64,2.81,#677363,4.23,#56463e,1.78,#887e64,2.81,#a2a286,4.65,#84907c,3.93,#677363,4.23,#a2a286,4.65,#84907c,3.93,#677363,4.23,#887e64,2.81,#56463e,1.78,#56463e,1.78,#887e64,2.81,#a2a286,4.65,#84907c,3.93,#677363,4.23,,Euphorbia,Euphorbia esula
KW_T_423_19_0150L,KW_T_423_19_0150L.tif_segmented.png,555057,3029,3655,#bfb893,1.86,#abaa82,1.62,#908e69,1.29,#2a2722,0.97,#6f674d,0.63,#bfb893,1.86,#2a2722,0.97,#abaa82,1.62,#6f674d,0.63,#908e69,1.29,#2a2722,0.97,#6f674d,0.63,#908e69,1.29,#abaa82,1.62,#bfb893,1.86,#2a2722,0.97,#abaa82,1.62,#908e69,1.29,#bfb893,1.86,#6f674d,0.63,#2a2722,0.97,#6f674d,0.63,#908e69,1.29,#abaa82,1.62,#bfb893,1.86,Poaceae,Poa,Poa bulbosa
KW_T_423_19_0152L,KW_T_423_19_0152L.tif_segmented.png,2040638,3029,3659,#949b6e,3.65,#beb49c,3.57,#a7ab83,3.43,#838660,2.83,#6d6b52,1.73,#2a2722,0.97,#beb49c,3.57,#a7ab83,3.43,#949b6e,3.65,#838660,2.83,#2a2722,0.97,#6d6b52,1.73,#838660,2.83,#a7ab83,3.43,#949b6e,3.65,#2a2722,0.97,#a7ab83,3.43,#838660,2.83,#949b6e,3.65,#6d6b52,1.73,#2a2722,0.97,#6d6b52,1.73,#838660,2.83,#a7ab83,3.43,#949b6e,3.65,,Volvariella,Volvariella bombycina
KW_T_423_19_0154L,KW_T_423_19_0154L.tif_segmented.png,1371154,3027,3663,#c4bca7,3.52,#b4ac99,2.59,#9d968b,1.29,#7a7263,0.88,#282621,0.85,#c4bca7,3.52,#282621,0.85,#5c5240,0.51,#b4ac99,2.59,#7a7263,0.88,#5c5240,0.51,#7a7263,0.88,#282621,0.85,#9d968b,1.29,#b4ac99,2.59,#282621,0.85,#7a7263,0.88,#5c5240,0.51,#b4ac99,2.59,#9d968b,1.29,#5c5240,0.51,#7a7263,0.88,#282621,0.85,#9d968b,1.29,#b4ac99,2.59,,Epipactis,Epipactis atrorubens
KW_T_423_19_0156L,KW_T_423_19_0156L.tif_segmented.png,943908,3027,3651,#bca488,2.81,#ab8a6c,2.76,#cfc3a4,2.45,#8c7058,2.01,#635242,1.63,#cfc3a4,2.45,#bca488,2.81,#ab8a6c,2.76,#2a2722,1.01,#8c7058,2.01,#2a2722,1.01,#635242,1.63,#8c7058,2.01,#ab8a6c,2.76,#bca488,2.81,#2a2722,1.01,#bca488,2.81,#cfc3a4,2.45,#8c7058,2.01,#ab8a6c,2.76,#2a2722,1.01,#635242,1.63,#8c7058,2.01,#ab8a6c,2.76,#bca488,2.81,,Panicum,Panicum capillare
KW_T_423_19_0158L,KW_T_423_19_0158L.tif_segmented.png,277986,3029,3651,#99a187,3.26,#b6b494,2.98,#818871,2.77,#e1df81,1.25,#2c2923,0.95,#e1df81,1.25,#2c2923,0.95,#b6b494,2.98,#99a187,3.26,#636654,0.9,#636654,0.9,#2c2923,0.95,#818871,2.77,#99a187,3.26,#b6b494,2.98,#e1df81,1.25,#2c2923,0.95,#99a187,3.26,#818871,2.77,#b6b494,2.98,#636654,0.9,#2c2923,0.95,#818871,2.77,#99a187,3.26,#b6b494,2.98,,Elymus,Elymus x obtusiusculus
KW_T_423_19_0160L,KW_T_423_19_0160L.tif_segmented.png,855897,3029,3647,#b9b296,2.63,#8e886e,1.42,#a09f89,1.41,#756a53,1.2,#2d2923,0.91,#2d2923,0.91,#b9b296,2.63,#756a53,1.2,#8e886e,1.42,#a09f89,1.41,#756a53,1.2,#2d2923,0.91,#8e886e,1.42,#a09f89,1.41,#b9b296,2.63,#2d2923,0.91,#756a53,1.2,#a09f89,1.41,#8e886e,1.42,#b9b296,2.63,#756a53,1.2,#2d2923,0.91,#8e886e,1.42,#a09f89,1.41,#b9b296,2.63,Cortinariaceae,Cortinarius,Cortinarius pholideus
KW_T_423_19_0162L,KW_T_423_19_0162L.tif_segmented.png,9258615,2986,3827,#e6dccd,59.11,#e1d7c2,21.21,#868b75,3.88,#756854,2.94,#637869,2.77,#e6dccd,59.11,#e1d7c2,21.21,#cac3a9,2.2,#594f41,2.05,#756854,2.94,#594f41,2.05,#756854,2.94,#aaa483,2.15,#868b75,3.88,#637869,2.77,#637869,2.77,#868b75,3.88,#756854,2.94,#aaa483,2.15,#594f41,2.05,#594f41,2.05,#756854,2.94,#aaa483,2.15,#868b75,3.88,#637869,2.77,,Lepista,Lepista nuda
KW_T_423_19_0164L,KW_T_423_19_0164L.tif_segmented.png,1415299,2984,3655,#8e6f52,4.29,#7e5d46,4.13,#6b4a3c,2.69,#a68f6d,1.36,#292722,1.13,#7e5d46,4.13,#6b4a3c,2.69,#8e6f52,4.29,#a68f6d,1.36,#292722,1.13,#292722,1.13,#a68f6d,1.36,#6b4a3c,2.69,#8e6f52,4.29,#7e5d46,4.13,#292722,1.13,#7e5d46,4.13,#a68f6d,1.36,#8e6f52,4.29,#6b4a3c,2.69,#292722,1.13,#a68f6d,1.36,#6b4a3c,2.69,#8e6f52,4.29,#7e5d46,4.13,,Amelanchier,Amelanchier ovalis
KW_T_423_19_0166L,KW_T_423_19_0166L.tif_segmented.png,905815,2980,3639,#e8ded0,59.13,#e4daca,24.87,#a28d6d,1.83,#81664e,1.58,#c38f5f,1.37,#e8ded0,59.13,#e4daca,24.87,#c38f5f,1.37,#2f2b24,0.73,#81664e,1.58,#2f2b24,0.73,#a28d6d,1.83,#81664e,1.58,#c38f5f,1.37,#e4daca,24.87,#2f2b24,0.73,#c38f5f,1.37,#81664e,1.58,#e8ded0,59.13,#e4daca,24.87,#2f2b24,0.73,#a28d6d,1.83,#81664e,1.58,#c38f5f,1.37,#e4daca,24.87,,Bromus,Bromus secalinus
KW_T_423_19_0168L,KW_T_423_19_0168L.tif_segmented.png,8834432,2984,3655,#e4dacb,53.3,#e1d7c6,27.88,#ddd3ba,7.95,#92886a,2.01,#79735b,1.52,#e4dacb,53.3,#e1d7c6,27.88,#ddd3ba,7.95,#27251f,0.97,#615949,0.73,#615949,0.73,#79735b,1.52,#27251f,0.97,#92886a,2.01,#ddd3ba,7.95,#27251f,0.97,#79735b,1.52,#615949,0.73,#92886a,2.01,#ddd3ba,7.95,#615949,0.73,#79735b,1.52,#27251f,0.97,#92886a,2.01,#ddd3ba,7.95,,Plagiomnium,Plagiomnium elatum
KW_T_423_19_0170L,KW_T_423_19_0170L.tif_segmented.png,8809419,2986,3647,#e4dbcc,41.87,#e2d8c8,35.29,#dfd5bf,12.2,#d4cbb0,1.67,#8a825f,1.12,#e4dbcc,41.87,#e2d8c8,35.29,#dfd5bf,12.2,#d4cbb0,1.67,#6c634c,0.52,#6c634c,0.52,#8a825f,1.12,#d4cbb0,1.67,#dfd5bf,12.2,#e2d8c8,35.29,#8a825f,1.12,#6c634c,0.52,#d4cbb0,1.67,#e4dbcc,41.87,#e2d8c8,35.29,#6c634c,0.52,#8a825f,1.12,#d4cbb0,1.67,#dfd5bf,12.2,#e2d8c8,35.29,,Rhodocollybia,Rhodocollybia maculata
KW_T_423_19_0172L,KW_T_423_19_0172L.tif_segmented.png,1682700,2990,3635,#909670,2.98,#6a7154,2.9,#7d8462,2.8,#a5a789,2.39,#c3bba4,1.25,#28261f,0.85,#c3bba4,1.25,#909670,2.98,#a5a789,2.39,#6a7154,2.9,#28261f,0.85,#a5a789,2.39,#595c47,1.24,#909670,2.98,#6a7154,2.9,#28261f,0.85,#a5a789,2.39,#909670,2.98,#7d8462,2.8,#6a7154,2.9,#28261f,0.85,#a5a789,2.39,#595c47,1.24,#909670,2.98,#6a7154,2.9,,Psathyrella,Psathyrella conopilus
KW_T_423_19_0174L,KW_T_423_19_0174L.tif_segmented.png,672460,3003,3643,#cdb270,1.37,#a48d62,1.28,#afa586,1.05,#837257,0.92,#2e2a24,0.8,#cdb270,1.37,#2e2a24,0.8,#a48d62,1.28,#afa586,1.05,#837257,0.92,#2e2a24,0.8,#837257,0.92,#afa586,1.05,#a48d62,1.28,#cdb270,1.37,#cdb270,1.37,#2e2a24,0.8,#afa586,1.05,#a48d62,1.28,#837257,0.92,#2e2a24,0.8,#837257,0.92,#afa586,1.05,#a48d62,1.28,#cdb270,1.37,,Neslia,Neslia paniculata
KW_T_423_19_0176L,KW_T_423_19_0176L.tif_segmented.png,874490,2937,3635,#8b7c64,2.69,#c7bc9b,2.04,#aa9c7f,2.03,#71624f,1.97,#2c2922,0.81,#c7bc9b,2.04,#2c2922,0.81,#aa9c7f,2.03,#71624f,1.97,#8b7c64,2.69,#2c2922,0.81,#aa9c7f,2.03,#8b7c64,2.69,#71624f,1.97,#c7bc9b,2.04,#2c2922,0.81,#71624f,1.97,#8b7c64,2.69,#c7bc9b,2.04,#aa9c7f,2.03,#2c2922,0.81,#aa9c7f,2.03,#8b7c64,2.69,#71624f,1.97,#c7bc9b,2.04,,Centaurea,Centaurea jacea
KW_T_423_20_0009L,KW_T_423_20_0009L.tif_segmented.png,1669431,2937,3619,#818b77,4.1,#9aa291,3.53,#686757,2.69,#887a58,1.37,#b2a777,1.25,#b2a777,1.25,#302c26,1.02,#887a58,1.37,#9aa291,3.53,#686757,2.69,#302c26,1.02,#887a58,1.37,#b2a777,1.25,#686757,2.69,#9aa291,3.53,#302c26,1.02,#b2a777,1.25,#818b77,4.1,#9aa291,3.53,#887a58,1.37,#302c26,1.02,#887a58,1.37,#b2a777,1.25,#686757,2.69,#9aa291,3.53,Cyperaceae,Carex,Carex ligerica
KW_T_423_20_0011L,KW_T_423_20_0011L.tif_segmented.png,853909,2956,3627,#a2a892,2.2,#808b7b,1.88,#9f926e,1.53,#676b5b,1.24,#2c2923,1.09,#2c2923,1.09,#9f926e,1.53,#a2a892,2.2,#676b5b,1.24,#808b7b,1.88,#2c2923,1.09,#676b5b,1.24,#808b7b,1.88,#9f926e,1.53,#a2a892,2.2,#2c2923,1.09,#a2a892,2.2,#808b7b,1.88,#9f926e,1.53,#676b5b,1.24,#2c2923,1.09,#676b5b,1.24,#808b7b,1.88,#9f926e,1.53,#a2a892,2.2,Russulaceae,Russula,Russula persicina
KW_T_423_20_0013L,KW_T_423_20_0013L.tif_segmented.png,2370368,2958,3631,#b3b595,5.07,#a2a383,4.36,#938f6f,3.92,#7d735b,3.42,#665443,1.99,#b3b595,5.07,#2d2a23,0.96,#665443,1.99,#a2a383,4.36,#7d735b,3.42,#2d2a23,0.96,#665443,1.99,#7d735b,3.42,#938f6f,3.92,#a2a383,4.36,#2d2a23,0.96,#a2a383,4.36,#7d735b,3.42,#b3b595,5.07,#938f6f,3.92,#2d2a23,0.96,#665443,1.99,#7d735b,3.42,#938f6f,3.92,#a2a383,4.36,Cortinariaceae,Cortinarius,Cortinarius sect. Dermocybe
KW_T_423_20_0015L,KW_T_423_20_0015L.tif_segmented.png,2703889,2941,3599,#6c6151,5.75,#827561,3.47,#574e41,3.03,#c0b791,2.37,#a69978,1.93,#c0b791,2.37,#a69978,1.93,#2b2923,1.0,#6c6151,5.75,#574e41,3.03,#2b2923,1.0,#a69978,1.93,#827561,3.47,#6c6151,5.75,#574e41,3.03,#2b2923,1.0,#827561,3.47,#c0b791,2.37,#6c6151,5.75,#574e41,3.03,#2b2923,1.0,#a69978,1.93,#827561,3.47,#6c6151,5.75,#574e41,3.03,,Erucastrum,Erucastrum gallicum
KW_T_423_20_0017L,KW_T_423_20_0017L.tif_segmented.png,2501828,2952,3603,#695743,7.36,#7e6850,5.41,#50443a,5.4,#8f7e61,3.45,#a79979,1.61,#c2b698,1.34,#695743,7.36,#7e6850,5.41,#a79979,1.61,#50443a,5.4,#a79979,1.61,#2c2a24,0.95,#8f7e61,3.45,#7e6850,5.41,#50443a,5.4,#2c2a24,0.95,#50443a,5.4,#7e6850,5.41,#a79979,1.61,#8f7e61,3.45,#a79979,1.61,#2c2a24,0.95,#8f7e61,3.45,#7e6850,5.41,#50443a,5.4,,Drosera,Drosera anglica
KW_T_423_20_0019L,KW_T_423_20_0019L.tif_segmented.png,1596755,2976,3599,#535e4e,3.47,#6a735b,3.21,#7d8467,3.01,#aaa889,2.55,#93987a,2.45,#2c2923,0.97,#aaa889,2.55,#93987a,2.45,#535e4e,3.47,#7d8467,3.01,#2c2923,0.97,#aaa889,2.55,#93987a,2.45,#7d8467,3.01,#6a735b,3.21,#2c2923,0.97,#93987a,2.45,#aaa889,2.55,#7d8467,3.01,#6a735b,3.21,#2c2923,0.97,#aaa889,2.55,#93987a,2.45,#7d8467,3.01,#6a735b,3.21,,Polygala,Polygala serpyllifolia
KW_T_423_20_0021L,KW_T_423_20_0021L.tif_segmented.png,1135112,2976,3599,#b4b193,3.64,#7c7f66,2.39,#979b7f,2.34,#605e4d,1.08,#2d2b25,0.89,#ceb761,0.38,#b4b193,3.64,#2d2b25,0.89,#979b7f,2.34,#605e4d,1.08,#2d2b25,0.89,#605e4d,1.08,#7c7f66,2.39,#979b7f,2.34,#ceb761,0.38,#ceb761,0.38,#2d2b25,0.89,#979b7f,2.34,#7c7f66,2.39,#605e4d,1.08,#2d2b25,0.89,#605e4d,1.08,#7c7f66,2.39,#979b7f,2.34,#ceb761,0.38,,Sarcodon,Sarcodon squamosus
KW_T_423_20_0023L,KW_T_423_20_0023L.tif_segmented.png,1522454,2986,3799,#9d9c79,3.12,#c1bc9b,2.99,#acab89,2.5,#878868,1.68,#2c2923,1.15,#c1bc9b,2.99,#2c2923,1.15,#acab89,2.5,#9d9c79,3.12,#6e6e56,0.79,#6e6e56,0.79,#2c2923,1.15,#878868,1.68,#9d9c79,3.12,#acab89,2.5,#2c2923,1.15,#9d9c79,3.12,#acab89,2.5,#878868,1.68,#c1bc9b,2.99,#6e6e56,0.79,#2c2923,1.15,#878868,1.68,#9d9c79,3.12,#acab89,2.5,Inocybaceae,Inocybe,Inocybe spec.
KW_T_423_20_0025L,KW_T_423_20_0025L.tif_segmented.png,741360,2984,3611,#b7ad97,1.94,#a0947d,1.92,#80715c,0.86,#2a2821,0.72,#524b3f,0.72,#b7ad97,1.94,#2a2821,0.72,#a0947d,1.92,#80715c,0.86,#524b3f,0.72,#524b3f,0.72,#2a2821,0.72,#80715c,0.86,#a0947d,1.92,#b7ad97,1.94,#2a2821,0.72,#80715c,0.86,#524b3f,0.72,#b7ad97,1.94,#a0947d,1.92,#524b3f,0.72,#2a2821,0.72,#80715c,0.86,#a0947d,1.92,#b7ad97,1.94,,Auricularia,Auricularia auricula-judae
KW_T_423_20_0027L,KW_T_423_20_0027L.tif_segmented.png,3003278,2988,3607,#595449,6.11,#6e6656,5.96,#817763,4.93,#9a8d6f,3.63,#43403b,3.58,#b6a785,2.52,#9a8d6f,3.63,#6e6656,5.96,#817763,4.93,#595449,6.11,#b6a785,2.52,#9a8d6f,3.63,#817763,4.93,#6e6656,5.96,#43403b,3.58,#43403b,3.58,#817763,4.93,#595449,6.11,#b6a785,2.52,#6e6656,5.96,#b6a785,2.52,#9a8d6f,3.63,#817763,4.93,#6e6656,5.96,#43403b,3.58,,Oenothera,Oenothera glazioviana
KW_T_423_20_0029L,KW_T_423_20_0029L.tif_segmented.png,2784274,2917,3591,#5f6e58,7.19,#969671,3.69,#535e48,3.44,#788064,2.9,#a2a984,2.67,#bdbc94,2.49,#5f6e58,7.19,#535e48,3.44,#a2a984,2.67,#969671,3.69,#a2a984,2.67,#969671,3.69,#bdbc94,2.49,#788064,2.9,#5f6e58,7.19,#bdbc94,2.49,#969671,3.69,#a2a984,2.67,#788064,2.9,#5f6e58,7.19,#a2a984,2.67,#969671,3.69,#bdbc94,2.49,#788064,2.9,#5f6e58,7.19,Cyperaceae,Carex,Carex appropinquata
KW_T_423_20_0031L,KW_T_423_20_0031L.tif_segmented.png,1398733,2923,3611,#9d9273,2.92,#c3bb9e,2.34,#ada78a,1.88,#857b63,1.52,#695f4b,0.5,#c3bb9e,2.34,#695f4b,0.5,#9d9273,2.92,#ada78a,1.88,#857b63,1.52,#695f4b,0.5,#857b63,1.52,#9d9273,2.92,#ada78a,1.88,#c3bb9e,2.34,#857b63,1.52,#ada78a,1.88,#695f4b,0.5,#9d9273,2.92,#c3bb9e,2.34,#695f4b,0.5,#857b63,1.52,#9d9273,2.92,#ada78a,1.88,#c3bb9e,2.34,,Brachypodium,Brachypodium pinnatum
KW_T_423_20_0033L,KW_T_423_20_0033L.tif_segmented.png,1820782,2935,3623,#c2ba9e,2.79,#9e9574,2.45,#aba88f,1.99,#858469,1.64,#6c6b53,1.04,#2c2822,0.91,#c2ba9e,2.79,#9e9574,2.45,#aba88f,1.99,#6c6b53,1.04,#2c2822,0.91,#6c6b53,1.04,#858469,1.64,#9e9574,2.45,#aba88f,1.99,#2c2822,0.91,#858469,1.64,#aba88f,1.99,#9e9574,2.45,#6c6b53,1.04,#2c2822,0.91,#6c6b53,1.04,#858469,1.64,#9e9574,2.45,#aba88f,1.99,,Hygrophoropsis,Hygrophoropsis aurantiaca
KW_T_423_20_0035L,KW_T_423_20_0035L.tif_segmented.png,1048420,2956,3623,#c4ba9f,2.8,#b0a791,1.49,#9c8f72,0.87,#2f2c26,0.79,#7a694f,0.44,#c4ba9f,2.8,#2f2c26,0.79,#7a694f,0.44,#b0a791,1.49,#9c8f72,0.87,#7a694f,0.44,#2f2c26,0.79,#9c8f72,0.87,#b0a791,1.49,#c4ba9f,2.8,#2f2c26,0.79,#7a694f,0.44,#b0a791,1.49,#9c8f72,0.87,#c4ba9f,2.8,#7a694f,0.44,#2f2c26,0.79,#9c8f72,0.87,#b0a791,1.49,#c4ba9f,2.8,,Sarcodon,Sarcodon scabrosus
KW_T_423_20_0037L,KW_T_423_20_0037L.tif_segmented.png,1735867,2978,3635,#53463b,4.93,#675746,3.92,#c7bc9f,3.1,#7f6d5a,2.47,#988870,2.08,#c7bc9f,3.1,#53463b,4.93,#28251f,1.0,#675746,3.92,#aea189,1.73,#aea189,1.73,#28251f,1.0,#988870,2.08,#7f6d5a,2.47,#675746,3.92,#28251f,1.0,#7f6d5a,2.47,#53463b,4.93,#aea189,1.73,#675746,3.92,#aea189,1.73,#28251f,1.0,#988870,2.08,#7f6d5a,2.47,#675746,3.92,,Eriophorum,Eriophorum angustifolium
KW_T_423_20_0039L,KW_T_423_20_0039L.tif_segmented.png,926323,2984,3631,#c0bb9f,3.52,#9fa391,2.47,#848878,1.76,#2c2925,1.29,#665d4b,0.87,#c0bb9f,3.52,#516481,0.76,#2c2925,1.29,#665d4b,0.87,#9fa391,2.47,#665d4b,0.87,#516481,0.76,#2c2925,1.29,#848878,1.76,#9fa391,2.47,#2c2925,1.29,#516481,0.76,#9fa391,2.47,#665d4b,0.87,#848878,1.76,#665d4b,0.87,#516481,0.76,#2c2925,1.29,#848878,1.76,#9fa391,2.47,,Bromus,Bromus inermis
KW_T_423_20_0041L,KW_T_423_20_0041L.tif_segmented.png,963439,2990,3611,#c2bb9c,3.12,#979977,3.08,#a9ac88,2.41,#7f8167,1.64,#2a2723,0.93,#c2bb9c,3.12,#2a2723,0.93,#a9ac88,2.41,#69654d,0.59,#979977,3.08,#2a2723,0.93,#69654d,0.59,#7f8167,1.64,#a9ac88,2.41,#979977,3.08,#2a2723,0.93,#979977,3.08,#a9ac88,2.41,#7f8167,1.64,#69654d,0.59,#2a2723,0.93,#69654d,0.59,#7f8167,1.64,#a9ac88,2.41,#979977,3.08,,Gymnocarpium,Gymnocarpium robertianum
KW_T_423_20_0043L,KW_T_423_20_0043L.tif_segmented.png,9257298,2995,3815,#e3dacc,57.03,#e0d6c5,25.11,#d9d0b6,5.17,#c5bfa0,2.62,#b3b08e,2.43,#e3dacc,57.03,#e0d6c5,25.11,#d9d0b6,5.17,#6d5f46,0.83,#c5bfa0,2.62,#6d5f46,0.83,#8b8061,1.68,#9f9b78,2.12,#b3b08e,2.43,#c5bfa0,2.62,#9f9b78,2.12,#b3b08e,2.43,#8b8061,1.68,#6d5f46,0.83,#c5bfa0,2.62,#6d5f46,0.83,#8b8061,1.68,#9f9b78,2.12,#b3b08e,2.43,#c5bfa0,2.62,Russulaceae,Russula,Russula grisea s.l.
KW_T_423_20_0045L,KW_T_423_20_0045L.tif_segmented.png,1323203,2997,3615,#c9bc99,4.33,#b8aa87,2.67,#9f9273,1.8,#88785f,1.28,#292721,1.12,#c9bc99,4.33,#b8aa87,2.67,#292721,1.12,#6b5b44,1.04,#9f9273,1.8,#292721,1.12,#6b5b44,1.04,#88785f,1.28,#9f9273,1.8,#b8aa87,2.67,#292721,1.12,#b8aa87,2.67,#c9bc99,4.33,#88785f,1.28,#6b5b44,1.04,#292721,1.12,#6b5b44,1.04,#88785f,1.28,#9f9273,1.8,#b8aa87,2.67,,Sarcodon,Sarcodon scabrosus
KW_T_423_20_0047L,KW_T_423_20_0047L.tif_segmented.png,2143380,2958,3599,#d2c59a,4.52,#929061,3.25,#bcb388,3.24,#a7a372,3.17,#7b7854,2.83,#d2c59a,4.52,#bcb388,3.24,#665c45,1.04,#a7a372,3.17,#929061,3.25,#665c45,1.04,#7b7854,2.83,#bcb388,3.24,#a7a372,3.17,#929061,3.25,#d2c59a,4.52,#bcb388,3.24,#929061,3.25,#a7a372,3.17,#7b7854,2.83,#665c45,1.04,#7b7854,2.83,#bcb388,3.24,#a7a372,3.17,#929061,3.25,,Thalictrum,Thalictrum flavum
KW_T_423_20_0049L,KW_T_423_20_0049L.tif_segmented.png,9206982,2974,3823,#e2d9c9,61.98,#ddd4bd,16.04,#c8c6a2,3.52,#868f72,3.38,#b3b592,3.3,#e2d9c9,61.98,#ddd4bd,16.04,#c8c6a2,3.52,#b3b592,3.3,#5b6551,2.43,#5b6551,2.43,#727961,3.02,#868f72,3.38,#9ca283,3.16,#b3b592,3.3,#9ca283,3.16,#868f72,3.38,#b3b592,3.3,#c8c6a2,3.52,#727961,3.02,#5b6551,2.43,#727961,3.02,#868f72,3.38,#9ca283,3.16,#b3b592,3.3,,Juncus,Juncus bulbosus
KW_T_423_20_0051L,KW_T_423_20_0051L.tif_segmented.png,1463258,2990,3603,#596049,3.25,#6c7258,2.78,#afae8f,2.48,#828668,2.48,#999a7a,2.44,#dfdb74,0.68,#596049,3.25,#afae8f,2.48,#6c7258,2.78,#999a7a,2.44,#afae8f,2.48,#999a7a,2.44,#828668,2.48,#6c7258,2.78,#596049,3.25,#dfdb74,0.68,#999a7a,2.44,#828668,2.48,#afae8f,2.48,#6c7258,2.78,#afae8f,2.48,#999a7a,2.44,#828668,2.48,#6c7258,2.78,#596049,3.25,,Parapholis,Parapholis strigosa
KW_T_423_20_0053L,KW_T_423_20_0053L.tif_segmented.png,1194131,2990,3607,#c3bc9e,2.5,#adaa8a,2.28,#999476,2.28,#827960,1.3,#2b2822,0.86,#c3bc9e,2.5,#2b2822,0.86,#adaa8a,2.28,#665a47,0.55,#999476,2.28,#665a47,0.55,#2b2822,0.86,#827960,1.3,#999476,2.28,#adaa8a,2.28,#2b2822,0.86,#adaa8a,2.28,#827960,1.3,#999476,2.28,#665a47,0.55,#665a47,0.55,#2b2822,0.86,#827960,1.3,#999476,2.28,#adaa8a,2.28,Russulaceae,Russula,Russula graveolens s.l.
KW_T_423_20_0055L,KW_T_423_20_0055L.tif_segmented.png,2216902,2999,3611,#b4966b,3.83,#a08460,3.81,#bfac87,3.7,#8c7154,3.09,#776048,2.76,#bfac87,3.7,#b4966b,3.83,#a08460,3.81,#776048,2.76,#8c7154,3.09,#53493e,1.42,#776048,2.76,#bfac87,3.7,#8c7154,3.09,#b4966b,3.83,#b4966b,3.83,#bfac87,3.7,#53493e,1.42,#776048,2.76,#8c7154,3.09,#53493e,1.42,#776048,2.76,#bfac87,3.7,#8c7154,3.09,#b4966b,3.83,Bankeraceae,Phellodon,Phellodon melaleucus
KW_T_423_20_0057L,KW_T_423_20_0057L.tif_segmented.png,2261916,2941,3615,#83755c,3.7,#96886a,3.5,#72644e,3.46,#ac9e79,2.81,#c1b38e,2.61,#c1b38e,2.61,#ac9e79,2.81,#5e5241,2.33,#72644e,3.46,#83755c,3.7,#c1b38e,2.61,#5e5241,2.33,#ac9e79,2.81,#96886a,3.5,#72644e,3.46,#72644e,3.46,#ac9e79,2.81,#c1b38e,2.61,#83755c,3.7,#5e5241,2.33,#c1b38e,2.61,#5e5241,2.33,#ac9e79,2.81,#96886a,3.5,#72644e,3.46,,Jacobaea,Jacobaea aquatica var. erratica
KW_T_423_20_0059L,KW_T_423_20_0059L.tif_segmented.png,832993,2952,3627,#788568,4.29,#8f9a7b,3.42,#616e55,2.84,#afa98e,2.33,#a38a66,1.83,#2b2821,0.92,#a38a66,1.83,#afa98e,2.33,#8f9a7b,3.42,#788568,4.29,#2b2821,0.92,#616e55,2.84,#a38a66,1.83,#788568,4.29,#8f9a7b,3.42,#2b2821,0.92,#8f9a7b,3.42,#788568,4.29,#afa98e,2.33,#a38a66,1.83,#2b2821,0.92,#616e55,2.84,#a38a66,1.83,#788568,4.29,#8f9a7b,3.42,,Jacobaea,Jacobaea aquatica var. erratica
KW_T_423_20_0061L,KW_T_423_20_0061L.tif_segmented.png,1380616,2974,3619,#979977,4.5,#81866a,3.78,#6a705a,3.54,#aaac8b,3.04,#515a47,2.08,#d2cf61,0.26,#aaac8b,3.04,#515a47,2.08,#979977,4.5,#6a705a,3.54,#515a47,2.08,#6a705a,3.54,#81866a,3.78,#979977,4.5,#aaac8b,3.04,#d2cf61,0.26,#979977,4.5,#aaac8b,3.04,#81866a,3.78,#6a705a,3.54,#515a47,2.08,#6a705a,3.54,#81866a,3.78,#979977,4.5,#aaac8b,3.04,,Ceratophyllum,Ceratophyllum demersum
KW_T_423_20_0063L,KW_T_423_20_0063L.tif_segmented.png,711667,2978,3643,#9e9d7b,6.38,#888c6a,5.81,#6e7359,4.97,#b5b192,3.86,#515244,3.48,#b5b192,3.86,#9e9d7b,6.38,#292722,1.26,#888c6a,5.81,#6e7359,4.97,#6e7359,4.97,#292722,1.26,#888c6a,5.81,#515244,3.48,#9e9d7b,6.38,#292722,1.26,#9e9d7b,6.38,#515244,3.48,#888c6a,5.81,#b5b192,3.86,#6e7359,4.97,#292722,1.26,#888c6a,5.81,#515244,3.48,#9e9d7b,6.38,,Dipsacus,Dipsacus pilosus
KW_T_423_20_0065L,KW_T_423_20_0065L.tif_segmented.png,5719096,3196,3647,#bead87,3.77,#aa9571,3.41,#967d5c,2.95,#7d6246,2.28,#5a4739,2.14,#bead87,3.77,#5a4739,2.14,#7d6246,2.28,#aa9571,3.41,#967d5c,2.95,#5a4739,2.14,#7d6246,2.28,#967d5c,2.95,#aa9571,3.41,#bead87,3.77,#bead87,3.77,#aa9571,3.41,#7d6246,2.28,#5a4739,2.14,#967d5c,2.95,#5a4739,2.14,#7d6246,2.28,#967d5c,2.95,#aa9571,3.41,#bead87,3.77,,Neotiella,Neotiella rutilans s.l.
KW_T_423_20_0065R,KW_T_423_20_0065R.tif_segmented.png,2452529,3194,3647,#ae956b,2.38,#c0ad85,2.29,#957956,1.98,#26241f,1.05,#655543,0.79,#c0ad85,2.29,#ae956b,2.38,#957956,1.98,#26241f,1.05,#655543,0.79,#655543,0.79,#26241f,1.05,#957956,1.98,#ae956b,2.38,#c0ad85,2.29,#26241f,1.05,#c0ad85,2.29,#ae956b,2.38,#655543,0.79,#957956,1.98,#655543,0.79,#26241f,1.05,#957956,1.98,#ae956b,2.38,#c0ad85,2.29,,Salvia,Salvia verticillata
KW_T_423_20_0069L,KW_T_423_20_0069L.tif_segmented.png,287570,2929,3615,#a99a78,1.47,#2b2823,1.03,#6f634f,0.99,#847a68,0.76,#544d40,0.62,#a99a78,1.47,#2b2823,1.03,#6f634f,0.99,#544d40,0.62,#847a68,0.76,#2b2823,1.03,#544d40,0.62,#a99a78,1.47,#6f634f,0.99,#847a68,0.76,#2b2823,1.03,#6f634f,0.99,#847a68,0.76,#544d40,0.62,#a99a78,1.47,#2b2823,1.03,#544d40,0.62,#a99a78,1.47,#6f634f,0.99,#847a68,0.76,Poaceae,Avena,Avena spec.
KW_T_423_20_0071L,KW_T_423_20_0071L.tif_segmented.png,1346599,2939,3623,#717e60,3.92,#88916c,3.87,#9ca183,3.62,#5d6751,3.01,#b6b297,2.17,#2e2b24,0.95,#b6b297,2.17,#88916c,3.87,#9ca183,3.62,#717e60,3.92,#2e2b24,0.95,#5d6751,3.01,#9ca183,3.62,#88916c,3.87,#717e60,3.92,#2e2b24,0.95,#9ca183,3.62,#88916c,3.87,#717e60,3.92,#b6b297,2.17,#2e2b24,0.95,#5d6751,3.01,#9ca183,3.62,#88916c,3.87,#717e60,3.92,,Oreopteris,Oreopteris limbosperma
KW_T_423_20_0073L,KW_T_423_20_0073L.tif_segmented.png,1115558,2941,3619,#a3a086,3.05,#818670,2.62,#c5bda2,2.35,#686657,2.25,#2e2b24,0.84,#d7d565,0.18,#c5bda2,2.35,#2e2b24,0.84,#a3a086,3.05,#686657,2.25,#2e2b24,0.84,#686657,2.25,#818670,2.62,#a3a086,3.05,#d7d565,0.18,#d7d565,0.18,#2e2b24,0.84,#818670,2.62,#a3a086,3.05,#686657,2.25,#2e2b24,0.84,#686657,2.25,#818670,2.62,#a3a086,3.05,#d7d565,0.18,,Psathyrella,Psathyrella bipellis
KW_T_423_20_0075L,KW_T_423_20_0075L.tif_segmented.png,488010,2958,3623,#c1b9a0,2.93,#a8a383,2.36,#8a8e67,1.34,#2d2a24,0.98,#696e51,0.7,#c1b9a0,2.93,#2d2a24,0.98,#a8a383,2.36,#696e51,0.7,#8a8e67,1.34,#2d2a24,0.98,#696e51,0.7,#8a8e67,1.34,#a8a383,2.36,#c1b9a0,2.93,#2d2a24,0.98,#a8a383,2.36,#8a8e67,1.34,#696e51,0.7,#c1b9a0,2.93,#2d2a24,0.98,#696e51,0.7,#8a8e67,1.34,#a8a383,2.36,#c1b9a0,2.93,Russulaceae,Lactarius,Lactarius deliciosus s.l.
KW_T_423_20_0077L,KW_T_423_20_0077L.tif_segmented.png,2862809,2968,3619,#d3bf93,7.09,#ccaf7f,5.63,#b79e74,5.04,#a58962,4.67,#857155,2.27,#d3bf93,7.09,#ccaf7f,5.63,#b79e74,5.04,#a58962,4.67,#635442,1.87,#635442,1.87,#857155,2.27,#a58962,4.67,#d3bf93,7.09,#b79e74,5.04,#ccaf7f,5.63,#d3bf93,7.09,#b79e74,5.04,#857155,2.27,#a58962,4.67,#635442,1.87,#857155,2.27,#a58962,4.67,#d3bf93,7.09,#b79e74,5.04,,Bupleurum,Bupleurum rotundifolium
KW_T_423_20_0079L,KW_T_423_20_0079L.tif_segmented.png,1921085,2972,3615,#825d47,6.18,#705040,4.78,#967057,3.68,#c9b694,3.25,#b19778,1.71,#c9b694,3.25,#825d47,6.18,#705040,4.78,#b19778,1.71,#967057,3.68,#2a2721,0.95,#b19778,1.71,#c9b694,3.25,#967057,3.68,#825d47,6.18,#2a2721,0.95,#c9b694,3.25,#825d47,6.18,#b19778,1.71,#967057,3.68,#2a2721,0.95,#b19778,1.71,#c9b694,3.25,#967057,3.68,#825d47,6.18,,Deschampsia,Deschampsia setacea
KW_T_423_20_0081L,KW_T_423_20_0081L.tif_segmented.png,1274880,2986,3615,#bcb89e,4.19,#9da38c,3.03,#696e5b,2.62,#858870,2.45,#504839,0.7,#ccbf54,0.52,#bcb89e,4.19,#504839,0.7,#9da38c,3.03,#696e5b,2.62,#504839,0.7,#696e5b,2.62,#858870,2.45,#9da38c,3.03,#ccbf54,0.52,#ccbf54,0.52,#9da38c,3.03,#858870,2.45,#504839,0.7,#696e5b,2.62,#504839,0.7,#696e5b,2.62,#858870,2.45,#9da38c,3.03,#ccbf54,0.52,,Polystichum,Polystichum aculeatum
KW_T_423_20_0083L,KW_T_423_20_0083L.tif_segmented.png,1142452,2999,3615,#c0b59b,3.47,#a79c87,1.89,#8a7e6c,1.41,#342f27,0.88,#6c5e48,0.68,#c0b59b,3.47,#342f27,0.88,#6c5e48,0.68,#a79c87,1.89,#8a7e6c,1.41,#6c5e48,0.68,#342f27,0.88,#8a7e6c,1.41,#a79c87,1.89,#c0b59b,3.47,#342f27,0.88,#8a7e6c,1.41,#6c5e48,0.68,#a79c87,1.89,#c0b59b,3.47,#6c5e48,0.68,#342f27,0.88,#8a7e6c,1.41,#a79c87,1.89,#c0b59b,3.47,,Calocybe,Calocybe gambosa
KW_T_423_20_0085L,KW_T_423_20_0085L.tif_segmented.png,940797,3003,3619,#c0b89d,3.17,#a8a68d,2.44,#8f927c,2.27,#7c806b,2.16,#6a6b57,2.14,#544733,0.67,#c0b89d,3.17,#a8a68d,2.44,#6a6b57,2.14,#8f927c,2.27,#544733,0.67,#6a6b57,2.14,#7c806b,2.16,#8f927c,2.27,#a8a68d,2.44,#7c806b,2.16,#8f927c,2.27,#a8a68d,2.44,#6a6b57,2.14,#544733,0.67,#544733,0.67,#6a6b57,2.14,#7c806b,2.16,#8f927c,2.27,#a8a68d,2.44,,Boletaceae,Boletaceae spec.
KW_T_423_20_0087L,KW_T_423_20_0087L.tif_segmented.png,1653928,3007,3619,#c0b393,2.59,#a99b7b,2.03,#89795d,1.21,#292622,1.0,#63563f,0.51,#c0b393,2.59,#a99b7b,2.03,#63563f,0.51,#292622,1.0,#89795d,1.21,#63563f,0.51,#292622,1.0,#89795d,1.21,#a99b7b,2.03,#c0b393,2.59,#292622,1.0,#a99b7b,2.03,#89795d,1.21,#c0b393,2.59,#63563f,0.51,#63563f,0.51,#292622,1.0,#89795d,1.21,#a99b7b,2.03,#c0b393,2.59,,Chamaenerion,Chamaenerion angustifolium
KW_T_423_20_0089L,KW_T_423_20_0089L.tif_segmented.png,1939368,3027,3635,#af9f7c,2.6,#968566,1.18,#292621,1.03,#706048,0.75,,,#af9f7c,2.6,#292621,1.03,#706048,0.75,#968566,1.18,,,#706048,0.75,#292621,1.03,#968566,1.18,#af9f7c,2.6,,,#292621,1.03,#af9f7c,2.6,#706048,0.75,#968566,1.18,,,#706048,0.75,#292621,1.03,#968566,1.18,#af9f7c,2.6,,,Plantaginaceae,Veronica,Veronica scutellata
KW_T_423_20_0091L,KW_T_423_20_0091L.tif_segmented.png,896869,3027,3619,#a8a991,3.92,#8f917d,3.2,#797b69,3.07,#636455,2.22,#27251f,1.03,#27251f,1.03,#a8a991,3.92,#8f917d,3.2,#636455,2.22,#797b69,3.07,#636455,2.22,#797b69,3.07,#8f917d,3.2,#27251f,1.03,#a8a991,3.92,#27251f,1.03,#797b69,3.07,#a8a991,3.92,#8f917d,3.2,#636455,2.22,#636455,2.22,#797b69,3.07,#8f917d,3.2,#27251f,1.03,#a8a991,3.92,,Calamagrostis,Calamagrostis stricta
KW_T_423_20_0093L,KW_T_423_20_0093L.tif_segmented.png,9283313,3029,3783,#e2dacc,50.32,#ded6c4,19.49,#868f6d,6.22,#9ca682,5.8,#72745c,4.64,#e2dacc,50.32,#dcd87d,0.8,#ded6c4,19.49,#5c5142,2.74,#cec9b1,3.26,#5c5142,2.74,#72745c,4.64,#868f6d,6.22,#9ca682,5.8,#b5b596,4.12,#dcd87d,0.8,#868f6d,6.22,#72745c,4.64,#9ca682,5.8,#b5b596,4.12,#5c5142,2.74,#72745c,4.64,#868f6d,6.22,#9ca682,5.8,#b5b596,4.12,,Tapinella,Tapinella atrotomentosa
KW_T_423_20_0095L,KW_T_423_20_0095L.tif_segmented.png,1581409,2984,3607,#848367,4.29,#9a9a79,3.79,#696a53,3.71,#b7b39b,3.07,#ded66b,2.61,#ded66b,2.61,#201e19,2.14,#b1ae75,2.0,#b7b39b,3.07,#696a53,3.71,#201e19,2.14,#696a53,3.71,#848367,4.29,#9a9a79,3.79,#b1ae75,2.0,#ded66b,2.61,#201e19,2.14,#b1ae75,2.0,#9a9a79,3.79,#848367,4.29,#201e19,2.14,#696a53,3.71,#848367,4.29,#9a9a79,3.79,#b1ae75,2.0,,Hemimycena,Hemimycena spec.
KW_T_423_20_0097L,KW_T_423_20_0097L.tif_segmented.png,1646837,2978,3595,#836f56,3.7,#9a8564,3.15,#6d5d47,2.61,#b2a280,2.16,#3d3426,0.75,#3d3426,0.75,#b2a280,2.16,#9a8564,3.15,#6d5d47,2.61,#836f56,3.7,#3d3426,0.75,#b2a280,2.16,#6d5d47,2.61,#9a8564,3.15,#836f56,3.7,#3d3426,0.75,#b2a280,2.16,#836f56,3.7,#6d5d47,2.61,#9a8564,3.15,#3d3426,0.75,#b2a280,2.16,#6d5d47,2.61,#9a8564,3.15,#836f56,3.7,,Chondrostereum,Chondrostereum purpureum
KW_T_423_20_0099L,KW_T_423_20_0099L.tif_segmented.png,1414735,2984,3607,#c1a789,2.77,#9f8f76,2.13,#80725e,1.87,#615744,1.63,#302c24,1.02,#c1a789,2.77,#302c24,1.02,#9f8f76,2.13,#615744,1.63,#80725e,1.87,#302c24,1.02,#615744,1.63,#80725e,1.87,#9f8f76,2.13,#c1a789,2.77,#302c24,1.02,#80725e,1.87,#c1a789,2.77,#615744,1.63,#9f8f76,2.13,#302c24,1.02,#615744,1.63,#80725e,1.87,#9f8f76,2.13,#c1a789,2.77,,Artemisia,Artemisia vulgaris
KW_T_423_20_0102L,KW_T_423_20_0102L.tif_segmented.png,1310481,2988,3599,#b0b694,3.42,#9da382,2.64,#86886d,2.21,#6c604b,1.01,#c38b5d,0.45,#c38b5d,0.45,#b0b694,3.42,#6c604b,1.01,#9da382,2.64,#86886d,2.21,#6c604b,1.01,#86886d,2.21,#b0b694,3.42,#9da382,2.64,#c38b5d,0.45,#c38b5d,0.45,#b0b694,3.42,#9da382,2.64,#86886d,2.21,#6c604b,1.01,#6c604b,1.01,#86886d,2.21,#b0b694,3.42,#9da382,2.64,#c38b5d,0.45,,Allium,Allium scorodoprasum
KW_T_423_20_0104L,KW_T_423_20_0104L.tif_segmented.png,1397714,2990,3607,#94987b,3.22,#7f826a,2.61,#c2b9a3,2.54,#aea58f,2.44,#696b56,1.93,#c2b9a3,2.54,#2e2b25,0.86,#aea58f,2.44,#94987b,3.22,#696b56,1.93,#2e2b25,0.86,#aea58f,2.44,#696b56,1.93,#94987b,3.22,#7f826a,2.61,#2e2b25,0.86,#7f826a,2.61,#94987b,3.22,#aea58f,2.44,#696b56,1.93,#2e2b25,0.86,#aea58f,2.44,#696b56,1.93,#94987b,3.22,#7f826a,2.61,Poaceae,Avena,Avena fatua
KW_T_423_20_0106L,KW_T_423_20_0106L.tif_segmented.png,9112068,2990,3759,#e2d9c9,54.64,#ddd4c0,17.28,#959375,4.78,#aba687,4.21,#c5bea2,3.21,#e2d9c9,54.64,#ddd4c0,17.28,#c5bea2,3.21,#959375,4.78,#aba687,4.21,#aba687,4.21,#959375,4.78,#c5bea2,3.21,#ddd4c0,17.28,#e2d9c9,54.64,#aba687,4.21,#959375,4.78,#e2d9c9,54.64,#c5bea2,3.21,#ddd4c0,17.28,#aba687,4.21,#959375,4.78,#c5bea2,3.21,#ddd4c0,17.28,#e2d9c9,54.64,Clitocybaceae,Clitocybe,Clitocybe costata
KW_T_423_20_0108L,KW_T_423_20_0108L.tif_segmented.png,1075373,2995,3611,#7f6d59,2.39,#665847,2.12,#c9bea1,2.07,#998971,1.68,#b1a48a,1.56,#c9bea1,2.07,#292720,0.79,#b1a48a,1.56,#665847,2.12,#7f6d59,2.39,#292720,0.79,#b1a48a,1.56,#998971,1.68,#7f6d59,2.39,#665847,2.12,#292720,0.79,#7f6d59,2.39,#b1a48a,1.56,#665847,2.12,#c9bea1,2.07,#292720,0.79,#b1a48a,1.56,#998971,1.68,#7f6d59,2.39,#665847,2.12,Polyporaceae,Trametes,Trametes versicolor
KW_T_423_20_0110L,KW_T_423_20_0110L.tif_segmented.png,2683501,2997,3611,#977c52,5.42,#866a48,4.89,#a98e5c,4.55,#c0a465,3.42,#725b41,3.18,#c0a465,3.42,#bfaf84,2.88,#866a48,4.89,#725b41,3.18,#a98e5c,4.55,#bfaf84,2.88,#c0a465,3.42,#a98e5c,4.55,#977c52,5.42,#725b41,3.18,#c0a465,3.42,#bfaf84,2.88,#a98e5c,4.55,#977c52,5.42,#725b41,3.18,#bfaf84,2.88,#c0a465,3.42,#a98e5c,4.55,#977c52,5.42,#725b41,3.18,,Fraxinus,Fraxinus excelsior
KW_T_423_20_0112L,KW_T_423_20_0112L.tif_segmented.png,3056539,2999,3763,#aeb297,5.38,#9da289,5.33,#798369,4.22,#8c927a,3.79,#6a705b,3.22,#aeb297,5.38,#575148,1.6,#9da289,5.33,#798369,4.22,#6a705b,3.22,#575148,1.6,#6a705b,3.22,#798369,4.22,#8c927a,3.79,#aeb297,5.38,#9da289,5.33,#8c927a,3.79,#575148,1.6,#798369,4.22,#aeb297,5.38,#575148,1.6,#6a705b,3.22,#798369,4.22,#8c927a,3.79,#aeb297,5.38,,Fraxinus,Fraxinus excelsior
KW_T_423_20_0114L,KW_T_423_20_0114L.tif_segmented.png,1855363,3056,3615,#72755a,3.77,#8a8c6b,3.55,#a5a282,3.34,#5b5e49,3.14,#bcb79d,2.35,#bcb79d,2.35,#5b5e49,3.14,#a5a282,3.34,#72755a,3.77,#8a8c6b,3.55,#a5a282,3.34,#8a8c6b,3.55,#72755a,3.77,#5b5e49,3.14,#bcb79d,2.35,#8a8c6b,3.55,#a5a282,3.34,#72755a,3.77,#bcb79d,2.35,#5b5e49,3.14,#a5a282,3.34,#8a8c6b,3.55,#72755a,3.77,#5b5e49,3.14,#bcb79d,2.35,,Elymus,Elymus spec.
KW_T_423_20_0116L,KW_T_423_20_0116L.tif_segmented.png,1326528,3058,3619,#c8c3a4,3.16,#a7ab8b,2.82,#909670,2.68,#777d61,2.31,#60634f,2.13,#d6cb61,1.16,#c8c3a4,3.16,#2e2a23,0.8,#a7ab8b,2.82,#909670,2.68,#60634f,2.13,#2e2a23,0.8,#777d61,2.31,#909670,2.68,#a7ab8b,2.82,#d6cb61,1.16,#2e2a23,0.8,#a7ab8b,2.82,#909670,2.68,#777d61,2.31,#60634f,2.13,#2e2a23,0.8,#777d61,2.31,#909670,2.68,#a7ab8b,2.82,,Pholiota,Pholiota adiposa
KW_T_423_20_0118L,KW_T_423_20_0118L.tif_segmented.png,541119,3054,3619,#c9bfa3,2.23,#aea58b,1.35,#2f2b24,0.75,#8c826a,0.74,#675a45,0.61,#c9bfa3,2.23,#2f2b24,0.75,#675a45,0.61,#aea58b,1.35,#8c826a,0.74,#675a45,0.61,#8c826a,0.74,#2f2b24,0.75,#aea58b,1.35,#c9bfa3,2.23,#2f2b24,0.75,#aea58b,1.35,#8c826a,0.74,#675a45,0.61,#c9bfa3,2.23,#675a45,0.61,#8c826a,0.74,#2f2b24,0.75,#aea58b,1.35,#c9bfa3,2.23,Cortinariaceae,Cortinarius,Cortinarius armillatus
KW_T_423_20_0120L,KW_T_423_20_0120L.tif_segmented.png,233759,3054,3623,#c8bfa7,3.47,#b1a892,1.8,#685946,1.56,#948974,1.1,#292620,0.84,#975544,0.82,#c8bfa7,3.47,#292620,0.84,#685946,1.56,#b1a892,1.8,#292620,0.84,#685946,1.56,#948974,1.1,#b1a892,1.8,#975544,0.82,#292620,0.84,#975544,0.82,#b1a892,1.8,#685946,1.56,#948974,1.1,#292620,0.84,#685946,1.56,#948974,1.1,#b1a892,1.8,#975544,0.82,Rosaceae,Rubus,Rubus ulmifolius
KW_T_423_20_0122L,KW_T_423_20_0122L.tif_segmented.png,1344022,3017,3627,#e9dece,40.61,#e5dbc9,38.46,#889266,4.07,#9fa97e,3.34,#6c7754,2.26,#e9dece,40.61,#e5dbc9,38.46,#e1e076,0.62,#2e2b24,1.02,#9fa97e,3.34,#2e2b24,1.02,#6c7754,2.26,#9fa97e,3.34,#889266,4.07,#e1e076,0.62,#e1e076,0.62,#2e2b24,1.02,#889266,4.07,#e9dece,40.61,#e5dbc9,38.46,#2e2b24,1.02,#6c7754,2.26,#9fa97e,3.34,#889266,4.07,#e1e076,0.62,,Trientalis,Trientalis europaea
KW_T_423_20_0124L,KW_T_423_20_0124L.tif_segmented.png,319373,3019,3623,#a0a182,2.17,#bbb799,2.03,#83876e,1.96,#6d6a52,1.38,#d8c15b,1.21,#d8c15b,1.21,#bbb799,2.03,#6d6a52,1.38,#a0a182,2.17,#83876e,1.96,#6d6a52,1.38,#83876e,1.96,#a0a182,2.17,#bbb799,2.03,#d8c15b,1.21,#d8c15b,1.21,#83876e,1.96,#a0a182,2.17,#6d6a52,1.38,#bbb799,2.03,#6d6a52,1.38,#83876e,1.96,#a0a182,2.17,#bbb799,2.03,#d8c15b,1.21,,Convolvulus,Convolvulus silvatica
KW_T_423_20_0126L,KW_T_423_20_0126L.tif_segmented.png,2154283,3023,3635,#767458,4.89,#8c8767,3.63,#67594b,3.37,#c2b599,3.27,#a79b7f,2.69,#c2b599,3.27,#55413b,1.84,#a79b7f,2.69,#2a2723,1.02,#8c8767,3.63,#2a2723,1.02,#a79b7f,2.69,#8c8767,3.63,#767458,4.89,#67594b,3.37,#2a2723,1.02,#767458,4.89,#8c8767,3.63,#55413b,1.84,#67594b,3.37,#2a2723,1.02,#a79b7f,2.69,#8c8767,3.63,#767458,4.89,#67594b,3.37,,Lepista,Lepista saeva
KW_T_423_20_0128L,KW_T_423_20_0128L.tif_segmented.png,2204511,3033,3635,#e7dccc,43.34,#eae0d1,27.41,#9c8d6f,2.06,#2c2924,1.11,#786b57,0.91,#e7dccc,43.34,#eae0d1,27.41,#2c2924,1.11,#9c8d6f,2.06,#786b57,0.91,#786b57,0.91,#2c2924,1.11,#9c8d6f,2.06,#e7dccc,43.34,#eae0d1,27.41,#2c2924,1.11,#786b57,0.91,#e7dccc,43.34,#eae0d1,27.41,#9c8d6f,2.06,#786b57,0.91,#2c2924,1.11,#9c8d6f,2.06,#e7dccc,43.34,#eae0d1,27.41,,Tremella,Tremella foliacea s.l.
KW_T_423_20_0130L,KW_T_423_20_0130L.tif_segmented.png,4270098,3027,3623,#8d775d,8.88,#9c8769,8.75,#aa9777,7.86,#7c6751,6.6,#b9a98a,4.07,#b9a98a,4.07,#aa9777,7.86,#8d775d,8.88,#9c8769,8.75,#2f2c24,0.86,#2f2c24,0.86,#b9a98a,4.07,#aa9777,7.86,#9c8769,8.75,#7c6751,6.6,#2f2c24,0.86,#7c6751,6.6,#b9a98a,4.07,#aa9777,7.86,#8d775d,8.88,#2f2c24,0.86,#b9a98a,4.07,#aa9777,7.86,#9c8769,8.75,#7c6751,6.6,,Erysimum,Erysimum canescens
KW_T_423_20_0132L,KW_T_423_20_0132L.tif_segmented.png,9178409,3019,3763,#e7dccb,36.07,#e2d8c5,31.67,#d8d0b6,7.94,#c6c3a6,4.84,#6e7457,3.15,#e7dccb,36.07,#e2d8c5,31.67,#d8d0b6,7.94,#2c2924,1.14,#c6c3a6,4.84,#2c2924,1.14,#6e7457,3.15,#c6c3a6,4.84,#d8d0b6,7.94,#e2d8c5,31.67,#2c2924,1.14,#c6c3a6,4.84,#6e7457,3.15,#e7dccb,36.07,#d8d0b6,7.94,#2c2924,1.14,#6e7457,3.15,#c6c3a6,4.84,#d8d0b6,7.94,#e2d8c5,31.67,,Atriplex,Atriplex pedunculata
KW_T_423_20_0134L,KW_T_423_20_0134L.tif_segmented.png,9166937,2962,3819,#e7decf,48.62,#e2d8c7,22.77,#868e6e,5.69,#757a61,5.32,#9ca080,4.11,#e7decf,48.62,#e2d8c7,22.77,#d0cab4,2.77,#646552,3.75,#757a61,5.32,#b3b397,3.58,#646552,3.75,#9ca080,4.11,#757a61,5.32,#868e6e,5.69,#9ca080,4.11,#757a61,5.32,#868e6e,5.69,#b3b397,3.58,#646552,3.75,#b3b397,3.58,#646552,3.75,#9ca080,4.11,#757a61,5.32,#868e6e,5.69,,Alnus,Alnus incana
KW_T_423_20_0136L,KW_T_423_20_0136L.tif_segmented.png,2288191,2974,3611,#c2c0a5,3.49,#6e6852,3.4,#979479,3.31,#837d66,3.25,#ada88e,3.25,#c2c0a5,3.49,#1e1d19,2.94,#5b4f3f,2.12,#ada88e,3.25,#6e6852,3.4,#1e1d19,2.94,#ada88e,3.25,#979479,3.31,#5b4f3f,2.12,#837d66,3.25,#1e1d19,2.94,#837d66,3.25,#6e6852,3.4,#ada88e,3.25,#979479,3.31,#1e1d19,2.94,#ada88e,3.25,#979479,3.31,#5b4f3f,2.12,#837d66,3.25,Cortinariaceae,Cortinarius,Cortinarius purpureus
KW_T_423_20_0138L,KW_T_423_20_0138L.tif_segmented.png,1945878,2980,3615,#866b4c,4.22,#997b57,3.98,#cfc0a0,3.16,#b9a98b,2.59,#a19073,1.9,#cfc0a0,3.16,#866b4c,4.22,#997b57,3.98,#b9a98b,2.59,#2b2823,1.24,#2b2823,1.24,#665744,1.45,#b9a98b,2.59,#a19073,1.9,#866b4c,4.22,#2b2823,1.24,#b9a98b,2.59,#cfc0a0,3.16,#665744,1.45,#866b4c,4.22,#2b2823,1.24,#665744,1.45,#b9a98b,2.59,#a19073,1.9,#866b4c,4.22,Cortinariaceae,Cortinarius,Cortinarius mucosus 
KW_T_423_20_0140L,KW_T_423_20_0140L.tif_segmented.png,674946,2992,3623,#ccc3aa,1.47,#b7ad94,1.34,#2c2924,1.25,#a0957f,1.1,#867a66,0.83,#ccc3aa,1.47,#2c2924,1.25,#b7ad94,1.34,#6a5d4b,0.44,#a0957f,1.1,#6a5d4b,0.44,#2c2924,1.25,#867a66,0.83,#a0957f,1.1,#b7ad94,1.34,#2c2924,1.25,#867a66,0.83,#6a5d4b,0.44,#ccc3aa,1.47,#b7ad94,1.34,#6a5d4b,0.44,#2c2924,1.25,#867a66,0.83,#a0957f,1.1,#b7ad94,1.34,Caryophyllaceae,Dianthus,Dianthus armeria
KW_T_423_20_0142L,KW_T_423_20_0142L.tif_segmented.png,2036984,2995,3619,#9f9f8b,4.09,#b4b29e,3.99,#cac2ae,3.88,#8c8874,2.83,#776856,1.81,#cac2ae,3.88,#2a2723,1.0,#776856,1.81,#b4b29e,3.99,#9f9f8b,4.09,#2a2723,1.0,#776856,1.81,#8c8874,2.83,#9f9f8b,4.09,#b4b29e,3.99,#2a2723,1.0,#9f9f8b,4.09,#776856,1.81,#8c8874,2.83,#b4b29e,3.99,#2a2723,1.0,#776856,1.81,#8c8874,2.83,#9f9f8b,4.09,#b4b29e,3.99,Crassulaceae,Sedum,Sedum cepaea
KW_T_423_20_0144L,KW_T_423_20_0144L.tif_segmented.png,1355816,2997,3619,#9c9980,3.38,#afac92,3.21,#c3bda4,3.19,#8a876f,2.5,#756d56,1.1,#2e2a24,0.96,#c3bda4,3.19,#afac92,3.21,#756d56,1.1,#9c9980,3.38,#2e2a24,0.96,#756d56,1.1,#8a876f,2.5,#9c9980,3.38,#afac92,3.21,#2e2a24,0.96,#756d56,1.1,#8a876f,2.5,#9c9980,3.38,#afac92,3.21,#2e2a24,0.96,#756d56,1.1,#8a876f,2.5,#9c9980,3.38,#afac92,3.21,Asteraceae,Cirsium,Cirsium acaule
KW_T_423_20_0146L,KW_T_423_20_0146L.tif_segmented.png,1467085,2968,3623,#aba687,2.52,#938f72,2.39,#beb99e,2.12,#797459,1.62,#2c2924,0.96,#2c2924,0.96,#beb99e,2.12,#aba687,2.52,#797459,1.62,#938f72,2.39,#2c2924,0.96,#797459,1.62,#938f72,2.39,#aba687,2.52,#beb99e,2.12,#2c2924,0.96,#797459,1.62,#aba687,2.52,#938f72,2.39,#beb99e,2.12,#2c2924,0.96,#797459,1.62,#938f72,2.39,#aba687,2.52,#beb99e,2.12,Squamanitaceae,Cystoderma,Cystoderma amianthinum s.l.
KW_T_423_20_0148L,KW_T_423_20_0148L.tif_segmented.png,957937,2980,3627,#725c45,2.46,#b37a51,2.1,#8e7d63,1.92,#d5a266,1.55,#d6c8a3,1.53,#d5a266,1.55,#d6c8a3,1.53,#b37a51,2.1,#725c45,2.46,#b7a989,1.39,#b7a989,1.39,#8e7d63,1.92,#725c45,2.46,#b37a51,2.1,#d5a266,1.55,#d5a266,1.55,#b37a51,2.1,#d6c8a3,1.53,#b7a989,1.39,#8e7d63,1.92,#b7a989,1.39,#8e7d63,1.92,#725c45,2.46,#b37a51,2.1,#d5a266,1.55,Hydnaceae,Cantharellus,Cantharellus tubaeformis
KW_T_423_20_0151L,KW_T_423_20_0151L.tif_segmented.png,788661,2984,3615,#d2c39b,2.14,#d2b27c,1.89,#bc9b6c,1.76,#a1825a,1.18,#322f29,0.69,#d2b27c,1.89,#d2c39b,2.14,#bc9b6c,1.76,#a1825a,1.18,#322f29,0.69,#716247,0.67,#322f29,0.69,#a1825a,1.18,#bc9b6c,1.76,#d2b27c,1.89,#322f29,0.69,#d2b27c,1.89,#bc9b6c,1.76,#d2c39b,2.14,#716247,0.67,#716247,0.67,#322f29,0.69,#a1825a,1.18,#bc9b6c,1.76,#d2b27c,1.89,Lamiaceae,Clinopodium,Clinopodium calamintha
KW_T_423_20_0153L,KW_T_423_20_0153L.tif_segmented.png,9072914,2984,3759,#859079,4.9,#6e7c68,4.68,#9ea688,3.61,#586756,3.6,#dddb6d,1.64,#dddb6d,1.64,#9ea688,3.61,#586756,3.6,#859079,4.9,#6e7c68,4.68,#9ea688,3.61,#859079,4.9,#6e7c68,4.68,#586756,3.6,#dddb6d,1.64,#dddb6d,1.64,#859079,4.9,#9ea688,3.61,#6e7c68,4.68,#586756,3.6,#9ea688,3.61,#859079,4.9,#6e7c68,4.68,#586756,3.6,#dddb6d,1.64,,Chenopodium,Chenopodium vulvaria
KW_T_423_20_0155L,KW_T_423_20_0155L.tif_segmented.png,2118749,2970,3619,#9ba181,3.87,#878d6d,3.82,#b1b793,2.84,#70755a,2.12,#c9c7ad,1.71,#2f2c26,0.92,#c9c7ad,1.71,#b1b793,2.84,#9ba181,3.87,#70755a,2.12,#2f2c26,0.92,#70755a,2.12,#878d6d,3.82,#9ba181,3.87,#b1b793,2.84,#2f2c26,0.92,#b1b793,2.84,#9ba181,3.87,#878d6d,3.82,#70755a,2.12,#2f2c26,0.92,#70755a,2.12,#878d6d,3.82,#9ba181,3.87,#b1b793,2.84,Cyperaceae,Carex,Carex pendula
KW_T_423_20_0157L,KW_T_423_20_0157L.tif_segmented.png,833039,2972,3615,#a7a987,1.86,#8d9272,1.84,#d1ccb5,1.64,#c0ba9b,1.32,#2e2a24,1.11,#2e2a24,1.11,#d1ccb5,1.64,#c0ba9b,1.32,#a7a987,1.86,#8d9272,1.84,#2e2a24,1.11,#6e6e59,0.63,#8d9272,1.84,#a7a987,1.86,#c0ba9b,1.32,#2e2a24,1.11,#a7a987,1.86,#8d9272,1.84,#6e6e59,0.63,#c0ba9b,1.32,#2e2a24,1.11,#6e6e59,0.63,#8d9272,1.84,#a7a987,1.86,#c0ba9b,1.32,Tricholomataceae,Tricholoma,Tricholoma portentosum
KW_T_423_20_0159L,KW_T_423_20_0159L.tif_segmented.png,1211793,2976,3615,#5d5142,2.92,#7a6d59,2.9,#938771,2.27,#b0a890,1.77,#ccc4ab,1.63,#ccc4ab,1.63,#2e2b26,1.04,#5d5142,2.92,#b0a890,1.77,#7a6d59,2.9,#2e2b26,1.04,#b0a890,1.77,#938771,2.27,#5d5142,2.92,#7a6d59,2.9,#2e2b26,1.04,#7a6d59,2.9,#b0a890,1.77,#5d5142,2.92,#ccc4ab,1.63,#2e2b26,1.04,#b0a890,1.77,#938771,2.27,#5d5142,2.92,#7a6d59,2.9,,Hydnellum,Hydnellum ferrugineum
KW_T_423_20_0161L,KW_T_423_20_0161L.tif_segmented.png,1973107,2978,3615,#cdc19f,4.0,#bcb194,2.26,#2a2720,0.87,#a0947a,0.56,#645741,0.18,#cdc19f,4.0,#2a2720,0.87,#bcb194,2.26,#645741,0.18,#a0947a,0.56,#645741,0.18,#2a2720,0.87,#a0947a,0.56,#bcb194,2.26,#cdc19f,4.0,#2a2720,0.87,#cdc19f,4.0,#645741,0.18,#bcb194,2.26,#a0947a,0.56,#645741,0.18,#2a2720,0.87,#a0947a,0.56,#bcb194,2.26,#cdc19f,4.0,,Persicaria,Persicaria mitis
KW_T_423_21_0009L,KW_T_423_21_0009L.tif_segmented.png,2027127,2937,3583,#738568,4.9,#637359,4.13,#879677,3.69,#9da889,2.66,#b4ba9b,1.93,#624e40,1.05,#b4ba9b,1.93,#9da889,2.66,#637359,4.13,#738568,4.9,#624e40,1.05,#b4ba9b,1.93,#9da889,2.66,#879677,3.69,#738568,4.9,#9da889,2.66,#879677,3.69,#b4ba9b,1.93,#738568,4.9,#637359,4.13,#624e40,1.05,#b4ba9b,1.93,#9da889,2.66,#879677,3.69,#738568,4.9,,Amsinckia,Amsinckia lycopsoides
KW_T_423_21_0011L,KW_T_423_21_0011L.tif_segmented.png,1608203,2952,3627,#cdc7ad,2.97,#969f7e,2.87,#7f876b,2.38,#b1b696,2.07,#686e57,1.63,#cdc7ad,2.97,#2c2823,1.05,#b1b696,2.07,#969f7e,2.87,#686e57,1.63,#686e57,1.63,#7f876b,2.38,#969f7e,2.87,#2c2823,1.05,#b1b696,2.07,#2c2823,1.05,#b1b696,2.07,#969f7e,2.87,#7f876b,2.38,#cdc7ad,2.97,#686e57,1.63,#7f876b,2.38,#969f7e,2.87,#2c2823,1.05,#b1b696,2.07,,Aegilops,Aegilops cylindrica
KW_T_423_21_0013L,KW_T_423_21_0013L.tif_segmented.png,2222144,2948,3607,#596750,3.88,#8f9875,3.88,#bdc19f,3.82,#a5b189,3.53,#757d61,3.46,#bdc19f,3.82,#2a2720,0.77,#a5b189,3.53,#596750,3.88,#8f9875,3.88,#2a2720,0.77,#8f9875,3.88,#a5b189,3.53,#757d61,3.46,#bdc19f,3.82,#2a2720,0.77,#bdc19f,3.82,#8f9875,3.88,#a5b189,3.53,#757d61,3.46,#2a2720,0.77,#8f9875,3.88,#a5b189,3.53,#757d61,3.46,#bdc19f,3.82,Inocybaceae,Inocybe,Inocybe lilacina
KW_T_423_21_0015L,KW_T_423_21_0015L.tif_segmented.png,1837987,2948,3591,#695441,5.89,#81674d,3.51,#cec19f,1.98,#9c8464,1.67,#b8a582,1.39,#cec19f,1.98,#695441,5.89,#b8a582,1.39,#81674d,3.51,#2b2720,0.86,#2b2720,0.86,#b8a582,1.39,#9c8464,1.67,#81674d,3.51,#695441,5.89,#2b2720,0.86,#b8a582,1.39,#cec19f,1.98,#81674d,3.51,#9c8464,1.67,#2b2720,0.86,#b8a582,1.39,#9c8464,1.67,#81674d,3.51,#695441,5.89,Polyporaceae,Trametes,Trametes versicolor
KW_T_423_21_0017L,KW_T_423_21_0017L.tif_segmented.png,1300648,2976,3591,#d1c5a5,2.94,#d8b757,2.74,#e6d06d,2.39,#b5934a,2.23,#817155,1.31,#e6d06d,2.39,#d8b757,2.74,#b5934a,2.23,#d1c5a5,2.94,#5c4e3f,1.15,#ada27c,0.74,#817155,1.31,#5c4e3f,1.15,#b5934a,2.23,#d8b757,2.74,#e6d06d,2.39,#d8b757,2.74,#b5934a,2.23,#ada27c,0.74,#817155,1.31,#ada27c,0.74,#817155,1.31,#5c4e3f,1.15,#b5934a,2.23,#d8b757,2.74,,Platanthera,Platanthera chlorantha
KW_T_423_21_0019L,KW_T_423_21_0019L.tif_segmented.png,527562,2980,3599,#d1c9a7,2.97,#9c9b7d,2.02,#b8b895,1.87,#807d62,1.47,#312d25,0.66,#d1c9a7,2.97,#312d25,0.66,#b8b895,1.87,#807d62,1.47,#9c9b7d,2.02,#312d25,0.66,#807d62,1.47,#9c9b7d,2.02,#b8b895,1.87,#d1c9a7,2.97,#312d25,0.66,#807d62,1.47,#b8b895,1.87,#9c9b7d,2.02,#d1c9a7,2.97,#312d25,0.66,#807d62,1.47,#9c9b7d,2.02,#b8b895,1.87,#d1c9a7,2.97,,Juncus,Juncus pygmaeus
KW_T_423_21_0021L,KW_T_423_21_0021L.tif_segmented.png,1641239,2980,3623,#cbc3a5,3.81,#9fa682,3.67,#b0b98f,3.28,#8e8e6f,2.42,#6f7459,2.0,#cbc3a5,3.81,#2c2923,0.9,#b0b98f,3.28,#9fa682,3.67,#6f7459,2.0,#2c2923,0.9,#6f7459,2.0,#8e8e6f,2.42,#9fa682,3.67,#b0b98f,3.28,#2c2923,0.9,#b0b98f,3.28,#8e8e6f,2.42,#9fa682,3.67,#6f7459,2.0,#2c2923,0.9,#6f7459,2.0,#8e8e6f,2.42,#9fa682,3.67,#b0b98f,3.28,,Mibora,Mibora minima
KW_T_423_21_0023L,KW_T_423_21_0023L.tif_segmented.png,1076175,3007,3811,#cfc8ad,3.58,#a5ab87,2.87,#baba9b,2.66,#939875,2.47,#7a7f60,1.36,#cfc8ad,3.58,#2a2721,0.92,#baba9b,2.66,#a5ab87,2.87,#939875,2.47,#2a2721,0.92,#7a7f60,1.36,#939875,2.47,#a5ab87,2.87,#baba9b,2.66,#2a2721,0.92,#939875,2.47,#a5ab87,2.87,#baba9b,2.66,#7a7f60,1.36,#2a2721,0.92,#7a7f60,1.36,#939875,2.47,#a5ab87,2.87,#baba9b,2.66,,Hygrocybe,Hygrocybe virginea
KW_T_423_21_0025L,KW_T_423_21_0025L.tif_segmented.png,986732,3017,3615,#59483b,2.68,#c7ba98,2.53,#74634c,1.7,#b4a378,1.37,#e3d381,1.31,#e3d381,1.31,#c7ba98,2.53,#59483b,2.68,#b4a378,1.37,#74634c,1.7,#92815f,1.15,#b4a378,1.37,#c7ba98,2.53,#74634c,1.7,#59483b,2.68,#e3d381,1.31,#b4a378,1.37,#74634c,1.7,#c7ba98,2.53,#92815f,1.15,#92815f,1.15,#b4a378,1.37,#c7ba98,2.53,#74634c,1.7,#59483b,2.68,,Bankera,Bankera fuligineoatra
KW_T_423_21_0027L,KW_T_423_21_0027L.tif_segmented.png,2952109,3027,3627,#b16140,6.12,#977850,5.53,#bb8553,4.77,#cdc29c,4.68,#d19b5f,3.41,#d19b5f,3.41,#b16140,6.12,#bb8553,4.77,#cdc29c,4.68,#7b5e42,2.96,#a2a37d,2.71,#cdc29c,4.68,#7b5e42,2.96,#977850,5.53,#d19b5f,3.41,#d19b5f,3.41,#b16140,6.12,#bb8553,4.77,#a2a37d,2.71,#cdc29c,4.68,#a2a37d,2.71,#cdc29c,4.68,#7b5e42,2.96,#977850,5.53,#d19b5f,3.41,,Omphalodes,Omphalodes verna
KW_T_423_21_0029L,KW_T_423_21_0029L.tif_segmented.png,276720,3039,3619,#9ca287,4.2,#868e76,3.56,#c8c1a3,3.41,#b1b496,3.38,#6e745f,1.92,#c8c1a3,3.41,#292621,1.04,#b1b496,3.38,#9ca287,4.2,#6e745f,1.92,#6e745f,1.92,#868e76,3.56,#9ca287,4.2,#292621,1.04,#b1b496,3.38,#292621,1.04,#9ca287,4.2,#868e76,3.56,#b1b496,3.38,#6e745f,1.92,#6e745f,1.92,#868e76,3.56,#9ca287,4.2,#292621,1.04,#b1b496,3.38,,Chorispora,Chorispora tenella
KW_T_423_21_0031L,KW_T_423_21_0031L.tif_segmented.png,1313749,3009,3623,#b7b595,3.28,#9fa183,3.12,#cdc8ac,2.85,#898b6f,2.73,#707058,1.74,#cdc8ac,2.85,#2a2822,1.12,#b7b595,3.28,#9fa183,3.12,#707058,1.74,#707058,1.74,#2a2822,1.12,#898b6f,2.73,#9fa183,3.12,#b7b595,3.28,#2a2822,1.12,#9fa183,3.12,#898b6f,2.73,#b7b595,3.28,#707058,1.74,#707058,1.74,#2a2822,1.12,#898b6f,2.73,#9fa183,3.12,#b7b595,3.28,,Cynosurus,Cynosurus echinatus
KW_T_423_21_0033L,KW_T_423_21_0033L.tif_segmented.png,1823730,3017,3603,#b1af8b,3.61,#949d7c,3.29,#788668,3.22,#c5c1a0,3.19,#5e6950,2.62,#eae36a,0.86,#2a2720,0.7,#c5c1a0,3.19,#b1af8b,3.61,#5e6950,2.62,#2a2720,0.7,#788668,3.22,#949d7c,3.29,#5e6950,2.62,#b1af8b,3.61,#eae36a,0.86,#2a2720,0.7,#b1af8b,3.61,#949d7c,3.29,#c5c1a0,3.19,#2a2720,0.7,#788668,3.22,#949d7c,3.29,#5e6950,2.62,#b1af8b,3.61,Tricholomataceae,Tricholoma,Tricholoma argyraceum s.l. (boven); Tricholoma terreum (onder)
KW_T_423_21_0035L,KW_T_423_21_0035L.tif_segmented.png,3583525,3027,3627,#ddcc9c,7.44,#c7b68e,7.03,#d0c5aa,4.98,#b3a17b,4.91,#988362,2.37,#ddcc9c,7.44,#c7b68e,7.03,#2e2a23,0.84,#d0c5aa,4.98,#b3a17b,4.91,#2e2a23,0.84,#988362,2.37,#b3a17b,4.91,#c7b68e,7.03,#ddcc9c,7.44,#2e2a23,0.84,#ddcc9c,7.44,#c7b68e,7.03,#b3a17b,4.91,#d0c5aa,4.98,#2e2a23,0.84,#988362,2.37,#b3a17b,4.91,#c7b68e,7.03,#ddcc9c,7.44,Polyporaceae,Trametes,Trametes gibbosa
KW_T_423_21_0037L,KW_T_423_21_0037L.tif_segmented.png,1708321,3033,3627,#d8cbab,4.16,#7f6448,3.37,#69503c,2.84,#967c5d,2.77,#ad9774,2.11,#d8cbab,4.16,#c4b08b,1.99,#69503c,2.84,#7f6448,3.37,#2a2720,0.84,#2a2720,0.84,#c4b08b,1.99,#ad9774,2.11,#69503c,2.84,#967c5d,2.77,#2a2720,0.84,#c4b08b,1.99,#d8cbab,4.16,#ad9774,2.11,#7f6448,3.37,#2a2720,0.84,#c4b08b,1.99,#ad9774,2.11,#69503c,2.84,#967c5d,2.77,,Thalictrum,Thalictrum minus
KW_T_423_21_0039L,KW_T_423_21_0039L.tif_segmented.png,892423,3039,3627,#d1c8aa,2.75,#76775c,2.17,#929673,2.12,#acaf8a,1.76,#322e24,0.61,#d7dd7b,0.39,#d1c8aa,2.75,#322e24,0.61,#acaf8a,1.76,#76775c,2.17,#322e24,0.61,#76775c,2.17,#929673,2.12,#acaf8a,1.76,#d7dd7b,0.39,#d7dd7b,0.39,#322e24,0.61,#acaf8a,1.76,#929673,2.12,#76775c,2.17,#322e24,0.61,#76775c,2.17,#929673,2.12,#acaf8a,1.76,#d7dd7b,0.39,,Rapistrum,Rapistrum perenne
KW_T_423_21_0041L,KW_T_423_21_0041L.tif_segmented.png,2430126,3046,3787,#9ea67f,3.35,#ead961,2.94,#bebd99,2.93,#888d6b,2.65,#746e55,1.67,#ead961,2.94,#cbb353,1.43,#bebd99,2.93,#746e55,1.67,#9ea67f,3.35,#746e55,1.67,#888d6b,2.65,#9ea67f,3.35,#bebd99,2.93,#cbb353,1.43,#ead961,2.94,#cbb353,1.43,#bebd99,2.93,#888d6b,2.65,#746e55,1.67,#746e55,1.67,#888d6b,2.65,#9ea67f,3.35,#bebd99,2.93,#cbb353,1.43,,Bromopsis,Bromopsis erecta
KW_T_423_21_0043L,KW_T_423_21_0043L.tif_segmented.png,2882426,3050,3787,#989e83,5.01,#838a71,4.69,#b5b394,3.6,#6b7262,3.53,#cfc7ad,3.19,#cfc7ad,3.19,#2a2721,0.74,#625244,2.55,#b5b394,3.6,#989e83,5.01,#2a2721,0.74,#6b7262,3.53,#b5b394,3.6,#625244,2.55,#989e83,5.01,#2a2721,0.74,#989e83,5.01,#838a71,4.69,#b5b394,3.6,#6b7262,3.53,#2a2721,0.74,#6b7262,3.53,#b5b394,3.6,#625244,2.55,#989e83,5.01,Cortinariaceae,Cortinarius,Cortinarius spec.
KW_T_423_21_0045L,KW_T_423_21_0045L.tif_segmented.png,1077592,3058,3783,#c3ba9d,2.15,#a1a084,1.43,#85816a,1.1,#29251e,0.66,#635949,0.56,#c3ba9d,2.15,#29251e,0.66,#635949,0.56,#a1a084,1.43,#85816a,1.1,#635949,0.56,#85816a,1.1,#29251e,0.66,#a1a084,1.43,#c3ba9d,2.15,#29251e,0.66,#a1a084,1.43,#85816a,1.1,#635949,0.56,#c3ba9d,2.15,#635949,0.56,#85816a,1.1,#29251e,0.66,#a1a084,1.43,#c3ba9d,2.15,Russulaceae,Lactarius,Lactarius blennius
KW_T_423_21_0047L,KW_T_423_21_0047L.tif_segmented.png,3846374,3056,3623,#795e42,7.63,#674e3b,5.75,#a1895d,5.67,#8b7352,5.38,#b6a06d,4.59,#cbbf9d,3.16,#b6a06d,4.59,#795e42,7.63,#674e3b,5.75,#a1895d,5.67,#b6a06d,4.59,#a1895d,5.67,#8b7352,5.38,#cbbf9d,3.16,#795e42,7.63,#b6a06d,4.59,#a1895d,5.67,#cbbf9d,3.16,#795e42,7.63,#8b7352,5.38,#b6a06d,4.59,#a1895d,5.67,#8b7352,5.38,#cbbf9d,3.16,#795e42,7.63,,Onobrychis,Onobrychis viciifolia
KW_T_423_21_0049L,KW_T_423_21_0049L.tif_segmented.png,1543848,3062,3623,#717e67,4.07,#d5cca8,3.88,#a1ae81,3.38,#8c9574,3.02,#bcbb95,2.99,#d5cca8,3.88,#bcbb95,2.99,#a1ae81,3.38,#5c6351,1.5,#717e67,4.07,#bcbb95,2.99,#8c9574,3.02,#a1ae81,3.38,#5c6351,1.5,#717e67,4.07,#bcbb95,2.99,#d5cca8,3.88,#8c9574,3.02,#717e67,4.07,#a1ae81,3.38,#bcbb95,2.99,#8c9574,3.02,#a1ae81,3.38,#5c6351,1.5,#717e67,4.07,,Ambrosia,Ambrosia artemisiifolia
KW_T_423_21_0051L,KW_T_423_21_0051L.tif_segmented.png,1982319,3062,3627,#abb68c,4.24,#c7c39f,4.03,#96a37a,3.61,#7f8a69,2.91,#687056,2.19,#c7c39f,4.03,#2b2921,0.92,#abb68c,4.24,#96a37a,3.61,#687056,2.19,#2b2921,0.92,#687056,2.19,#7f8a69,2.91,#96a37a,3.61,#abb68c,4.24,#2b2921,0.92,#c7c39f,4.03,#abb68c,4.24,#7f8a69,2.91,#96a37a,3.61,#2b2921,0.92,#687056,2.19,#7f8a69,2.91,#96a37a,3.61,#abb68c,4.24,Poaceae,Poa,Poa chaixii
KW_T_423_21_0053L,KW_T_423_21_0053L.tif_segmented.png,4679290,3462,3647,#929b6c,5.01,#6e654d,4.94,#c6c09e,4.86,#564c3e,4.52,#a8a481,4.19,#b2bc80,3.65,#c6c09e,4.86,#564c3e,4.52,#6e654d,4.94,#929b6c,5.01,#929b6c,5.01,#7e805f,4.04,#a8a481,4.19,#b2bc80,3.65,#c6c09e,4.86,#b2bc80,3.65,#a8a481,4.19,#6e654d,4.94,#c6c09e,4.86,#7e805f,4.04,#929b6c,5.01,#7e805f,4.04,#a8a481,4.19,#b2bc80,3.65,#c6c09e,4.86,,Leucopaxillus,Leucopaxillus giganteus
KW_T_423_21_0055L,KW_T_423_21_0055L.tif_segmented.png,502987,3060,3643,#c4bb99,2.35,#a2a381,1.38,#898565,0.83,#2c2922,0.76,#6b674e,0.64,#c4bb99,2.35,#2c2922,0.76,#a2a381,1.38,#6b674e,0.64,#898565,0.83,#2c2922,0.76,#6b674e,0.64,#898565,0.83,#a2a381,1.38,#c4bb99,2.35,#2c2922,0.76,#a2a381,1.38,#898565,0.83,#c4bb99,2.35,#6b674e,0.64,#2c2922,0.76,#6b674e,0.64,#898565,0.83,#a2a381,1.38,#c4bb99,2.35,,Gastrum,Gastrum schmidelii
KW_T_423_21_0057L,KW_T_423_21_0057L.tif_segmented.png,1625887,3058,3835,#d0c6a7,4.18,#a5a775,2.7,#bbb48f,2.64,#8f8765,2.46,#74634d,1.48,#d0c6a7,4.18,#2b2720,0.96,#bbb48f,2.64,#a5a775,2.7,#74634d,1.48,#2b2720,0.96,#74634d,1.48,#8f8765,2.46,#a5a775,2.7,#bbb48f,2.64,#2b2720,0.96,#bbb48f,2.64,#a5a775,2.7,#8f8765,2.46,#74634d,1.48,#2b2720,0.96,#74634d,1.48,#8f8765,2.46,#a5a775,2.7,#bbb48f,2.64,,Vincetoxicum,Vincetoxicum hirundinaria
KW_T_423_21_0059L,KW_T_423_21_0059L.tif_segmented.png,781876,3058,3643,#cac0a0,3.02,#aeae7f,1.73,#9b9266,1.67,#2a2721,0.91,#756b58,0.4,#cac0a0,3.02,#2a2721,0.91,#aeae7f,1.73,#9b9266,1.67,#756b58,0.4,#756b58,0.4,#2a2721,0.91,#9b9266,1.67,#aeae7f,1.73,#cac0a0,3.02,#2a2721,0.91,#9b9266,1.67,#aeae7f,1.73,#756b58,0.4,#cac0a0,3.02,#756b58,0.4,#2a2721,0.91,#9b9266,1.67,#aeae7f,1.73,#cac0a0,3.02,,Salsola,Salsola tragus
KW_T_423_21_0061L,KW_T_423_21_0061L.tif_segmented.png,2254643,3070,3887,#9fa86c,4.69,#878e60,4.31,#b4b880,3.96,#6b7155,3.4,#b0a9b0,2.18,#b4b880,3.96,#9fa86c,4.69,#878e60,4.31,#6b7155,3.4,#b0a9b0,2.18,#8a848d,1.52,#b0a9b0,2.18,#6b7155,3.4,#878e60,4.31,#b4b880,3.96,#b4b880,3.96,#b0a9b0,2.18,#9fa86c,4.69,#878e60,4.31,#8a848d,1.52,#8a848d,1.52,#b0a9b0,2.18,#6b7155,3.4,#878e60,4.31,#b4b880,3.96,,Lemna,Lemna minor
KW_T_423_21_0063L,KW_T_423_21_0063L.tif_segmented.png,1697354,3072,3971,#c9c09f,3.6,#b0af86,2.09,#999c70,1.95,#83875e,1.73,#29261f,1.11,#c9c09f,3.6,#29261f,1.11,#b0af86,2.09,#706e4d,1.05,#999c70,1.95,#706e4d,1.05,#29261f,1.11,#83875e,1.73,#999c70,1.95,#b0af86,2.09,#29261f,1.11,#b0af86,2.09,#999c70,1.95,#c9c09f,3.6,#706e4d,1.05,#706e4d,1.05,#29261f,1.11,#83875e,1.73,#999c70,1.95,#b0af86,2.09,,Lemna,Lemna trisulca
KW_T_423_21_0065L,KW_T_423_21_0065L.tif_segmented.png,1873216,3001,3591,#c6bfa0,4.51,#b1af8a,3.99,#838c63,3.65,#9ba174,3.63,#6a7353,1.89,#cbd075,0.62,#c6bfa0,4.51,#b1af8a,3.99,#6a7353,1.89,#9ba174,3.63,#6a7353,1.89,#838c63,3.65,#9ba174,3.63,#b1af8a,3.99,#cbd075,0.62,#cbd075,0.62,#b1af8a,3.99,#9ba174,3.63,#838c63,3.65,#c6bfa0,4.51,#6a7353,1.89,#838c63,3.65,#9ba174,3.63,#b1af8a,3.99,#cbd075,0.62,,Lepista,Lepista flaccida
KW_T_423_21_0067L,KW_T_423_21_0067L.tif_segmented.png,1349601,3005,3603,#bfa879,3.99,#cabe9e,3.05,#d8be85,2.77,#a49166,2.21,#7b6e50,1.2,#d8be85,2.77,#bfa879,3.99,#2d291f,0.55,#cabe9e,3.05,#a49166,2.21,#2d291f,0.55,#7b6e50,1.2,#a49166,2.21,#bfa879,3.99,#d8be85,2.77,#2d291f,0.55,#d8be85,2.77,#bfa879,3.99,#7b6e50,1.2,#a49166,2.21,#2d291f,0.55,#7b6e50,1.2,#a49166,2.21,#bfa879,3.99,#d8be85,2.77,Russulaceae,Lactarius,Lactarius rufus
KW_T_423_21_0069L,KW_T_423_21_0069L.tif_segmented.png,1813893,3009,3587,#9aa378,5.51,#adb187,4.95,#878f6a,4.89,#c7c0a1,4.41,#707659,3.31,#302a20,0.35,#c7c0a1,4.41,#adb187,4.95,#9aa378,5.51,#707659,3.31,#302a20,0.35,#707659,3.31,#adb187,4.95,#9aa378,5.51,#878f6a,4.89,#302a20,0.35,#adb187,4.95,#878f6a,4.89,#707659,3.31,#c7c0a1,4.41,#302a20,0.35,#707659,3.31,#adb187,4.95,#9aa378,5.51,#878f6a,4.89,Asteraceae,Anthemis,Anthemis ruthenica
KW_T_423_21_0071L,KW_T_423_21_0071L.tif_segmented.png,2906574,3015,3847,#9ea474,5.64,#8b9464,5.22,#748158,4.37,#bbb394,3.81,#686549,2.47,#b6bf76,1.73,#bbb394,3.81,#686549,2.47,#9ea474,5.64,#8b9464,5.22,#686549,2.47,#bbb394,3.81,#9ea474,5.64,#748158,4.37,#8b9464,5.22,#b6bf76,1.73,#8b9464,5.22,#9ea474,5.64,#bbb394,3.81,#686549,2.47,#686549,2.47,#bbb394,3.81,#9ea474,5.64,#748158,4.37,#8b9464,5.22,Orobanchaceae,Orobanche,Orobanche reticulata
KW_T_423_21_0073L,KW_T_423_21_0073L.tif_segmented.png,2316692,3017,3599,#878b60,5.46,#757955,5.09,#999f6c,5.03,#c3ba9a,3.79,#abae7e,3.15,#c3ba9a,3.79,#695e45,2.36,#abae7e,3.15,#999f6c,5.03,#757955,5.09,#695e45,2.36,#757955,5.09,#878b60,5.46,#abae7e,3.15,#999f6c,5.03,#abae7e,3.15,#878b60,5.46,#695e45,2.36,#999f6c,5.03,#c3ba9a,3.79,#695e45,2.36,#757955,5.09,#878b60,5.46,#abae7e,3.15,#999f6c,5.03,,Bromus,Bromus catharticus
KW_T_423_21_0075L,KW_T_423_21_0075L.tif_segmented.png,588709,3023,3615,#cec6aa,3.44,#beb699,3.44,#8f947b,3.34,#a2a78a,2.86,#7a7f68,2.66,#cec6aa,3.44,#beb699,3.44,#635f4a,1.07,#a2a78a,2.86,#7a7f68,2.66,#635f4a,1.07,#7a7f68,2.66,#8f947b,3.34,#a2a78a,2.86,#beb699,3.44,#a2a78a,2.86,#7a7f68,2.66,#8f947b,3.34,#635f4a,1.07,#cec6aa,3.44,#635f4a,1.07,#7a7f68,2.66,#8f947b,3.34,#a2a78a,2.86,#beb699,3.44,,Lentinus,Lentinus tigrinus
KW_T_423_21_0077L,KW_T_423_21_0077L.tif_segmented.png,6284872,3023,3919,#75634d,8.18,#c1b392,8.06,#ac9c79,7.85,#998869,7.51,#88745a,7.43,#c7ae73,4.92,#c1b392,8.06,#625240,5.6,#ac9c79,7.85,#75634d,8.18,#998869,7.51,#88745a,7.43,#75634d,8.18,#ac9c79,7.85,#625240,5.6,#c7ae73,4.92,#75634d,8.18,#ac9c79,7.85,#c1b392,8.06,#88745a,7.43,#998869,7.51,#88745a,7.43,#75634d,8.18,#ac9c79,7.85,#625240,5.6,,Neolentinus,Neolentinus lepideus
KW_T_423_21_0079L,KW_T_423_21_0079L.tif_segmented.png,1383592,3039,3623,#c5ba9d,3.33,#acb58b,3.19,#98a17d,2.98,#848568,2.24,#6a634b,1.04,#c5ba9d,3.33,#29261e,0.57,#acb58b,3.19,#6a634b,1.04,#98a17d,2.98,#6a634b,1.04,#29261e,0.57,#848568,2.24,#98a17d,2.98,#acb58b,3.19,#29261e,0.57,#848568,2.24,#acb58b,3.19,#98a17d,2.98,#6a634b,1.04,#6a634b,1.04,#29261e,0.57,#848568,2.24,#98a17d,2.98,#acb58b,3.19,,Vicia,Vicia sativa subsp. nigra
KW_T_423_21_0081L,KW_T_423_21_0081L.tif_segmented.png,3062675,3027,3855,#939e75,5.84,#7f8b67,4.94,#c4bd9a,4.09,#abae87,3.93,#6a7356,2.49,#c4bd9a,4.09,#2e2a22,0.87,#abae87,3.93,#939e75,5.84,#7f8b67,4.94,#2e2a22,0.87,#abae87,3.93,#6a7356,2.49,#939e75,5.84,#7f8b67,4.94,#2e2a22,0.87,#abae87,3.93,#c4bd9a,4.09,#7f8b67,4.94,#939e75,5.84,#2e2a22,0.87,#abae87,3.93,#6a7356,2.49,#939e75,5.84,#7f8b67,4.94,,Potentilla,Potentilla recta
KW_T_423_21_0083L,KW_T_423_21_0083L.tif_segmented.png,2473281,3025,3603,#9ca474,5.28,#799065,4.92,#c0b994,4.77,#667051,3.92,#918162,2.05,#dfd360,1.02,#c0b994,4.77,#9ca474,5.28,#667051,3.92,#799065,4.92,#918162,2.05,#c0b994,4.77,#9ca474,5.28,#667051,3.92,#799065,4.92,#dfd360,1.02,#c0b994,4.77,#9ca474,5.28,#799065,4.92,#918162,2.05,#918162,2.05,#c0b994,4.77,#9ca474,5.28,#667051,3.92,#799065,4.92,,Verbascum,Verbascum phlomoides
KW_T_423_21_0085L,KW_T_423_21_0085L.tif_segmented.png,2014447,3031,3599,#899971,4.65,#c3be99,4.3,#a3af83,3.69,#6f7c5c,2.81,#e8e26d,1.43,#e8e26d,1.43,#bbb75e,0.75,#2b2821,0.81,#c3be99,4.3,#a3af83,3.69,#2b2821,0.81,#6f7c5c,2.81,#899971,4.65,#a3af83,3.69,#c3be99,4.3,#e8e26d,1.43,#bbb75e,0.75,#2b2821,0.81,#c3be99,4.3,#a3af83,3.69,#2b2821,0.81,#6f7c5c,2.81,#899971,4.65,#a3af83,3.69,#c3be99,4.3,,Lepiota,Lepiota aspera
KW_T_423_21_0087L,KW_T_423_21_0087L.tif_segmented.png,2835228,3031,3595,#5d5041,7.5,#6a5c4c,6.6,#7b6c5a,3.38,#bfb090,2.83,#9d8e73,1.28,#bfb090,2.83,#5d5041,7.5,#6a5c4c,6.6,#9d8e73,1.28,#7b6c5a,3.38,#9d8e73,1.28,#bfb090,2.83,#7b6c5a,3.38,#6a5c4c,6.6,#5d5041,7.5,#7b6c5a,3.38,#6a5c4c,6.6,#bfb090,2.83,#5d5041,7.5,#9d8e73,1.28,#9d8e73,1.28,#bfb090,2.83,#7b6c5a,3.38,#6a5c4c,6.6,#5d5041,7.5,,Psathyrella,Psathyrella candolleana
KW_T_423_21_0089L,KW_T_423_21_0089L.tif_segmented.png,3043899,3035,3815,#61705a,4.74,#9aa681,4.67,#818b6a,4.41,#b4b78f,4.17,#e6df65,3.95,#e6df65,3.95,#b6ae55,1.58,#cbc9a0,3.42,#b4b78f,4.17,#61705a,4.74,#9aa681,4.67,#b4b78f,4.17,#818b6a,4.41,#b6ae55,1.58,#61705a,4.74,#e6df65,3.95,#b6ae55,1.58,#cbc9a0,3.42,#b4b78f,4.17,#818b6a,4.41,#9aa681,4.67,#b4b78f,4.17,#818b6a,4.41,#b6ae55,1.58,#61705a,4.74,,Hygrocybe,Hygrocybe insipida
KW_T_423_21_0091L,KW_T_423_21_0091L.tif_segmented.png,1271279,3048,3587,#b4b68b,4.46,#9ba47a,3.62,#cac5a1,3.27,#828c66,1.96,#2f2c23,0.62,#e4e070,0.21,#2f2c23,0.62,#cac5a1,3.27,#b4b68b,4.46,#9ba47a,3.62,#2f2c23,0.62,#e4e070,0.21,#828c66,1.96,#9ba47a,3.62,#b4b68b,4.46,#e4e070,0.21,#2f2c23,0.62,#b4b68b,4.46,#cac5a1,3.27,#828c66,1.96,#2f2c23,0.62,#e4e070,0.21,#828c66,1.96,#9ba47a,3.62,#b4b68b,4.46,,Glaucium,Glaucium corniculatum
KW_T_423_21_0093L,KW_T_423_21_0093L.tif_segmented.png,30058,3054,3595,#adac83,4.63,#979c73,4.52,#c4bd9b,3.94,#858765,3.37,#726a4f,1.2,#c4bd9b,3.94,#2c2920,0.69,#adac83,4.63,#979c73,4.52,#726a4f,1.2,#2c2920,0.69,#726a4f,1.2,#858765,3.37,#979c73,4.52,#adac83,4.63,#2c2920,0.69,#adac83,4.63,#858765,3.37,#726a4f,1.2,#979c73,4.52,#2c2920,0.69,#726a4f,1.2,#858765,3.37,#979c73,4.52,#adac83,4.63,,Salvia,Salvia x sylvestris
KW_T_423_21_0095L,KW_T_423_21_0095L.tif_segmented.png,718982,3056,3595,#d0c9ae,2.98,#c3b998,2.97,#b5a884,2.24,#9b896b,0.93,#27231b,0.71,#27231b,0.71,#d0c9ae,2.98,#c3b998,2.97,#715f44,0.61,#b5a884,2.24,#715f44,0.61,#27231b,0.71,#9b896b,0.93,#b5a884,2.24,#c3b998,2.97,#27231b,0.71,#b5a884,2.24,#715f44,0.61,#d0c9ae,2.98,#c3b998,2.97,#715f44,0.61,#27231b,0.71,#9b896b,0.93,#b5a884,2.24,#c3b998,2.97,,Oxybasis,Oxybasis rubra
KW_T_423_21_0097L,KW_T_423_21_0097L.tif_segmented.png,1568096,3056,3599,#c5b898,3.06,#8a765b,2.62,#9d896a,1.94,#b1a281,1.68,#76644b,1.64,#c5b898,3.06,#76644b,1.64,#b1a281,1.68,#8a765b,2.62,#9d896a,1.94,#b1a281,1.68,#9d896a,1.94,#c5b898,3.06,#8a765b,2.62,#76644b,1.64,#76644b,1.64,#b1a281,1.68,#c5b898,3.06,#8a765b,2.62,#9d896a,1.94,#b1a281,1.68,#9d896a,1.94,#c5b898,3.06,#8a765b,2.62,#76644b,1.64,,Mycena,Mycena spec.
KW_T_423_21_0099L,KW_T_423_21_0099L.tif_segmented.png,536748,3058,3599,#ccc2a3,2.35,#bab38e,1.72,#a2a472,1.42,#888661,1.31,#726648,0.57,#ccc2a3,2.35,#332e25,0.52,#bab38e,1.72,#726648,0.57,#a2a472,1.42,#726648,0.57,#888661,1.31,#332e25,0.52,#a2a472,1.42,#bab38e,1.72,#332e25,0.52,#726648,0.57,#888661,1.31,#bab38e,1.72,#a2a472,1.42,#726648,0.57,#888661,1.31,#332e25,0.52,#a2a472,1.42,#bab38e,1.72,,Peziza,Peziza vesiculosa
KW_T_423_21_0101L,KW_T_423_21_0101L.tif_segmented.png,2312371,3050,3787,#9ea97c,5.07,#b0b78a,4.98,#c5c09d,4.24,#8c956d,4.04,#757857,2.32,#302b22,0.74,#c5c09d,4.24,#b0b78a,4.98,#9ea97c,5.07,#757857,2.32,#302b22,0.74,#757857,2.32,#8c956d,4.04,#9ea97c,5.07,#b0b78a,4.98,#302b22,0.74,#b0b78a,4.98,#c5c09d,4.24,#8c956d,4.04,#757857,2.32,#302b22,0.74,#757857,2.32,#8c956d,4.04,#9ea97c,5.07,#b0b78a,4.98,,Aquilegia,Aquilegia vulgaris
KW_T_423_21_0103L,KW_T_423_21_0103L.tif_segmented.png,2826512,3046,3587,#cecaa4,5.51,#bdbd91,5.18,#90976d,5.05,#a5a97f,4.74,#7b805e,3.4,#cecaa4,5.51,#bdbd91,5.18,#665a47,1.02,#a5a97f,4.74,#90976d,5.05,#665a47,1.02,#7b805e,3.4,#90976d,5.05,#a5a97f,4.74,#bdbd91,5.18,#bdbd91,5.18,#cecaa4,5.51,#a5a97f,4.74,#90976d,5.05,#7b805e,3.4,#665a47,1.02,#7b805e,3.4,#90976d,5.05,#a5a97f,4.74,#bdbd91,5.18,Fabaceae,Trifolium,Trifolium incarnatum
KW_T_423_21_0104L,KW_T_423_21_0104L.tif_segmented.png,2284830,3043,3779,#c4bd9d,4.1,#b1ac8b,3.64,#8c8067,3.28,#9e9878,3.14,#786554,2.94,#c4bd9d,4.1,#5d443b,1.55,#b1ac8b,3.64,#786554,2.94,#9e9878,3.14,#786554,2.94,#5d443b,1.55,#8c8067,3.28,#9e9878,3.14,#b1ac8b,3.64,#b1ac8b,3.64,#786554,2.94,#9e9878,3.14,#c4bd9d,4.1,#8c8067,3.28,#786554,2.94,#5d443b,1.55,#8c8067,3.28,#9e9878,3.14,#b1ac8b,3.64,,Bidens,Bidens cernua
KW_T_423_21_0106L,KW_T_423_21_0106L.tif_segmented.png,1503939,3043,3583,#c5b794,3.01,#b6a27c,1.67,#a28a67,1.22,#866f55,0.59,#2f2b21,0.38,#c5b794,3.01,#2f2b21,0.38,#b6a27c,1.67,#a28a67,1.22,#866f55,0.59,#2f2b21,0.38,#866f55,0.59,#a28a67,1.22,#b6a27c,1.67,#c5b794,3.01,#2f2b21,0.38,#b6a27c,1.67,#c5b794,3.01,#866f55,0.59,#a28a67,1.22,#2f2b21,0.38,#866f55,0.59,#a28a67,1.22,#b6a27c,1.67,#c5b794,3.01,Clitocybaceae,Clitocybe,Clitocybe phyllophila
KW_T_423_21_0108L,KW_T_423_21_0108L.tif_segmented.png,1139169,3048,3587,#c3b998,3.14,#a8ae83,1.93,#8e976d,1.23,#2b2720,0.58,#6f6f52,0.4,#c3b998,3.14,#2b2720,0.58,#a8ae83,1.93,#8e976d,1.23,#6f6f52,0.4,#6f6f52,0.4,#2b2720,0.58,#8e976d,1.23,#a8ae83,1.93,#c3b998,3.14,#2b2720,0.58,#a8ae83,1.93,#8e976d,1.23,#c3b998,3.14,#6f6f52,0.4,#6f6f52,0.4,#2b2720,0.58,#8e976d,1.23,#a8ae83,1.93,#c3b998,3.14,,Scutellinia,Scutellinia spec.
KW_T_423_21_0110L,KW_T_423_21_0110L.tif_segmented.png,2278321,3048,3815,#8c9a6b,3.47,#747f5e,2.91,#c4bb94,2.9,#a5b07f,2.32,#5e5b49,1.98,#c4bb94,2.9,#a5b07f,2.32,#2a2821,0.92,#8c9a6b,3.47,#5e5b49,1.98,#2a2821,0.92,#5e5b49,1.98,#747f5e,2.91,#8c9a6b,3.47,#c4bb94,2.9,#2a2821,0.92,#c4bb94,2.9,#5e5b49,1.98,#a5b07f,2.32,#8c9a6b,3.47,#2a2821,0.92,#5e5b49,1.98,#747f5e,2.91,#8c9a6b,3.47,#c4bb94,2.9,,Sisymbrium,Sisymbrium irio
KW_T_423_21_0112L,KW_T_423_21_0112L.tif_segmented.png,1460654,3039,3599,#989e65,3.57,#afae7f,3.38,#cac49d,2.65,#82865a,2.5,#6d6046,1.34,#cac49d,2.65,#2c2921,0.67,#afae7f,3.38,#989e65,3.57,#6d6046,1.34,#2c2921,0.67,#6d6046,1.34,#82865a,2.5,#afae7f,3.38,#989e65,3.57,#2c2921,0.67,#afae7f,3.38,#cac49d,2.65,#989e65,3.57,#6d6046,1.34,#2c2921,0.67,#6d6046,1.34,#82865a,2.5,#afae7f,3.38,#989e65,3.57,,Lotus,Lotus glaber
KW_T_423_21_0114L,KW_T_423_21_0114L.tif_segmented.png,966254,3046,3595,#b2af8f,2.21,#c8c2a3,2.0,#9b9879,1.76,#837b62,1.24,#6b5c46,1.16,#c8c2a3,2.0,#2e2922,0.68,#6b5c46,1.16,#b2af8f,2.21,#9b9879,1.76,#2e2922,0.68,#837b62,1.24,#6b5c46,1.16,#9b9879,1.76,#b2af8f,2.21,#2e2922,0.68,#837b62,1.24,#b2af8f,2.21,#9b9879,1.76,#c8c2a3,2.0,#2e2922,0.68,#837b62,1.24,#6b5c46,1.16,#9b9879,1.76,#b2af8f,2.21,,Verbascum,Verbascum cf. nigrum x phoeniceum
KW_T_423_21_0116L,KW_T_423_21_0116L.tif_segmented.png,2226033,3035,3587,#e8d89f,4.59,#dcc783,3.37,#9c875f,3.11,#cfc5a8,3.04,#c2b48b,2.89,#e8d89f,4.59,#dcc783,3.37,#7f6b4f,2.27,#cfc5a8,3.04,#c2b48b,2.89,#7f6b4f,2.27,#9c875f,3.11,#b5a070,2.46,#c2b48b,2.89,#e8d89f,4.59,#dcc783,3.37,#e8d89f,4.59,#b5a070,2.46,#c2b48b,2.89,#7f6b4f,2.27,#7f6b4f,2.27,#9c875f,3.11,#b5a070,2.46,#c2b48b,2.89,#e8d89f,4.59,Amanitaceae,Amanita,Amanita citrina
KW_T_423_21_0118L,KW_T_423_21_0118L.tif_segmented.png,4804026,3031,3599,#d1c9a5,2.78,#878d6d,2.76,#bdb992,2.55,#a0a580,2.46,#6c755f,1.8,#d1c9a5,2.78,#483c2d,0.45,#bdb992,2.55,#a0a580,2.46,#878d6d,2.76,#483c2d,0.45,#6c755f,1.8,#878d6d,2.76,#a0a580,2.46,#bdb992,2.55,#bdb992,2.55,#d1c9a5,2.78,#878d6d,2.76,#483c2d,0.45,#a0a580,2.46,#483c2d,0.45,#6c755f,1.8,#878d6d,2.76,#a0a580,2.46,#bdb992,2.55,,Piptoporus,Piptoporus betulinus
KW_T_423_21_0120L,KW_T_423_21_0120L.tif_segmented.png,348007,3048,3627,#c6c29e,2.57,#b6b38e,2.28,#9e9f75,1.68,#2e2a23,0.83,#7c7858,0.35,#2e2a23,0.83,#c6c29e,2.57,#b6b38e,2.28,#9e9f75,1.68,#7c7858,0.35,#7c7858,0.35,#9e9f75,1.68,#2e2a23,0.83,#b6b38e,2.28,#c6c29e,2.57,#2e2a23,0.83,#b6b38e,2.28,#7c7858,0.35,#9e9f75,1.68,#c6c29e,2.57,#7c7858,0.35,#9e9f75,1.68,#2e2a23,0.83,#b6b38e,2.28,#c6c29e,2.57,,Gypsophila,Gypsophila paniculata
KW_T_423_21_0122L,KW_T_423_21_0122L.tif_segmented.png,1564836,3039,3611,#838e64,3.38,#c1ba96,3.17,#9fa879,2.82,#e0b625,2.0,#e2c456,1.62,#e0b625,2.0,#e2c456,1.62,#bca350,1.27,#c1ba96,3.17,#675e45,0.87,#675e45,0.87,#9fa879,2.82,#c1ba96,3.17,#838e64,3.38,#bca350,1.27,#e0b625,2.0,#e2c456,1.62,#bca350,1.27,#c1ba96,3.17,#675e45,0.87,#675e45,0.87,#9fa879,2.82,#c1ba96,3.17,#838e64,3.38,#bca350,1.27,,Arctium,Arctium minus
KW_T_423_21_0124L,KW_T_423_21_0124L.tif_segmented.png,2305602,3039,3635,#d6c199,5.19,#c7af89,5.02,#b69775,3.46,#9c8166,2.51,#6f6150,1.45,#d6c199,5.19,#c7af89,5.02,#b69775,3.46,#292620,0.97,#9c8166,2.51,#292620,0.97,#6f6150,1.45,#9c8166,2.51,#b69775,3.46,#c7af89,5.02,#292620,0.97,#d6c199,5.19,#c7af89,5.02,#6f6150,1.45,#b69775,3.46,#292620,0.97,#6f6150,1.45,#9c8166,2.51,#b69775,3.46,#c7af89,5.02,,Arctium,Arctium minus
KW_T_423_21_0126L,KW_T_423_21_0126L.tif_segmented.png,1400300,3043,3615,#7f6058,2.31,#c3b5a4,2.25,#ac9b89,2.08,#644d46,2.03,#968167,1.52,#c3b5a4,2.25,#2c2922,0.88,#ac9b89,2.08,#644d46,2.03,#7f6058,2.31,#2c2922,0.88,#968167,1.52,#ac9b89,2.08,#644d46,2.03,#7f6058,2.31,#2c2922,0.88,#7f6058,2.31,#644d46,2.03,#ac9b89,2.08,#968167,1.52,#2c2922,0.88,#968167,1.52,#ac9b89,2.08,#644d46,2.03,#7f6058,2.31,Cortinariaceae,Cortinarius,Cortinarius spec.
KW_T_423_21_0128L,KW_T_423_21_0128L.tif_segmented.png,2155004,3031,3603,#8f9363,4.46,#81835b,3.93,#787252,3.53,#9ea668,3.48,#cdc3a4,1.54,#cdc3a4,1.54,#9ea668,3.48,#655b45,1.41,#8f9363,4.46,#b1ab87,1.49,#b1ab87,1.49,#655b45,1.41,#787252,3.53,#81835b,3.93,#8f9363,4.46,#b1ab87,1.49,#787252,3.53,#8f9363,4.46,#9ea668,3.48,#655b45,1.41,#b1ab87,1.49,#655b45,1.41,#787252,3.53,#81835b,3.93,#8f9363,4.46,,Clavulina,Clavulina coralloides
KW_T_423_21_0129L,KW_T_423_21_0129L.tif_segmented.png,1467196,3027,3591,#7e8267,3.15,#94966f,2.91,#c4c19a,2.25,#72705a,2.2,#aaae82,2.19,#c4c19a,2.25,#2e2a22,0.62,#aaae82,2.19,#94966f,2.91,#72705a,2.2,#2e2a22,0.62,#aaae82,2.19,#c4c19a,2.25,#94966f,2.91,#7e8267,3.15,#2e2a22,0.62,#c4c19a,2.25,#94966f,2.91,#7e8267,3.15,#aaae82,2.19,#2e2a22,0.62,#aaae82,2.19,#c4c19a,2.25,#94966f,2.91,#7e8267,3.15,,Ajuga,Ajuga reptans
KW_T_423_21_0131L,KW_T_423_21_0131L.tif_segmented.png,720610,3025,3619,#bfbc92,2.45,#a4ac7b,1.76,#8f9564,1.11,#2a2720,1.07,#756248,0.22,#bfbc92,2.45,#2a2720,1.07,#756248,0.22,#a4ac7b,1.76,#8f9564,1.11,#756248,0.22,#2a2720,1.07,#a4ac7b,1.76,#bfbc92,2.45,#8f9564,1.11,#2a2720,1.07,#bfbc92,2.45,#8f9564,1.11,#756248,0.22,#a4ac7b,1.76,#756248,0.22,#2a2720,1.07,#a4ac7b,1.76,#bfbc92,2.45,#8f9564,1.11,,Rostraria,Rostraria cristata
KW_T_423_21_0133L,KW_T_423_21_0133L.tif_segmented.png,2044235,3027,3775,#9e9a7a,2.83,#888668,2.7,#b3b18f,2.63,#5f4e3d,1.66,#766b52,1.59,#b3b18f,2.63,#5f4e3d,1.66,#2a2721,0.76,#9e9a7a,2.83,#766b52,1.59,#2a2721,0.76,#888668,2.7,#9e9a7a,2.83,#b3b18f,2.63,#766b52,1.59,#2a2721,0.76,#766b52,1.59,#888668,2.7,#b3b18f,2.63,#9e9a7a,2.83,#2a2721,0.76,#888668,2.7,#9e9a7a,2.83,#b3b18f,2.63,#766b52,1.59,,Gastridium,Gastridium ventricosum
KW_T_423_21_0135L,KW_T_423_21_0135L.tif_segmented.png,1199280,3080,3647,#c4b693,1.93,#725b41,1.67,#8a6f51,1.58,#2b2923,1.07,#a7926f,1.04,#c4b693,1.93,#725b41,1.67,#8a6f51,1.58,#a7926f,1.04,#2b2923,1.07,#2b2923,1.07,#a7926f,1.04,#8a6f51,1.58,#725b41,1.67,#c4b693,1.93,#2b2923,1.07,#c4b693,1.93,#a7926f,1.04,#725b41,1.67,#8a6f51,1.58,#2b2923,1.07,#a7926f,1.04,#8a6f51,1.58,#725b41,1.67,#c4b693,1.93,,Geopora,Geopora arenicola
KW_T_423_21_0137L,KW_T_423_21_0137L.tif_segmented.png,1064539,3084,3639,#b7b58b,2.9,#cbc4a7,2.72,#a4a179,2.12,#8f8464,1.26,#27241f,1.21,#cbc4a7,2.72,#27241f,1.21,#b7b58b,2.9,#72614e,0.81,#a4a179,2.12,#72614e,0.81,#8f8464,1.26,#27241f,1.21,#a4a179,2.12,#b7b58b,2.9,#27241f,1.21,#b7b58b,2.9,#a4a179,2.12,#8f8464,1.26,#72614e,0.81,#72614e,0.81,#8f8464,1.26,#27241f,1.21,#a4a179,2.12,#b7b58b,2.9,,Tremella,Tremella mesenterica
KW_T_423_21_0139L,KW_T_423_21_0139L.tif_segmented.png,809324,3090,3631,#949675,1.83,#747e61,1.79,#cac3a4,1.75,#b4af8c,1.38,#2b2923,1.17,#cac3a4,1.75,#2b2923,1.17,#b4af8c,1.38,#685d44,0.52,#747e61,1.79,#685d44,0.52,#2b2923,1.17,#949675,1.83,#b4af8c,1.38,#747e61,1.79,#2b2923,1.17,#949675,1.83,#b4af8c,1.38,#685d44,0.52,#cac3a4,1.75,#685d44,0.52,#2b2923,1.17,#949675,1.83,#b4af8c,1.38,#747e61,1.79,,Peziza,Peziza cerea
KW_T_423_21_0141L,KW_T_423_21_0141L.tif_segmented.png,1126095,3092,3627,#96a272,3.39,#c8c6a1,2.7,#b1b18b,2.16,#808660,2.14,#2b2924,1.13,#c8c6a1,2.7,#2b2924,1.13,#96a272,3.39,#b1b18b,2.16,#6b6248,0.51,#6b6248,0.51,#2b2924,1.13,#808660,2.14,#b1b18b,2.16,#96a272,3.39,#2b2924,1.13,#b1b18b,2.16,#c8c6a1,2.7,#6b6248,0.51,#808660,2.14,#6b6248,0.51,#2b2924,1.13,#808660,2.14,#b1b18b,2.16,#96a272,3.39,,Coincya,Coincya monensis
KW_T_423_21_0143L,KW_T_423_21_0143L.tif_segmented.png,1394903,3097,3627,#cec5aa,3.28,#b9b691,2.6,#a4aa7b,2.58,#8e9468,2.53,#2b2922,1.22,#cec5aa,3.28,#2b2922,1.22,#b9b691,2.6,#a4aa7b,2.58,#8e9468,2.53,#797858,1.14,#8e9468,2.53,#2b2922,1.22,#a4aa7b,2.58,#b9b691,2.6,#2b2922,1.22,#b9b691,2.6,#797858,1.14,#8e9468,2.53,#a4aa7b,2.58,#797858,1.14,#8e9468,2.53,#2b2922,1.22,#a4aa7b,2.58,#b9b691,2.6,,Matricaria,Matricaria discoidea
KW_T_423_21_0145L,KW_T_423_21_0145L.tif_segmented.png,1219212,3088,3603,#675846,2.93,#cec2a5,2.56,#796754,2.22,#2a2721,0.99,#b4a78b,0.98,#cec2a5,2.56,#2a2721,0.99,#b4a78b,0.98,#675846,2.93,#796754,2.22,#2a2721,0.99,#95866e,0.79,#b4a78b,0.98,#796754,2.22,#675846,2.93,#2a2721,0.99,#796754,2.22,#b4a78b,0.98,#cec2a5,2.56,#675846,2.93,#2a2721,0.99,#95866e,0.79,#b4a78b,0.98,#796754,2.22,#675846,2.93,,Allium,Allium carinatum
KW_T_423_21_0147L,KW_T_423_21_0147L.tif_segmented.png,810671,3090,3607,#cfc8a7,2.62,#bab78c,1.92,#9ea27b,1.57,#888866,1.39,#2b2922,0.88,#cfc8a7,2.62,#2b2922,0.88,#bab78c,1.92,#725f47,0.71,#9ea27b,1.57,#725f47,0.71,#2b2922,0.88,#888866,1.39,#9ea27b,1.57,#bab78c,1.92,#2b2922,0.88,#bab78c,1.92,#888866,1.39,#9ea27b,1.57,#cfc8a7,2.62,#725f47,0.71,#2b2922,0.88,#888866,1.39,#9ea27b,1.57,#bab78c,1.92,,Melanoleuca,Melanoleuca polioleuca
KW_T_423_21_0149L,KW_T_423_21_0149L.tif_segmented.png,1702581,3090,3611,#98a37d,4.27,#cdc6a4,3.84,#838b6b,3.36,#afb58d,3.09,#2c2922,1.12,#cdc6a4,3.84,#2c2922,1.12,#afb58d,3.09,#98a37d,4.27,#6c6a50,1.07,#2c2922,1.12,#6c6a50,1.07,#838b6b,3.36,#98a37d,4.27,#afb58d,3.09,#2c2922,1.12,#afb58d,3.09,#cdc6a4,3.84,#838b6b,3.36,#98a37d,4.27,#2c2922,1.12,#6c6a50,1.07,#838b6b,3.36,#98a37d,4.27,#afb58d,3.09,Hygrophoraceae,Hygrophorus,Hygrophorus pustulatus
KW_T_423_21_0151L,KW_T_423_21_0151L.tif_segmented.png,693463,3099,3611,#cfc5a5,3.62,#9fa380,1.5,#b8b694,1.4,#838669,1.13,#2b2822,0.78,#cfc5a5,3.62,#2b2822,0.78,#b8b694,1.4,#696248,0.71,#9fa380,1.5,#696248,0.71,#838669,1.13,#2b2822,0.78,#9fa380,1.5,#b8b694,1.4,#2b2822,0.78,#9fa380,1.5,#838669,1.13,#b8b694,1.4,#cfc5a5,3.62,#696248,0.71,#838669,1.13,#2b2822,0.78,#9fa380,1.5,#b8b694,1.4,Rosaceae,Rubus,Rubus saxatilis 
KW_T_423_21_0153L,KW_T_423_21_0153L.tif_segmented.png,326070,3094,3607,#ccc1a1,2.83,#2b2821,0.92,#aca783,0.81,#8f8465,0.51,#67583f,0.36,#ccc1a1,2.83,#2b2821,0.92,#67583f,0.36,#aca783,0.81,#8f8465,0.51,#67583f,0.36,#8f8465,0.51,#2b2821,0.92,#aca783,0.81,#ccc1a1,2.83,#2b2821,0.92,#aca783,0.81,#8f8465,0.51,#ccc1a1,2.83,#67583f,0.36,#67583f,0.36,#8f8465,0.51,#2b2821,0.92,#aca783,0.81,#ccc1a1,2.83,,Lappula,Lappula redowskii
KW_T_423_21_0155L,KW_T_423_21_0155L.tif_segmented.png,1624765,3086,3599,#cabe9f,3.61,#b6a88a,2.07,#9c8c6f,1.25,#2e2a24,0.82,#776a54,0.61,#cabe9f,3.61,#2e2a24,0.82,#b6a88a,2.07,#776a54,0.61,#9c8c6f,1.25,#2e2a24,0.82,#776a54,0.61,#9c8c6f,1.25,#b6a88a,2.07,#cabe9f,3.61,#2e2a24,0.82,#776a54,0.61,#b6a88a,2.07,#cabe9f,3.61,#9c8c6f,1.25,#2e2a24,0.82,#776a54,0.61,#9c8c6f,1.25,#b6a88a,2.07,#cabe9f,3.61,,Elsholtzia,Elsholtzia ciliata
KW_T_423_21_0157L,KW_T_423_21_0157L.tif_segmented.png,1100919,3080,3623,#ccc4a7,4.07,#b8b29a,2.04,#a09f84,1.92,#8a856e,1.5,#272520,1.22,#ccc4a7,4.07,#272520,1.22,#b8b29a,2.04,#6b6655,0.67,#a09f84,1.92,#6b6655,0.67,#8a856e,1.5,#272520,1.22,#a09f84,1.92,#b8b29a,2.04,#272520,1.22,#a09f84,1.92,#8a856e,1.5,#6b6655,0.67,#ccc4a7,4.07,#6b6655,0.67,#8a856e,1.5,#272520,1.22,#a09f84,1.92,#b8b29a,2.04,Tricholomataceae,Tricholoma,Tricholoma spec.
KW_T_423_21_0159L,KW_T_423_21_0159L.tif_segmented.png,1526332,3074,3595,#c8c1a3,4.04,#798c70,2.57,#aab692,2.54,#8fa186,2.27,#9da071,1.57,#c8c1a3,4.04,#aab692,2.54,#9da071,1.57,#5e705a,1.19,#798c70,2.57,#5e705a,1.19,#798c70,2.57,#8fa186,2.27,#9da071,1.57,#aab692,2.54,#8fa186,2.27,#aab692,2.54,#798c70,2.57,#9da071,1.57,#c8c1a3,4.04,#5e705a,1.19,#798c70,2.57,#8fa186,2.27,#9da071,1.57,#aab692,2.54,,Ramaria,Ramaria spec.
KW_T_423_21_0161L,KW_T_423_21_0161L.tif_segmented.png,2527469,3070,3779,#91a379,5.98,#7e926b,4.86,#cac3a6,4.28,#a7b589,3.98,#6a7d5e,2.12,#e9e06e,0.64,#cac3a6,4.28,#312d25,0.61,#a7b589,3.98,#91a379,5.98,#312d25,0.61,#91a379,5.98,#6a7d5e,2.12,#7e926b,4.86,#a7b589,3.98,#e9e06e,0.64,#312d25,0.61,#a7b589,3.98,#7e926b,4.86,#cac3a6,4.28,#312d25,0.61,#91a379,5.98,#6a7d5e,2.12,#7e926b,4.86,#a7b589,3.98,,Erysimum,Erysimum repandum
KW_T_423_21_0163L,KW_T_423_21_0163L.tif_segmented.png,533073,3088,3595,#cac2a4,3.24,#b9b291,1.87,#9ca27b,0.93,#2d2a23,0.92,#7a745a,0.52,#cac2a4,3.24,#2d2a23,0.92,#b9b291,1.87,#9ca27b,0.93,#7a745a,0.52,#7a745a,0.52,#2d2a23,0.92,#9ca27b,0.93,#b9b291,1.87,#cac2a4,3.24,#2d2a23,0.92,#7a745a,0.52,#9ca27b,0.93,#b9b291,1.87,#cac2a4,3.24,#7a745a,0.52,#2d2a23,0.92,#9ca27b,0.93,#b9b291,1.87,#cac2a4,3.24,,Geranium,Geranium rotundifolium
KW_T_423_21_0165L,KW_T_423_21_0165L.tif_segmented.png,1974209,3003,3595,#cbbd9f,5.62,#866a52,4.52,#685240,3.02,#9f8468,2.61,#b9a283,2.26,#cbbd9f,5.62,#b9a283,2.26,#866a52,4.52,#685240,3.02,#28261f,0.84,#28261f,0.84,#9f8468,2.61,#b9a283,2.26,#866a52,4.52,#685240,3.02,#28261f,0.84,#b9a283,2.26,#866a52,4.52,#cbbd9f,5.62,#9f8468,2.61,#28261f,0.84,#9f8468,2.61,#b9a283,2.26,#866a52,4.52,#685240,3.02,Caprifoliaceae,Valerianella,Valerianella coronata
KW_T_423_22_0009L,KW_T_423_22_0009L.tif_segmented.png,976059,2935,3607,#c5c2a4,3.65,#abb490,3.13,#95a37e,2.78,#7f8f6d,2.26,#6a7b5e,1.87,#2e2a22,0.85,#c5c2a4,3.65,#abb490,3.13,#95a37e,2.78,#6a7b5e,1.87,#2e2a22,0.85,#7f8f6d,2.26,#95a37e,2.78,#6a7b5e,1.87,#abb490,3.13,#2e2a22,0.85,#abb490,3.13,#7f8f6d,2.26,#c5c2a4,3.65,#95a37e,2.78,#2e2a22,0.85,#7f8f6d,2.26,#95a37e,2.78,#6a7b5e,1.87,#abb490,3.13,Hygrophoraceae,Hygrophorus,Hygrophorus hypothejus
KW_T_423_22_0011L,KW_T_423_22_0011L.tif_segmented.png,885096,2937,3807,#cfc7a5,3.03,#9da473,1.61,#b9b88d,1.4,#8a8b64,1.3,#2f2c24,0.83,#cfc7a5,3.03,#2f2c24,0.83,#6a5843,0.41,#b9b88d,1.4,#9da473,1.61,#6a5843,0.41,#2f2c24,0.83,#8a8b64,1.3,#9da473,1.61,#b9b88d,1.4,#2f2c24,0.83,#b9b88d,1.4,#8a8b64,1.3,#cfc7a5,3.03,#9da473,1.61,#6a5843,0.41,#2f2c24,0.83,#8a8b64,1.3,#9da473,1.61,#b9b88d,1.4,,Aleuria,Aleuria aurantia
KW_T_423_22_0013L,KW_T_423_22_0013L.tif_segmented.png,602363,2935,3599,#cbc2a5,4.03,#afb28e,2.62,#979976,2.2,#7d7157,1.27,#342f27,0.74,#ded568,0.43,#cbc2a5,4.03,#342f27,0.74,#afb28e,2.62,#7d7157,1.27,#342f27,0.74,#7d7157,1.27,#979976,2.2,#afb28e,2.62,#ded568,0.43,#ded568,0.43,#342f27,0.74,#afb28e,2.62,#979976,2.2,#7d7157,1.27,#342f27,0.74,#7d7157,1.27,#979976,2.2,#afb28e,2.62,#ded568,0.43,Brassicaceae,Lepidium,Lepidium sativum
KW_T_423_22_0015L,KW_T_423_22_0015L.tif_segmented.png,1386977,2946,3603,#d0caac,4.59,#c0bc99,3.31,#829674,3.18,#718666,3.05,#99a582,2.09,#5d473a,0.42,#d0caac,4.59,#c0bc99,3.31,#718666,3.05,#99a582,2.09,#5d473a,0.42,#c0bc99,3.31,#99a582,2.09,#829674,3.18,#718666,3.05,#c0bc99,3.31,#d0caac,4.59,#829674,3.18,#99a582,2.09,#718666,3.05,#5d473a,0.42,#c0bc99,3.31,#99a582,2.09,#829674,3.18,#718666,3.05,,Vicia,Vicia pannonica
KW_T_423_22_0017L,KW_T_423_22_0017L.tif_segmented.png,2941137,2956,3599,#bbbf95,6.52,#9da781,6.48,#838c6a,6.07,#cc8c67,5.78,#dcaa6a,4.4,#dcaa6a,4.4,#cc8c67,5.78,#ab7552,3.52,#bbbf95,6.52,#6a5e48,2.73,#6a5e48,2.73,#838c6a,6.07,#bbbf95,6.52,#9da781,6.48,#ab7552,3.52,#dcaa6a,4.4,#cc8c67,5.78,#bbbf95,6.52,#ab7552,3.52,#838c6a,6.07,#6a5e48,2.73,#838c6a,6.07,#bbbf95,6.52,#9da781,6.48,#ab7552,3.52,,Potentilla,Potentilla intermedia
KW_T_423_22_0019L,KW_T_423_22_0019L.tif_segmented.png,2243850,2964,3603,#89936a,5.47,#9fa47a,4.57,#d1c8ab,4.09,#bbb991,4.02,#727653,2.95,#d2ba4a,0.48,#d1c8ab,4.09,#bbb991,4.02,#727653,2.95,#89936a,5.47,#bbb991,4.02,#9fa47a,4.57,#727653,2.95,#89936a,5.47,#d2ba4a,0.48,#d2ba4a,0.48,#bbb991,4.02,#89936a,5.47,#9fa47a,4.57,#d1c8ab,4.09,#bbb991,4.02,#9fa47a,4.57,#727653,2.95,#89936a,5.47,#d2ba4a,0.48,,Hypsizygus,Hypsizygus ulmarius
KW_T_423_22_0021L,KW_T_423_22_0021L.tif_segmented.png,916225,2970,3603,#cec5a5,3.48,#b5b28b,2.47,#9b9b74,1.9,#7f7d5e,0.91,#302c25,0.66,#cec5a5,3.48,#302c25,0.66,#b5b28b,2.47,#9b9b74,1.9,#7f7d5e,0.91,#302c25,0.66,#7f7d5e,0.91,#9b9b74,1.9,#b5b28b,2.47,#cec5a5,3.48,#302c25,0.66,#b5b28b,2.47,#9b9b74,1.9,#7f7d5e,0.91,#cec5a5,3.48,#302c25,0.66,#7f7d5e,0.91,#9b9b74,1.9,#b5b28b,2.47,#cec5a5,3.48,Cortinariaceae,Cortinarius,Cortinarius torvus
KW_T_423_22_0023L,KW_T_423_22_0023L.tif_segmented.png,3572259,2976,3591,#7d8a66,9.64,#909c74,7.92,#a7b089,6.12,#697558,4.4,#c3bd9d,4.26,#ded769,1.21,#c3bd9d,4.26,#7d8a66,9.64,#a7b089,6.12,#909c74,7.92,#ded769,1.21,#c3bd9d,4.26,#a7b089,6.12,#909c74,7.92,#7d8a66,9.64,#ded769,1.21,#a7b089,6.12,#c3bd9d,4.26,#909c74,7.92,#7d8a66,9.64,#ded769,1.21,#c3bd9d,4.26,#a7b089,6.12,#909c74,7.92,#7d8a66,9.64,,Medicago,Medicago x varia
KW_T_423_22_0024L,KW_T_423_22_0024L.tif_segmented.png,822012,2970,3819,#bbbe96,5.46,#a8ae85,5.01,#cec9aa,4.3,#949972,3.54,#e3da7a,1.62,#e3da7a,1.62,#cec9aa,4.3,#bbbe96,5.46,#a8ae85,5.01,#949972,3.54,#7e8161,1.4,#949972,3.54,#bbbe96,5.46,#a8ae85,5.01,#e3da7a,1.62,#e3da7a,1.62,#bbbe96,5.46,#a8ae85,5.01,#949972,3.54,#cec9aa,4.3,#7e8161,1.4,#949972,3.54,#bbbe96,5.46,#a8ae85,5.01,#e3da7a,1.62,,Tragopogon,Tragopogon pratensis subsp. orientalis
KW_T_423_22_0026L,KW_T_423_22_0026L.tif_segmented.png,1026641,2972,3599,#ccbe9b,3.72,#e4d39f,3.5,#bea77f,2.67,#a38967,1.73,#725c49,0.78,#e4d39f,3.5,#ccbe9b,3.72,#bea77f,2.67,#2b2821,0.71,#725c49,0.78,#2b2821,0.71,#725c49,0.78,#a38967,1.73,#bea77f,2.67,#e4d39f,3.5,#2b2821,0.71,#e4d39f,3.5,#bea77f,2.67,#ccbe9b,3.72,#725c49,0.78,#2b2821,0.71,#725c49,0.78,#a38967,1.73,#bea77f,2.67,#e4d39f,3.5,,Verbascum,Verbascum phoeniceum
KW_T_423_22_0028L,KW_T_423_22_0028L.tif_segmented.png,792167,2992,3599,#cdc4a6,2.93,#b5b58d,2.13,#98a174,1.96,#7b835e,1.39,#2b2822,0.77,#e5e07e,0.45,#cdc4a6,2.93,#2b2822,0.77,#b5b58d,2.13,#98a174,1.96,#2b2822,0.77,#7b835e,1.39,#98a174,1.96,#b5b58d,2.13,#e5e07e,0.45,#e5e07e,0.45,#2b2822,0.77,#b5b58d,2.13,#cdc4a6,2.93,#98a174,1.96,#2b2822,0.77,#7b835e,1.39,#98a174,1.96,#b5b58d,2.13,#e5e07e,0.45,,Eriophorum,Eriophorum gracile
KW_T_423_22_0030L,KW_T_423_22_0030L.tif_segmented.png,1957208,2992,3599,#838e61,7.61,#96a06f,5.87,#a9b188,5.57,#bdc492,5.15,#cbc6ad,4.32,#bdc492,5.15,#cbc6ad,4.32,#838e61,7.61,#96a06f,5.87,#a9b188,5.57,#6d6e55,1.81,#a9b188,5.57,#bdc492,5.15,#838e61,7.61,#96a06f,5.87,#bdc492,5.15,#a9b188,5.57,#838e61,7.61,#6d6e55,1.81,#cbc6ad,4.32,#6d6e55,1.81,#a9b188,5.57,#bdc492,5.15,#838e61,7.61,#96a06f,5.87,,Imleria,Imleria badia
KW_T_423_22_0032L,KW_T_423_22_0032L.tif_segmented.png,570451,2999,3599,#d0c7ab,2.67,#b7b394,1.53,#99a47c,1.23,#859166,1.12,#26241e,0.89,#d0c7ab,2.67,#26241e,0.89,#b7b394,1.53,#99a47c,1.23,#859166,1.12,#66614e,0.28,#99a47c,1.23,#26241e,0.89,#859166,1.12,#b7b394,1.53,#26241e,0.89,#66614e,0.28,#859166,1.12,#b7b394,1.53,#d0c7ab,2.67,#66614e,0.28,#99a47c,1.23,#26241e,0.89,#859166,1.12,#b7b394,1.53,,Impatiens,Impatiens parviflora
KW_T_423_22_0034L,KW_T_423_22_0034L.tif_segmented.png,1498909,2997,3591,#cfc6a9,3.38,#909274,2.64,#9fa181,2.37,#b5b193,2.19,#818266,2.02,#cfc6a9,3.38,#b5b193,2.19,#6b6a55,0.81,#9fa181,2.37,#818266,2.02,#6b6a55,0.81,#818266,2.02,#909274,2.64,#9fa181,2.37,#b5b193,2.19,#9fa181,2.37,#818266,2.02,#909274,2.64,#b5b193,2.19,#6b6a55,0.81,#6b6a55,0.81,#818266,2.02,#909274,2.64,#9fa181,2.37,#b5b193,2.19,,Rosa,Rosa arvensis
KW_T_423_22_0036L,KW_T_423_22_0036L.tif_segmented.png,2067757,3001,3587,#cdbe9f,4.12,#b8a588,2.88,#877360,2.63,#9f8d74,2.62,#695a4b,1.72,#cdbe9f,4.12,#b8a588,2.88,#695a4b,1.72,#9f8d74,2.62,#877360,2.63,#695a4b,1.72,#877360,2.63,#9f8d74,2.62,#b8a588,2.88,#cdbe9f,4.12,#877360,2.63,#b8a588,2.88,#695a4b,1.72,#cdbe9f,4.12,#9f8d74,2.62,#695a4b,1.72,#877360,2.63,#9f8d74,2.62,#b8a588,2.88,#cdbe9f,4.12,,Myrrhis,Myrrhis odorata?
KW_T_423_22_0038L,KW_T_423_22_0038L.tif_segmented.png,2280894,3009,3599,#829063,5.05,#cbc6a4,4.47,#94a270,3.94,#afb289,2.45,#6d7652,2.26,#e9d455,2.02,#ccad3b,0.7,#cbc6a4,4.47,#94a270,3.94,#829063,5.05,#afb289,2.45,#6d7652,2.26,#94a270,3.94,#829063,5.05,#ccad3b,0.7,#e9d455,2.02,#ccad3b,0.7,#afb289,2.45,#cbc6a4,4.47,#829063,5.05,#afb289,2.45,#6d7652,2.26,#94a270,3.94,#829063,5.05,#ccad3b,0.7,,Orthilia,Orthilia secunda
KW_T_423_22_0040L,KW_T_423_22_0040L.tif_segmented.png,2217760,3009,3599,#ccc3a7,3.67,#96987a,2.89,#aeaf90,2.68,#7d8165,1.9,#2d2a22,0.92,#ccc3a7,3.67,#2d2a22,0.92,#aeaf90,2.68,#7d8165,1.9,#96987a,2.89,#7d8165,1.9,#2d2a22,0.92,#96987a,2.89,#aeaf90,2.68,#ccc3a7,3.67,#2d2a22,0.92,#96987a,2.89,#aeaf90,2.68,#7d8165,1.9,#ccc3a7,3.67,#7d8165,1.9,#2d2a22,0.92,#96987a,2.89,#aeaf90,2.68,#ccc3a7,3.67,Cyperaceae,Carex,Carex buxbaumii
KW_T_423_22_0042L,KW_T_423_22_0042L.tif_segmented.png,571355,3013,3603,#c9c2a0,2.8,#a5b189,1.97,#8a9674,1.44,#292722,0.9,#696e57,0.69,#e9e386,0.48,#c9c2a0,2.8,#292722,0.9,#a5b189,1.97,#696e57,0.69,#696e57,0.69,#292722,0.9,#8a9674,1.44,#a5b189,1.97,#e9e386,0.48,#e9e386,0.48,#292722,0.9,#8a9674,1.44,#c9c2a0,2.8,#a5b189,1.97,#696e57,0.69,#292722,0.9,#8a9674,1.44,#a5b189,1.97,#e9e386,0.48,,Adonis,Adonis aestivalis
KW_T_423_22_0044L,KW_T_423_22_0044L.tif_segmented.png,1148813,3017,3599,#d3cbab,3.4,#c3bf98,2.4,#909a76,2.38,#a9b186,2.31,#767c5f,1.48,#d3cbab,3.4,#292721,0.84,#c3bf98,2.4,#a9b186,2.31,#909a76,2.38,#292721,0.84,#767c5f,1.48,#909a76,2.38,#a9b186,2.31,#c3bf98,2.4,#292721,0.84,#c3bf98,2.4,#d3cbab,3.4,#a9b186,2.31,#909a76,2.38,#292721,0.84,#767c5f,1.48,#909a76,2.38,#a9b186,2.31,#c3bf98,2.4,,Hesperis,Hesperis bicuspidata
KW_T_423_22_0046L,KW_T_423_22_0046L.tif_segmented.png,962184,3025,3611,#d2c7ab,3.75,#c0b59b,3.02,#a59d86,1.54,#837159,1.07,#292722,1.05,#d2c7ab,3.75,#292722,1.05,#c0b59b,3.02,#837159,1.07,#a59d86,1.54,#292722,1.05,#837159,1.07,#a59d86,1.54,#c0b59b,3.02,#d2c7ab,3.75,#292722,1.05,#837159,1.07,#a59d86,1.54,#d2c7ab,3.75,#c0b59b,3.02,#292722,1.05,#837159,1.07,#a59d86,1.54,#c0b59b,3.02,#d2c7ab,3.75,,Draba,Draba muralis
KW_T_423_22_0048L,KW_T_423_22_0048L.tif_segmented.png,1373775,2960,3607,#ccc9a1,2.7,#b8b587,1.82,#f1e970,1.27,#302c25,0.84,#d8c94b,0.66,#f1e970,1.27,#d8c94b,0.66,#302c25,0.84,#ccc9a1,2.7,#97805b,0.49,#97805b,0.49,#302c25,0.84,#b8b587,1.82,#ccc9a1,2.7,#d8c94b,0.66,#f1e970,1.27,#d8c94b,0.66,#302c25,0.84,#b8b587,1.82,#ccc9a1,2.7,#97805b,0.49,#302c25,0.84,#b8b587,1.82,#ccc9a1,2.7,#d8c94b,0.66,Fabaceae,Trifolium,Trifolium dubium
KW_T_423_22_0050L,KW_T_423_22_0050L.tif_segmented.png,1831425,2964,3615,#b0b08b,2.81,#989c78,2.62,#c6c0a0,2.46,#848566,2.18,#6d6550,1.31,#c6c0a0,2.46,#6d6550,1.31,#b0b08b,2.81,#989c78,2.62,#848566,2.18,#6d6550,1.31,#848566,2.18,#989c78,2.62,#b0b08b,2.81,#c6c0a0,2.46,#b0b08b,2.81,#989c78,2.62,#848566,2.18,#6d6550,1.31,#c6c0a0,2.46,#6d6550,1.31,#848566,2.18,#989c78,2.62,#b0b08b,2.81,#c6c0a0,2.46,Clitocybaceae,Clitocybe,Clitocybe gibba
KW_T_423_22_0052L,KW_T_423_22_0052L.tif_segmented.png,1719473,2986,3899,#aaae86,3.32,#969b72,3.3,#d2cbad,3.08,#c1bf98,2.94,#7e825e,1.81,#d2cbad,3.08,#2e2a23,0.92,#c1bf98,2.94,#aaae86,3.32,#969b72,3.3,#2e2a23,0.92,#7e825e,1.81,#969b72,3.3,#aaae86,3.32,#c1bf98,2.94,#2e2a23,0.92,#c1bf98,2.94,#aaae86,3.32,#969b72,3.3,#d2cbad,3.08,#2e2a23,0.92,#7e825e,1.81,#969b72,3.3,#aaae86,3.32,#c1bf98,2.94,,Vicia,Vicia narbonensis
KW_T_423_22_0054L,KW_T_423_22_0054L.tif_segmented.png,304729,2988,3619,#cabf9e,2.37,#b0a583,1.32,#2a2722,1.14,#95945f,0.74,#bfc874,0.61,#bfc874,0.61,#cabf9e,2.37,#2a2722,1.14,#b0a583,1.32,#95945f,0.74,#6f634e,0.39,#2a2722,1.14,#95945f,0.74,#b0a583,1.32,#bfc874,0.61,#2a2722,1.14,#bfc874,0.61,#95945f,0.74,#b0a583,1.32,#6f634e,0.39,#6f634e,0.39,#2a2722,1.14,#95945f,0.74,#b0a583,1.32,#bfc874,0.61,,Prunus,Prunus padus subsp. borealis
KW_T_423_22_0056L,KW_T_423_22_0056L.tif_segmented.png,2825270,2992,3599,#856f56,6.62,#cdbfa0,5.48,#705d47,4.74,#b3a383,3.05,#9a8568,2.46,#cdbfa0,5.48,#705d47,4.74,#b3a383,3.05,#856f56,6.62,#2b2822,0.97,#2b2822,0.97,#b3a383,3.05,#cdbfa0,5.48,#9a8568,2.46,#856f56,6.62,#2b2822,0.97,#b3a383,3.05,#856f56,6.62,#705d47,4.74,#cdbfa0,5.48,#2b2822,0.97,#b3a383,3.05,#cdbfa0,5.48,#9a8568,2.46,#856f56,6.62,,Ludwigia,Ludwigia palustris
KW_T_423_22_0058L,KW_T_423_22_0058L.tif_segmented.png,2334318,2997,3595,#96a082,5.58,#858e72,5.06,#727c66,4.5,#b0b28a,3.53,#cbc49b,3.37,#cbc49b,3.37,#b0b28a,3.53,#96a082,5.58,#666753,1.99,#858e72,5.06,#cbc49b,3.37,#b0b28a,3.53,#666753,1.99,#96a082,5.58,#858e72,5.06,#b0b28a,3.53,#cbc49b,3.37,#96a082,5.58,#858e72,5.06,#727c66,4.5,#cbc49b,3.37,#b0b28a,3.53,#666753,1.99,#96a082,5.58,#858e72,5.06,,Silaum,Silaum silaus
KW_T_423_22_0059L,KW_T_423_22_0059L.tif_segmented.png,3957433,2997,3595,#849270,8.25,#949e7b,7.36,#778467,6.86,#c5c09f,3.86,#67745c,3.74,#c5c09f,3.86,#949e7b,7.36,#a9ad89,3.35,#849270,8.25,#778467,6.86,#c5c09f,3.86,#a9ad89,3.35,#949e7b,7.36,#849270,8.25,#778467,6.86,#a9ad89,3.35,#849270,8.25,#949e7b,7.36,#c5c09f,3.86,#778467,6.86,#c5c09f,3.86,#a9ad89,3.35,#949e7b,7.36,#849270,8.25,#778467,6.86,,Meripilus,Meripilus giganteus
KW_T_423_22_0061L,KW_T_423_22_0061L.tif_segmented.png,2586914,3005,3607,#9aa685,5.89,#8c9774,5.16,#cbc4a6,4.65,#b1b48f,4.16,#7b8265,2.57,#cbc4a6,4.65,#2a2823,0.86,#b1b48f,4.16,#9aa685,5.89,#8c9774,5.16,#2a2823,0.86,#b1b48f,4.16,#9aa685,5.89,#8c9774,5.16,#7b8265,2.57,#2a2823,0.86,#b1b48f,4.16,#9aa685,5.89,#8c9774,5.16,#7b8265,2.57,#2a2823,0.86,#b1b48f,4.16,#9aa685,5.89,#8c9774,5.16,#7b8265,2.57,,Turgenia,Turgenia latifolia
KW_T_423_22_0063L,KW_T_423_22_0063L.tif_segmented.png,495907,3001,3599,#c7c09a,3.2,#b2ab83,2.77,#9d946f,1.94,#2b2822,0.96,#776f57,0.68,#c7c09a,3.2,#2b2822,0.96,#b2ab83,2.77,#9d946f,1.94,#776f57,0.68,#776f57,0.68,#2b2822,0.96,#9d946f,1.94,#b2ab83,2.77,#c7c09a,3.2,#2b2822,0.96,#b2ab83,2.77,#776f57,0.68,#c7c09a,3.2,#9d946f,1.94,#776f57,0.68,#2b2822,0.96,#9d946f,1.94,#b2ab83,2.77,#c7c09a,3.2,,Valeriana,Valeriana officinalis
KW_T_423_22_0065L,KW_T_423_22_0065L.tif_segmented.png,906757,3003,3591,#cbbe9d,3.11,#6a5843,2.07,#816b52,1.91,#b2a281,1.89,#978267,1.4,#cbbe9d,3.11,#b2a281,1.89,#2a2721,0.85,#6a5843,2.07,#816b52,1.91,#2a2721,0.85,#b2a281,1.89,#978267,1.4,#816b52,1.91,#cbbe9d,3.11,#2a2721,0.85,#b2a281,1.89,#816b52,1.91,#cbbe9d,3.11,#6a5843,2.07,#2a2721,0.85,#b2a281,1.89,#978267,1.4,#816b52,1.91,#cbbe9d,3.11,,Hieracium,Hieracium sect. Sabauda
KW_T_423_22_0067L,KW_T_423_22_0067L.tif_segmented.png,2954566,3009,3595,#748366,5.45,#5e6d55,5.35,#8d9976,5.17,#c3bf9b,4.83,#a4ae87,4.01,#eadf5f,3.93,#bfb155,1.22,#c3bf9b,4.83,#5e6d55,5.35,#a4ae87,4.01,#bfb155,1.22,#c3bf9b,4.83,#a4ae87,4.01,#8d9976,5.17,#748366,5.45,#eadf5f,3.93,#bfb155,1.22,#c3bf9b,4.83,#8d9976,5.17,#a4ae87,4.01,#bfb155,1.22,#c3bf9b,4.83,#a4ae87,4.01,#8d9976,5.17,#748366,5.45,,Solanum,Solanum rostratum
KW_T_423_22_0069L,KW_T_423_22_0069L.tif_segmented.png,1350656,3007,3907,#c6bc9d,2.81,#aca688,1.64,#948d74,1.47,#2f2b23,0.85,#7b715c,0.78,#c6bc9d,2.81,#2f2b23,0.85,#aca688,1.64,#7b715c,0.78,#948d74,1.47,#7b715c,0.78,#948d74,1.47,#2f2b23,0.85,#aca688,1.64,#c6bc9d,2.81,#2f2b23,0.85,#7b715c,0.78,#aca688,1.64,#c6bc9d,2.81,#948d74,1.47,#7b715c,0.78,#948d74,1.47,#2f2b23,0.85,#aca688,1.64,#c6bc9d,2.81,Agaricaceae,Agaricus,Agaricus silvicola
KW_T_423_22_0071L,KW_T_423_22_0071L.tif_segmented.png,1893845,3017,3599,#a3af8a,4.29,#738167,4.27,#c2ba9a,3.57,#8e9675,3.46,#69655b,1.57,#c2ba9a,3.57,#a3af8a,4.29,#9b7d8e,1.22,#738167,4.27,#8e9675,3.46,#9b7d8e,1.22,#69655b,1.57,#c2ba9a,3.57,#a3af8a,4.29,#8e9675,3.46,#9b7d8e,1.22,#8e9675,3.46,#a3af8a,4.29,#738167,4.27,#c2ba9a,3.57,#9b7d8e,1.22,#69655b,1.57,#c2ba9a,3.57,#a3af8a,4.29,#8e9675,3.46,,Verbascum,Verbascum cf. densiflorum x nigrum
KW_T_423_22_0073L,KW_T_423_22_0073L.tif_segmented.png,921806,3019,3595,#929d6a,3.07,#c7bc9b,2.8,#b1b080,2.05,#76815b,1.75,#2d2923,0.75,#c7bc9b,2.8,#2d2923,0.75,#b1b080,2.05,#929d6a,3.07,#76815b,1.75,#2d2923,0.75,#76815b,1.75,#b1b080,2.05,#929d6a,3.07,#c7bc9b,2.8,#2d2923,0.75,#b1b080,2.05,#c7bc9b,2.8,#929d6a,3.07,#76815b,1.75,#2d2923,0.75,#76815b,1.75,#b1b080,2.05,#929d6a,3.07,#c7bc9b,2.8,,Sideritis,Sideritis montana
KW_T_423_22_0075L,KW_T_423_22_0075L.tif_segmented.png,505914,3021,3607,#d2c7a8,2.47,#c0b394,2.42,#5b5144,2.25,#a3987a,1.24,#7b745e,1.02,#d2c7a8,2.47,#c0b394,2.42,#2c2822,0.74,#5b5144,2.25,#a3987a,1.24,#2c2822,0.74,#a3987a,1.24,#7b745e,1.02,#5b5144,2.25,#c0b394,2.42,#2c2822,0.74,#7b745e,1.02,#5b5144,2.25,#d2c7a8,2.47,#a3987a,1.24,#2c2822,0.74,#a3987a,1.24,#7b745e,1.02,#5b5144,2.25,#c0b394,2.42,,Potamogeton,Potamogeton obtusifolius
KW_T_423_22_0077L,KW_T_423_22_0077L.tif_segmented.png,1534040,3021,3583,#beb495,3.92,#d1c6aa,3.7,#a5a47b,2.84,#8d8b68,2.27,#716a53,1.26,#d1c6aa,3.7,#2f2a22,0.68,#beb495,3.92,#a5a47b,2.84,#716a53,1.26,#2f2a22,0.68,#716a53,1.26,#8d8b68,2.27,#a5a47b,2.84,#beb495,3.92,#2f2a22,0.68,#a5a47b,2.84,#8d8b68,2.27,#716a53,1.26,#d1c6aa,3.7,#2f2a22,0.68,#716a53,1.26,#8d8b68,2.27,#a5a47b,2.84,#beb495,3.92,,Stropharia,Stropharia caerulea
KW_T_423_22_0079L,KW_T_423_22_0079L.tif_segmented.png,1157292,3017,3575,#d2c8a4,2.86,#bbb694,2.77,#a1a681,2.36,#85916f,1.77,#6c735a,1.37,#d2c8a4,2.86,#342f27,0.6,#bbb694,2.77,#a1a681,2.36,#6c735a,1.37,#342f27,0.6,#6c735a,1.37,#85916f,1.77,#a1a681,2.36,#bbb694,2.77,#342f27,0.6,#d2c8a4,2.86,#a1a681,2.36,#85916f,1.77,#bbb694,2.77,#342f27,0.6,#6c735a,1.37,#85916f,1.77,#a1a681,2.36,#bbb694,2.77,Tricholomataceae,Tricholoma,Tricholoma albobrunneum
KW_T_423_22_0081L,KW_T_423_22_0081L.tif_segmented.png,2367804,3013,3583,#baba8c,4.52,#cec8a5,3.87,#a5aa77,3.66,#909564,3.05,#767a51,2.3,#cec8a5,3.87,#302c25,0.77,#baba8c,4.52,#a5aa77,3.66,#767a51,2.3,#302c25,0.77,#a5aa77,3.66,#baba8c,4.52,#909564,3.05,#767a51,2.3,#302c25,0.77,#baba8c,4.52,#cec8a5,3.87,#909564,3.05,#a5aa77,3.66,#302c25,0.77,#a5aa77,3.66,#baba8c,4.52,#909564,3.05,#767a51,2.3,Fabaceae,Trifolium,Trifolium resupinatum
KW_T_423_22_0083L,KW_T_423_22_0083L.tif_segmented.png,2324084,3005,3583,#cfc6a7,5.64,#b8b290,3.15,#a39c7d,3.14,#8a8167,2.94,#9a9f60,1.65,#cfc6a7,5.64,#9a9f60,1.65,#b8b290,3.15,#6e6350,1.37,#a39c7d,3.14,#6e6350,1.37,#8a8167,2.94,#a39c7d,3.14,#9a9f60,1.65,#b8b290,3.15,#9a9f60,1.65,#6e6350,1.37,#b8b290,3.15,#a39c7d,3.14,#cfc6a7,5.64,#6e6350,1.37,#8a8167,2.94,#a39c7d,3.14,#9a9f60,1.65,#b8b290,3.15,,Coriandrum,Coriandrum sativum
KW_T_423_22_0085L,KW_T_423_22_0085L.tif_segmented.png,914772,3009,3583,#a17857,3.33,#7f6046,2.67,#cfbf9f,2.32,#b19779,1.81,#2d2a22,1.01,#d0a45f,0.78,#cfbf9f,2.32,#7f6046,2.67,#a17857,3.33,#2d2a22,1.01,#2d2a22,1.01,#b19779,1.81,#7f6046,2.67,#cfbf9f,2.32,#d0a45f,0.78,#d0a45f,0.78,#2d2a22,1.01,#cfbf9f,2.32,#a17857,3.33,#b19779,1.81,#2d2a22,1.01,#b19779,1.81,#7f6046,2.67,#cfbf9f,2.32,#d0a45f,0.78,,Petasites,Petasites albus
KW_T_423_22_0087L,KW_T_423_22_0087L.tif_segmented.png,2927423,3011,3815,#a6b184,5.77,#909870,4.97,#bfc798,4.79,#777a5b,2.71,#b8b3b0,1.59,#bfc798,4.79,#a6b184,5.77,#909870,4.97,#777a5b,2.71,#b8b3b0,1.59,#777a5b,2.71,#938e94,0.95,#b8b3b0,1.59,#909870,4.97,#bfc798,4.79,#bfc798,4.79,#b8b3b0,1.59,#909870,4.97,#777a5b,2.71,#a6b184,5.77,#777a5b,2.71,#938e94,0.95,#b8b3b0,1.59,#909870,4.97,#bfc798,4.79,,Petasites,Petasites albus
KW_T_423_22_0089L,KW_T_423_22_0089L.tif_segmented.png,957728,3015,3587,#cdc3a5,2.81,#b7b08d,2.74,#9b9a79,1.92,#847f62,1.01,#34302a,0.75,#cdc3a5,2.81,#34302a,0.75,#b7b08d,2.74,#847f62,1.01,#9b9a79,1.92,#34302a,0.75,#847f62,1.01,#9b9a79,1.92,#b7b08d,2.74,#cdc3a5,2.81,#34302a,0.75,#9b9a79,1.92,#847f62,1.01,#b7b08d,2.74,#cdc3a5,2.81,#34302a,0.75,#847f62,1.01,#9b9a79,1.92,#b7b08d,2.74,#cdc3a5,2.81,,Suillus,Suillus placidus
KW_T_423_22_0091L,KW_T_423_22_0091L.tif_segmented.png,987611,3015,3579,#6c7555,6.32,#7e8766,6.17,#949978,4.73,#afaf8d,3.48,#cac3a4,3.25,#e7dc8f,0.97,#cac3a4,3.25,#6c7555,6.32,#7e8766,6.17,#afaf8d,3.48,#afaf8d,3.48,#949978,4.73,#7e8766,6.17,#cac3a4,3.25,#6c7555,6.32,#e7dc8f,0.97,#949978,4.73,#afaf8d,3.48,#7e8766,6.17,#cac3a4,3.25,#afaf8d,3.48,#949978,4.73,#7e8766,6.17,#cac3a4,3.25,#6c7555,6.32,,Crupina,Crupina vulgaris
KW_T_423_22_0093L,KW_T_423_22_0093L.tif_segmented.png,1186914,3015,3575,#c7c1a5,4.77,#afb391,4.64,#9ba480,4.03,#868e6e,3.1,#6d765a,1.8,#e2d15e,0.9,#c7c1a5,4.77,#afb391,4.64,#6d765a,1.8,#9ba480,4.03,#6d765a,1.8,#afb391,4.64,#868e6e,3.1,#9ba480,4.03,#c7c1a5,4.77,#e2d15e,0.9,#afb391,4.64,#868e6e,3.1,#9ba480,4.03,#6d765a,1.8,#6d765a,1.8,#afb391,4.64,#868e6e,3.1,#9ba480,4.03,#c7c1a5,4.77,,Digitalis,Digitalis lutea
KW_T_423_22_0095L,KW_T_423_22_0095L.tif_segmented.png,1920172,3019,3579,#7a6445,6.48,#886e4f,4.15,#695942,3.92,#cbbe9d,1.97,#b3a382,1.73,#cbbe9d,1.97,#7a6445,6.48,#886e4f,4.15,#695942,3.92,#b3a382,1.73,#b3a382,1.73,#cbbe9d,1.97,#998264,1.59,#886e4f,4.15,#7a6445,6.48,#b3a382,1.73,#7a6445,6.48,#cbbe9d,1.97,#886e4f,4.15,#695942,3.92,#b3a382,1.73,#cbbe9d,1.97,#998264,1.59,#886e4f,4.15,#7a6445,6.48,,Potamogeton,Potamogeton alpinus
KW_T_423_22_0097L,KW_T_423_22_0097L.tif_segmented.png,2427203,3021,3631,#777351,6.87,#88845d,5.17,#665f47,3.76,#9c9b6c,2.78,#c1b994,2.67,#dbdb77,0.68,#c1b994,2.67,#292621,1.31,#777351,6.87,#665f47,3.76,#292621,1.31,#c1b994,2.67,#dbdb77,0.68,#9c9b6c,2.78,#665f47,3.76,#dbdb77,0.68,#292621,1.31,#88845d,5.17,#777351,6.87,#9c9b6c,2.78,#292621,1.31,#c1b994,2.67,#dbdb77,0.68,#9c9b6c,2.78,#665f47,3.76,Cyperaceae,Carex,Carex extensa
KW_T_423_22_0098L,KW_T_423_22_0098L.tif_segmented.png,3070224,3021,3803,#859666,10.63,#76815b,9.28,#94a778,6.02,#b0a166,2.81,#c5bb95,2.77,#b0a166,2.81,#c5bb95,2.77,#859666,10.63,#76815b,9.28,#94a778,6.02,#c5bb95,2.77,#6a634e,2.7,#b0a166,2.81,#76815b,9.28,#94a778,6.02,#b0a166,2.81,#c5bb95,2.77,#6a634e,2.7,#859666,10.63,#76815b,9.28,#c5bb95,2.77,#6a634e,2.7,#b0a166,2.81,#76815b,9.28,#94a778,6.02,,Flammulina,Flammulina velutipes s.l.
KW_T_423_22_0100L,KW_T_423_22_0100L.tif_segmented.png,1204561,3021,3579,#c8c1a1,3.93,#b4b292,2.47,#97997b,2.04,#e4e36e,1.29,#777761,1.05,#e4e36e,1.29,#c8c1a1,3.93,#b4b292,2.47,#777761,1.05,#97997b,2.04,#777761,1.05,#97997b,2.04,#b4b292,2.47,#c8c1a1,3.93,#e4e36e,1.29,#e4e36e,1.29,#777761,1.05,#97997b,2.04,#b4b292,2.47,#c8c1a1,3.93,#777761,1.05,#97997b,2.04,#b4b292,2.47,#c8c1a1,3.93,#e4e36e,1.29,,Crithmum,Crithmum maritimum
KW_T_423_22_0102L,KW_T_423_22_0102L.tif_segmented.png,1266580,3023,3579,#a5ad7e,2.92,#d3caaf,2.9,#c1ba97,2.7,#7d8159,2.44,#8f9a6a,2.43,#d3caaf,2.9,#2d2a22,0.99,#c1ba97,2.7,#a5ad7e,2.92,#7d8159,2.44,#2d2a22,0.99,#c1ba97,2.7,#a5ad7e,2.92,#7d8159,2.44,#8f9a6a,2.43,#2d2a22,0.99,#c1ba97,2.7,#a5ad7e,2.92,#d3caaf,2.9,#7d8159,2.44,#2d2a22,0.99,#c1ba97,2.7,#a5ad7e,2.92,#7d8159,2.44,#8f9a6a,2.43,,Bifora,Bifora radians
KW_T_423_22_0104L,KW_T_423_22_0104L.tif_segmented.png,1993854,3023,3587,#565147,8.92,#695f50,4.71,#c6ba9a,2.96,#8c7b62,1.7,#aa9d80,1.53,#c6ba9a,2.96,#aa9d80,1.53,#565147,8.92,#292723,0.95,#8c7b62,1.7,#292723,0.95,#aa9d80,1.53,#c6ba9a,2.96,#8c7b62,1.7,#695f50,4.71,#292723,0.95,#565147,8.92,#695f50,4.71,#aa9d80,1.53,#c6ba9a,2.96,#292723,0.95,#aa9d80,1.53,#c6ba9a,2.96,#8c7b62,1.7,#695f50,4.71,,Rudbeckia,Rudbeckia hirta
KW_T_423_22_0106L,KW_T_423_22_0106L.tif_segmented.png,1557564,3027,3599,#919567,3.79,#c1bb90,3.15,#d5cdb3,3.06,#abad74,2.92,#75734d,2.58,#d5cdb3,3.06,#c1bb90,3.15,#abad74,2.92,#77799d,0.84,#a0a4bf,0.88,#77799d,0.84,#a0a4bf,0.88,#c1bb90,3.15,#abad74,2.92,#75734d,2.58,#77799d,0.84,#a0a4bf,0.88,#c1bb90,3.15,#abad74,2.92,#919567,3.79,#77799d,0.84,#a0a4bf,0.88,#c1bb90,3.15,#abad74,2.92,#75734d,2.58,Russulaceae,Lactarius,Lactarius subdulcis
KW_T_423_22_0108L,KW_T_423_22_0108L.tif_segmented.png,1349806,3029,3595,#bbb58b,4.34,#a5a175,3.47,#8e8563,3.4,#cdc5a0,3.32,#73644e,1.8,#cdc5a0,3.32,#bbb58b,4.34,#2e2b24,0.81,#a5a175,3.47,#73644e,1.8,#2e2b24,0.81,#73644e,1.8,#8e8563,3.4,#a5a175,3.47,#bbb58b,4.34,#2e2b24,0.81,#bbb58b,4.34,#a5a175,3.47,#cdc5a0,3.32,#73644e,1.8,#2e2b24,0.81,#73644e,1.8,#8e8563,3.4,#a5a175,3.47,#bbb58b,4.34,Russulaceae,Russula,Russula graveolens s.l.
KW_T_423_22_0110L,KW_T_423_22_0110L.tif_segmented.png,349968,3029,3587,#d6ccb1,2.75,#c4b697,2.47,#ad9c81,1.24,#2f2c25,0.91,#7e6d54,0.39,#d6ccb1,2.75,#c4b697,2.47,#2f2c25,0.91,#7e6d54,0.39,#ad9c81,1.24,#7e6d54,0.39,#2f2c25,0.91,#ad9c81,1.24,#c4b697,2.47,#d6ccb1,2.75,#2f2c25,0.91,#7e6d54,0.39,#d6ccb1,2.75,#c4b697,2.47,#ad9c81,1.24,#7e6d54,0.39,#2f2c25,0.91,#ad9c81,1.24,#c4b697,2.47,#d6ccb1,2.75,,Morella,Morella caroliniensis
KW_T_423_22_0112L,KW_T_423_22_0112L.tif_segmented.png,1440364,3027,3583,#a8ad83,3.7,#c0ba95,3.55,#929473,3.51,#d2cbad,3.49,#7b705e,1.68,#d2cbad,3.49,#332f28,0.7,#c0ba95,3.55,#a8ad83,3.7,#7b705e,1.68,#332f28,0.7,#7b705e,1.68,#929473,3.51,#c0ba95,3.55,#a8ad83,3.7,#332f28,0.7,#929473,3.51,#c0ba95,3.55,#a8ad83,3.7,#7b705e,1.68,#332f28,0.7,#7b705e,1.68,#929473,3.51,#c0ba95,3.55,#a8ad83,3.7,,Morella,Morella caroliniensis
KW_T_423_22_0114L,KW_T_423_22_0114L.tif_segmented.png,545682,3031,3595,#c7b998,3.15,#b2a180,2.13,#292621,1.08,#877a62,0.72,#5c4f39,0.46,#c7b998,3.15,#b2a180,2.13,#5c4f39,0.46,#292621,1.08,#877a62,0.72,#5c4f39,0.46,#877a62,0.72,#292621,1.08,#b2a180,2.13,#c7b998,3.15,#292621,1.08,#b2a180,2.13,#877a62,0.72,#c7b998,3.15,#5c4f39,0.46,#5c4f39,0.46,#877a62,0.72,#292621,1.08,#b2a180,2.13,#c7b998,3.15,,Dactylorhiza,Dactylorhiza viridis
KW_T_423_22_0116L,KW_T_423_22_0116L.tif_segmented.png,2684647,3031,3827,#99a264,4.45,#abbb69,4.16,#d3cdb1,4.13,#89875e,2.95,#bdb992,2.94,#c8d674,2.6,#abbb69,4.16,#d3cdb1,4.13,#74604c,1.64,#99a264,4.45,#74604c,1.64,#89875e,2.95,#bdb992,2.94,#99a264,4.45,#abbb69,4.16,#c8d674,2.6,#abbb69,4.16,#bdb992,2.94,#89875e,2.95,#99a264,4.45,#74604c,1.64,#89875e,2.95,#bdb992,2.94,#99a264,4.45,#abbb69,4.16,Cyperaceae,Carex,Carex spec.
KW_T_423_22_0118L,KW_T_423_22_0118L.tif_segmented.png,1417799,3031,3599,#d3cbb2,3.73,#c1b599,3.68,#9b9b6d,3.43,#bbc576,2.48,#7e6e57,1.74,#bbc576,2.48,#d3cbb2,3.73,#322e27,0.81,#c1b599,3.68,#7e6e57,1.74,#7e6e57,1.74,#322e27,0.81,#9b9b6d,3.43,#c1b599,3.68,#bbc576,2.48,#bbc576,2.48,#322e27,0.81,#9b9b6d,3.43,#7e6e57,1.74,#d3cbb2,3.73,#7e6e57,1.74,#322e27,0.81,#9b9b6d,3.43,#c1b599,3.68,#bbc576,2.48,,Agariclales,Agariclales spec.
KW_T_423_22_0120L,KW_T_423_22_0120L.tif_segmented.png,947752,3011,3575,#a2ad6c,3.09,#cac4a8,3.01,#b8c482,2.49,#8b8560,2.47,#70634c,1.63,#b8c482,2.49,#a2ad6c,3.09,#cac4a8,3.01,#302d25,0.84,#70634c,1.63,#302d25,0.84,#70634c,1.63,#8b8560,2.47,#a2ad6c,3.09,#b8c482,2.49,#302d25,0.84,#b8c482,2.49,#8b8560,2.47,#a2ad6c,3.09,#70634c,1.63,#302d25,0.84,#70634c,1.63,#8b8560,2.47,#a2ad6c,3.09,#b8c482,2.49,,Trocdaris,Trocdaris verticillatum
KW_T_423_22_0122L,KW_T_423_22_0122L.tif_segmented.png,860675,3011,3575,#c2c39a,2.36,#90906f,1.75,#a6a688,1.56,#716768,1.08,#2f2c25,0.76,#c2c39a,2.36,#2f2c25,0.76,#a6a688,1.56,#90906f,1.75,#716768,1.08,#2f2c25,0.76,#716768,1.08,#90906f,1.75,#a6a688,1.56,#c2c39a,2.36,#2f2c25,0.76,#c2c39a,2.36,#a6a688,1.56,#90906f,1.75,#716768,1.08,#2f2c25,0.76,#716768,1.08,#90906f,1.75,#a6a688,1.56,#c2c39a,2.36,Crassulaceae,Sedum,Sedum spurium
KW_T_423_22_0124L,KW_T_423_22_0124L.tif_segmented.png,672525,3013,3579,#c1a87c,1.91,#ad8d60,1.85,#c8be9f,1.39,#dec48b,1.25,#877051,0.97,#dec48b,1.25,#c1a87c,1.91,#2e2b24,0.91,#ad8d60,1.85,#c8be9f,1.39,#2e2b24,0.91,#877051,0.97,#c8be9f,1.39,#c1a87c,1.91,#ad8d60,1.85,#2e2b24,0.91,#dec48b,1.25,#c1a87c,1.91,#ad8d60,1.85,#877051,0.97,#2e2b24,0.91,#877051,0.97,#c8be9f,1.39,#c1a87c,1.91,#ad8d60,1.85,,Stellaria,Stellaria nemorum
KW_T_423_22_0126L,KW_T_423_22_0126L.tif_segmented.png,1580103,3013,3591,#bfb7a2,2.69,#a7a478,2.67,#918869,2.42,#b8c47c,1.37,#776753,1.32,#b8c47c,1.37,#776753,1.32,#bfb7a2,2.69,#a7a478,2.67,#918869,2.42,#776753,1.32,#918869,2.42,#a7a478,2.67,#bfb7a2,2.69,#b8c47c,1.37,#b8c47c,1.37,#a7a478,2.67,#776753,1.32,#918869,2.42,#bfb7a2,2.69,#776753,1.32,#918869,2.42,#a7a478,2.67,#bfb7a2,2.69,#b8c47c,1.37,,Caucalis,Caucalis platycarpos
KW_T_423_22_0128L,KW_T_423_22_0128L.tif_segmented.png,623458,3017,3583,#989f5f,2.42,#d5cdb2,2.0,#bcb691,1.96,#2d2a23,0.72,#85795b,0.7,#d5cdb2,2.0,#989f5f,2.42,#bcb691,1.96,#2d2a23,0.72,#5c503e,0.4,#5c503e,0.4,#85795b,0.7,#2d2a23,0.72,#bcb691,1.96,#989f5f,2.42,#2d2a23,0.72,#989f5f,2.42,#bcb691,1.96,#85795b,0.7,#d5cdb2,2.0,#5c503e,0.4,#85795b,0.7,#2d2a23,0.72,#bcb691,1.96,#989f5f,2.42,,Polyporus,Polyporus tuberaster
KW_T_423_22_0130L,KW_T_423_22_0130L.tif_segmented.png,1668963,3017,3571,#c2c893,4.58,#acb67e,4.31,#d5d0b5,3.63,#979c6c,2.49,#7e795a,1.16,#e6cf53,0.89,#c2c893,4.58,#d5d0b5,3.63,#2d2a24,0.74,#acb67e,4.31,#2d2a24,0.74,#7e795a,1.16,#979c6c,2.49,#c2c893,4.58,#acb67e,4.31,#e6cf53,0.89,#2d2a24,0.74,#c2c893,4.58,#7e795a,1.16,#acb67e,4.31,#2d2a24,0.74,#7e795a,1.16,#979c6c,2.49,#c2c893,4.58,#acb67e,4.31,,Spiranthes,Spiranthes aestivalis
KW_T_423_22_0132L,KW_T_423_22_0132L.tif_segmented.png,400926,3019,3579,#d5ccb2,2.03,#bdb393,1.59,#645944,1.46,#7c7353,1.28,#98966e,1.09,#e0d367,0.25,#d5ccb2,2.03,#645944,1.46,#bdb393,1.59,#7c7353,1.28,#98966e,1.09,#bdb393,1.59,#7c7353,1.28,#645944,1.46,#e0d367,0.25,#e0d367,0.25,#98966e,1.09,#7c7353,1.28,#645944,1.46,#bdb393,1.59,#98966e,1.09,#bdb393,1.59,#7c7353,1.28,#645944,1.46,#e0d367,0.25,,Cephalanthera,Cephalanthera damasonium
KW_T_423_22_0134L,KW_T_423_22_0134L.tif_segmented.png,871834,3019,3579,#d5cbb2,3.12,#73634c,2.43,#a49579,1.82,#8d7b60,1.7,#bdb297,1.69,#d5cbb2,3.12,#332f27,0.66,#bdb297,1.69,#73634c,2.43,#a49579,1.82,#332f27,0.66,#a49579,1.82,#bdb297,1.69,#8d7b60,1.7,#73634c,2.43,#332f27,0.66,#73634c,2.43,#d5cbb2,3.12,#8d7b60,1.7,#bdb297,1.69,#332f27,0.66,#a49579,1.82,#bdb297,1.69,#8d7b60,1.7,#73634c,2.43,,Myagrum,Myagrum perfoliatum
KW_T_423_22_0136L,KW_T_423_22_0136L.tif_segmented.png,1209290,3025,3583,#90966c,2.42,#a5b878,1.81,#c4c29f,1.74,#b2aa8d,1.21,#322e26,0.68,#a5b878,1.81,#322e26,0.68,#c4c29f,1.74,#b2aa8d,1.21,#90966c,2.42,#736f54,0.68,#322e26,0.68,#90966c,2.42,#b2aa8d,1.21,#a5b878,1.81,#322e26,0.68,#a5b878,1.81,#c4c29f,1.74,#90966c,2.42,#736f54,0.68,#736f54,0.68,#322e26,0.68,#90966c,2.42,#b2aa8d,1.21,#a5b878,1.81,,Moenchia,Moenchia erecta
KW_T_423_22_0138L,KW_T_423_22_0138L.tif_segmented.png,1640005,3031,3591,#c8c2a7,3.83,#9a9877,2.53,#b0ad8e,2.22,#838064,2.11,#6a614b,1.1,#c8c2a7,3.83,#2b2821,1.0,#b0ad8e,2.22,#6a614b,1.1,#9a9877,2.53,#838064,2.11,#6a614b,1.1,#9a9877,2.53,#2b2821,1.0,#b0ad8e,2.22,#2b2821,1.0,#838064,2.11,#9a9877,2.53,#6a614b,1.1,#b0ad8e,2.22,#838064,2.11,#6a614b,1.1,#9a9877,2.53,#2b2821,1.0,#b0ad8e,2.22,,Agrocube,Agrocube dura 
KW_T_423_22_0141L,KW_T_423_22_0141L.tif_segmented.png,1794198,3023,3575,#7d8e6d,4.84,#92a280,4.17,#cfc8ae,4.14,#adb695,2.91,#6a7559,2.37,#cfc8ae,4.14,#2f2b24,0.72,#adb695,2.91,#92a280,4.17,#7d8e6d,4.84,#2f2b24,0.72,#6a7559,2.37,#7d8e6d,4.84,#92a280,4.17,#adb695,2.91,#2f2b24,0.72,#adb695,2.91,#7d8e6d,4.84,#92a280,4.17,#cfc8ae,4.14,#2f2b24,0.72,#6a7559,2.37,#7d8e6d,4.84,#92a280,4.17,#adb695,2.91,,Gentianella,Gentianella germanica
KW_T_423_22_0143L,KW_T_423_22_0143L.tif_segmented.png,1545425,3023,3575,#a28e6e,5.2,#bda27c,3.22,#cfc5ab,2.96,#88765d,2.85,#c3b193,1.71,#bda27c,3.22,#cfc5ab,2.96,#3d372d,0.51,#c3b193,1.71,#a28e6e,5.2,#3d372d,0.51,#c3b193,1.71,#88765d,2.85,#a28e6e,5.2,#bda27c,3.22,#3d372d,0.51,#bda27c,3.22,#88765d,2.85,#cfc5ab,2.96,#c3b193,1.71,#3d372d,0.51,#c3b193,1.71,#88765d,2.85,#a28e6e,5.2,#bda27c,3.22,,Medicago,Medicago polymorpha
KW_T_423_22_0145L,KW_T_423_22_0145L.tif_segmented.png,2747008,3019,3575,#aa8a64,6.04,#b99971,5.31,#cfc2a2,4.3,#c5ae89,2.92,#937959,2.48,#cfc2a2,4.3,#b99971,5.31,#c5ae89,2.92,#aa8a64,6.04,#937959,2.48,#5e5443,1.09,#cfc2a2,4.3,#c5ae89,2.92,#937959,2.48,#b99971,5.31,#b99971,5.31,#c5ae89,2.92,#cfc2a2,4.3,#5e5443,1.09,#aa8a64,6.04,#5e5443,1.09,#cfc2a2,4.3,#c5ae89,2.92,#937959,2.48,#b99971,5.31,,Coronilla,Coronilla scorpioides
KW_T_423_22_0147L,KW_T_423_22_0147L.tif_segmented.png,2051275,3019,3579,#697354,7.92,#768161,7.44,#8c946f,4.22,#c4bd9e,3.03,#a8aa83,2.26,#c4bd9e,3.03,#2c2922,0.93,#697354,7.92,#768161,7.44,#a8aa83,2.26,#2c2922,0.93,#c4bd9e,3.03,#a8aa83,2.26,#8c946f,4.22,#768161,7.44,#2c2922,0.93,#a8aa83,2.26,#8c946f,4.22,#697354,7.92,#c4bd9e,3.03,#2c2922,0.93,#c4bd9e,3.03,#a8aa83,2.26,#8c946f,4.22,#768161,7.44,,Alopecurus,Alopecurus rendlei
KW_T_423_22_0149L,KW_T_423_22_0149L.tif_segmented.png,847716,3015,3575,#c0bd9d,3.26,#a5a787,2.17,#8a8b6d,1.33,#2a2720,0.81,#6e644f,0.59,#c0bd9d,3.26,#2a2720,0.81,#a5a787,2.17,#6e644f,0.59,#8a8b6d,1.33,#6e644f,0.59,#2a2720,0.81,#8a8b6d,1.33,#a5a787,2.17,#c0bd9d,3.26,#2a2720,0.81,#a5a787,2.17,#8a8b6d,1.33,#6e644f,0.59,#c0bd9d,3.26,#6e644f,0.59,#2a2720,0.81,#8a8b6d,1.33,#a5a787,2.17,#c0bd9d,3.26,Cortinariaceae,Cortinarius,Cortinarius spec.
KW_T_423_22_0151L,KW_T_423_22_0151L.tif_segmented.png,1163175,3015,3575,#c4bf9d,2.94,#a9b188,2.41,#d4ceb4,1.99,#909573,1.87,#767258,1.47,#d4ceb4,1.99,#312d26,0.61,#c4bf9d,2.94,#a9b188,2.41,#767258,1.47,#312d26,0.61,#767258,1.47,#909573,1.87,#a9b188,2.41,#c4bf9d,2.94,#312d26,0.61,#909573,1.87,#767258,1.47,#a9b188,2.41,#c4bf9d,2.94,#312d26,0.61,#767258,1.47,#909573,1.87,#a9b188,2.41,#c4bf9d,2.94,Brassicaceae,Lepidium,Lepidium virginicum
KW_T_423_22_0153L,KW_T_423_22_0153L.tif_segmented.png,1199248,2972,3575,#aaac7a,3.11,#d5cdb1,2.8,#beb897,1.93,#c2cc85,1.91,#969768,1.66,#c2cc85,1.91,#d5cdb1,2.8,#2f2b23,0.77,#aaac7a,3.11,#beb897,1.93,#2f2b23,0.77,#7e7457,0.41,#beb897,1.93,#969768,1.66,#aaac7a,3.11,#2f2b23,0.77,#c2cc85,1.91,#969768,1.66,#7e7457,0.41,#aaac7a,3.11,#2f2b23,0.77,#7e7457,0.41,#beb897,1.93,#969768,1.66,#aaac7a,3.11,Cyperaceae,Carex,Carex brizoides
KW_T_423_22_0155L,KW_T_423_22_0155L.tif_segmented.png,698392,2978,3575,#d3c5a5,2.83,#957b5a,1.47,#b4a482,1.06,#cc9846,1.05,#6e614e,0.82,#e1c45b,0.74,#cc9846,1.05,#d3c5a5,2.83,#957b5a,1.47,#b4a482,1.06,#6e614e,0.82,#957b5a,1.47,#b4a482,1.06,#cc9846,1.05,#e1c45b,0.74,#e1c45b,0.74,#cc9846,1.05,#b4a482,1.06,#6e614e,0.82,#d3c5a5,2.83,#6e614e,0.82,#957b5a,1.47,#b4a482,1.06,#cc9846,1.05,#e1c45b,0.74,Asteraceae,Crepis,Crepis tectorum
KW_T_423_22_0157L,KW_T_423_22_0157L.tif_segmented.png,2136405,2982,3575,#9ca97c,6.42,#8a996f,5.26,#adba8a,4.2,#7a8963,3.26,#c0c4a2,2.84,#5c503c,0.47,#adba8a,4.2,#c0c4a2,2.84,#9ca97c,6.42,#8a996f,5.26,#5c503c,0.47,#c0c4a2,2.84,#adba8a,4.2,#7a8963,3.26,#9ca97c,6.42,#c0c4a2,2.84,#adba8a,4.2,#8a996f,5.26,#9ca97c,6.42,#5c503c,0.47,#5c503c,0.47,#c0c4a2,2.84,#adba8a,4.2,#7a8963,3.26,#9ca97c,6.42,,Aconitum,Aconitum lycoctonum
KW_T_423_22_0159L,KW_T_423_22_0159L.tif_segmented.png,1122510,2978,3579,#d1cab3,3.11,#939c7c,2.63,#b1b498,1.99,#76785b,1.37,#2e2b25,0.73,#d3b047,0.26,#d1cab3,3.11,#2e2b25,0.73,#b1b498,1.99,#76785b,1.37,#2e2b25,0.73,#76785b,1.37,#939c7c,2.63,#b1b498,1.99,#d3b047,0.26,#d3b047,0.26,#2e2b25,0.73,#939c7c,2.63,#76785b,1.37,#b1b498,1.99,#2e2b25,0.73,#76785b,1.37,#939c7c,2.63,#b1b498,1.99,#d3b047,0.26,,Hemerocallis,Hemerocallis fulva
KW_T_423_22_0161L,KW_T_423_22_0161L.tif_segmented.png,1440798,2976,3571,#cfc9af,2.67,#9ea27b,2.43,#868c65,2.06,#b7b897,1.88,#746f52,0.84,#cfc9af,2.67,#2d2a22,0.78,#b7b897,1.88,#746f52,0.84,#9ea27b,2.43,#2d2a22,0.78,#746f52,0.84,#868c65,2.06,#9ea27b,2.43,#b7b897,1.88,#2d2a22,0.78,#b7b897,1.88,#9ea27b,2.43,#746f52,0.84,#868c65,2.06,#2d2a22,0.78,#746f52,0.84,#868c65,2.06,#9ea27b,2.43,#b7b897,1.88,,Ranunculus,Ranunculus polyanthemos subsp. nemorosus
KW_T_423_22_0163L,KW_T_423_22_0163L.tif_segmented.png,515462,2972,3571,#d5caae,2.26,#c5b693,1.33,#b29e76,1.2,#6e604c,0.85,#2e2a24,0.84,#d5caae,2.26,#c5b693,1.33,#2e2a24,0.84,#b29e76,1.2,#6e604c,0.85,#2e2a24,0.84,#917f60,0.82,#6e604c,0.85,#b29e76,1.2,#c5b693,1.33,#2e2a24,0.84,#b29e76,1.2,#6e604c,0.85,#c5b693,1.33,#d5caae,2.26,#2e2a24,0.84,#917f60,0.82,#6e604c,0.85,#b29e76,1.2,#c5b693,1.33,,Helictochloa,Helictochloa pratense
KW_T_423_22_0165L,KW_T_423_22_0165L.tif_segmented.png,1461333,2978,3575,#b29871,3.75,#9c8562,3.73,#c4ac84,3.68,#cfc2a3,2.5,#7f6c53,1.87,#c4ac84,3.68,#cfc2a3,2.5,#b29871,3.75,#2d2a23,0.71,#9c8562,3.73,#2d2a23,0.71,#7f6c53,1.87,#c4ac84,3.68,#9c8562,3.73,#b29871,3.75,#2d2a23,0.71,#c4ac84,3.68,#b29871,3.75,#7f6c53,1.87,#cfc2a3,2.5,#2d2a23,0.71,#7f6c53,1.87,#c4ac84,3.68,#9c8562,3.73,#b29871,3.75,,Sisymbrium,Sisymbrium volgense
KW_T_423_22_0167L,KW_T_423_22_0167L.tif_segmented.png,737285,2970,3567,#cac3a6,2.48,#b5b590,2.21,#9ea47c,1.89,#898e6a,1.53,#2e2a23,0.76,#dbc44d,0.19,#2e2a23,0.76,#cac3a6,2.48,#b5b590,2.21,#9ea47c,1.89,#2e2a23,0.76,#898e6a,1.53,#9ea47c,1.89,#b5b590,2.21,#dbc44d,0.19,#dbc44d,0.19,#2e2a23,0.76,#b5b590,2.21,#898e6a,1.53,#9ea47c,1.89,#2e2a23,0.76,#898e6a,1.53,#9ea47c,1.89,#b5b590,2.21,#dbc44d,0.19,,Sisymbrium,Sisymbrium volgense
KW_T_423_22_0169L,KW_T_423_22_0169L.tif_segmented.png,1131281,2962,3571,#a1a587,2.32,#bab89a,2.31,#d2cdb5,2.06,#868c71,1.32,#353129,0.63,#353129,0.63,#d2cdb5,2.06,#bab89a,2.31,#a1a587,2.32,#868c71,1.32,#353129,0.63,#868c71,1.32,#a1a587,2.32,#bab89a,2.31,#d2cdb5,2.06,#353129,0.63,#a1a587,2.32,#868c71,1.32,#bab89a,2.31,#d2cdb5,2.06,#353129,0.63,#868c71,1.32,#a1a587,2.32,#bab89a,2.31,#d2cdb5,2.06,,Sparassis,Sparassis crispa
KW_T_423_22_0171L,KW_T_423_22_0171L.tif_segmented.png,1353565,2958,3571,#c3be9c,3.26,#acac80,2.72,#d4cdb7,2.45,#979569,1.74,#302c25,0.7,#d4cdb7,2.45,#302c25,0.7,#c3be9c,3.26,#acac80,2.72,#7d7356,0.7,#302c25,0.7,#7d7356,0.7,#979569,1.74,#acac80,2.72,#c3be9c,3.26,#302c25,0.7,#979569,1.74,#acac80,2.72,#7d7356,0.7,#c3be9c,3.26,#302c25,0.7,#7d7356,0.7,#979569,1.74,#acac80,2.72,#c3be9c,3.26,,Viola,Viola lutea subsp. calaminaria
KW_T_423_22_0174L,KW_T_423_22_0174L.tif_segmented.png,1600262,2948,3583,#969e71,2.67,#abb482,2.45,#83815f,1.7,#c5c49e,1.59,#696049,1.22,#c5c49e,1.59,#abb482,2.45,#2d2b24,0.99,#696049,1.22,#969e71,2.67,#2d2b24,0.99,#83815f,1.7,#c5c49e,1.59,#969e71,2.67,#abb482,2.45,#2d2b24,0.99,#c5c49e,1.59,#83815f,1.7,#696049,1.22,#abb482,2.45,#2d2b24,0.99,#83815f,1.7,#c5c49e,1.59,#969e71,2.67,#abb482,2.45,,Eurybia,Eurybia divaricata
KW_T_423_23_0009L,KW_T_423_23_0009L.tif_segmented.png,1134889,2948,3747,#646c5b,2.86,#a9a68a,2.29,#798066,1.93,#bdb99c,1.75,#93957a,1.53,#bdb99c,1.75,#534a3e,0.67,#a9a68a,2.29,#646c5b,2.86,#798066,1.93,#534a3e,0.67,#bdb99c,1.75,#a9a68a,2.29,#93957a,1.53,#798066,1.93,#93957a,1.53,#a9a68a,2.29,#798066,1.93,#534a3e,0.67,#646c5b,2.86,#534a3e,0.67,#bdb99c,1.75,#a9a68a,2.29,#93957a,1.53,#798066,1.93,,Herniaria,Herniaria hirsuta
KW_T_423_23_0011L,KW_T_423_23_0011L.tif_segmented.png,1501218,2950,3755,#d3caaf,3.17,#848d6e,2.82,#9ba485,2.46,#b7b99c,2.27,#6e765c,1.98,#d3caaf,3.17,#3a362d,0.61,#b7b99c,2.27,#9ba485,2.46,#6e765c,1.98,#3a362d,0.61,#6e765c,1.98,#848d6e,2.82,#9ba485,2.46,#b7b99c,2.27,#3a362d,0.61,#9ba485,2.46,#848d6e,2.82,#b7b99c,2.27,#6e765c,1.98,#3a362d,0.61,#6e765c,1.98,#848d6e,2.82,#9ba485,2.46,#b7b99c,2.27,,Eragrostis,Eragrostis cilianensis
KW_T_423_23_0013L,KW_T_423_23_0013L.tif_segmented.png,2544730,2956,3759,#8b966a,5.04,#c7c6a0,4.44,#9ba67a,3.91,#77815c,3.77,#b1b78c,3.2,#c7c6a0,4.44,#b1b78c,3.2,#5f674c,1.5,#9ba67a,3.91,#8b966a,5.04,#c7c6a0,4.44,#5f674c,1.5,#b1b78c,3.2,#9ba67a,3.91,#77815c,3.77,#c7c6a0,4.44,#b1b78c,3.2,#8b966a,5.04,#9ba67a,3.91,#77815c,3.77,#c7c6a0,4.44,#5f674c,1.5,#b1b78c,3.2,#9ba67a,3.91,#77815c,3.77,,Agaricales,Agaricales spec.
KW_T_423_23_0016L,KW_T_423_23_0016L.tif_segmented.png,1347157,2958,3763,#cfc7aa,2.78,#b6b492,2.13,#979976,1.77,#77755c,1.08,#2d2b25,0.89,#cfc7aa,2.78,#2d2b25,0.89,#b6b492,2.13,#979976,1.77,#77755c,1.08,#2d2b25,0.89,#77755c,1.08,#979976,1.77,#b6b492,2.13,#cfc7aa,2.78,#2d2b25,0.89,#979976,1.77,#77755c,1.08,#b6b492,2.13,#cfc7aa,2.78,#2d2b25,0.89,#77755c,1.08,#979976,1.77,#b6b492,2.13,#cfc7aa,2.78,,Mimulus,Mimulus guttatus
KW_T_423_23_0018L,KW_T_423_23_0018L.tif_segmented.png,581144,2970,3763,#453f38,1.89,#b4a98e,1.42,#635d51,1.11,#2a2721,0.86,#888375,0.76,#b4a98e,1.42,#2a2721,0.86,#453f38,1.89,#635d51,1.11,#888375,0.76,#2a2721,0.86,#888375,0.76,#635d51,1.11,#453f38,1.89,#b4a98e,1.42,#2a2721,0.86,#453f38,1.89,#888375,0.76,#635d51,1.11,#b4a98e,1.42,#2a2721,0.86,#888375,0.76,#635d51,1.11,#453f38,1.89,#b4a98e,1.42,,Artemisia,Artemisia annua
KW_T_423_23_0020L,KW_T_423_23_0020L.tif_segmented.png,2336871,2970,3759,#7f8d59,5.58,#717e52,5.35,#929a65,3.58,#c9c39f,2.63,#a7b172,2.48,#1e1b16,2.1,#c9c39f,2.63,#a7b172,2.48,#717e52,5.35,#7f8d59,5.58,#1e1b16,2.1,#b5b18a,2.05,#a7b172,2.48,#929a65,3.58,#7f8d59,5.58,#1e1b16,2.1,#b5b18a,2.05,#a7b172,2.48,#c9c39f,2.63,#7f8d59,5.58,#1e1b16,2.1,#b5b18a,2.05,#a7b172,2.48,#929a65,3.58,#7f8d59,5.58,,Cerinthe,Cerinthe minor
KW_T_423_23_0022L,KW_T_423_23_0022L.tif_segmented.png,894446,2978,3755,#beb597,2.41,#7f8e5a,2.05,#9ea96a,1.26,#6e6658,1.05,#9a8183,1.0,#9ea96a,1.26,#beb597,2.41,#7f8e5a,2.05,#9a8183,1.0,#6e6658,1.05,#9a8183,1.0,#6e6658,1.05,#beb597,2.41,#7f8e5a,2.05,#9ea96a,1.26,#9a8183,1.0,#9ea96a,1.26,#7f8e5a,2.05,#6e6658,1.05,#beb597,2.41,#9a8183,1.0,#6e6658,1.05,#beb597,2.41,#7f8e5a,2.05,#9ea96a,1.26,,Noccaea,Noccaea caerulescens
KW_T_423_23_0024L,KW_T_423_23_0024L.tif_segmented.png,542316,2984,3779,#c8be9a,1.89,#aca581,1.86,#697354,1.25,#2a2821,1.04,#888d64,0.99,#c8be9a,1.89,#2a2821,1.04,#aca581,1.86,#888d64,0.99,#697354,1.25,#2a2821,1.04,#aca581,1.86,#888d64,0.99,#697354,1.25,#c8be9a,1.89,#2a2821,1.04,#aca581,1.86,#888d64,0.99,#c8be9a,1.89,#697354,1.25,#2a2821,1.04,#aca581,1.86,#888d64,0.99,#697354,1.25,#c8be9a,1.89,,Peziza,Peziza ammophila
KW_T_423_23_0026L,KW_T_423_23_0026L.tif_segmented.png,1227979,2988,3775,#c5be9e,4.03,#adad87,2.51,#92986e,2.23,#5f5341,2.05,#7e7659,1.39,#c5be9e,4.03,#2a2721,0.87,#5f5341,2.05,#adad87,2.51,#92986e,2.23,#2a2721,0.87,#7e7659,1.39,#92986e,2.23,#5f5341,2.05,#adad87,2.51,#2a2721,0.87,#adad87,2.51,#7e7659,1.39,#92986e,2.23,#c5be9e,4.03,#2a2721,0.87,#7e7659,1.39,#92986e,2.23,#5f5341,2.05,#adad87,2.51,,Utricularia,Utricularia australis
KW_T_423_23_0028L,KW_T_423_23_0028L.tif_segmented.png,909133,2997,3755,#cec2a1,3.65,#bcac8b,1.86,#a28c72,0.97,#302d26,0.83,#846958,0.63,#cec2a1,3.65,#bcac8b,1.86,#302d26,0.83,#846958,0.63,#a28c72,0.97,#302d26,0.83,#846958,0.63,#a28c72,0.97,#bcac8b,1.86,#cec2a1,3.65,#302d26,0.83,#846958,0.63,#bcac8b,1.86,#cec2a1,3.65,#a28c72,0.97,#302d26,0.83,#846958,0.63,#a28c72,0.97,#bcac8b,1.86,#cec2a1,3.65,,Artemisia,Artemisia biennis
KW_T_423_23_0030L,KW_T_423_23_0030L.tif_segmented.png,1352736,3003,3759,#c5bb9c,2.96,#6d7449,2.94,#888c5a,2.18,#a69f84,1.35,#b1b360,1.0,#b1b360,1.0,#c5bb9c,2.96,#6d7449,2.94,#888c5a,2.18,#a69f84,1.35,#888c5a,2.18,#6d7449,2.94,#a69f84,1.35,#b1b360,1.0,#c5bb9c,2.96,#b1b360,1.0,#888c5a,2.18,#a69f84,1.35,#c5bb9c,2.96,#6d7449,2.94,#888c5a,2.18,#6d7449,2.94,#a69f84,1.35,#b1b360,1.0,#c5bb9c,2.96,,Plantago,Plantago aristata
KW_T_423_23_0032L,KW_T_423_23_0032L.tif_segmented.png,1956261,3009,3759,#9fa77f,3.81,#8a916f,3.49,#b7b892,3.37,#74785c,2.34,#5b5645,0.97,#b7b892,3.37,#9fa77f,3.81,#5b5645,0.97,#74785c,2.34,#8a916f,3.49,#74785c,2.34,#8a916f,3.49,#5b5645,0.97,#9fa77f,3.81,#b7b892,3.37,#b7b892,3.37,#8a916f,3.49,#5b5645,0.97,#74785c,2.34,#9fa77f,3.81,#74785c,2.34,#8a916f,3.49,#5b5645,0.97,#9fa77f,3.81,#b7b892,3.37,,Centunculus,Centunculus minimus
KW_T_423_23_0034L,KW_T_423_23_0034L.tif_segmented.png,2013768,3011,3755,#c6bea4,4.7,#585c37,4.35,#b0aa99,3.0,#999583,1.63,#7b7959,1.14,#585c37,4.35,#c6bea4,4.7,#7b7959,1.14,#b0aa99,3.0,#999583,1.63,#999583,1.63,#b0aa99,3.0,#7b7959,1.14,#585c37,4.35,#c6bea4,4.7,#7b7959,1.14,#999583,1.63,#b0aa99,3.0,#585c37,4.35,#c6bea4,4.7,#999583,1.63,#b0aa99,3.0,#7b7959,1.14,#585c37,4.35,#c6bea4,4.7,,Lyophyllum,Lyophyllum deliberatum
KW_T_423_23_0035R,KW_T_423_23_0035R.tif_segmented.png,1256786,3009,3803,#b5af96,2.27,#929780,1.93,#2b2822,1.01,#757c6b,0.91,,,#2b2822,1.01,#b5af96,2.27,#929780,1.93,#757c6b,0.91,,,#2b2822,1.01,#929780,1.93,#b5af96,2.27,#757c6b,0.91,,,#2b2822,1.01,#929780,1.93,#757c6b,0.91,#b5af96,2.27,,,#2b2822,1.01,#929780,1.93,#b5af96,2.27,#757c6b,0.91,,,,Ambrosia,Ambrosia trifida
KW_T_423_23_0037L,KW_T_423_23_0037L.tif_segmented.png,1749879,3017,3763,#cec1a4,4.65,#795f46,2.58,#bba989,2.57,#947a5c,2.41,#b99566,2.3,#b99566,2.3,#cec1a4,4.65,#795f46,2.58,#bba989,2.57,#947a5c,2.41,#795f46,2.58,#947a5c,2.41,#bba989,2.57,#b99566,2.3,#cec1a4,4.65,#b99566,2.3,#bba989,2.57,#795f46,2.58,#cec1a4,4.65,#947a5c,2.41,#795f46,2.58,#947a5c,2.41,#bba989,2.57,#b99566,2.3,#cec1a4,4.65,,Ambrosia,Ambrosia trifida
KW_T_423_23_0039L,KW_T_423_23_0039L.tif_segmented.png,1770222,2995,3755,#cac1a1,3.36,#99a57b,2.7,#838a67,2.65,#b6ab8a,2.42,#70654f,2.04,#cac1a1,3.36,#a9816a,1.11,#b6ab8a,2.42,#70654f,2.04,#99a57b,2.7,#70654f,2.04,#838a67,2.65,#a9816a,1.11,#b6ab8a,2.42,#99a57b,2.7,#70654f,2.04,#b6ab8a,2.42,#838a67,2.65,#cac1a1,3.36,#99a57b,2.7,#70654f,2.04,#838a67,2.65,#a9816a,1.11,#b6ab8a,2.42,#99a57b,2.7,,Orchis,Orchis militaris
KW_T_423_23_0041L,KW_T_423_23_0041L.tif_segmented.png,1411824,2997,3775,#d4cbb0,3.48,#a2a484,1.99,#bcb79a,1.96,#8b8c6e,1.62,#727455,1.51,#d4cbb0,3.48,#2e2b24,0.9,#bcb79a,1.96,#727455,1.51,#a2a484,1.99,#2e2b24,0.9,#727455,1.51,#8b8c6e,1.62,#a2a484,1.99,#bcb79a,1.96,#2e2b24,0.9,#a2a484,1.99,#8b8c6e,1.62,#727455,1.51,#d4cbb0,3.48,#2e2b24,0.9,#727455,1.51,#8b8c6e,1.62,#a2a484,1.99,#bcb79a,1.96,,Ruppia,Ruppia maritima
KW_T_423_23_0043L,KW_T_423_23_0043L.tif_segmented.png,1700253,3003,3959,#c9c1a0,2.84,#a9a88d,2.7,#95947a,2.31,#818069,1.76,#6b6b57,1.31,#c9c1a0,2.84,#2f2c25,0.77,#a9a88d,2.7,#95947a,2.31,#6b6b57,1.31,#2f2c25,0.77,#6b6b57,1.31,#818069,1.76,#95947a,2.31,#a9a88d,2.7,#2f2c25,0.77,#818069,1.76,#a9a88d,2.7,#95947a,2.31,#c9c1a0,2.84,#2f2c25,0.77,#6b6b57,1.31,#818069,1.76,#95947a,2.31,#a9a88d,2.7,,Agrocybe,Agrocybe erebia 
KW_T_423_23_0045L,KW_T_423_23_0045L.tif_segmented.png,1489094,3011,3759,#6b7554,2.89,#9aa079,2.52,#838c66,2.52,#ccc5a6,2.28,#b1b78f,2.15,#ccc5a6,2.28,#6b7554,2.89,#b1b78f,2.15,#9aa079,2.52,#838c66,2.52,#9aa079,2.52,#b1b78f,2.15,#838c66,2.52,#6b7554,2.89,#ccc5a6,2.28,#b1b78f,2.15,#9aa079,2.52,#ccc5a6,2.28,#838c66,2.52,#6b7554,2.89,#9aa079,2.52,#b1b78f,2.15,#838c66,2.52,#6b7554,2.89,#ccc5a6,2.28,,Verbascum,Verbascum nigrum x thapsus
KW_T_423_23_0047L,KW_T_423_23_0047L.tif_segmented.png,1933373,3015,3747,#c9c39f,3.28,#a9ac91,2.75,#92977d,2.71,#7a816c,2.54,#626554,1.68,#c9c39f,3.28,#312d26,0.7,#a9ac91,2.75,#92977d,2.71,#626554,1.68,#312d26,0.7,#626554,1.68,#7a816c,2.54,#92977d,2.71,#a9ac91,2.75,#312d26,0.7,#7a816c,2.54,#92977d,2.71,#a9ac91,2.75,#c9c39f,3.28,#312d26,0.7,#626554,1.68,#7a816c,2.54,#92977d,2.71,#a9ac91,2.75,,Eragrostis,Eragrostis minor
KW_T_423_23_0049L,KW_T_423_23_0049L.tif_segmented.png,2357386,3023,3779,#6f7f59,4.5,#808e64,4.13,#979d74,2.29,#656c4f,2.17,#afb38b,2.11,#afb38b,2.11,#6f7f59,4.5,#656c4f,2.17,#808e64,4.13,#979d74,2.29,#afb38b,2.11,#979d74,2.29,#808e64,4.13,#656c4f,2.17,#6f7f59,4.5,#afb38b,2.11,#979d74,2.29,#808e64,4.13,#656c4f,2.17,#6f7f59,4.5,#afb38b,2.11,#979d74,2.29,#808e64,4.13,#656c4f,2.17,#6f7f59,4.5,,Galeopsis,Galeopsis pubescens
KW_T_423_23_0051L,KW_T_423_23_0051L.tif_segmented.png,2463861,3027,3775,#637156,6.32,#727f60,4.75,#c7bea4,4.29,#8a916f,2.14,#aba888,1.96,#c7bea4,4.29,#302d26,0.91,#637156,6.32,#aba888,1.96,#727f60,4.75,#302d26,0.91,#aba888,1.96,#8a916f,2.14,#727f60,4.75,#637156,6.32,#302d26,0.91,#8a916f,2.14,#aba888,1.96,#727f60,4.75,#637156,6.32,#302d26,0.91,#aba888,1.96,#8a916f,2.14,#727f60,4.75,#637156,6.32,,Salpichroa,Salpichroa origanifolia
KW_T_423_23_0053L,KW_T_423_23_0053L.tif_segmented.png,1922679,3033,3767,#90a164,4.56,#9fb075,3.3,#7b895e,3.12,#cec5a6,3.09,#5e6d52,2.58,#cec5a6,3.09,#9fb075,3.3,#90a164,4.56,#b8b491,2.3,#5e6d52,2.58,#b8b491,2.3,#7b895e,3.12,#5e6d52,2.58,#9fb075,3.3,#90a164,4.56,#b8b491,2.3,#90a164,4.56,#cec5a6,3.09,#9fb075,3.3,#7b895e,3.12,#b8b491,2.3,#7b895e,3.12,#5e6d52,2.58,#9fb075,3.3,#90a164,4.56,,Myxomyxetes,Myxomyxetes spec.
KW_T_423_23_0055L,KW_T_423_23_0055L.tif_segmented.png,2412228,3031,3771,#9cab7c,4.44,#b2b792,4.35,#8c976e,4.32,#7a875f,3.65,#cac5a7,3.6,#cac5a7,3.6,#9cab7c,4.44,#b2b792,4.35,#7a875f,3.65,#696d54,2.66,#b2b792,4.35,#696d54,2.66,#8c976e,4.32,#9cab7c,4.44,#7a875f,3.65,#b2b792,4.35,#cac5a7,3.6,#8c976e,4.32,#696d54,2.66,#9cab7c,4.44,#b2b792,4.35,#696d54,2.66,#8c976e,4.32,#9cab7c,4.44,#7a875f,3.65,Fabaceae,Trifolium,Trifolium hybridum subsp. elegans
KW_T_423_23_0058L,KW_T_423_23_0058L.tif_segmented.png,1414816,3039,3763,#53624e,5.8,#687057,4.51,#d0c7a9,3.63,#7c8166,2.73,#b5ae91,2.53,#d0c7a9,3.63,#b5ae91,2.53,#53624e,5.8,#687057,4.51,#7c8166,2.73,#97997d,1.85,#b5ae91,2.53,#7c8166,2.73,#687057,4.51,#53624e,5.8,#97997d,1.85,#7c8166,2.73,#d0c7a9,3.63,#b5ae91,2.53,#687057,4.51,#97997d,1.85,#b5ae91,2.53,#7c8166,2.73,#687057,4.51,#53624e,5.8,,Medicago,Medicago orthoceras
KW_T_423_23_0060L,KW_T_423_23_0060L.tif_segmented.png,2447340,3046,3787,#85955e,7.92,#748556,7.44,#c6bfa1,3.7,#98a16f,3.19,#aeaa8a,2.87,#c6bfa1,3.7,#85955e,7.92,#748556,7.44,#72604b,0.96,#98a16f,3.19,#72604b,0.96,#aeaa8a,2.87,#98a16f,3.19,#748556,7.44,#85955e,7.92,#aeaa8a,2.87,#85955e,7.92,#72604b,0.96,#c6bfa1,3.7,#98a16f,3.19,#72604b,0.96,#aeaa8a,2.87,#98a16f,3.19,#748556,7.44,#85955e,7.92,,Thesium,Thesium humifusum
KW_T_423_23_0062L,KW_T_423_23_0062L.tif_segmented.png,2813703,3048,3763,#839163,6.79,#707c58,6.15,#cbc3a3,3.66,#9aa375,3.34,#b2b38b,2.85,#cbc3a3,3.66,#707c58,6.15,#839163,6.79,#b2b38b,2.85,#9aa375,3.34,#b2b38b,2.85,#9aa375,3.34,#839163,6.79,#707c58,6.15,#cbc3a3,3.66,#b2b38b,2.85,#839163,6.79,#cbc3a3,3.66,#9aa375,3.34,#707c58,6.15,#b2b38b,2.85,#9aa375,3.34,#839163,6.79,#707c58,6.15,#cbc3a3,3.66,,Thesium,Thesium humifusum
KW_T_423_23_0064L,KW_T_423_23_0064L.tif_segmented.png,1309988,3046,3751,#d1c8a9,3.76,#a8a676,3.01,#bcbb8c,2.97,#8b845e,2.05,#715d4a,1.12,#e9e175,0.93,#d1c8a9,3.76,#715d4a,1.12,#bcbb8c,2.97,#a8a676,3.01,#715d4a,1.12,#8b845e,2.05,#a8a676,3.01,#bcbb8c,2.97,#e9e175,0.93,#e9e175,0.93,#bcbb8c,2.97,#a8a676,3.01,#8b845e,2.05,#d1c8a9,3.76,#715d4a,1.12,#8b845e,2.05,#a8a676,3.01,#bcbb8c,2.97,#e9e175,0.93,Russulaceae,Lactarius,Lactarius spec.
KW_T_423_23_0066L,KW_T_423_23_0066L.tif_segmented.png,1676787,3050,3767,#cdc5a5,3.4,#bab790,2.14,#a1a379,1.56,#878564,1.1,#635742,0.6,#cdc5a5,3.4,#635742,0.6,#bab790,2.14,#a1a379,1.56,#878564,1.1,#635742,0.6,#878564,1.1,#a1a379,1.56,#bab790,2.14,#cdc5a5,3.4,#bab790,2.14,#878564,1.1,#a1a379,1.56,#cdc5a5,3.4,#635742,0.6,#635742,0.6,#878564,1.1,#a1a379,1.56,#bab790,2.14,#cdc5a5,3.4,,Cichorium,Cichorium endivia
KW_T_423_23_0068L,KW_T_423_23_0068L.tif_segmented.png,2478214,3050,3751,#d6caa6,4.9,#665944,4.12,#c9b98b,3.55,#b1a075,3.49,#807156,3.32,#d6caa6,4.9,#c9b98b,3.55,#b1a075,3.49,#504337,2.98,#665944,4.12,#998966,3.03,#b1a075,3.49,#807156,3.32,#665944,4.12,#c9b98b,3.55,#c9b98b,3.55,#b1a075,3.49,#d6caa6,4.9,#807156,3.32,#504337,2.98,#998966,3.03,#b1a075,3.49,#807156,3.32,#665944,4.12,#c9b98b,3.55,,Lagurus,Lagurus ovatus
KW_T_423_23_0070L,KW_T_423_23_0070L.tif_segmented.png,1984186,3054,3755,#7d8663,4.85,#909971,4.7,#a8ad84,4.22,#c4c19b,4.04,#696a55,1.94,#c4c19b,4.04,#a8ad84,4.22,#7d8663,4.85,#909971,4.7,#696a55,1.94,#a8ad84,4.22,#696a55,1.94,#909971,4.7,#7d8663,4.85,#c4c19b,4.04,#c4c19b,4.04,#a8ad84,4.22,#909971,4.7,#696a55,1.94,#7d8663,4.85,#a8ad84,4.22,#696a55,1.94,#909971,4.7,#7d8663,4.85,#c4c19b,4.04,,Brassica,Brassica elongata subsp. integrifolia
KW_T_423_23_0072L,KW_T_423_23_0072L.tif_segmented.png,2298248,3054,3767,#cac5a8,6.1,#646c4e,5.11,#b1b38d,3.94,#798060,3.51,#525c3a,3.1,#cac5a8,6.1,#525c3a,3.1,#b1b38d,3.94,#646c4e,5.11,#959b71,2.32,#959b71,2.32,#798060,3.51,#b1b38d,3.94,#646c4e,5.11,#525c3a,3.1,#b1b38d,3.94,#959b71,2.32,#cac5a8,6.1,#798060,3.51,#646c4e,5.11,#959b71,2.32,#798060,3.51,#b1b38d,3.94,#646c4e,5.11,#525c3a,3.1,,Sisymbrium,Sisymbrium loeselii
KW_T_423_23_0075L,KW_T_423_23_0075L.tif_segmented.png,1526966,3003,3743,#b3b88b,5.18,#9ca576,3.72,#858a68,3.13,#726a57,1.25,#302c25,0.54,#b3b88b,5.18,#302c25,0.54,#9ca576,3.72,#858a68,3.13,#726a57,1.25,#302c25,0.54,#726a57,1.25,#858a68,3.13,#b3b88b,5.18,#9ca576,3.72,#302c25,0.54,#b3b88b,5.18,#858a68,3.13,#726a57,1.25,#9ca576,3.72,#302c25,0.54,#726a57,1.25,#858a68,3.13,#b3b88b,5.18,#9ca576,3.72,,Discina,Discina ancilis
KW_T_423_23_0078L,KW_T_423_23_0078L.tif_segmented.png,568176,3017,3779,#d5ccaf,3.33,#9ca271,1.7,#b7b88e,1.38,#81785c,1.12,#e5d661,1.04,#e5d661,1.04,#d5ccaf,3.33,#2e2a24,0.72,#b7b88e,1.38,#9ca271,1.7,#81785c,1.12,#2e2a24,0.72,#9ca271,1.7,#b7b88e,1.38,#e5d661,1.04,#e5d661,1.04,#2e2a24,0.72,#b7b88e,1.38,#81785c,1.12,#d5ccaf,3.33,#81785c,1.12,#2e2a24,0.72,#9ca271,1.7,#b7b88e,1.38,#e5d661,1.04,,Juglans,Juglans regia
KW_T_423_23_0080L,KW_T_423_23_0080L.tif_segmented.png,2582382,3013,3771,#766650,6.33,#5c5141,5.76,#908168,4.47,#ada17f,3.88,#cfc6a9,3.76,#e6dc6e,0.69,#cfc6a9,3.76,#5c5141,5.76,#766650,6.33,#ada17f,3.88,#ada17f,3.88,#908168,4.47,#766650,6.33,#5c5141,5.76,#e6dc6e,0.69,#e6dc6e,0.69,#766650,6.33,#ada17f,3.88,#5c5141,5.76,#cfc6a9,3.76,#ada17f,3.88,#908168,4.47,#766650,6.33,#5c5141,5.76,#e6dc6e,0.69,,Juglans,Juglans regia
KW_T_423_23_0082L,KW_T_423_23_0082L.tif_segmented.png,1006630,3021,3775,#b1b281,2.82,#c6c29e,2.59,#91916b,1.35,#6e6751,1.02,#2e2b23,0.86,#c6c29e,2.59,#b1b281,2.82,#2e2b23,0.86,#6e6751,1.02,#91916b,1.35,#6e6751,1.02,#2e2b23,0.86,#91916b,1.35,#b1b281,2.82,#c6c29e,2.59,#2e2b23,0.86,#91916b,1.35,#b1b281,2.82,#c6c29e,2.59,#6e6751,1.02,#6e6751,1.02,#2e2b23,0.86,#91916b,1.35,#b1b281,2.82,#c6c29e,2.59,,Blackstonia,Blackstonia perfoliata subsp. perfoliata
KW_T_423_23_0084L,KW_T_423_23_0084L.tif_segmented.png,699846,3021,3775,#d0c8ab,3.35,#b2b68f,3.34,#99a878,2.34,#88926b,1.6,#2c2923,0.76,#d0c8ab,3.35,#2c2923,0.76,#b2b68f,3.34,#99a878,2.34,#88926b,1.6,#717059,0.74,#2c2923,0.76,#88926b,1.6,#99a878,2.34,#b2b68f,3.34,#2c2923,0.76,#b2b68f,3.34,#88926b,1.6,#717059,0.74,#d0c8ab,3.35,#717059,0.74,#2c2923,0.76,#88926b,1.6,#99a878,2.34,#b2b68f,3.34,,Spiraea,Spiraea salicifolia
KW_T_423_23_0086L,KW_T_423_23_0086L.tif_segmented.png,1019870,3019,3767,#cbc8a7,3.39,#afbb8e,3.09,#9ba97b,2.06,#808367,1.38,#4e443d,0.46,#cbc8a7,3.39,#afbb8e,3.09,#4e443d,0.46,#9ba97b,2.06,#808367,1.38,#4e443d,0.46,#808367,1.38,#afbb8e,3.09,#9ba97b,2.06,#cbc8a7,3.39,#4e443d,0.46,#afbb8e,3.09,#808367,1.38,#cbc8a7,3.39,#9ba97b,2.06,#4e443d,0.46,#808367,1.38,#afbb8e,3.09,#9ba97b,2.06,#cbc8a7,3.39,,Asterophora,Asterophora lycoperdoides
KW_T_423_23_0088L,KW_T_423_23_0088L.tif_segmented.png,1705683,3023,3775,#cec5a9,4.41,#b3aa8b,2.42,#e7da8f,2.27,#dac967,1.13,#8b7f63,0.95,#e7da8f,2.27,#dac967,1.13,#cec5a9,4.41,#322e27,0.62,#b3aa8b,2.42,#322e27,0.62,#8b7f63,0.95,#b3aa8b,2.42,#dac967,1.13,#e7da8f,2.27,#dac967,1.13,#e7da8f,2.27,#322e27,0.62,#b3aa8b,2.42,#8b7f63,0.95,#322e27,0.62,#8b7f63,0.95,#b3aa8b,2.42,#dac967,1.13,#e7da8f,2.27,,Scilla,Scilla siberica
KW_T_423_23_0090L,KW_T_423_23_0090L.tif_segmented.png,1025118,3019,3767,#7d715d,3.02,#cfc6aa,2.92,#918772,2.83,#645b4b,2.53,#b2a98d,1.47,#cfc6aa,2.92,#645b4b,2.53,#b2a98d,1.47,#7d715d,3.02,#918772,2.83,#b2a98d,1.47,#645b4b,2.53,#918772,2.83,#7d715d,3.02,#cfc6aa,2.92,#7d715d,3.02,#645b4b,2.53,#b2a98d,1.47,#cfc6aa,2.92,#918772,2.83,#b2a98d,1.47,#645b4b,2.53,#918772,2.83,#7d715d,3.02,#cfc6aa,2.92,,Corispermum,Corispermum pallasii
KW_T_423_23_0092L,KW_T_423_23_0092L.tif_segmented.png,1677908,3019,3763,#cec7a7,3.6,#80835c,3.4,#9ba16c,3.2,#665e4a,3.15,#b2b887,3.1,#e1da67,0.65,#cec7a7,3.6,#665e4a,3.15,#b2b887,3.1,#9ba16c,3.2,#665e4a,3.15,#80835c,3.4,#b2b887,3.1,#e1da67,0.65,#9ba16c,3.2,#e1da67,0.65,#b2b887,3.1,#665e4a,3.15,#cec7a7,3.6,#9ba16c,3.2,#665e4a,3.15,#80835c,3.4,#b2b887,3.1,#e1da67,0.65,#9ba16c,3.2,,Corallorhiza,Corallorhiza trifida
KW_T_423_23_0094L,KW_T_423_23_0094L.tif_segmented.png,1233292,3019,3771,#cbc5a4,4.75,#aeb38c,3.2,#909573,2.5,#767055,1.03,#2f2c24,0.55,#cbc5a4,4.75,#2f2c24,0.55,#aeb38c,3.2,#767055,1.03,#909573,2.5,#2f2c24,0.55,#767055,1.03,#909573,2.5,#aeb38c,3.2,#cbc5a4,4.75,#2f2c24,0.55,#aeb38c,3.2,#909573,2.5,#767055,1.03,#cbc5a4,4.75,#2f2c24,0.55,#767055,1.03,#909573,2.5,#aeb38c,3.2,#cbc5a4,4.75,,Muscari,Muscari comosum
KW_T_423_23_0096L,KW_T_423_23_0096L.tif_segmented.png,2092473,3021,3767,#d1c8aa,5.27,#878262,3.38,#70664e,3.17,#b7b88a,2.95,#9e9d76,2.69,#d1c8aa,5.27,#b7b88a,2.95,#2f2b24,0.55,#70664e,3.17,#9e9d76,2.69,#2f2b24,0.55,#878262,3.38,#9e9d76,2.69,#70664e,3.17,#b7b88a,2.95,#2f2b24,0.55,#b7b88a,2.95,#9e9d76,2.69,#878262,3.38,#70664e,3.17,#2f2b24,0.55,#878262,3.38,#9e9d76,2.69,#70664e,3.17,#b7b88a,2.95,Russulaceae,Lactarius,Lactarius glyciosmus
KW_T_423_23_0098L,KW_T_423_23_0098L.tif_segmented.png,895981,3027,3771,#d2c7a9,3.87,#927755,2.38,#c0b08d,1.8,#aa926c,1.78,#726048,1.33,#d2c7a9,3.87,#c0b08d,1.8,#2d2a22,0.69,#927755,2.38,#aa926c,1.78,#2d2a22,0.69,#726048,1.33,#927755,2.38,#aa926c,1.78,#c0b08d,1.8,#2d2a22,0.69,#c0b08d,1.8,#aa926c,1.78,#d2c7a9,3.87,#726048,1.33,#2d2a22,0.69,#726048,1.33,#927755,2.38,#aa926c,1.78,#c0b08d,1.8,,Euphorbia,Euphorbia amygdaloides
KW_T_423_23_0100L,KW_T_423_23_0100L.tif_segmented.png,1621658,3029,3775,#cdc4a9,5.95,#b7ae91,2.18,#9a8f74,1.2,#736852,0.78,#2b2923,0.77,#cdc4a9,5.95,#2b2923,0.77,#b7ae91,2.18,#736852,0.78,#9a8f74,1.2,#736852,0.78,#2b2923,0.77,#9a8f74,1.2,#b7ae91,2.18,#cdc4a9,5.95,#2b2923,0.77,#736852,0.78,#b7ae91,2.18,#cdc4a9,5.95,#9a8f74,1.2,#736852,0.78,#2b2923,0.77,#9a8f74,1.2,#b7ae91,2.18,#cdc4a9,5.95,,Vaccinium,Vaccinium x intermedium
KW_T_423_23_0102L,KW_T_423_23_0102L.tif_segmented.png,2193066,3027,3771,#c4bea0,3.7,#a5a889,2.9,#8e9273,2.62,#787c5f,2.44,#65674d,1.74,#c4bea0,3.7,#65674d,1.74,#a5a889,2.9,#787c5f,2.44,#8e9273,2.62,#65674d,1.74,#787c5f,2.44,#8e9273,2.62,#a5a889,2.9,#c4bea0,3.7,#a5a889,2.9,#8e9273,2.62,#787c5f,2.44,#c4bea0,3.7,#65674d,1.74,#65674d,1.74,#787c5f,2.44,#8e9273,2.62,#a5a889,2.9,#c4bea0,3.7,,Vaccinium,Vaccinium x intermedium
KW_T_423_23_0104L,KW_T_423_23_0104L.tif_segmented.png,1575444,3074,3767,#8c946a,3.53,#797756,3.33,#a5af76,2.7,#c1be95,2.22,#635842,1.67,#c1be95,2.22,#a5af76,2.7,#635842,1.67,#797756,3.33,#8c946a,3.53,#635842,1.67,#797756,3.33,#8c946a,3.53,#a5af76,2.7,#c1be95,2.22,#c1be95,2.22,#797756,3.33,#8c946a,3.53,#a5af76,2.7,#635842,1.67,#635842,1.67,#797756,3.33,#8c946a,3.53,#a5af76,2.7,#c1be95,2.22,,Phacelia,Phacelia minor
KW_T_423_23_0106L,KW_T_423_23_0106L.tif_segmented.png,1346386,3072,3763,#cfc8aa,4.94,#a4a97f,3.18,#bcbd96,2.54,#8c906a,2.43,#6c6950,1.11,#dfd865,0.45,#cfc8aa,4.94,#bcbd96,2.54,#6c6950,1.11,#a4a97f,3.18,#6c6950,1.11,#8c906a,2.43,#a4a97f,3.18,#bcbd96,2.54,#dfd865,0.45,#dfd865,0.45,#bcbd96,2.54,#8c906a,2.43,#a4a97f,3.18,#cfc8aa,4.94,#6c6950,1.11,#8c906a,2.43,#a4a97f,3.18,#bcbd96,2.54,#dfd865,0.45,Russulaceae,Lactarius,Lactarius chrysorrheus 
KW_T_423_23_0108L,KW_T_423_23_0108L.tif_segmented.png,756688,3066,3751,#cec5a7,5.37,#796c56,1.84,#b2aa8d,1.44,#938a6f,1.35,#3d372d,0.38,#cec5a7,5.37,#3d372d,0.38,#b2aa8d,1.44,#796c56,1.84,#938a6f,1.35,#3d372d,0.38,#796c56,1.84,#938a6f,1.35,#b2aa8d,1.44,#cec5a7,5.37,#3d372d,0.38,#796c56,1.84,#cec5a7,5.37,#b2aa8d,1.44,#938a6f,1.35,#3d372d,0.38,#796c56,1.84,#938a6f,1.35,#b2aa8d,1.44,#cec5a7,5.37,,Phacelia,Phacelia tanacetifolia
KW_T_423_23_0110L,KW_T_423_23_0110L.tif_segmented.png,1511313,3066,3751,#ccc0a0,3.98,#ede266,3.28,#d6c064,2.36,#bfa56b,2.29,#ad8d56,1.85,#ede266,3.28,#d6c064,2.36,#bfa56b,2.29,#ccc0a0,3.98,#ad8d56,1.85,#7c6a4f,0.98,#ad8d56,1.85,#bfa56b,2.29,#d6c064,2.36,#ede266,3.28,#ede266,3.28,#d6c064,2.36,#bfa56b,2.29,#ad8d56,1.85,#7c6a4f,0.98,#7c6a4f,0.98,#ad8d56,1.85,#bfa56b,2.29,#d6c064,2.36,#ede266,3.28,,Cephalanthera,Cephalanthera longifolia
KW_T_423_23_0112L,KW_T_423_23_0112L.tif_segmented.png,737261,3066,3755,#cdc3a4,4.8,#736450,2.04,#968d69,1.63,#b3ab87,1.39,#302b23,0.41,#cdc3a4,4.8,#302b23,0.41,#b3ab87,1.39,#736450,2.04,#968d69,1.63,#302b23,0.41,#736450,2.04,#968d69,1.63,#b3ab87,1.39,#cdc3a4,4.8,#302b23,0.41,#b3ab87,1.39,#736450,2.04,#968d69,1.63,#cdc3a4,4.8,#302b23,0.41,#736450,2.04,#968d69,1.63,#b3ab87,1.39,#cdc3a4,4.8,,Amsinckia,Amsinckia micrantha
KW_T_423_23_0114L,KW_T_423_23_0114L.tif_segmented.png,1461317,3062,3767,#cdc7a9,4.66,#898969,3.09,#b9b89d,2.86,#717259,2.45,#a3a281,2.21,#cdc7a9,4.66,#343027,0.45,#b9b89d,2.86,#a3a281,2.21,#717259,2.45,#343027,0.45,#717259,2.45,#898969,3.09,#a3a281,2.21,#b9b89d,2.86,#343027,0.45,#a3a281,2.21,#898969,3.09,#717259,2.45,#cdc7a9,4.66,#343027,0.45,#717259,2.45,#898969,3.09,#a3a281,2.21,#b9b89d,2.86,,Trichia,Trichia spec.
KW_T_423_23_0116L,KW_T_423_23_0116L.tif_segmented.png,875022,3062,3751,#c5be9d,3.17,#a6aa7d,2.86,#8e9169,2.48,#777656,1.33,#37332a,0.42,#c5be9d,3.17,#37332a,0.42,#a6aa7d,2.86,#8e9169,2.48,#777656,1.33,#37332a,0.42,#777656,1.33,#8e9169,2.48,#a6aa7d,2.86,#c5be9d,3.17,#37332a,0.42,#8e9169,2.48,#777656,1.33,#a6aa7d,2.86,#c5be9d,3.17,#37332a,0.42,#777656,1.33,#8e9169,2.48,#a6aa7d,2.86,#c5be9d,3.17,Helvellaceae,Helvella,Helvella macropus
KW_T_423_23_0118L,KW_T_423_23_0118L.tif_segmented.png,1956509,3015,3743,#666045,4.21,#a59167,3.07,#7c795d,2.74,#baab7d,2.68,#cec5a9,2.42,#977347,1.87,#cec5a9,2.42,#baab7d,2.68,#666045,4.21,#a59167,3.07,#baab7d,2.68,#a59167,3.07,#7c795d,2.74,#666045,4.21,#977347,1.87,#baab7d,2.68,#7c795d,2.74,#a59167,3.07,#666045,4.21,#977347,1.87,#baab7d,2.68,#a59167,3.07,#7c795d,2.74,#666045,4.21,#977347,1.87,,Galium,Galium palustre
KW_T_423_23_0120L,KW_T_423_23_0120L.tif_segmented.png,3704856,3017,3747,#bcaea0,6.7,#b29f87,6.21,#cdc2b1,6.11,#a28d74,5.65,#907a63,3.84,#cdc2b1,6.11,#b29f87,6.21,#bcaea0,6.7,#a28d74,5.65,#907a63,3.84,#716351,0.86,#bcaea0,6.7,#907a63,3.84,#b29f87,6.21,#a28d74,5.65,#716351,0.86,#b29f87,6.21,#907a63,3.84,#cdc2b1,6.11,#bcaea0,6.7,#716351,0.86,#bcaea0,6.7,#907a63,3.84,#b29f87,6.21,#a28d74,5.65,Isoetaceae,Isoetes,Isoetes lacustris
KW_T_423_23_0122L,KW_T_423_23_0122L.tif_segmented.png,756416,3019,3743,#9fa883,2.38,#b7bb95,2.07,#889272,1.64,#75795e,0.97,#312d26,0.75,#312d26,0.75,#b7bb95,2.07,#9fa883,2.38,#75795e,0.97,#889272,1.64,#312d26,0.75,#75795e,0.97,#889272,1.64,#9fa883,2.38,#b7bb95,2.07,#312d26,0.75,#b7bb95,2.07,#889272,1.64,#75795e,0.97,#9fa883,2.38,#312d26,0.75,#75795e,0.97,#889272,1.64,#9fa883,2.38,#b7bb95,2.07,,Erigeron,Erigeron bonariensis
KW_T_423_23_0124L,KW_T_423_23_0124L.tif_segmented.png,972817,3023,3747,#949272,2.12,#a6ae80,1.93,#bfb897,1.66,#7d765e,1.31,#302d26,0.55,#bfb897,1.66,#302d26,0.55,#a6ae80,1.93,#7d765e,1.31,#949272,2.12,#302d26,0.55,#7d765e,1.31,#949272,2.12,#a6ae80,1.93,#bfb897,1.66,#302d26,0.55,#7d765e,1.31,#949272,2.12,#a6ae80,1.93,#bfb897,1.66,#302d26,0.55,#7d765e,1.31,#949272,2.12,#a6ae80,1.93,#bfb897,1.66,,Entoloma,Entoloma spec.
KW_T_423_23_0126L,KW_T_423_23_0126L.tif_segmented.png,1188565,3021,3747,#9fab7c,3.91,#8d946d,3.28,#cfc8ac,3.2,#b2bd8f,2.65,#79785b,1.87,#cfc8ac,3.2,#b2bd8f,2.65,#9fab7c,3.91,#79785b,1.87,#8d946d,3.28,#79785b,1.87,#8d946d,3.28,#b2bd8f,2.65,#9fab7c,3.91,#ac99a2,0.73,#b2bd8f,2.65,#79785b,1.87,#ac99a2,0.73,#8d946d,3.28,#cfc8ac,3.2,#79785b,1.87,#8d946d,3.28,#b2bd8f,2.65,#9fab7c,3.91,#ac99a2,0.73,Tricholomataceae,Tricholoma,Tricholoma pessundatum
KW_T_423_23_0128L,KW_T_423_23_0128L.tif_segmented.png,1288691,3021,3743,#675b48,3.77,#d2c8aa,2.21,#816f57,2.19,#97896d,1.97,#b0a383,1.76,#d0bf7b,1.17,#d2c8aa,2.21,#675b48,3.77,#b0a383,1.76,#816f57,2.19,#b0a383,1.76,#97896d,1.97,#816f57,2.19,#675b48,3.77,#d0bf7b,1.17,#d0bf7b,1.17,#b0a383,1.76,#816f57,2.19,#d2c8aa,2.21,#675b48,3.77,#b0a383,1.76,#97896d,1.97,#816f57,2.19,#675b48,3.77,#d0bf7b,1.17,Rosaceae,Rubus,Rubus arrhenii
KW_T_423_23_0130L,KW_T_423_23_0130L.tif_segmented.png,2678068,3021,3743,#6f5c46,6.05,#7f6b55,5.06,#988369,2.83,#cec1a4,2.65,#5a4838,2.26,#cec1a4,2.65,#5a4838,2.26,#6f5c46,6.05,#b29f85,1.96,#7f6b55,5.06,#b29f85,1.96,#988369,2.83,#7f6b55,5.06,#6f5c46,6.05,#5a4838,2.26,#7f6b55,5.06,#6f5c46,6.05,#b29f85,1.96,#cec1a4,2.65,#5a4838,2.26,#b29f85,1.96,#988369,2.83,#7f6b55,5.06,#6f5c46,6.05,#5a4838,2.26,,Vulpia,Vulpia bromoides
KW_T_423_23_0132L,KW_T_423_23_0132L.tif_segmented.png,1573888,3021,3743,#cbc7ac,3.39,#736053,2.81,#7c7d67,2.42,#acb193,2.35,#96967c,2.3,#583f36,0.81,#cbc7ac,3.39,#736053,2.81,#acb193,2.35,#96967c,2.3,#736053,2.81,#7c7d67,2.42,#583f36,0.81,#96967c,2.3,#acb193,2.35,#7c7d67,2.42,#acb193,2.35,#96967c,2.3,#736053,2.81,#cbc7ac,3.39,#736053,2.81,#7c7d67,2.42,#583f36,0.81,#96967c,2.3,#acb193,2.35,,AS:,AS: Camelina spec. 
KW_T_423_23_0134L,KW_T_423_23_0134L.tif_segmented.png,2181299,3021,3747,#819461,7.42,#728557,6.68,#93a170,5.12,#cfc8ab,3.21,#adb389,2.46,#cfc8ab,3.21,#819461,7.42,#728557,6.68,#2f2c25,0.73,#93a170,5.12,#5e5849,0.86,#2f2c25,0.73,#adb389,2.46,#93a170,5.12,#819461,7.42,#2f2c25,0.73,#adb389,2.46,#5e5849,0.86,#cfc8ab,3.21,#819461,7.42,#5e5849,0.86,#2f2c25,0.73,#adb389,2.46,#93a170,5.12,#819461,7.42,,Sparganium,Sparganium emersum x natans
KW_T_423_23_0136R,KW_T_423_23_0136R.tif_segmented.png,3338484,3019,3755,#6a7459,8.36,#5d684f,6.93,#7a8364,4.61,#c3bc9c,3.11,#a1ab91,3.03,#c3bc9c,3.11,#5d684f,6.93,#6a7459,8.36,#a1ab91,3.03,#7a8364,4.61,#a1ab91,3.03,#c3bc9c,3.11,#8f9576,2.15,#7a8364,4.61,#6a7459,8.36,#a1ab91,3.03,#8f9576,2.15,#6a7459,8.36,#7a8364,4.61,#c3bc9c,3.11,#a1ab91,3.03,#c3bc9c,3.11,#8f9576,2.15,#7a8364,4.61,#6a7459,8.36,,Pluteus,Pluteus aurantiorugosus
KW_T_423_23_0139L,KW_T_423_23_0139L.tif_segmented.png,1147777,3019,3755,#7a664e,2.75,#977a61,2.16,#ccbea0,2.07,#b59a7b,1.65,#e6e293,1.43,#e6e293,1.43,#d3c87b,1.1,#ccbea0,2.07,#7a664e,2.75,#b59a7b,1.65,#b59a7b,1.65,#977a61,2.16,#7a664e,2.75,#ccbea0,2.07,#d3c87b,1.1,#e6e293,1.43,#d3c87b,1.1,#7a664e,2.75,#b59a7b,1.65,#ccbea0,2.07,#b59a7b,1.65,#977a61,2.16,#7a664e,2.75,#ccbea0,2.07,#d3c87b,1.1,,Levisticum,Levisticum officinale
KW_T_423_23_0141L,KW_T_423_23_0141L.tif_segmented.png,1085935,3019,3755,#cec5aa,3.4,#866d50,1.78,#a98c63,1.77,#ceab70,1.63,#b9ac8e,1.44,#ceab70,1.63,#cec5aa,3.4,#292721,0.84,#a98c63,1.77,#866d50,1.78,#292721,0.84,#866d50,1.78,#b9ac8e,1.44,#a98c63,1.77,#ceab70,1.63,#292721,0.84,#ceab70,1.63,#a98c63,1.77,#b9ac8e,1.44,#866d50,1.78,#292721,0.84,#866d50,1.78,#b9ac8e,1.44,#a98c63,1.77,#ceab70,1.63,,Cota,Cota triumfetti
KW_T_423_23_0143L,KW_T_423_23_0143L.tif_segmented.png,1113555,3017,3747,#cec8ab,3.63,#b6bb91,2.45,#a0a57e,2.2,#8c8a6a,1.11,#292720,0.73,#cec8ab,3.63,#292720,0.73,#b6bb91,2.45,#a0a57e,2.2,#6d6550,0.46,#6d6550,0.46,#292720,0.73,#8c8a6a,1.11,#a0a57e,2.2,#b6bb91,2.45,#292720,0.73,#b6bb91,2.45,#8c8a6a,1.11,#a0a57e,2.2,#6d6550,0.46,#6d6550,0.46,#292720,0.73,#8c8a6a,1.11,#a0a57e,2.2,#b6bb91,2.45,,Spinulum,Spinulum annotinum
KW_T_423_23_0145L,KW_T_423_23_0145L.tif_segmented.png,3177260,2982,3751,#788760,5.96,#6a7155,4.08,#8e986f,3.79,#a4ab84,2.5,#c1c0a1,2.44,#c1c0a1,2.44,#52473f,1.01,#788760,5.96,#a4ab84,2.5,#6a7155,4.08,#52473f,1.01,#a4ab84,2.5,#c1c0a1,2.44,#6a7155,4.08,#8e986f,3.79,#52473f,1.01,#a4ab84,2.5,#c1c0a1,2.44,#8e986f,3.79,#6a7155,4.08,#52473f,1.01,#a4ab84,2.5,#c1c0a1,2.44,#6a7155,4.08,#8e986f,3.79,,Psathyrella,Psathyrella ammophila
KW_T_423_23_0147R,KW_T_423_23_0147R.tif_segmented.png,2304076,2982,3751,#7c8061,5.03,#8d906d,3.88,#c1be9b,2.99,#a6a781,2.4,#6f6852,2.23,#c1be9b,2.99,#2f2c25,0.64,#a6a781,2.4,#6f6852,2.23,#7c8061,5.03,#2f2c25,0.64,#c1be9b,2.99,#a6a781,2.4,#6f6852,2.23,#8d906d,3.88,#2f2c25,0.64,#8d906d,3.88,#a6a781,2.4,#c1be9b,2.99,#6f6852,2.23,#2f2c25,0.64,#c1be9b,2.99,#a6a781,2.4,#6f6852,2.23,#8d906d,3.88,,Agaricales,Agaricales spec.
KW_T_423_23_0151L,KW_T_423_23_0151L.tif_segmented.png,3538407,2984,3759,#778162,9.27,#6a7157,5.42,#898f6e,3.92,#a3a782,3.31,#bdbd9e,2.22,#2d2a24,0.76,#bdbd9e,2.22,#778162,9.27,#a3a782,3.31,#6a7157,5.42,#2d2a24,0.76,#bdbd9e,2.22,#a3a782,3.31,#898f6e,3.92,#778162,9.27,#2d2a24,0.76,#898f6e,3.92,#a3a782,3.31,#bdbd9e,2.22,#778162,9.27,#2d2a24,0.76,#bdbd9e,2.22,#a3a782,3.31,#898f6e,3.92,#778162,9.27,Asteraceae,Anthemis,Anthemis austriaca
KW_T_423_23_0153L,KW_T_423_23_0153L.tif_segmented.png,864085,2980,3751,#d4c9ae,2.42,#bfb08f,1.81,#9b8568,1.6,#b09e7d,1.43,#877059,1.42,#d4c9ae,2.42,#bfb08f,1.81,#2c2923,0.63,#b09e7d,1.43,#6e5c47,0.96,#2c2923,0.63,#bfb08f,1.81,#b09e7d,1.43,#9b8568,1.6,#877059,1.42,#2c2923,0.63,#b09e7d,1.43,#bfb08f,1.81,#d4c9ae,2.42,#877059,1.42,#2c2923,0.63,#bfb08f,1.81,#b09e7d,1.43,#9b8568,1.6,#877059,1.42,Apiaceae,Orlaya,Orlaya grandiflora
KW_T_423_23_0155R,KW_T_423_23_0155R.tif_segmented.png,1415597,2978,3763,#9ea77f,3.04,#b3b98d,2.46,#cbc4a4,2.32,#8a906d,2.02,#707b5f,1.55,#cbc4a4,2.32,#302c25,0.74,#b3b98d,2.46,#9ea77f,3.04,#707b5f,1.55,#302c25,0.74,#707b5f,1.55,#8a906d,2.02,#9ea77f,3.04,#b3b98d,2.46,#302c25,0.74,#b3b98d,2.46,#8a906d,2.02,#cbc4a4,2.32,#9ea77f,3.04,#302c25,0.74,#707b5f,1.55,#8a906d,2.02,#9ea77f,3.04,#b3b98d,2.46,Isoetaceae,Isoetes,Isoetes echinospora
KW_T_423_23_0157L,KW_T_423_23_0157L.tif_segmented.png,2733310,2980,3759,#888b5e,5.36,#959d68,5.21,#a4ae77,4.25,#7a7155,3.7,#d2ccb2,2.75,#d2ccb2,2.75,#a4ae77,4.25,#959d68,5.21,#b9ba93,2.56,#888b5e,5.36,#48423d,0.62,#b9ba93,2.56,#7a7155,3.7,#a4ae77,4.25,#888b5e,5.36,#48423d,0.62,#b9ba93,2.56,#7a7155,3.7,#888b5e,5.36,#a4ae77,4.25,#48423d,0.62,#b9ba93,2.56,#7a7155,3.7,#a4ae77,4.25,#888b5e,5.36,Isoetaceae,Isoetes,Isoetes spec.
KW_T_423_23_0160L,KW_T_423_23_0160L.tif_segmented.png,2481839,2974,3759,#a6af7b,4.89,#969a70,4.5,#cfc9b2,3.06,#808262,2.95,#b9ba93,2.88,#cfc9b2,3.06,#a6af7b,4.89,#b9ba93,2.88,#483b3a,0.64,#70614f,1.92,#483b3a,0.64,#70614f,1.92,#808262,2.95,#b9ba93,2.88,#969a70,4.5,#483b3a,0.64,#b9ba93,2.88,#969a70,4.5,#808262,2.95,#70614f,1.92,#483b3a,0.64,#70614f,1.92,#808262,2.95,#b9ba93,2.88,#969a70,4.5,Isoetaceae,Isoetes,Isoetes spec.
KW_T_423_23_0162L,KW_T_423_23_0162L.tif_segmented.png,604563,2974,3771,#806c52,1.76,#6a5c45,1.47,#cbc4a9,1.12,#b2ac8d,0.88,#272520,0.8,#cbc4a9,1.12,#272520,0.8,#6a5c45,1.47,#806c52,1.76,#b2ac8d,0.88,#272520,0.8,#b2ac8d,0.88,#968e6e,0.66,#806c52,1.76,#6a5c45,1.47,#272520,0.8,#806c52,1.76,#b2ac8d,0.88,#968e6e,0.66,#6a5c45,1.47,#272520,0.8,#b2ac8d,0.88,#968e6e,0.66,#806c52,1.76,#6a5c45,1.47,Orchidaceae,Neotinea,Neotinea ustulata
KW_T_423_23_0164R,KW_T_423_23_0164R.tif_segmented.png,552520,2956,3759,#776047,1.37,#8e7355,1.32,#b6a481,0.91,#a38a68,0.85,#cbbd9d,0.73,#cbbd9d,0.73,#b6a481,0.91,#776047,1.37,#2f2b25,0.72,#8e7355,1.32,#2f2b25,0.72,#b6a481,0.91,#a38a68,0.85,#776047,1.37,#8e7355,1.32,#2f2b25,0.72,#b6a481,0.91,#776047,1.37,#cbbd9d,0.73,#a38a68,0.85,#2f2b25,0.72,#b6a481,0.91,#a38a68,0.85,#776047,1.37,#8e7355,1.32,,Bromus,Bromus squarrosus
KW_T_423_24_0009L,KW_T_423_24_0009L.tif_segmented.png,1133631,2982,3767,#989b72,2.74,#a6b388,2.33,#c6c69a,1.91,#798c6b,1.64,#2f2c24,0.87,#2f2c24,0.87,#c6c69a,1.91,#a6b388,2.33,#989b72,2.74,#798c6b,1.64,#2f2c24,0.87,#a6b388,2.33,#989b72,2.74,#798c6b,1.64,#c6c69a,1.91,#2f2c24,0.87,#c6c69a,1.91,#989b72,2.74,#a6b388,2.33,#798c6b,1.64,#2f2c24,0.87,#a6b388,2.33,#989b72,2.74,#798c6b,1.64,#c6c69a,1.91,,Tellima,Tellima grandiflora
KW_T_423_24_0011L,KW_T_423_24_0011L.tif_segmented.png,665335,2997,3759,#bab992,2.38,#96a174,1.94,#7d895c,1.14,#2b2820,0.86,,,#2b2820,0.86,#bab992,2.38,#96a174,1.94,#7d895c,1.14,,,#2b2820,0.86,#bab992,2.38,#96a174,1.94,#7d895c,1.14,,,#2b2820,0.86,#bab992,2.38,#96a174,1.94,#7d895c,1.14,,,#2b2820,0.86,#bab992,2.38,#96a174,1.94,#7d895c,1.14,,,,Galium,Galium glaucum
KW_T_423_24_0014L,KW_T_423_24_0014L.tif_segmented.png,765684,3009,3747,#beba93,2.05,#8e9a6d,1.93,#9faa80,1.47,#73795c,0.81,#2d2921,0.69,#2d2921,0.69,#beba93,2.05,#9faa80,1.47,#8e9a6d,1.93,#73795c,0.81,#2d2921,0.69,#73795c,0.81,#8e9a6d,1.93,#9faa80,1.47,#beba93,2.05,#2d2921,0.69,#beba93,2.05,#73795c,0.81,#9faa80,1.47,#8e9a6d,1.93,#2d2921,0.69,#73795c,0.81,#8e9a6d,1.93,#9faa80,1.47,#beba93,2.05,,Xylaria,Xylaria polymorpha
KW_T_423_24_0016L,KW_T_423_24_0016L.tif_segmented.png,1639975,3011,3779,#a1ac75,3.02,#8f966c,2.92,#b0b28c,2.55,#c3c790,1.97,#7d7257,1.06,#c3c790,1.97,#a1ac75,3.02,#7d7257,1.06,#b0b28c,2.55,#8f966c,2.92,#7d7257,1.06,#b0b28c,2.55,#c3c790,1.97,#8f966c,2.92,#a1ac75,3.02,#c3c790,1.97,#b0b28c,2.55,#7d7257,1.06,#8f966c,2.92,#a1ac75,3.02,#7d7257,1.06,#b0b28c,2.55,#c3c790,1.97,#8f966c,2.92,#a1ac75,3.02,Rosaceae,Rubus,Rubus nigricans
KW_T_423_24_0018L,KW_T_423_24_0018L.tif_segmented.png,2085314,3021,3771,#d2c2a0,4.02,#c2af8d,3.57,#b29776,2.52,#997a60,1.15,#695d4e,0.5,#d2c2a0,4.02,#c2af8d,3.57,#b29776,2.52,#997a60,1.15,#695d4e,0.5,#695d4e,0.5,#997a60,1.15,#b29776,2.52,#c2af8d,3.57,#d2c2a0,4.02,#d2c2a0,4.02,#695d4e,0.5,#c2af8d,3.57,#b29776,2.52,#997a60,1.15,#695d4e,0.5,#997a60,1.15,#b29776,2.52,#c2af8d,3.57,#d2c2a0,4.02,,Orchis,Orchis simia
KW_T_423_24_0020L,KW_T_423_24_0020L.tif_segmented.png,2381274,3025,3763,#8f946e,5.22,#7a8561,4.91,#667555,3.15,#a5a881,2.76,#c5bd9d,2.11,#c5bd9d,2.11,#79634e,1.42,#a5a881,2.76,#667555,3.15,#7a8561,4.91,#79634e,1.42,#c5bd9d,2.11,#a5a881,2.76,#8f946e,5.22,#7a8561,4.91,#8f946e,5.22,#a5a881,2.76,#79634e,1.42,#c5bd9d,2.11,#7a8561,4.91,#79634e,1.42,#c5bd9d,2.11,#a5a881,2.76,#8f946e,5.22,#7a8561,4.91,,Moneses,Moneses uniflora
KW_T_423_24_0022L,KW_T_423_24_0022L.tif_segmented.png,1476819,3027,3771,#b1b284,3.24,#96a06d,2.55,#c8c990,2.14,#89765b,1.54,#b8856b,1.38,#c8c990,2.14,#b8856b,1.38,#2f2c25,0.86,#b1b284,3.24,#96a06d,2.55,#2f2c25,0.86,#89765b,1.54,#b1b284,3.24,#96a06d,2.55,#c8c990,2.14,#2f2c25,0.86,#c8c990,2.14,#b1b284,3.24,#b8856b,1.38,#96a06d,2.55,#2f2c25,0.86,#89765b,1.54,#b1b284,3.24,#96a06d,2.55,#c8c990,2.14,Cyperaceae,Carex,Carex otrubae x remota
KW_T_423_24_0024L,KW_T_423_24_0024L.tif_segmented.png,1167023,3033,3759,#abaf8e,2.86,#919978,2.18,#c6c49d,1.84,#767f63,1.09,#2b2821,0.72,#2b2821,0.72,#c6c49d,1.84,#abaf8e,2.86,#919978,2.18,#767f63,1.09,#2b2821,0.72,#767f63,1.09,#919978,2.18,#abaf8e,2.86,#c6c49d,1.84,#2b2821,0.72,#c6c49d,1.84,#abaf8e,2.86,#919978,2.18,#767f63,1.09,#2b2821,0.72,#767f63,1.09,#919978,2.18,#abaf8e,2.86,#c6c49d,1.84,,Rhodocollybia,Rhodocollybia butyracea var. asema
KW_T_423_24_0026L,KW_T_423_24_0026L.tif_segmented.png,3202594,3037,3763,#907c5f,5.17,#a36f49,4.7,#c38e5d,4.38,#78644c,3.72,#c7b587,3.62,#c38e5d,4.38,#a36f49,4.7,#c7b587,3.62,#78644c,3.72,#ae9a75,2.21,#c7b587,3.62,#ae9a75,2.21,#907c5f,5.17,#78644c,3.72,#c38e5d,4.38,#c38e5d,4.38,#c7b587,3.62,#a36f49,4.7,#78644c,3.72,#ae9a75,2.21,#c7b587,3.62,#ae9a75,2.21,#907c5f,5.17,#78644c,3.72,#c38e5d,4.38,,Viscum,Viscum album
KW_T_423_24_0028L,KW_T_423_24_0028L.tif_segmented.png,1903241,3041,3763,#7a6a59,4.86,#f1e573,3.78,#a5875e,2.26,#bda884,2.2,#d9cca0,1.83,#f1e573,3.78,#dcc063,0.83,#d9cca0,1.83,#312d25,0.74,#bda884,2.2,#312d25,0.74,#bda884,2.2,#a5875e,2.26,#d9cca0,1.83,#7a6a59,4.86,#f1e573,3.78,#dcc063,0.83,#312d25,0.74,#d9cca0,1.83,#7a6a59,4.86,#312d25,0.74,#bda884,2.2,#a5875e,2.26,#d9cca0,1.83,#7a6a59,4.86,,Phalaris,Phalaris minor
KW_T_423_24_0030L,KW_T_423_24_0030L.tif_segmented.png,1294156,3041,3755,#d3c7a0,2.14,#a2937c,2.0,#897d67,1.68,#b9ad90,1.56,#766152,1.42,#d3c7a0,2.14,#2d2922,0.74,#b9ad90,1.56,#766152,1.42,#a2937c,2.0,#2d2922,0.74,#897d67,1.68,#766152,1.42,#a2937c,2.0,#b9ad90,1.56,#2d2922,0.74,#d3c7a0,2.14,#766152,1.42,#897d67,1.68,#b9ad90,1.56,#2d2922,0.74,#897d67,1.68,#766152,1.42,#a2937c,2.0,#b9ad90,1.56,,Aegagropila,Aegagropila linnaei
KW_T_423_24_0032L,KW_T_423_24_0032L.tif_segmented.png,857738,3046,3763,#b3b586,1.86,#bbb0ab,1.31,#919272,1.03,#312e24,0.58,,,#312e24,0.58,#b3b586,1.86,#bbb0ab,1.31,#919272,1.03,,,#312e24,0.58,#919272,1.03,#b3b586,1.86,#bbb0ab,1.31,,,#312e24,0.58,#b3b586,1.86,#919272,1.03,#bbb0ab,1.31,,,#312e24,0.58,#919272,1.03,#b3b586,1.86,#bbb0ab,1.31,,,,Aegagropila,Aegagropila linnaei
KW_T_423_24_0034L,KW_T_423_24_0034L.tif_segmented.png,1481521,3048,3763,#b1bc8a,3.45,#9daa74,2.83,#81815d,0.87,#cad585,0.86,#2e2a22,0.8,#cad585,0.86,#2e2a22,0.8,#b1bc8a,3.45,#9daa74,2.83,#81815d,0.87,#2e2a22,0.8,#81815d,0.87,#b1bc8a,3.45,#9daa74,2.83,#cad585,0.86,#cad585,0.86,#2e2a22,0.8,#b1bc8a,3.45,#81815d,0.87,#9daa74,2.83,#2e2a22,0.8,#81815d,0.87,#b1bc8a,3.45,#9daa74,2.83,#cad585,0.86,Cortinariaceae,Cortinarius,Cortinarius spec.
KW_T_423_24_0036L,KW_T_423_24_0036L.tif_segmented.png,2281578,3048,3755,#b6966a,5.05,#caa87a,4.95,#9e805a,3.63,#d7c298,2.41,#78644a,1.0,#d7c298,2.41,#caa87a,4.95,#b6966a,5.05,#322f25,0.69,#9e805a,3.63,#322f25,0.69,#78644a,1.0,#d7c298,2.41,#9e805a,3.63,#b6966a,5.05,#322f25,0.69,#caa87a,4.95,#d7c298,2.41,#b6966a,5.05,#78644a,1.0,#322f25,0.69,#78644a,1.0,#d7c298,2.41,#9e805a,3.63,#b6966a,5.05,,Amaranthus,Amaranthus viridis
KW_T_423_24_0038L,KW_T_423_24_0038L.tif_segmented.png,1734570,3050,3763,#735f44,5.53,#62513c,4.7,#a39979,1.82,#bcb290,1.81,#857e62,1.57,#62513c,4.7,#735f44,5.53,#bcb290,1.81,#a39979,1.82,#857e62,1.57,#a39979,1.82,#bcb290,1.81,#857e62,1.57,#735f44,5.53,#62513c,4.7,#857e62,1.57,#735f44,5.53,#bcb290,1.81,#a39979,1.82,#62513c,4.7,#a39979,1.82,#bcb290,1.81,#857e62,1.57,#735f44,5.53,#62513c,4.7,,Amaranthus,Amaranthus albus
KW_T_423_24_0040L,KW_T_423_24_0040L.tif_segmented.png,2231434,3048,3755,#8e9f63,6.43,#a6b470,5.19,#c2d07f,3.6,#788158,3.18,#cccaa2,2.2,#c2d07f,3.6,#a6b470,5.19,#cccaa2,2.2,#8e9f63,6.43,#788158,3.18,#788158,3.18,#8e9f63,6.43,#cccaa2,2.2,#a6b470,5.19,#c2d07f,3.6,#c2d07f,3.6,#cccaa2,2.2,#a6b470,5.19,#8e9f63,6.43,#788158,3.18,#788158,3.18,#8e9f63,6.43,#cccaa2,2.2,#a6b470,5.19,#c2d07f,3.6,,Festuca,Festuca angustata
KW_T_423_24_0041R,KW_T_423_24_0041R.tif_segmented.png,1569509,3045,3751,#849963,4.43,#bfcd81,2.79,#708159,2.66,#a1b36e,2.54,#2f2c24,0.65,#bfcd81,2.79,#a1b36e,2.54,#2f2c24,0.65,#849963,4.43,#708159,2.66,#2f2c24,0.65,#708159,2.66,#849963,4.43,#a1b36e,2.54,#bfcd81,2.79,#2f2c24,0.65,#bfcd81,2.79,#a1b36e,2.54,#849963,4.43,#708159,2.66,#2f2c24,0.65,#708159,2.66,#849963,4.43,#a1b36e,2.54,#bfcd81,2.79,,Dysphania,Dysphania ambrosioides
KW_T_423_24_0043L,KW_T_423_24_0043L.tif_segmented.png,933906,3001,3743,#1f1d18,1.98,#a6b173,1.65,#baaf9e,1.48,#8e8e66,1.43,#bfce84,0.97,#bfce84,0.97,#1f1d18,1.98,#a6b173,1.65,#6a5943,0.63,#baaf9e,1.48,#1f1d18,1.98,#6a5943,0.63,#8e8e66,1.43,#a6b173,1.65,#baaf9e,1.48,#1f1d18,1.98,#bfce84,0.97,#8e8e66,1.43,#a6b173,1.65,#6a5943,0.63,#1f1d18,1.98,#6a5943,0.63,#8e8e66,1.43,#a6b173,1.65,#baaf9e,1.48,,Thalictrum,Thalictrum minus
KW_T_423_24_0045L,KW_T_423_24_0045L.tif_segmented.png,1619771,3007,3735,#a2a77a,3.03,#b6bb8c,2.81,#cbc8ad,2.26,#8b9068,2.13,#201e18,1.65,#201e18,1.65,#b6bb8c,2.81,#cbc8ad,2.26,#796851,1.16,#a2a77a,3.03,#201e18,1.65,#796851,1.16,#8b9068,2.13,#a2a77a,3.03,#b6bb8c,2.81,#201e18,1.65,#b6bb8c,2.81,#796851,1.16,#8b9068,2.13,#a2a77a,3.03,#201e18,1.65,#796851,1.16,#8b9068,2.13,#a2a77a,3.03,#b6bb8c,2.81,Rosaceae,Rubus,Rubus plicatus
KW_T_423_24_0047L,KW_T_423_24_0047L.tif_segmented.png,2882788,3007,3743,#675843,5.45,#836d51,5.15,#9a855f,5.02,#b4a074,4.62,#c1b498,2.95,#d9c68b,2.12,#b4a074,4.62,#1e1d17,2.14,#675843,5.45,#c1b498,2.95,#1e1d17,2.14,#c1b498,2.95,#675843,5.45,#836d51,5.15,#9a855f,5.02,#1e1d17,2.14,#d9c68b,2.12,#b4a074,4.62,#836d51,5.15,#9a855f,5.02,#1e1d17,2.14,#c1b498,2.95,#675843,5.45,#836d51,5.15,#9a855f,5.02,Rosaceae,Rubus,Rubus sprengelii
KW_T_423_24_0049L,KW_T_423_24_0049L.tif_segmented.png,0,3015,3739,#2e2c25,0.51,#ac9b76,0.35,#c9bc98,0.24,#746345,0.24,,,#c9bc98,0.24,#746345,0.24,#ac9b76,0.35,#2e2c25,0.51,,,#2e2c25,0.51,#746345,0.24,#ac9b76,0.35,#c9bc98,0.24,,,#2e2c25,0.51,#746345,0.24,#ac9b76,0.35,#c9bc98,0.24,,,#2e2c25,0.51,#746345,0.24,#ac9b76,0.35,#c9bc98,0.24,,,Rosaceae,Rubus,Rubus nessensis
KW_T_423_24_0051L,KW_T_423_24_0051L.tif_segmented.png,629369,3017,3739,#99a06e,1.55,#b2b586,1.2,#c9c79a,0.96,#2e2b23,0.7,#777758,0.6,#c9c79a,0.96,#2e2b23,0.7,#b2b586,1.2,#99a06e,1.55,#777758,0.6,#2e2b23,0.7,#777758,0.6,#99a06e,1.55,#b2b586,1.2,#c9c79a,0.96,#2e2b23,0.7,#c9c79a,0.96,#b2b586,1.2,#777758,0.6,#99a06e,1.55,#2e2b23,0.7,#777758,0.6,#99a06e,1.55,#b2b586,1.2,#c9c79a,0.96,Rosaceae,Rubus,Rubus cf. vestitus
KW_T_423_24_0053L,KW_T_423_24_0053L.tif_segmented.png,1490927,3021,3751,#cfc4a3,2.89,#bcb191,2.51,#a59b7d,1.7,#6d634f,1.47,#2c2922,0.95,#cfc4a3,2.89,#2c2922,0.95,#bcb191,2.51,#a59b7d,1.7,#6d634f,1.47,#2c2922,0.95,#897e65,0.89,#6d634f,1.47,#a59b7d,1.7,#bcb191,2.51,#2c2922,0.95,#6d634f,1.47,#cfc4a3,2.89,#897e65,0.89,#bcb191,2.51,#2c2922,0.95,#897e65,0.89,#6d634f,1.47,#a59b7d,1.7,#bcb191,2.51,Rosaceae,Rubus,Rubus saltuum
KW_T_423_24_0055L,KW_T_423_24_0055L.tif_segmented.png,2581197,3023,3739,#8a6e4c,8.44,#786245,6.29,#d7cdb0,4.41,#997f5a,3.75,#c0b493,2.69,#d7cdb0,4.41,#423324,0.7,#8a6e4c,8.44,#786245,6.29,#c0b493,2.69,#423324,0.7,#c0b493,2.69,#ae9e78,2.48,#997f5a,3.75,#8a6e4c,8.44,#423324,0.7,#ae9e78,2.48,#d7cdb0,4.41,#786245,6.29,#c0b493,2.69,#423324,0.7,#c0b493,2.69,#ae9e78,2.48,#997f5a,3.75,#8a6e4c,8.44,Rosaceae,Rubus,Rubus gratus
KW_T_423_24_0055R,KW_T_423_24_0055R.tif_segmented.png,3047685,3021,3739,#917451,9.16,#7f6748,6.67,#d4c9aa,4.26,#746f5e,2.95,#8c8670,2.9,#d4c9aa,4.26,#382c1e,0.76,#917451,9.16,#7f6748,6.67,#aa9367,2.45,#382c1e,0.76,#b8ac8b,2.23,#8c8670,2.9,#746f5e,2.95,#aa9367,2.45,#382c1e,0.76,#aa9367,2.45,#d4c9aa,4.26,#b8ac8b,2.23,#746f5e,2.95,#382c1e,0.76,#b8ac8b,2.23,#8c8670,2.9,#746f5e,2.95,#aa9367,2.45,Rosaceae,Rubus,Rubus cf. schipperi
KW_T_423_24_0058L,KW_T_423_24_0058L.tif_segmented.png,3051299,3025,3747,#909b70,6.77,#808966,6.2,#a4ad7e,5.28,#6e7058,4.23,#bbc390,3.55,#bbc390,3.55,#2e2a23,0.89,#a4ad7e,5.28,#909b70,6.77,#808966,6.2,#2e2a23,0.89,#bbc390,3.55,#6e7058,4.23,#a4ad7e,5.28,#909b70,6.77,#2e2a23,0.89,#bbc390,3.55,#808966,6.2,#6e7058,4.23,#a4ad7e,5.28,#2e2a23,0.89,#bbc390,3.55,#6e7058,4.23,#a4ad7e,5.28,#909b70,6.77,Asteraceae,Crepis,Crepis setosa
KW_T_423_24_0060L,KW_T_423_24_0060L.tif_segmented.png,3699085,3025,3743,#8f9869,8.84,#818961,7.75,#9da675,4.9,#717757,4.19,#babb96,2.15,#8f9869,8.84,#babb96,2.15,#9da675,4.9,#605146,0.76,#818961,7.75,#605146,0.76,#babb96,2.15,#9da675,4.9,#717757,4.19,#818961,7.75,#babb96,2.15,#8f9869,8.84,#818961,7.75,#717757,4.19,#9da675,4.9,#605146,0.76,#babb96,2.15,#9da675,4.9,#717757,4.19,#818961,7.75,,Gypsophila,Gypsophila muralis
KW_T_423_24_0062L,KW_T_423_24_0062L.tif_segmented.png,1050390,3029,3743,#bcb99a,2.13,#a4a68b,1.92,#929478,1.51,#847c64,0.95,#69604d,0.79,#bcb99a,2.13,#69604d,0.79,#a4a68b,1.92,#847c64,0.95,#929478,1.51,#929478,1.51,#847c64,0.95,#a4a68b,1.92,#69604d,0.79,#bcb99a,2.13,#a4a68b,1.92,#929478,1.51,#69604d,0.79,#847c64,0.95,#bcb99a,2.13,#929478,1.51,#847c64,0.95,#a4a68b,1.92,#69604d,0.79,#bcb99a,2.13,,Mitrophora,Mitrophora semilibera
KW_T_423_24_0064L,KW_T_423_24_0064L.tif_segmented.png,1668306,3035,3775,#bba88b,3.16,#cebc9f,2.78,#a59377,2.65,#928067,2.54,#7d6b57,2.09,#cebc9f,2.78,#bba88b,3.16,#a59377,2.65,#7d6b57,2.09,#635c4a,1.27,#635c4a,1.27,#7d6b57,2.09,#bba88b,3.16,#928067,2.54,#a59377,2.65,#7d6b57,2.09,#635c4a,1.27,#bba88b,3.16,#928067,2.54,#cebc9f,2.78,#635c4a,1.27,#7d6b57,2.09,#bba88b,3.16,#928067,2.54,#a59377,2.65,,Pulmonaria,Pulmonaria longifolia
KW_T_423_24_0066L,KW_T_423_24_0066L.tif_segmented.png,919161,3029,3747,#bfaf8f,1.48,#312d24,0.56,#9d8e74,0.55,#766b58,0.54,,,#bfaf8f,1.48,#312d24,0.56,#9d8e74,0.55,#766b58,0.54,,,#312d24,0.56,#766b58,0.54,#9d8e74,0.55,#bfaf8f,1.48,,,#312d24,0.56,#766b58,0.54,#bfaf8f,1.48,#9d8e74,0.55,,,#312d24,0.56,#766b58,0.54,#9d8e74,0.55,#bfaf8f,1.48,,,Salicaceae,Salix,Salix daphnoides
KW_T_423_24_0068L,KW_T_423_24_0068L.tif_segmented.png,3211439,3031,3739,#646d53,11.63,#777f5f,4.65,#939773,3.81,#aab384,3.6,#c3c49c,2.47,#c3c49c,2.47,#aab384,3.6,#646d53,11.63,#483e3d,0.84,#777f5f,4.65,#483e3d,0.84,#c3c49c,2.47,#aab384,3.6,#939773,3.81,#777f5f,4.65,#483e3d,0.84,#c3c49c,2.47,#939773,3.81,#aab384,3.6,#777f5f,4.65,#483e3d,0.84,#c3c49c,2.47,#aab384,3.6,#939773,3.81,#777f5f,4.65,Salicaceae,Salix,Salix acutifolia
KW_T_423_24_0071L,KW_T_423_24_0071L.tif_segmented.png,947423,3035,3751,#b3b18c,1.99,#c9c7a4,1.82,#9a9c76,1.55,#2a2721,0.83,#726a57,0.31,#c9c7a4,1.82,#2a2721,0.83,#b3b18c,1.99,#9a9c76,1.55,#726a57,0.31,#2a2721,0.83,#726a57,0.31,#9a9c76,1.55,#b3b18c,1.99,#c9c7a4,1.82,#2a2721,0.83,#b3b18c,1.99,#9a9c76,1.55,#c9c7a4,1.82,#726a57,0.31,#2a2721,0.83,#726a57,0.31,#9a9c76,1.55,#b3b18c,1.99,#c9c7a4,1.82,Fabaceae,Trifolium,Trifolium aureum
KW_T_423_24_0073L,KW_T_423_24_0073L.tif_segmented.png,1420377,3037,3751,#a1a678,3.33,#b5b788,3.25,#8c906a,2.58,#76765b,1.48,#e9df60,0.56,#e9df60,0.56,#b5b788,3.25,#a1a678,3.33,#76765b,1.48,#8c906a,2.58,#76765b,1.48,#8c906a,2.58,#a1a678,3.33,#b5b788,3.25,#e9df60,0.56,#e9df60,0.56,#b5b788,3.25,#8c906a,2.58,#76765b,1.48,#a1a678,3.33,#76765b,1.48,#8c906a,2.58,#a1a678,3.33,#b5b788,3.25,#e9df60,0.56,Gomphidiaceae ,Gomphidius,Gomphidius glutinosus
KW_T_423_24_0075L,KW_T_423_24_0075L.tif_segmented.png,1359899,3039,3755,#847353,3.16,#998f65,2.4,#adac7e,2.26,#645c4b,1.66,#c7c69e,1.42,#c7c69e,1.42,#2b2820,0.61,#adac7e,2.26,#847353,3.16,#998f65,2.4,#2b2820,0.61,#645c4b,1.66,#847353,3.16,#adac7e,2.26,#c7c69e,1.42,#2b2820,0.61,#c7c69e,1.42,#adac7e,2.26,#998f65,2.4,#645c4b,1.66,#2b2820,0.61,#645c4b,1.66,#847353,3.16,#adac7e,2.26,#c7c69e,1.42,,Taphrina,Taphrina rhizophora
KW_T_423_24_0077L,KW_T_423_24_0077L.tif_segmented.png,2565330,3039,3747,#78664e,3.57,#8d7a5e,3.18,#b6a684,2.83,#a2916f,2.79,#c9bb99,2.45,#c9bb99,2.45,#b6a684,2.83,#635440,2.42,#78664e,3.57,#a2916f,2.79,#b6a684,2.83,#a2916f,2.79,#8d7a5e,3.18,#635440,2.42,#78664e,3.57,#78664e,3.57,#b6a684,2.83,#c9bb99,2.45,#a2916f,2.79,#8d7a5e,3.18,#b6a684,2.83,#a2916f,2.79,#8d7a5e,3.18,#635440,2.42,#78664e,3.57,,Legousia,Legousia hybrida
KW_T_423_24_0079L,KW_T_423_24_0079L.tif_segmented.png,2603485,3035,3743,#9ca675,6.09,#aab684,4.87,#8d966c,4.57,#bcc693,2.37,#79805f,1.9,#bcc693,2.37,#aab684,4.87,#9ca675,6.09,#8d966c,4.57,#79805f,1.9,#79805f,1.9,#bcc693,2.37,#aab684,4.87,#8d966c,4.57,#9ca675,6.09,#bcc693,2.37,#aab684,4.87,#8d966c,4.57,#79805f,1.9,#9ca675,6.09,#79805f,1.9,#bcc693,2.37,#aab684,4.87,#8d966c,4.57,#9ca675,6.09,,Cornus,Cornus suecica
KW_T_423_24_0081L,KW_T_423_24_0081L.tif_segmented.png,3464297,3023,3755,#808967,7.66,#73785c,5.28,#656a50,4.61,#939973,4.0,#cfcdae,3.07,#cfcdae,3.07,#2e2a22,0.65,#b5b78b,2.46,#808967,7.66,#656a50,4.61,#2e2a22,0.65,#b5b78b,2.46,#939973,4.0,#808967,7.66,#73785c,5.28,#2e2a22,0.65,#b5b78b,2.46,#cfcdae,3.07,#939973,4.0,#73785c,5.28,#2e2a22,0.65,#b5b78b,2.46,#939973,4.0,#808967,7.66,#73785c,5.28,Amanitaceae,Amanita,Amanita gemmata
KW_T_423_24_0084L,KW_T_423_24_0084L.tif_segmented.png,3846754,3027,3755,#6d6950,7.71,#898562,5.58,#976643,5.29,#78543c,4.05,#be754d,3.44,#d58e62,2.24,#be754d,3.44,#976643,5.29,#78543c,4.05,#d0c8ae,3.15,#d58e62,2.24,#a8a579,2.69,#be754d,3.44,#898562,5.58,#78543c,4.05,#d58e62,2.24,#be754d,3.44,#a8a579,2.69,#898562,5.58,#6d6950,7.71,#d58e62,2.24,#a8a579,2.69,#be754d,3.44,#898562,5.58,#78543c,4.05,,Craterellus,Craterellus cornucopioides
KW_T_423_24_0086L,KW_T_423_24_0086L.tif_segmented.png,1193613,3029,3747,#76614a,3.43,#60513f,2.9,#90785e,1.9,#bfa988,1.18,#312e25,0.51,#bfa988,1.18,#76614a,3.43,#60513f,2.9,#90785e,1.9,#312e25,0.51,#312e25,0.51,#bfa988,1.18,#90785e,1.9,#60513f,2.9,#76614a,3.43,#312e25,0.51,#bfa988,1.18,#76614a,3.43,#60513f,2.9,#90785e,1.9,#312e25,0.51,#bfa988,1.18,#90785e,1.9,#60513f,2.9,#76614a,3.43,,Taphrina,Taphrina johansonii
KW_T_423_24_0088L,KW_T_423_24_0088L.tif_segmented.png,2129139,3033,3751,#997852,4.63,#b08e60,4.31,#7e6447,3.96,#604e3c,2.97,#bfaf86,1.72,#b08e60,4.31,#bfaf86,1.72,#997852,4.63,#604e3c,2.97,#7e6447,3.96,#bfaf86,1.72,#7e6447,3.96,#b08e60,4.31,#604e3c,2.97,#997852,4.63,#bfaf86,1.72,#b08e60,4.31,#997852,4.63,#7e6447,3.96,#604e3c,2.97,#bfaf86,1.72,#7e6447,3.96,#b08e60,4.31,#604e3c,2.97,#997852,4.63,,Plantago,Plantago arenaria 
KW_T_423_24_0091L,KW_T_423_24_0091L.tif_segmented.png,1165666,3039,3763,#888c64,1.91,#a4a67a,1.87,#bdbf95,1.52,#717253,1.48,#302c25,0.48,#bdbf95,1.52,#302c25,0.48,#a4a67a,1.87,#717253,1.48,#888c64,1.91,#302c25,0.48,#a4a67a,1.87,#717253,1.48,#888c64,1.91,#bdbf95,1.52,#302c25,0.48,#bdbf95,1.52,#a4a67a,1.87,#888c64,1.91,#717253,1.48,#302c25,0.48,#a4a67a,1.87,#717253,1.48,#888c64,1.91,#bdbf95,1.52,,Schoenoplectus,Schoenoplectus tabernaemontani x triqueter
KW_T_423_24_0093L,KW_T_423_24_0093L.tif_segmented.png,770231,3037,3755,#b5b690,1.88,#9c9d78,1.37,#80785f,0.52,#343026,0.51,,,#343026,0.51,#b5b690,1.88,#9c9d78,1.37,#80785f,0.52,,,#343026,0.51,#80785f,0.52,#9c9d78,1.37,#b5b690,1.88,,,#343026,0.51,#b5b690,1.88,#9c9d78,1.37,#80785f,0.52,,,#343026,0.51,#80785f,0.52,#9c9d78,1.37,#b5b690,1.88,,,Cortinariaceae,Cortinarius,Cortinarius pholideus
KW_T_423_24_0095L,KW_T_423_24_0095L.tif_segmented.png,1419919,3037,3755,#aa8556,2.87,#8b6d4d,2.19,#c59c60,2.0,#5e4a3b,1.64,#d1bb8c,1.58,#c59c60,2.0,#d1bb8c,1.58,#aa8556,2.87,#5e4a3b,1.64,#8b6d4d,2.19,#b3a182,1.19,#d1bb8c,1.58,#8b6d4d,2.19,#5e4a3b,1.64,#aa8556,2.87,#c59c60,2.0,#d1bb8c,1.58,#aa8556,2.87,#b3a182,1.19,#8b6d4d,2.19,#b3a182,1.19,#d1bb8c,1.58,#8b6d4d,2.19,#5e4a3b,1.64,#aa8556,2.87,Clitocybaceae,Clitocybe,Clitocybe connata
KW_T_423_24_0097L,KW_T_423_24_0097L.tif_segmented.png,1134157,3050,3767,#604e3a,3.54,#b8b49d,1.85,#a29d88,1.64,#74644c,1.54,#8b8069,1.38,#604e3a,3.54,#2c2920,0.69,#b8b49d,1.85,#74644c,1.54,#a29d88,1.64,#2c2920,0.69,#8b8069,1.38,#a29d88,1.64,#b8b49d,1.85,#74644c,1.54,#2c2920,0.69,#74644c,1.54,#a29d88,1.64,#8b8069,1.38,#b8b49d,1.85,#2c2920,0.69,#8b8069,1.38,#a29d88,1.64,#b8b49d,1.85,#74644c,1.54,Asteraceae,Cirsium,Cirsium arvense (afwijkende vorm)
KW_T_423_24_0099L,KW_T_423_24_0099L.tif_segmented.png,2290447,3007,3787,#796c55,4.51,#655a47,3.21,#8c7f65,2.91,#bcb298,2.36,#a2977c,2.06,#bcb298,2.36,#2b2822,1.13,#655a47,3.21,#796c55,4.51,#a2977c,2.06,#2b2822,1.13,#bcb298,2.36,#a2977c,2.06,#8c7f65,2.91,#796c55,4.51,#2b2822,1.13,#796c55,4.51,#655a47,3.21,#8c7f65,2.91,#a2977c,2.06,#2b2822,1.13,#bcb298,2.36,#a2977c,2.06,#8c7f65,2.91,#796c55,4.51,,Rumex,Rumex triangulivalvis
KW_T_423_24_0101L,KW_T_423_24_0101L.tif_segmented.png,2505150,3011,3747,#838259,4.5,#94985f,4.44,#bcba92,3.27,#a9ac74,2.95,#6f6b4d,2.93,#bcba92,3.27,#a9ac74,2.95,#94985f,4.44,#6f6b4d,2.93,#838259,4.5,#9d947e,1.82,#bcba92,3.27,#6f6b4d,2.93,#838259,4.5,#a9ac74,2.95,#bcba92,3.27,#94985f,4.44,#a9ac74,2.95,#838259,4.5,#6f6b4d,2.93,#9d947e,1.82,#bcba92,3.27,#6f6b4d,2.93,#838259,4.5,#a9ac74,2.95,,Medicago,Medicago falcata
KW_T_423_24_0103L,KW_T_423_24_0103L.tif_segmented.png,756733,3013,3743,#afad89,1.57,#c4c19e,1.2,#959575,0.89,#312c25,0.58,#6e6650,0.25,#c4c19e,1.2,#312c25,0.58,#afad89,1.57,#6e6650,0.25,#959575,0.89,#312c25,0.58,#6e6650,0.25,#959575,0.89,#afad89,1.57,#c4c19e,1.2,#312c25,0.58,#afad89,1.57,#959575,0.89,#c4c19e,1.2,#6e6650,0.25,#312c25,0.58,#6e6650,0.25,#959575,0.89,#afad89,1.57,#c4c19e,1.2,,Cantharellula,Cantharellula umbonata
KW_T_423_24_0105L,KW_T_423_24_0105L.tif_segmented.png,1006262,3017,3747,#a79f77,2.88,#6d6e55,2.74,#878665,2.42,#c1b58f,1.99,#e0d565,0.93,#e0d565,0.93,#c1b58f,1.99,#2d2a22,0.71,#a79f77,2.88,#6d6e55,2.74,#2d2a22,0.71,#c1b58f,1.99,#a79f77,2.88,#878665,2.42,#6d6e55,2.74,#e0d565,0.93,#2d2a22,0.71,#a79f77,2.88,#878665,2.42,#c1b58f,1.99,#2d2a22,0.71,#c1b58f,1.99,#a79f77,2.88,#878665,2.42,#6d6e55,2.74,,Suillus,Suillus cavipes
KW_T_423_24_0107L,KW_T_423_24_0107L.tif_segmented.png,1561706,3019,3743,#746045,2.98,#8f7756,2.38,#a88e69,2.08,#cabb9a,1.75,#bea67d,1.65,#cabb9a,1.75,#bea67d,1.65,#574735,1.59,#746045,2.98,#a88e69,2.08,#cabb9a,1.75,#bea67d,1.65,#a88e69,2.08,#574735,1.59,#8f7756,2.38,#bea67d,1.65,#746045,2.98,#a88e69,2.08,#cabb9a,1.75,#574735,1.59,#cabb9a,1.75,#bea67d,1.65,#a88e69,2.08,#574735,1.59,#8f7756,2.38,Salicaceae,Salix,Salix purpurea x repens
KW_T_423_24_0109L,KW_T_423_24_0109L.tif_segmented.png,1542873,3019,3743,#664736,3.56,#7d6147,3.46,#4e332b,3.32,#977f60,2.27,#baad90,1.3,#4e332b,3.32,#664736,3.56,#baad90,1.3,#7d6147,3.46,#977f60,2.27,#baad90,1.3,#977f60,2.27,#7d6147,3.46,#4e332b,3.32,#664736,3.56,#4e332b,3.32,#7d6147,3.46,#baad90,1.3,#664736,3.56,#977f60,2.27,#baad90,1.3,#977f60,2.27,#7d6147,3.46,#4e332b,3.32,#664736,3.56,Salicaceae,Salix,Salix purpurea x repens
KW_T_423_24_0111L,KW_T_423_24_0111L.tif_segmented.png,3698054,3025,3743,#939267,7.85,#82805d,7.11,#a2a373,5.51,#6f6d53,4.25,#b8b596,3.41,#322e27,0.66,#a2a373,5.51,#b8b596,3.41,#939267,7.85,#82805d,7.11,#322e27,0.66,#b8b596,3.41,#6f6d53,4.25,#82805d,7.11,#a2a373,5.51,#322e27,0.66,#939267,7.85,#82805d,7.11,#a2a373,5.51,#b8b596,3.41,#322e27,0.66,#b8b596,3.41,#6f6d53,4.25,#82805d,7.11,#a2a373,5.51,,Alopecurus,Alopecurus aequalis
KW_T_423_24_0113L,KW_T_423_24_0113L.tif_segmented.png,683064,3025,3743,#beba92,2.01,#a6a876,1.66,#8d8b63,0.93,#29261f,0.65,#5c5443,0.22,#beba92,2.01,#29261f,0.65,#a6a876,1.66,#5c5443,0.22,#8d8b63,0.93,#29261f,0.65,#5c5443,0.22,#8d8b63,0.93,#beba92,2.01,#a6a876,1.66,#29261f,0.65,#beba92,2.01,#8d8b63,0.93,#a6a876,1.66,#5c5443,0.22,#29261f,0.65,#5c5443,0.22,#8d8b63,0.93,#beba92,2.01,#a6a876,1.66,,Mensularia,Mensularia radiata
KW_T_423_24_0115L,KW_T_423_24_0115L.tif_segmented.png,1984785,3029,3747,#cbbd97,2.76,#b6a580,2.75,#897458,2.51,#a18e6a,2.38,#6c5c46,1.98,#cbbd97,2.76,#b6a580,2.75,#312e25,0.64,#6c5c46,1.98,#a18e6a,2.38,#312e25,0.64,#b6a580,2.75,#cbbd97,2.76,#a18e6a,2.38,#897458,2.51,#312e25,0.64,#b6a580,2.75,#cbbd97,2.76,#a18e6a,2.38,#6c5c46,1.98,#312e25,0.64,#b6a580,2.75,#cbbd97,2.76,#a18e6a,2.38,#897458,2.51,,Lepista,Lepista nuda
KW_T_423_24_0117L,KW_T_423_24_0117L.tif_segmented.png,1197321,3031,3751,#766f54,2.93,#8d8567,2.32,#a39978,2.16,#605b46,1.74,#bab090,1.57,#bab090,1.57,#2e2b24,0.62,#a39978,2.16,#766f54,2.93,#605b46,1.74,#2e2b24,0.62,#bab090,1.57,#a39978,2.16,#605b46,1.74,#766f54,2.93,#2e2b24,0.62,#766f54,2.93,#8d8567,2.32,#605b46,1.74,#a39978,2.16,#2e2b24,0.62,#bab090,1.57,#a39978,2.16,#605b46,1.74,#766f54,2.93,,Vicia,Vicia lutea
KW_T_423_24_0119L,KW_T_423_24_0119L.tif_segmented.png,3307062,3031,3747,#b79e77,6.19,#a08865,5.78,#cbb48d,5.57,#877055,4.57,#695a45,4.46,#cbb48d,5.57,#d8ccaf,4.26,#b79e77,6.19,#695a45,4.46,#a08865,5.78,#cbb48d,5.57,#a08865,5.78,#b79e77,6.19,#877055,4.57,#695a45,4.46,#b79e77,6.19,#cbb48d,5.57,#d8ccaf,4.26,#877055,4.57,#695a45,4.46,#cbb48d,5.57,#a08865,5.78,#b79e77,6.19,#877055,4.57,#695a45,4.46,,Vicia,Vicia villosa
KW_T_423_24_0121L,KW_T_423_24_0121L.tif_segmented.png,2483039,3031,3747,#a1a270,4.84,#908e65,4.19,#afb07f,3.87,#797555,2.31,#c2bb9e,2.12,#332f26,0.6,#afb07f,3.87,#c2bb9e,2.12,#a1a270,4.84,#908e65,4.19,#332f26,0.6,#c2bb9e,2.12,#797555,2.31,#908e65,4.19,#afb07f,3.87,#332f26,0.6,#908e65,4.19,#afb07f,3.87,#797555,2.31,#a1a270,4.84,#332f26,0.6,#c2bb9e,2.12,#797555,2.31,#908e65,4.19,#afb07f,3.87,,Lathyrus,Lathyrus hirsutus
KW_T_423_24_0124L,KW_T_423_24_0124L.tif_segmented.png,1677262,3031,3751,#a7a974,3.51,#979465,3.11,#b9ba88,2.51,#817f59,1.9,#ceb169,0.82,#ceb169,0.82,#322e26,0.62,#b9ba88,2.51,#a7a974,3.51,#979465,3.11,#322e26,0.62,#ceb169,0.82,#817f59,1.9,#979465,3.11,#b9ba88,2.51,#ceb169,0.82,#322e26,0.62,#b9ba88,2.51,#979465,3.11,#a7a974,3.51,#322e26,0.62,#ceb169,0.82,#817f59,1.9,#979465,3.11,#b9ba88,2.51,Hydnaceae,Cantharellus,Cantharellus tubaeformis
KW_T_423_24_0126L,KW_T_423_24_0126L.tif_segmented.png,909721,3033,3739,#d1c298,2.67,#bfac84,2.13,#af8e65,1.36,#2e2b22,0.71,#847456,0.69,#d1c298,2.67,#bfac84,2.13,#2e2b22,0.71,#af8e65,1.36,#847456,0.69,#2e2b22,0.71,#847456,0.69,#af8e65,1.36,#bfac84,2.13,#d1c298,2.67,#2e2b22,0.71,#d1c298,2.67,#bfac84,2.13,#af8e65,1.36,#847456,0.69,#2e2b22,0.71,#847456,0.69,#af8e65,1.36,#bfac84,2.13,#d1c298,2.67,,Sarcodon,Sarcodon squamosus
KW_T_423_24_0128L,KW_T_423_24_0128L.tif_segmented.png,1528529,3035,3743,#d19b57,3.06,#e1ba63,2.9,#a1916c,1.74,#625441,1.65,#c0b58c,1.65,#e1ba63,2.9,#d19b57,3.06,#c0b58c,1.65,#625441,1.65,#867155,1.32,#a1916c,1.74,#867155,1.32,#625441,1.65,#c0b58c,1.65,#d19b57,3.06,#e1ba63,2.9,#d19b57,3.06,#c0b58c,1.65,#a1916c,1.74,#867155,1.32,#a1916c,1.74,#867155,1.32,#625441,1.65,#c0b58c,1.65,#d19b57,3.06,,Oxybasis,Oxybasis glauca
KW_T_423_24_0130L,KW_T_423_24_0130L.tif_segmented.png,1157973,3035,3739,#645946,1.99,#7b6d56,1.79,#beb49d,1.75,#908067,1.66,#a79a81,1.44,#beb49d,1.75,#322e25,0.5,#645946,1.99,#a79a81,1.44,#7b6d56,1.79,#322e25,0.5,#a79a81,1.44,#645946,1.99,#908067,1.66,#7b6d56,1.79,#322e25,0.5,#7b6d56,1.79,#645946,1.99,#908067,1.66,#a79a81,1.44,#322e25,0.5,#a79a81,1.44,#645946,1.99,#908067,1.66,#7b6d56,1.79,Rosaceae,Rubus,Rubus umbrosus
KW_T_423_24_0133L,KW_T_423_24_0133L.tif_segmented.png,4434792,3033,3747,#8d9163,10.65,#7b7f5b,10.41,#9ea465,6.32,#6c664f,5.09,#bfbc8e,2.42,#9ea465,6.32,#bfbc8e,2.42,#8d9163,10.65,#7b7f5b,10.41,#6c664f,5.09,#bfbc8e,2.42,#a7a17e,2.17,#6c664f,5.09,#7b7f5b,10.41,#8d9163,10.65,#bfbc8e,2.42,#9ea465,6.32,#8d9163,10.65,#a7a17e,2.17,#6c664f,5.09,#bfbc8e,2.42,#a7a17e,2.17,#6c664f,5.09,#7b7f5b,10.41,#8d9163,10.65,Rosaceae,Rubus,Rubus geniculatus
KW_T_423_24_0135L,KW_T_423_24_0135L.tif_segmented.png,969643,3033,3739,#9f9f7d,2.29,#b8b594,1.94,#8b8669,1.58,#312d24,0.6,#706752,0.55,#312d24,0.6,#b8b594,1.94,#9f9f7d,2.29,#706752,0.55,#8b8669,1.58,#312d24,0.6,#706752,0.55,#8b8669,1.58,#9f9f7d,2.29,#b8b594,1.94,#312d24,0.6,#9f9f7d,2.29,#706752,0.55,#b8b594,1.94,#8b8669,1.58,#312d24,0.6,#706752,0.55,#8b8669,1.58,#9f9f7d,2.29,#b8b594,1.94,,Xerocomellus,Xerocomellus chrysenteron s.l. 
KW_T_423_24_0138L,KW_T_423_24_0138L.tif_segmented.png,510685,3021,3751,#8c8f6b,2.46,#a2a47e,2.07,#bdb998,1.68,#75765b,1.41,#2c2922,0.84,#2c2922,0.84,#bdb998,1.68,#a2a47e,2.07,#8c8f6b,2.46,#75765b,1.41,#2c2922,0.84,#75765b,1.41,#8c8f6b,2.46,#a2a47e,2.07,#bdb998,1.68,#2c2922,0.84,#8c8f6b,2.46,#a2a47e,2.07,#75765b,1.41,#bdb998,1.68,#2c2922,0.84,#75765b,1.41,#8c8f6b,2.46,#a2a47e,2.07,#bdb998,1.68,Cortinariaceae,Cortinarius,Cortinarius collinitus
KW_T_423_24_0140L,KW_T_423_24_0140L.tif_segmented.png,1212466,3023,3751,#a19e71,2.84,#d5ceb4,2.49,#bcba8d,2.3,#877f5e,1.8,#332f29,0.65,#dedc63,0.57,#d5ceb4,2.49,#332f29,0.65,#bcba8d,2.3,#a19e71,2.84,#332f29,0.65,#bcba8d,2.3,#877f5e,1.8,#a19e71,2.84,#dedc63,0.57,#dedc63,0.57,#332f29,0.65,#bcba8d,2.3,#a19e71,2.84,#877f5e,1.8,#332f29,0.65,#bcba8d,2.3,#877f5e,1.8,#a19e71,2.84,#dedc63,0.57,,Polypogon,Polypogon monspeliensis
KW_T_423_24_0142L,KW_T_423_24_0142L.tif_segmented.png,918313,3025,3771,#bbb5a0,1.68,#625a4b,1.36,#9e9885,1.09,#2c2a23,1.06,#7d7564,1.03,#bbb5a0,1.68,#2c2a23,1.06,#625a4b,1.36,#9e9885,1.09,#7d7564,1.03,#2c2a23,1.06,#7d7564,1.03,#625a4b,1.36,#9e9885,1.09,#bbb5a0,1.68,#2c2a23,1.06,#625a4b,1.36,#7d7564,1.03,#9e9885,1.09,#bbb5a0,1.68,#2c2a23,1.06,#7d7564,1.03,#625a4b,1.36,#9e9885,1.09,#bbb5a0,1.68,Rosaceae,Rubus,Rubus macrophyllus
KW_T_423_24_0144L,KW_T_423_24_0144L.tif_segmented.png,2993822,3033,3759,#7f8760,10.03,#9f996b,5.81,#b5b082,3.57,#746c4e,3.31,#977957,2.54,#b5b082,3.57,#977957,2.54,#2c2922,0.8,#7f8760,10.03,#9f996b,5.81,#2c2922,0.8,#977957,2.54,#b5b082,3.57,#746c4e,3.31,#9f996b,5.81,#2c2922,0.8,#b5b082,3.57,#9f996b,5.81,#746c4e,3.31,#7f8760,10.03,#2c2922,0.8,#977957,2.54,#b5b082,3.57,#746c4e,3.31,#9f996b,5.81,Rosaceae,Rubus,Rubus goniophorus
KW_T_423_24_0146L,KW_T_423_24_0146L.tif_segmented.png,376529,3031,3763,#2e2b24,0.87,#9c9d75,0.5,#7b7c5c,0.44,#bdb694,0.41,,,#2e2b24,0.87,#bdb694,0.41,#9c9d75,0.5,#7b7c5c,0.44,,,#2e2b24,0.87,#7b7c5c,0.44,#9c9d75,0.5,#bdb694,0.41,,,#2e2b24,0.87,#9c9d75,0.5,#7b7c5c,0.44,#bdb694,0.41,,,#2e2b24,0.87,#7b7c5c,0.44,#9c9d75,0.5,#bdb694,0.41,,,Rosaceae,Rubus,Rubus x umbelliformis
KW_T_423_24_0148L,KW_T_423_24_0148L.tif_segmented.png,1933750,3033,3751,#a09e6f,2.31,#bcc578,1.94,#b8b19c,1.78,#837c54,0.93,#353228,0.68,#bcc578,1.94,#353228,0.68,#837c54,0.93,#a09e6f,2.31,#b8b19c,1.78,#353228,0.68,#837c54,0.93,#a09e6f,2.31,#bcc578,1.94,#b8b19c,1.78,#bcc578,1.94,#353228,0.68,#a09e6f,2.31,#837c54,0.93,#b8b19c,1.78,#353228,0.68,#837c54,0.93,#a09e6f,2.31,#bcc578,1.94,#b8b19c,1.78,,Hydnellum,Hydnellum caeruleum
KW_T_423_24_0152L,KW_T_423_24_0152L.tif_segmented.png,925209,3033,3767,#50493d,2.38,#6a5f4b,2.19,#84745b,1.5,#2c2923,1.27,#c2b796,0.84,#c2b796,0.84,#2c2923,1.27,#a19476,0.74,#84745b,1.5,#6a5f4b,2.19,#2c2923,1.27,#a19476,0.74,#84745b,1.5,#50493d,2.38,#6a5f4b,2.19,#2c2923,1.27,#50493d,2.38,#6a5f4b,2.19,#84745b,1.5,#c2b796,0.84,#2c2923,1.27,#a19476,0.74,#84745b,1.5,#50493d,2.38,#6a5f4b,2.19,,Melilotus,Melilotus wolgicus
KW_T_423_24_0154L,KW_T_423_24_0154L.tif_segmented.png,2014251,3035,3763,#d7b473,3.97,#5b5445,3.85,#756a55,3.35,#b89f6c,2.68,#9a8761,2.19,#d7b473,3.97,#b89f6c,2.68,#c5b98e,1.33,#5b5445,3.85,#9a8761,2.19,#9a8761,2.19,#c5b98e,1.33,#756a55,3.35,#b89f6c,2.68,#5b5445,3.85,#d7b473,3.97,#b89f6c,2.68,#c5b98e,1.33,#756a55,3.35,#5b5445,3.85,#9a8761,2.19,#c5b98e,1.33,#756a55,3.35,#b89f6c,2.68,#5b5445,3.85,Rosaceae,Rubus,Rubus affinis
KW_T_423_24_0156L,KW_T_423_24_0156L.tif_segmented.png,1248965,3035,3767,#a7ab82,2.93,#949871,2.57,#bdbd98,2.24,#7f8061,1.14,#2c2923,0.88,#2c2923,0.88,#bdbd98,2.24,#a7ab82,2.93,#949871,2.57,#7f8061,1.14,#2c2923,0.88,#7f8061,1.14,#949871,2.57,#a7ab82,2.93,#bdbd98,2.24,#2c2923,0.88,#bdbd98,2.24,#949871,2.57,#a7ab82,2.93,#7f8061,1.14,#2c2923,0.88,#7f8061,1.14,#949871,2.57,#a7ab82,2.93,#bdbd98,2.24,Rosaceae,Rubus,Rubus gratus
KW_T_423_24_0158L,KW_T_423_24_0158L.tif_segmented.png,160252,3035,3767,#bcb48d,1.07,#2d2a24,0.87,#cdcd92,0.81,#a69d78,0.73,#89795e,0.38,#cdcd92,0.81,#2d2a24,0.87,#bcb48d,1.07,#a69d78,0.73,#89795e,0.38,#2d2a24,0.87,#89795e,0.38,#a69d78,0.73,#bcb48d,1.07,#cdcd92,0.81,#2d2a24,0.87,#cdcd92,0.81,#bcb48d,1.07,#a69d78,0.73,#89795e,0.38,#2d2a24,0.87,#89795e,0.38,#a69d78,0.73,#bcb48d,1.07,#cdcd92,0.81,,Peziza,Peziza spec.
KW_T_423_24_0160L,KW_T_423_24_0160L.tif_segmented.png,2353440,3035,3767,#878c67,6.24,#797e5f,4.5,#bcb889,2.18,#a79971,1.99,#6b6951,1.71,#bcb889,2.18,#947150,1.01,#a79971,1.99,#878c67,6.24,#797e5f,4.5,#947150,1.01,#bcb889,2.18,#a79971,1.99,#6b6951,1.71,#878c67,6.24,#bcb889,2.18,#a79971,1.99,#878c67,6.24,#797e5f,4.5,#6b6951,1.71,#947150,1.01,#bcb889,2.18,#a79971,1.99,#6b6951,1.71,#878c67,6.24,Inocybaceae,Inocybe,Inocybe spec.
KW_T_423_24_0162L,KW_T_423_24_0162L.tif_segmented.png,739630,3033,3751,#50463b,1.89,#716351,1.41,#292621,0.78,#bdad8d,0.77,#948368,0.72,#bdad8d,0.77,#292621,0.78,#948368,0.72,#50463b,1.89,#716351,1.41,#292621,0.78,#948368,0.72,#50463b,1.89,#716351,1.41,#bdad8d,0.77,#292621,0.78,#50463b,1.89,#716351,1.41,#bdad8d,0.77,#948368,0.72,#292621,0.78,#948368,0.72,#50463b,1.89,#716351,1.41,#bdad8d,0.77,Caryophyllaceae,Silene,Silene spec.
KW_T_423_24_0164L,KW_T_423_24_0164L.tif_segmented.png,801730,3033,3751,#98876a,2.17,#af9e7d,1.63,#c2b597,0.97,#312e27,0.69,#7c6a52,0.54,#c2b597,0.97,#312e27,0.69,#af9e7d,1.63,#7c6a52,0.54,#98876a,2.17,#312e27,0.69,#7c6a52,0.54,#af9e7d,1.63,#98876a,2.17,#c2b597,0.97,#312e27,0.69,#7c6a52,0.54,#af9e7d,1.63,#c2b597,0.97,#98876a,2.17,#312e27,0.69,#7c6a52,0.54,#af9e7d,1.63,#98876a,2.17,#c2b597,0.97,,Phalaris,Phalaris angusta
KW_T_423_24_0166L,KW_T_423_24_0166L.tif_segmented.png,2540278,3033,3751,#60533f,4.5,#76674c,4.16,#8d7c5b,3.46,#4a3f33,3.25,#a8976e,2.47,#c1b48d,1.69,#a8976e,2.47,#4a3f33,3.25,#60533f,4.5,#76674c,4.16,#c1b48d,1.69,#a8976e,2.47,#8d7c5b,3.46,#4a3f33,3.25,#76674c,4.16,#76674c,4.16,#4a3f33,3.25,#a8976e,2.47,#c1b48d,1.69,#8d7c5b,3.46,#c1b48d,1.69,#a8976e,2.47,#8d7c5b,3.46,#4a3f33,3.25,#76674c,4.16,,Alopecurus,Alopecurus geniculatus (afwijkende vorm)
KW_T_423_24_0169L,KW_T_423_24_0169L.tif_segmented.png,2565132,3031,3735,#959d75,7.04,#a2a97c,4.73,#878c68,2.77,#bbbf8c,1.97,#2a2721,0.73,#bbbf8c,1.97,#2a2721,0.73,#a2a97c,4.73,#959d75,7.04,#6e6a51,0.48,#2a2721,0.73,#6e6a51,0.48,#bbbf8c,1.97,#a2a97c,4.73,#959d75,7.04,#2a2721,0.73,#bbbf8c,1.97,#878c68,2.77,#959d75,7.04,#a2a97c,4.73,#2a2721,0.73,#6e6a51,0.48,#bbbf8c,1.97,#a2a97c,4.73,#959d75,7.04,,Phalaris,Phalaris angusta (afwijkende vorm)
KW_T_423_24_0171L,KW_T_423_24_0171L.tif_segmented.png,1449546,3029,3735,#9b9f6d,3.5,#aeb279,3.48,#c2c491,2.3,#87855b,1.61,#e3dd68,1.2,#e3dd68,1.2,#322e25,0.65,#c2c491,2.3,#aeb279,3.48,#9b9f6d,3.5,#322e25,0.65,#87855b,1.61,#9b9f6d,3.5,#c2c491,2.3,#aeb279,3.48,#e3dd68,1.2,#322e25,0.65,#c2c491,2.3,#aeb279,3.48,#87855b,1.61,#322e25,0.65,#87855b,1.61,#9b9f6d,3.5,#c2c491,2.3,#aeb279,3.48,,Moorochloa,Moorochloa eruciformis
KW_T_423_24_0174L,KW_T_423_24_0174L.tif_segmented.png,387551,3023,3743,#6c5d47,1.38,#857157,1.03,#2a2720,0.65,#b8ad8f,0.51,#9c8d6f,0.48,#b8ad8f,0.51,#2a2720,0.65,#6c5d47,1.38,#857157,1.03,#9c8d6f,0.48,#2a2720,0.65,#9c8d6f,0.48,#857157,1.03,#6c5d47,1.38,#b8ad8f,0.51,#2a2720,0.65,#857157,1.03,#6c5d47,1.38,#b8ad8f,0.51,#9c8d6f,0.48,#2a2720,0.65,#9c8d6f,0.48,#857157,1.03,#6c5d47,1.38,#b8ad8f,0.51,Inocybaceae,Inocybe,Inocybe adequata
KW_T_423_24_0176L,KW_T_423_24_0176L.tif_segmented.png,1889642,3019,3735,#d1c295,4.8,#c3b084,3.69,#ab966e,2.58,#937c59,1.65,#6b5c45,0.83,#d1c295,4.8,#c3b084,3.69,#2b2820,0.74,#ab966e,2.58,#937c59,1.65,#2b2820,0.74,#6b5c45,0.83,#937c59,1.65,#ab966e,2.58,#d1c295,4.8,#2b2820,0.74,#d1c295,4.8,#c3b084,3.69,#ab966e,2.58,#6b5c45,0.83,#2b2820,0.74,#6b5c45,0.83,#937c59,1.65,#ab966e,2.58,#d1c295,4.8,Rosaceae,Rubus,Rubus rubrumcadaver
KW_T_423_25_0008L,KW_T_423_25_0008L.tif_segmented.png,1487981,2980,3739,#c3b892,2.41,#b19e71,2.35,#9c825a,2.04,#7e6448,1.99,#e6d889,0.94,#e6d889,0.94,#d2b66c,0.92,#7e6448,1.99,#2d2a23,0.88,#c3b892,2.41,#2d2a23,0.88,#7e6448,1.99,#9c825a,2.04,#b19e71,2.35,#d2b66c,0.92,#e6d889,0.94,#d2b66c,0.92,#2d2a23,0.88,#b19e71,2.35,#c3b892,2.41,#2d2a23,0.88,#7e6448,1.99,#9c825a,2.04,#b19e71,2.35,#d2b66c,0.92,,Potentilla,Potentilla norvegica
KW_T_423_25_0010L,KW_T_423_25_0010L.tif_segmented.png,1498850,2988,3743,#c9bda1,3.54,#a2997b,3.0,#b5a98f,2.96,#8b7b65,1.23,#2d2a22,0.85,#c9bda1,3.54,#2d2a22,0.85,#b5a98f,2.96,#a2997b,3.0,#8b7b65,1.23,#2d2a22,0.85,#8b7b65,1.23,#a2997b,3.0,#b5a98f,2.96,#c9bda1,3.54,#2d2a22,0.85,#a2997b,3.0,#8b7b65,1.23,#b5a98f,2.96,#c9bda1,3.54,#2d2a22,0.85,#8b7b65,1.23,#a2997b,3.0,#b5a98f,2.96,#c9bda1,3.54,,Centaurea,Centaurea melitensis
KW_T_423_25_0012L,KW_T_423_25_0012L.tif_segmented.png,3382030,3003,3767,#655a46,8.05,#756951,6.22,#5a4c3a,5.74,#8b7b5b,4.76,#9d9274,2.26,#bea761,1.02,#c7bb9b,2.13,#5a4c3a,5.74,#655a46,8.05,#756951,6.22,#bea761,1.02,#c7bb9b,2.13,#9d9274,2.26,#8b7b5b,4.76,#756951,6.22,#bea761,1.02,#756951,6.22,#655a46,8.05,#8b7b5b,4.76,#c7bb9b,2.13,#bea761,1.02,#c7bb9b,2.13,#9d9274,2.26,#8b7b5b,4.76,#756951,6.22,,Hypholoma,Hypholoma lateritium
KW_T_423_25_0015L,KW_T_423_25_0015L.tif_segmented.png,959469,3009,3751,#c6bc9e,2.29,#aba485,0.97,#2d2924,0.8,#6b5d4a,0.49,#8d8464,0.33,#c6bc9e,2.29,#2d2924,0.8,#6b5d4a,0.49,#aba485,0.97,#8d8464,0.33,#2d2924,0.8,#6b5d4a,0.49,#8d8464,0.33,#aba485,0.97,#c6bc9e,2.29,#2d2924,0.8,#aba485,0.97,#8d8464,0.33,#6b5d4a,0.49,#c6bc9e,2.29,#2d2924,0.8,#6b5d4a,0.49,#8d8464,0.33,#aba485,0.97,#c6bc9e,2.29,,Hypholoma,Hypholoma spec.
KW_T_423_25_0018L,KW_T_423_25_0018L.tif_segmented.png,526131,3021,3755,#d5c9a6,1.8,#b6a061,1.57,#cebd6d,1.21,#b9ab87,1.15,#938261,0.85,#cebd6d,1.21,#d5c9a6,1.8,#b6a061,1.57,#2d2a23,0.71,#b9ab87,1.15,#2d2a23,0.71,#938261,0.85,#b9ab87,1.15,#b6a061,1.57,#cebd6d,1.21,#cebd6d,1.21,#2d2a23,0.71,#b6a061,1.57,#d5c9a6,1.8,#b9ab87,1.15,#2d2a23,0.71,#938261,0.85,#b9ab87,1.15,#b6a061,1.57,#cebd6d,1.21,Orobanchaceae,Orobanche,Orobanche hederae
KW_T_423_25_0020L,KW_T_423_25_0020L.tif_segmented.png,2366794,3023,3771,#a3a879,6.45,#97976c,5.28,#878361,3.04,#746e52,2.17,#c1bb8a,1.81,#c1bb8a,1.81,#2c2922,0.91,#a3a879,6.45,#97976c,5.28,#746e52,2.17,#2c2922,0.91,#746e52,2.17,#878361,3.04,#97976c,5.28,#a3a879,6.45,#2c2922,0.91,#c1bb8a,1.81,#97976c,5.28,#878361,3.04,#746e52,2.17,#2c2922,0.91,#746e52,2.17,#878361,3.04,#97976c,5.28,#a3a879,6.45,,Malcolmia,Malcolmia flexuosa
KW_T_423_25_0022L,KW_T_423_25_0022L.tif_segmented.png,59789,3029,3779,#a7a98b,4.44,#959678,3.25,#857d60,2.79,#c1bea0,2.71,#715e48,1.84,#c1bea0,2.71,#2a2721,1.15,#715e48,1.84,#a7a98b,4.44,#857d60,2.79,#715e48,1.84,#857d60,2.79,#2a2721,1.15,#959678,3.25,#a7a98b,4.44,#2a2721,1.15,#a7a98b,4.44,#959678,3.25,#857d60,2.79,#c1bea0,2.71,#715e48,1.84,#857d60,2.79,#2a2721,1.15,#959678,3.25,#a7a98b,4.44,,Potentilla,Potentilla supina
KW_T_423_25_0024L,KW_T_423_25_0024L.tif_segmented.png,3191028,3033,3767,#8a9262,6.3,#9ba06c,4.48,#767c57,3.38,#cfc8a8,2.91,#b3b582,2.19,#cfc8a8,2.91,#b3b582,2.19,#3b3731,0.85,#8a9262,6.3,#9ba06c,4.48,#3b3731,0.85,#b3b582,2.19,#9ba06c,4.48,#8a9262,6.3,#767c57,3.38,#3b3731,0.85,#b3b582,2.19,#8a9262,6.3,#cfc8a8,2.91,#9ba06c,4.48,#3b3731,0.85,#b3b582,2.19,#9ba06c,4.48,#8a9262,6.3,#767c57,3.38,Russulaceae,Lactarius,Lactarius helvus
KW_T_423_25_0026L,KW_T_423_25_0026L.tif_segmented.png,1020136,3035,3779,#ca9168,2.67,#b17a56,2.32,#dab179,2.1,#d4c8a9,1.94,#816245,1.46,#dab179,2.1,#ca9168,2.67,#d4c8a9,1.94,#b17a56,2.32,#816245,1.46,#2e2b25,1.1,#816245,1.46,#b17a56,2.32,#ca9168,2.67,#dab179,2.1,#dab179,2.1,#2e2b25,1.1,#ca9168,2.67,#b17a56,2.32,#d4c8a9,1.94,#2e2b25,1.1,#816245,1.46,#b17a56,2.32,#ca9168,2.67,#dab179,2.1,,Rhizina,Rhizina undulata
KW_T_423_25_0028L,KW_T_423_25_0028L.tif_segmented.png,1181051,3029,3755,#726451,2.65,#8d8069,1.98,#c8bc9d,1.68,#a79c82,1.48,#2a2822,1.01,#c8bc9d,1.68,#2a2822,1.01,#726451,2.65,#a79c82,1.48,#8d8069,1.98,#2a2822,1.01,#a79c82,1.48,#8d8069,1.98,#726451,2.65,#c8bc9d,1.68,#2a2822,1.01,#726451,2.65,#8d8069,1.98,#a79c82,1.48,#c8bc9d,1.68,#2a2822,1.01,#a79c82,1.48,#8d8069,1.98,#726451,2.65,#c8bc9d,1.68,Salicaceae,Salix,Salix pentandra
KW_T_423_25_0031L,KW_T_423_25_0031L.tif_segmented.png,2948400,3033,3747,#969c69,7.82,#868c61,6.65,#a7ac75,4.19,#757656,3.18,#c2bd98,2.42,#c2bd98,2.42,#a7ac75,4.19,#969c69,7.82,#5c4d41,0.66,#868c61,6.65,#5c4d41,0.66,#c2bd98,2.42,#757656,3.18,#868c61,6.65,#969c69,7.82,#c2bd98,2.42,#a7ac75,4.19,#868c61,6.65,#969c69,7.82,#757656,3.18,#5c4d41,0.66,#c2bd98,2.42,#757656,3.18,#868c61,6.65,#969c69,7.82,Salicaceae,Salix,Salix pentandra
KW_T_423_25_0033L,KW_T_423_25_0033L.tif_segmented.png,2497097,3035,3751,#c7bf9e,2.67,#b3ae81,2.35,#9e986b,2.32,#1e1b17,2.08,#e2d672,0.65,#e2d672,0.65,#1e1b17,2.08,#c7bf9e,2.67,#b3ae81,2.35,#7d7055,0.56,#1e1b17,2.08,#7d7055,0.56,#9e986b,2.32,#b3ae81,2.35,#c7bf9e,2.67,#e2d672,0.65,#1e1b17,2.08,#b3ae81,2.35,#9e986b,2.32,#7d7055,0.56,#1e1b17,2.08,#7d7055,0.56,#9e986b,2.32,#b3ae81,2.35,#c7bf9e,2.67,,Ophrys,Ophrys apifera
KW_T_423_25_0037L,KW_T_423_25_0037L.tif_segmented.png,2006063,3048,3767,#d0c8a9,3.6,#b8b885,2.88,#93875a,2.68,#a4a16c,2.65,#76674a,1.35,#d0c8a9,3.6,#b8b885,2.88,#2d2924,0.98,#93875a,2.68,#76674a,1.35,#2d2924,0.98,#76674a,1.35,#93875a,2.68,#a4a16c,2.65,#b8b885,2.88,#2d2924,0.98,#b8b885,2.88,#a4a16c,2.65,#93875a,2.68,#76674a,1.35,#2d2924,0.98,#76674a,1.35,#93875a,2.68,#a4a16c,2.65,#b8b885,2.88,,Erodium,Erodium ciconium
KW_T_423_25_0039L,KW_T_423_25_0039L.tif_segmented.png,753034,3043,3747,#d3c9ab,3.02,#d4ab63,2.09,#e6d683,1.39,#c3b691,1.16,#9d8863,0.85,#e6d683,1.39,#d4ab63,2.09,#d3c9ab,3.02,#322f27,0.72,#c3b691,1.16,#322f27,0.72,#9d8863,0.85,#c3b691,1.16,#d4ab63,2.09,#e6d683,1.39,#e6d683,1.39,#d4ab63,2.09,#322f27,0.72,#c3b691,1.16,#d3c9ab,3.02,#322f27,0.72,#9d8863,0.85,#c3b691,1.16,#d4ab63,2.09,#e6d683,1.39,,Asterophora,Asterophora parasitica
KW_T_423_25_0042L,KW_T_423_25_0042L.tif_segmented.png,3295065,3054,3767,#d8cba4,7.65,#947a58,7.43,#7c654a,7.05,#c6b48a,4.5,#ac966f,3.56,#d8cba4,7.65,#c6b48a,4.5,#7c654a,7.05,#947a58,7.43,#ac966f,3.56,#4d4237,1.12,#c6b48a,4.5,#d8cba4,7.65,#ac966f,3.56,#947a58,7.43,#d8cba4,7.65,#c6b48a,4.5,#4d4237,1.12,#ac966f,3.56,#7c654a,7.05,#4d4237,1.12,#c6b48a,4.5,#d8cba4,7.65,#ac966f,3.56,#947a58,7.43,Russulaceae,Russula,Russula nigricans 
KW_T_423_25_0044L,KW_T_423_25_0044L.tif_segmented.png,2510661,3054,3783,#c5c096,3.29,#afaa7e,3.16,#98906c,2.87,#7d7258,2.01,#2c2923,1.0,#c5c096,3.29,#2c2923,1.0,#afaa7e,3.16,#7d7258,2.01,#98906c,2.87,#2c2923,1.0,#7d7258,2.01,#98906c,2.87,#afaa7e,3.16,#c5c096,3.29,#2c2923,1.0,#afaa7e,3.16,#c5c096,3.29,#7d7258,2.01,#98906c,2.87,#2c2923,1.0,#7d7258,2.01,#98906c,2.87,#afaa7e,3.16,#c5c096,3.29,,Nasturtium,Nasturtium microphyllum
KW_T_423_25_0046L,KW_T_423_25_0046L.tif_segmented.png,1290192,3005,3787,#bebe98,2.39,#8b916d,2.37,#d5cfb3,2.3,#a7a986,2.06,#71785c,1.87,#d5cfb3,2.3,#2c2922,1.01,#bebe98,2.39,#a7a986,2.06,#71785c,1.87,#2c2922,1.01,#bebe98,2.39,#a7a986,2.06,#8b916d,2.37,#71785c,1.87,#2c2922,1.01,#a7a986,2.06,#bebe98,2.39,#8b916d,2.37,#71785c,1.87,#2c2922,1.01,#bebe98,2.39,#a7a986,2.06,#8b916d,2.37,#71785c,1.87,,Nasturtium,Nasturtium microphyllum
KW_T_423_25_0049L,KW_T_423_25_0049L.tif_segmented.png,453796,2999,3743,#d5ccb6,1.92,#b7ab91,1.58,#70624f,1.58,#948770,0.93,#2f2c25,0.84,#d5ccb6,1.92,#2f2c25,0.84,#b7ab91,1.58,#70624f,1.58,#948770,0.93,#2f2c25,0.84,#948770,0.93,#70624f,1.58,#b7ab91,1.58,#d5ccb6,1.92,#2f2c25,0.84,#70624f,1.58,#b7ab91,1.58,#d5ccb6,1.92,#948770,0.93,#2f2c25,0.84,#948770,0.93,#70624f,1.58,#b7ab91,1.58,#d5ccb6,1.92,,Mycena,Mycena arcangeliana
KW_T_423_25_0052L,KW_T_423_25_0052L.tif_segmented.png,2406760,3011,3747,#d4b66b,6.04,#e1cc84,4.92,#bd9c5f,4.31,#ddd1b5,3.11,#9f8153,2.76,#e1cc84,4.92,#d4b66b,6.04,#ddd1b5,3.11,#bd9c5f,4.31,#776145,1.24,#776145,1.24,#bbab8a,1.43,#9f8153,2.76,#bd9c5f,4.31,#d4b66b,6.04,#d4b66b,6.04,#e1cc84,4.92,#bd9c5f,4.31,#9f8153,2.76,#bbab8a,1.43,#776145,1.24,#bbab8a,1.43,#9f8153,2.76,#bd9c5f,4.31,#d4b66b,6.04,,Inonotus,Inonotus hispidus
KW_T_423_25_0054L,KW_T_423_25_0054L.tif_segmented.png,5525434,3013,3747,#654f3d,14.87,#534237,13.27,#7f5f3d,8.35,#948d6c,3.59,#817357,3.22,#aa7d49,3.2,#7f5f3d,8.35,#654f3d,14.87,#534237,13.27,#b8ab8c,1.53,#b8ab8c,1.53,#948d6c,3.59,#aa7d49,3.2,#817357,3.22,#7f5f3d,8.35,#aa7d49,3.2,#534237,13.27,#817357,3.22,#948d6c,3.59,#b8ab8c,1.53,#b8ab8c,1.53,#948d6c,3.59,#aa7d49,3.2,#817357,3.22,#7f5f3d,8.35,,Inonotus,Inonotus hispidus
KW_T_423_25_0056L,KW_T_423_25_0056L.tif_segmented.png,1139633,3017,3763,#85785f,2.35,#685a4a,1.82,#a09971,1.77,#b9b392,0.94,#2a2720,0.87,#b9b392,0.94,#2a2720,0.87,#a09971,1.77,#685a4a,1.82,#85785f,2.35,#2a2720,0.87,#685a4a,1.82,#85785f,2.35,#a09971,1.77,#b9b392,0.94,#2a2720,0.87,#a09971,1.77,#85785f,2.35,#b9b392,0.94,#685a4a,1.82,#2a2720,0.87,#685a4a,1.82,#85785f,2.35,#a09971,1.77,#b9b392,0.94,Rosaceae,Rubus,Rubus neanias
KW_T_423_25_0058L,KW_T_423_25_0058L.tif_segmented.png,1786376,3027,3771,#91936f,3.98,#a8a881,3.69,#7f7f62,3.6,#bebb9b,2.87,#686452,1.21,#bebb9b,2.87,#2b2722,1.15,#a8a881,3.69,#91936f,3.98,#7f7f62,3.6,#2b2722,1.15,#686452,1.21,#bebb9b,2.87,#a8a881,3.69,#91936f,3.98,#2b2722,1.15,#91936f,3.98,#a8a881,3.69,#7f7f62,3.6,#686452,1.21,#2b2722,1.15,#686452,1.21,#bebb9b,2.87,#a8a881,3.69,#91936f,3.98,Rosaceae,Rubus,Rubus speculans
KW_T_423_25_0061L,KW_T_423_25_0061L.tif_segmented.png,1203811,3023,3771,#574b3d,3.47,#d4cbb3,3.03,#6c614e,2.37,#b4a588,1.02,#928066,0.89,#d4cbb3,3.03,#b4a588,1.02,#574b3d,3.47,#2b2822,0.72,#6c614e,2.37,#2b2822,0.72,#928066,0.89,#b4a588,1.02,#574b3d,3.47,#6c614e,2.37,#2b2822,0.72,#6c614e,2.37,#b4a588,1.02,#574b3d,3.47,#d4cbb3,3.03,#2b2822,0.72,#928066,0.89,#b4a588,1.02,#574b3d,3.47,#6c614e,2.37,,Helictochloa,Helictochloa pratensis
KW_T_423_25_0063L,KW_T_423_25_0063L.tif_segmented.png,364518,3029,3751,#b5ab87,1.09,#736452,0.98,#2f2c24,0.81,#978768,0.66,,,#b5ab87,1.09,#2f2c24,0.81,#978768,0.66,#736452,0.98,,,#2f2c24,0.81,#736452,0.98,#978768,0.66,#b5ab87,1.09,,,#2f2c24,0.81,#b5ab87,1.09,#736452,0.98,#978768,0.66,,,#2f2c24,0.81,#736452,0.98,#978768,0.66,#b5ab87,1.09,,,,Daedaleopsis,Daedaleopsis confragosa
KW_T_423_25_0065L,KW_T_423_25_0065L.tif_segmented.png,1744130,3031,3759,#463a31,4.26,#5d4c3a,3.73,#74654a,3.23,#94805f,2.08,#b3a37d,1.61,#b3a37d,1.61,#5d4c3a,3.73,#463a31,4.26,#74654a,3.23,#94805f,2.08,#b3a37d,1.61,#94805f,2.08,#74654a,3.23,#463a31,4.26,#5d4c3a,3.73,#463a31,4.26,#b3a37d,1.61,#74654a,3.23,#94805f,2.08,#5d4c3a,3.73,#b3a37d,1.61,#94805f,2.08,#74654a,3.23,#463a31,4.26,#5d4c3a,3.73,Clitocybaceae,Clitocybe,Clitocybe houghtonii
KW_T_423_25_0067L,KW_T_423_25_0067L.tif_segmented.png,2500122,3031,3743,#a5a67a,7.1,#94956c,5.32,#88795a,4.38,#d4caaf,3.78,#c3af86,3.01,#d4caaf,3.78,#b38c66,2.79,#c3af86,3.01,#726149,2.59,#a5a67a,7.1,#b38c66,2.79,#726149,2.59,#88795a,4.38,#c3af86,3.01,#94956c,5.32,#c3af86,3.01,#94956c,5.32,#a5a67a,7.1,#726149,2.59,#b38c66,2.79,#b38c66,2.79,#726149,2.59,#88795a,4.38,#c3af86,3.01,#94956c,5.32,Rosaceae,Rubus,Rubus glandithyrsos
KW_T_423_25_0069L,KW_T_423_25_0069L.tif_segmented.png,790573,3050,3751,#b2b084,2.16,#c9c398,1.61,#9e9b72,1.47,#857d5f,0.78,#302c24,0.63,#c9c398,1.61,#302c24,0.63,#b2b084,2.16,#9e9b72,1.47,#857d5f,0.78,#302c24,0.63,#857d5f,0.78,#9e9b72,1.47,#b2b084,2.16,#c9c398,1.61,#302c24,0.63,#c9c398,1.61,#b2b084,2.16,#9e9b72,1.47,#857d5f,0.78,#302c24,0.63,#857d5f,0.78,#9e9b72,1.47,#b2b084,2.16,#c9c398,1.61,,Bromus,Bromus squarrosus
KW_T_423_25_0071L,KW_T_423_25_0071L.tif_segmented.png,388379,3052,3743,#d4caae,3.4,#bbad8d,1.79,#977d61,0.79,#302c23,0.46,#6a5e4e,0.44,#d4caae,3.4,#bbad8d,1.79,#302c23,0.46,#977d61,0.79,#6a5e4e,0.44,#302c23,0.46,#6a5e4e,0.44,#977d61,0.79,#bbad8d,1.79,#d4caae,3.4,#302c23,0.46,#6a5e4e,0.44,#d4caae,3.4,#bbad8d,1.79,#977d61,0.79,#302c23,0.46,#6a5e4e,0.44,#977d61,0.79,#bbad8d,1.79,#d4caae,3.4,,Medicago,Medicago cf. murex
KW_T_423_25_0074L,KW_T_423_25_0074L.tif_segmented.png,1269063,3052,3735,#d4caad,3.22,#c4a974,3.15,#b09161,2.23,#967751,1.91,#dcc683,1.87,#dcc683,1.87,#c4a974,3.15,#d4caad,3.22,#745d43,1.02,#b09161,2.23,#745d43,1.02,#967751,1.91,#b09161,2.23,#c4a974,3.15,#dcc683,1.87,#dcc683,1.87,#c4a974,3.15,#b09161,2.23,#d4caad,3.22,#745d43,1.02,#745d43,1.02,#967751,1.91,#b09161,2.23,#c4a974,3.15,#dcc683,1.87,,Dumontinia,Dumontinia tuberosa
KW_T_423_25_0076L,KW_T_423_25_0076L.tif_segmented.png,1516700,3052,3747,#433f39,4.64,#d3caaf,3.79,#91836a,2.59,#736958,1.69,#555146,1.61,#d3caaf,3.79,#b3a688,1.4,#433f39,4.64,#91836a,2.59,#736958,1.69,#b3a688,1.4,#736958,1.69,#433f39,4.64,#91836a,2.59,#555146,1.61,#433f39,4.64,#555146,1.61,#736958,1.69,#b3a688,1.4,#d3caaf,3.79,#b3a688,1.4,#736958,1.69,#433f39,4.64,#91836a,2.59,#555146,1.61,,Megacollybia,Megacollybia platyphylla
KW_T_423_25_0078L,KW_T_423_25_0078L.tif_segmented.png,2656987,3056,3759,#918866,4.73,#b6b284,4.46,#a39f74,4.42,#d0c7ac,4.28,#7c7157,3.09,#c28e60,0.82,#d0c7ac,4.28,#b6b284,4.46,#7c7157,3.09,#a39f74,4.42,#c28e60,0.82,#7c7157,3.09,#918866,4.73,#a39f74,4.42,#b6b284,4.46,#c28e60,0.82,#b6b284,4.46,#a39f74,4.42,#7c7157,3.09,#918866,4.73,#c28e60,0.82,#7c7157,3.09,#918866,4.73,#a39f74,4.42,#b6b284,4.46,Rosaceae,Rubus,Rubus scissus
KW_T_423_25_0080L,KW_T_423_25_0080L.tif_segmented.png,1119914,3062,3763,#cfc6a8,3.44,#b6af81,2.49,#9e986f,2.18,#867b5d,1.16,#28261e,0.91,#cfc6a8,3.44,#28261e,0.91,#b6af81,2.49,#9e986f,2.18,#867b5d,1.16,#28261e,0.91,#867b5d,1.16,#9e986f,2.18,#b6af81,2.49,#cfc6a8,3.44,#28261e,0.91,#b6af81,2.49,#9e986f,2.18,#867b5d,1.16,#cfc6a8,3.44,#28261e,0.91,#867b5d,1.16,#9e986f,2.18,#b6af81,2.49,#cfc6a8,3.44,Rosaceae,Rubus,Rubus rudis
KW_T_423_25_0083L,KW_T_423_25_0083L.tif_segmented.png,719428,3074,3799,#cfc4a6,2.7,#6e6651,2.48,#908165,1.59,#b3a584,1.15,#292621,1.03,#cfc4a6,2.7,#292621,1.03,#b3a584,1.15,#6e6651,2.48,#908165,1.59,#292621,1.03,#b3a584,1.15,#908165,1.59,#6e6651,2.48,#cfc4a6,2.7,#292621,1.03,#6e6651,2.48,#b3a584,1.15,#cfc4a6,2.7,#908165,1.59,#292621,1.03,#b3a584,1.15,#908165,1.59,#6e6651,2.48,#cfc4a6,2.7,,Phlebia,Phlebia radiata
KW_T_423_25_0085L,KW_T_423_25_0085L.tif_segmented.png,578318,3017,3771,#d5ccb3,1.73,#a88e69,1.58,#6e5c47,1.48,#897256,1.38,#bcad8c,1.29,#d5ccb3,1.73,#bcad8c,1.29,#a88e69,1.58,#2b2822,1.03,#6e5c47,1.48,#2b2822,1.03,#bcad8c,1.29,#6e5c47,1.48,#a88e69,1.58,#897256,1.38,#2b2822,1.03,#bcad8c,1.29,#a88e69,1.58,#d5ccb3,1.73,#6e5c47,1.48,#2b2822,1.03,#bcad8c,1.29,#6e5c47,1.48,#a88e69,1.58,#897256,1.38,,Hymenochaete,Hymenochaete rubiginosa
KW_T_423_25_0087L,KW_T_423_25_0087L.tif_segmented.png,942422,3017,3767,#736654,1.57,#b5a984,1.55,#978662,1.42,#d0c19b,1.16,#2d2b26,1.03,#cb9761,0.97,#d0c19b,1.16,#b5a984,1.55,#2d2b26,1.03,#978662,1.42,#2d2b26,1.03,#b5a984,1.55,#978662,1.42,#736654,1.57,#d0c19b,1.16,#2d2b26,1.03,#cb9761,0.97,#b5a984,1.55,#736654,1.57,#d0c19b,1.16,#2d2b26,1.03,#b5a984,1.55,#978662,1.42,#736654,1.57,#d0c19b,1.16,Auriscalpiaceae,Lentinellus,Lentinellus cochleatus
KW_T_423_25_0089L,KW_T_423_25_0089L.tif_segmented.png,3138355,3017,3763,#7e7f5e,8.94,#8f8f6a,5.51,#6f6d52,5.19,#ae9f85,2.65,#c2ba9e,2.02,#c2ba9e,2.02,#2f2b25,0.87,#7e7f5e,8.94,#ae9f85,2.65,#6f6d52,5.19,#2f2b25,0.87,#c2ba9e,2.02,#ae9f85,2.65,#8f8f6a,5.51,#6f6d52,5.19,#2f2b25,0.87,#8f8f6a,5.51,#7e7f5e,8.94,#6f6d52,5.19,#ae9f85,2.65,#2f2b25,0.87,#c2ba9e,2.02,#ae9f85,2.65,#8f8f6a,5.51,#6f6d52,5.19,,Noccaea,Noccaea praecox
KW_T_423_25_0092L,KW_T_423_25_0092L.tif_segmented.png,1307074,3027,3763,#8e8566,3.59,#736651,3.14,#a4a27b,3.13,#bfb58f,1.38,#2c2923,1.23,#bfb58f,1.38,#2c2923,1.23,#a4a27b,3.13,#736651,3.14,#8e8566,3.59,#2c2923,1.23,#736651,3.14,#8e8566,3.59,#a4a27b,3.13,#bfb58f,1.38,#2c2923,1.23,#a4a27b,3.13,#736651,3.14,#bfb58f,1.38,#8e8566,3.59,#2c2923,1.23,#736651,3.14,#8e8566,3.59,#a4a27b,3.13,#bfb58f,1.38,,Crucianella,Crucianella angustifolia
KW_T_423_25_0094L,KW_T_423_25_0094L.tif_segmented.png,812680,3025,3755,#675846,2.41,#876d52,2.4,#988368,1.17,#2c2a24,0.88,#b4a88d,0.74,#b4a88d,0.74,#876d52,2.4,#2c2a24,0.88,#675846,2.41,#988368,1.17,#2c2a24,0.88,#988368,1.17,#876d52,2.4,#b4a88d,0.74,#675846,2.41,#2c2a24,0.88,#876d52,2.4,#b4a88d,0.74,#675846,2.41,#988368,1.17,#2c2a24,0.88,#988368,1.17,#876d52,2.4,#b4a88d,0.74,#675846,2.41,,Lacrymaria,Lacrymaria pyrotricha
KW_T_423_25_0097L,KW_T_423_25_0097L.tif_segmented.png,2579224,3027,3743,#635142,5.78,#795f46,5.65,#8d6e50,3.92,#a7855e,3.32,#baaa8e,2.43,#a7855e,3.32,#baaa8e,2.43,#795f46,5.65,#8d6e50,3.92,#635142,5.78,#baaa8e,2.43,#a7855e,3.32,#8d6e50,3.92,#795f46,5.65,#635142,5.78,#795f46,5.65,#baaa8e,2.43,#a7855e,3.32,#8d6e50,3.92,#635142,5.78,#baaa8e,2.43,#a7855e,3.32,#8d6e50,3.92,#795f46,5.65,#635142,5.78,,Pseudohydnum,Pseudohydnum gelatinosum
KW_T_423_25_0100L,KW_T_423_25_0100L.tif_segmented.png,1867194,3029,3747,#67553f,4.4,#cabe9f,4.32,#7e694e,3.53,#b4a584,2.85,#988769,2.38,#cabe9f,4.32,#67553f,4.4,#b4a584,2.85,#7e694e,3.53,#2e2b24,0.97,#2e2b24,0.97,#b4a584,2.85,#988769,2.38,#cabe9f,4.32,#7e694e,3.53,#2e2b24,0.97,#b4a584,2.85,#7e694e,3.53,#cabe9f,4.32,#988769,2.38,#2e2b24,0.97,#b4a584,2.85,#988769,2.38,#cabe9f,4.32,#7e694e,3.53,,Skeletocutis,Skeletocutis amorpha
KW_T_423_25_0102L,KW_T_423_25_0102L.tif_segmented.png,2839903,3029,3747,#909167,10.05,#9b9f6c,9.68,#83805e,5.51,#cdc4a6,3.88,#b9bd73,3.0,#b9bd73,3.0,#cdc4a6,3.88,#9b9f6c,9.68,#909167,10.05,#716b51,2.52,#716b51,2.52,#aea284,2.48,#83805e,5.51,#cdc4a6,3.88,#b9bd73,3.0,#b9bd73,3.0,#909167,10.05,#83805e,5.51,#9b9f6c,9.68,#716b51,2.52,#716b51,2.52,#aea284,2.48,#83805e,5.51,#cdc4a6,3.88,#b9bd73,3.0,Rosaceae,Rubus,Rubus caesius
KW_T_423_25_0104L,KW_T_423_25_0104L.tif_segmented.png,714555,3027,3751,#d2caad,2.66,#c4bb95,1.95,#aeab7c,1.91,#96916c,1.43,#302e27,0.81,#d2caad,2.66,#c4bb95,1.95,#302e27,0.81,#aeab7c,1.91,#797156,0.59,#302e27,0.81,#797156,0.59,#96916c,1.43,#aeab7c,1.91,#c4bb95,1.95,#302e27,0.81,#aeab7c,1.91,#797156,0.59,#96916c,1.43,#c4bb95,1.95,#302e27,0.81,#797156,0.59,#96916c,1.43,#aeab7c,1.91,#c4bb95,1.95,Poaceae,Phleum,Phleum subulatum
KW_T_423_25_0106L,KW_T_423_25_0106L.tif_segmented.png,2670517,3027,3743,#b09461,4.26,#987d53,4.19,#d4c8a6,3.73,#dfc25a,3.66,#c7a55d,3.56,#dfc25a,3.66,#c7a55d,3.56,#cdb580,3.29,#d4c8a6,3.73,#b09461,4.26,#796449,2.26,#987d53,4.19,#cdb580,3.29,#b09461,4.26,#c7a55d,3.56,#dfc25a,3.66,#c7a55d,3.56,#cdb580,3.29,#b09461,4.26,#d4c8a6,3.73,#796449,2.26,#987d53,4.19,#cdb580,3.29,#b09461,4.26,#c7a55d,3.56,,Melilotus,Melilotus infestus
KW_T_423_25_0108L,KW_T_423_25_0108L.tif_segmented.png,792459,3027,3755,#d1c7ac,3.39,#685a44,2.21,#8b7754,1.32,#baad8d,1.26,#ab925e,1.26,#dec867,0.77,#d1c7ac,3.39,#ab925e,1.26,#685a44,2.21,#8b7754,1.32,#8b7754,1.32,#685a44,2.21,#ab925e,1.26,#baad8d,1.26,#dec867,0.77,#dec867,0.77,#ab925e,1.26,#baad8d,1.26,#d1c7ac,3.39,#685a44,2.21,#8b7754,1.32,#685a44,2.21,#ab925e,1.26,#baad8d,1.26,#dec867,0.77,,Phlebia,Phlebia tremellosa
KW_T_423_25_0111L,KW_T_423_25_0111L.tif_segmented.png,866286,3029,3755,#ccc3a7,3.29,#b9b889,2.57,#a2a578,1.85,#8a8967,1.27,#322f27,0.96,#c88c88,0.89,#ccc3a7,3.29,#322f27,0.96,#b9b889,2.57,#a2a578,1.85,#322f27,0.96,#8a8967,1.27,#a2a578,1.85,#b9b889,2.57,#c88c88,0.89,#322f27,0.96,#c88c88,0.89,#b9b889,2.57,#8a8967,1.27,#a2a578,1.85,#322f27,0.96,#8a8967,1.27,#a2a578,1.85,#b9b889,2.57,#c88c88,0.89,,Hydnellum,Hydnellum spec.
KW_T_423_25_0113L,KW_T_423_25_0113L.tif_segmented.png,1171453,3060,3751,#c3a064,2.28,#d5c075,2.2,#e6dd80,2.16,#c6b897,1.83,#ac8757,1.78,#e6dd80,2.16,#d5c075,2.2,#c3a064,2.28,#896d4b,1.16,#ac8757,1.78,#896d4b,1.16,#ac8757,1.78,#c6b897,1.83,#c3a064,2.28,#d5c075,2.2,#e6dd80,2.16,#d5c075,2.2,#c3a064,2.28,#ac8757,1.78,#c6b897,1.83,#896d4b,1.16,#ac8757,1.78,#c6b897,1.83,#c3a064,2.28,#d5c075,2.2,Rosaceae,Rubus,Rubus schipperi
KW_T_423_25_0115L,KW_T_423_25_0115L.tif_segmented.png,206641,3066,3767,#b2af82,3.45,#c8c0a0,3.4,#989170,2.4,#796e57,1.06,#2a2721,0.92,#c8c0a0,3.4,#2a2721,0.92,#b2af82,3.45,#796e57,1.06,#989170,2.4,#796e57,1.06,#2a2721,0.92,#989170,2.4,#b2af82,3.45,#c8c0a0,3.4,#2a2721,0.92,#b2af82,3.45,#796e57,1.06,#989170,2.4,#c8c0a0,3.4,#796e57,1.06,#2a2721,0.92,#989170,2.4,#b2af82,3.45,#c8c0a0,3.4,,Bupleurum,Bupleurum gerardii
KW_T_423_25_0117L,KW_T_423_25_0117L.tif_segmented.png,1944433,3068,3767,#d0c39e,4.16,#bda26f,3.44,#a48e65,2.99,#8d7959,2.88,#c8b485,2.58,#d0c39e,4.16,#bda26f,3.44,#c8b485,2.58,#2d2a23,0.85,#a48e65,2.99,#2d2a23,0.85,#8d7959,2.88,#d0c39e,4.16,#a48e65,2.99,#c8b485,2.58,#2d2a23,0.85,#bda26f,3.44,#c8b485,2.58,#d0c39e,4.16,#a48e65,2.99,#2d2a23,0.85,#8d7959,2.88,#d0c39e,4.16,#a48e65,2.99,#c8b485,2.58,Russulaceae,Russula,Russula amoenolens
KW_T_423_25_0119L,KW_T_423_25_0119L.tif_segmented.png,412996,3068,3763,#cbc1a1,2.49,#b3a481,0.88,#6a5f4a,0.84,#2d2a23,0.82,#8c7d62,0.78,#cbc1a1,2.49,#b3a481,0.88,#2d2a23,0.82,#6a5f4a,0.84,#8c7d62,0.78,#6a5f4a,0.84,#2d2a23,0.82,#8c7d62,0.78,#b3a481,0.88,#cbc1a1,2.49,#2d2a23,0.82,#b3a481,0.88,#6a5f4a,0.84,#cbc1a1,2.49,#8c7d62,0.78,#6a5f4a,0.84,#2d2a23,0.82,#8c7d62,0.78,#b3a481,0.88,#cbc1a1,2.49,,Cerrena,Cerrena unicolor
KW_T_423_25_0121L,KW_T_423_25_0121L.tif_segmented.png,2413723,3066,3763,#828463,7.0,#6d6e55,5.82,#999b70,5.42,#bfb89a,2.38,#2e2b24,0.95,#bfb89a,2.38,#2e2b24,0.95,#999b70,5.42,#828463,7.0,#6d6e55,5.82,#2e2b24,0.95,#bfb89a,2.38,#999b70,5.42,#828463,7.0,#6d6e55,5.82,#2e2b24,0.95,#999b70,5.42,#828463,7.0,#6d6e55,5.82,#bfb89a,2.38,#2e2b24,0.95,#bfb89a,2.38,#999b70,5.42,#828463,7.0,#6d6e55,5.82,,Abortiporus,Abortiporus biennis
KW_T_423_25_0123L,KW_T_423_25_0123L.tif_segmented.png,900297,3064,3771,#d6cdb2,2.63,#b48e63,2.15,#c9bf9e,2.11,#9e7852,2.02,#c6a678,1.37,#c6a678,1.37,#d6cdb2,2.63,#b48e63,2.15,#9e7852,2.02,#c9bf9e,2.11,#2d2a23,0.89,#7d6445,0.86,#9e7852,2.02,#c6a678,1.37,#b48e63,2.15,#2d2a23,0.89,#c6a678,1.37,#b48e63,2.15,#c9bf9e,2.11,#d6cdb2,2.63,#2d2a23,0.89,#7d6445,0.86,#9e7852,2.02,#c6a678,1.37,#b48e63,2.15,Rosaceae,Rubus,Rubus ser. Clivicola
KW_T_423_25_0125L,KW_T_423_25_0125L.tif_segmented.png,382422,3066,3763,#c6bda1,2.22,#d6cdb5,2.21,#907a57,1.15,#6d5e46,0.98,#2a2721,0.88,#b7995c,0.85,#d6cdb5,2.21,#c6bda1,2.22,#2a2721,0.88,#907a57,1.15,#2a2721,0.88,#6d5e46,0.98,#907a57,1.15,#b7995c,0.85,#c6bda1,2.22,#2a2721,0.88,#b7995c,0.85,#6d5e46,0.98,#d6cdb5,2.21,#c6bda1,2.22,#2a2721,0.88,#6d5e46,0.98,#907a57,1.15,#b7995c,0.85,#c6bda1,2.22,,Cuscuta,Cuscuta gronovii
KW_T_423_25_0130L,KW_T_423_25_0130L.tif_segmented.png,1767399,3062,3763,#c8bfa5,4.15,#8e8167,2.43,#aba289,2.17,#706550,1.7,#2b2922,0.79,#c8bfa5,4.15,#2b2922,0.79,#aba289,2.17,#706550,1.7,#8e8167,2.43,#2b2922,0.79,#aba289,2.17,#8e8167,2.43,#706550,1.7,#c8bfa5,4.15,#2b2922,0.79,#706550,1.7,#aba289,2.17,#8e8167,2.43,#c8bfa5,4.15,#2b2922,0.79,#aba289,2.17,#8e8167,2.43,#706550,1.7,#c8bfa5,4.15,,Mutinus,Mutinus caninus s.l.
KW_T_423_25_0133L,KW_T_423_25_0133L.tif_segmented.png,607347,3025,3755,#d3ccaa,1.58,#b4b481,1.53,#9e9b6c,1.49,#2c2923,1.04,#7e6c50,0.41,#d3ccaa,1.58,#2c2923,1.04,#b4b481,1.53,#7e6c50,0.41,#9e9b6c,1.49,#2c2923,1.04,#7e6c50,0.41,#9e9b6c,1.49,#b4b481,1.53,#d3ccaa,1.58,#2c2923,1.04,#b4b481,1.53,#9e9b6c,1.49,#d3ccaa,1.58,#7e6c50,0.41,#2c2923,1.04,#7e6c50,0.41,#9e9b6c,1.49,#b4b481,1.53,#d3ccaa,1.58,,Gymnopilus,Gymnopilus penetrans
KW_T_423_25_0135L,KW_T_423_25_0135L.tif_segmented.png,856145,3027,3767,#857356,2.25,#655945,1.59,#9e916a,1.55,#d8cf68,1.09,#2d2a22,0.87,#d8cf68,1.09,#2d2a22,0.87,#b5ac8d,0.66,#857356,2.25,#9e916a,1.55,#2d2a22,0.87,#b5ac8d,0.66,#9e916a,1.55,#655945,1.59,#857356,2.25,#d8cf68,1.09,#2d2a22,0.87,#9e916a,1.55,#b5ac8d,0.66,#857356,2.25,#2d2a22,0.87,#b5ac8d,0.66,#9e916a,1.55,#655945,1.59,#857356,2.25,,Ceratiomyxa,Ceratiomyxa fruticulosa
KW_T_423_25_0138L,KW_T_423_25_0138L.tif_segmented.png,1491026,3037,3787,#dac590,4.68,#d1b680,4.28,#c0a675,3.24,#2e2b25,1.06,#a99267,1.05,#dac590,4.68,#d1b680,4.28,#c0a675,3.24,#2e2b25,1.06,#a99267,1.05,#2e2b25,1.06,#7b6a4e,0.41,#a99267,1.05,#dac590,4.68,#c0a675,3.24,#2e2b25,1.06,#d1b680,4.28,#dac590,4.68,#c0a675,3.24,#a99267,1.05,#2e2b25,1.06,#7b6a4e,0.41,#a99267,1.05,#dac590,4.68,#c0a675,3.24,Rosaceae,Rubus,Rubus x umbelliformis
KW_T_423_25_0141L,KW_T_423_25_0141L.tif_segmented.png,272945,3052,3803,#c6c193,1.78,#ada77e,1.58,#2d2b24,1.26,#827960,0.47,,,#c6c193,1.78,#2d2b24,1.26,#ada77e,1.58,#827960,0.47,,,#827960,0.47,#2d2b24,1.26,#ada77e,1.58,#c6c193,1.78,,,#2d2b24,1.26,#c6c193,1.78,#ada77e,1.58,#827960,0.47,,,#827960,0.47,#2d2b24,1.26,#ada77e,1.58,#c6c193,1.78,,,Cyperaceae,Carex,Carex x pseudoaxillaris
KW_T_423_25_0143L,KW_T_423_25_0143L.tif_segmented.png,997300,3046,3767,#908a69,2.09,#a4a07b,2.05,#b9b490,1.7,#777057,1.47,#2e2b25,0.77,#b9b490,1.7,#2e2b25,0.77,#a4a07b,2.05,#777057,1.47,#908a69,2.09,#2e2b25,0.77,#777057,1.47,#908a69,2.09,#a4a07b,2.05,#b9b490,1.7,#2e2b25,0.77,#a4a07b,2.05,#777057,1.47,#b9b490,1.7,#908a69,2.09,#2e2b25,0.77,#777057,1.47,#908a69,2.09,#a4a07b,2.05,#b9b490,1.7,,Vicia,Vicia monantha
KW_T_423_25_0145L,KW_T_423_25_0145L.tif_segmented.png,570334,3050,3779,#b4b089,1.4,#c9c49e,1.23,#9e9875,1.07,#322f28,1.05,#807657,0.55,#c9c49e,1.23,#322f28,1.05,#b4b089,1.4,#807657,0.55,#9e9875,1.07,#322f28,1.05,#807657,0.55,#9e9875,1.07,#b4b089,1.4,#c9c49e,1.23,#322f28,1.05,#b4b089,1.4,#c9c49e,1.23,#807657,0.55,#9e9875,1.07,#322f28,1.05,#807657,0.55,#9e9875,1.07,#b4b089,1.4,#c9c49e,1.23,,Melilotus,Melilotus macrocarpus
KW_T_423_25_0147L,KW_T_423_25_0147L.tif_segmented.png,1357173,3060,3783,#b19368,3.0,#9b7c57,2.92,#4a463f,2.28,#756651,2.15,#beb195,1.61,#b19368,3.0,#9b7c57,2.92,#beb195,1.61,#756651,2.15,#4a463f,2.28,#4a463f,2.28,#beb195,1.61,#756651,2.15,#b19368,3.0,#9b7c57,2.92,#4a463f,2.28,#b19368,3.0,#756651,2.15,#beb195,1.61,#9b7c57,2.92,#4a463f,2.28,#beb195,1.61,#756651,2.15,#b19368,3.0,#9b7c57,2.92,,Coprinopsis,Coprinopsis lagopus
KW_T_423_25_0150L,KW_T_423_25_0150L.tif_segmented.png,721262,3041,3747,#d0c7ae,2.09,#97946b,1.33,#b0b081,1.19,#7e7756,1.03,#3b362d,0.62,#d0c7ae,2.09,#3b362d,0.62,#b0b081,1.19,#7e7756,1.03,#97946b,1.33,#3b362d,0.62,#7e7756,1.03,#97946b,1.33,#b0b081,1.19,#d0c7ae,2.09,#3b362d,0.62,#97946b,1.33,#b0b081,1.19,#7e7756,1.03,#d0c7ae,2.09,#3b362d,0.62,#7e7756,1.03,#97946b,1.33,#b0b081,1.19,#d0c7ae,2.09,,Rumex,Rumex hydrolapathum x aquaticus
KW_T_423_25_0152L,KW_T_423_25_0152L.tif_segmented.png,1161409,3043,3751,#d5cdb0,2.98,#a8b07b,2.81,#96996f,2.5,#bcbd8f,1.52,#2c2a22,0.9,#d5cdb0,2.98,#2c2a22,0.9,#a8b07b,2.81,#bcbd8f,1.52,#96996f,2.5,#2c2a22,0.9,#7c7b5c,0.87,#96996f,2.5,#a8b07b,2.81,#bcbd8f,1.52,#2c2a22,0.9,#bcbd8f,1.52,#96996f,2.5,#7c7b5c,0.87,#a8b07b,2.81,#2c2a22,0.9,#7c7b5c,0.87,#96996f,2.5,#a8b07b,2.81,#bcbd8f,1.52,,Briza,Briza minor
KW_T_423_25_0154L,KW_T_423_25_0154L.tif_segmented.png,760891,3046,3743,#d4cbb4,3.11,#665e45,1.37,#bbb193,1.28,#88795c,1.25,#a39673,1.18,#d4cbb4,3.11,#302c24,0.71,#bbb193,1.28,#665e45,1.37,#a39673,1.18,#302c24,0.71,#a39673,1.18,#665e45,1.37,#88795c,1.25,#bbb193,1.28,#302c24,0.71,#665e45,1.37,#a39673,1.18,#88795c,1.25,#bbb193,1.28,#302c24,0.71,#a39673,1.18,#665e45,1.37,#88795c,1.25,#bbb193,1.28,,Azolla,Azolla filiculoides
KW_T_423_25_0157L,KW_T_423_25_0157L.tif_segmented.png,3194059,3048,3763,#86875c,12.5,#939465,7.77,#a5a571,6.66,#757051,1.99,#bdb891,1.75,#86875c,12.5,#a5a571,6.66,#bdb891,1.75,#939465,7.77,#757051,1.99,#bdb891,1.75,#757051,1.99,#939465,7.77,#a5a571,6.66,#86875c,12.5,#939465,7.77,#a5a571,6.66,#bdb891,1.75,#86875c,12.5,#757051,1.99,#bdb891,1.75,#757051,1.99,#939465,7.77,#a5a571,6.66,#86875c,12.5,,Elaphocordyceps,Elaphocordyceps ophioglossoides
KW_T_423_25_0160L,KW_T_423_25_0160L.tif_segmented.png,1820556,3048,3747,#cec4a6,3.47,#1e1c17,2.66,#d4b264,2.38,#e2d385,2.2,#ba9551,2.01,#e2d385,2.2,#d4b264,2.38,#ba9551,2.01,#1e1c17,2.66,#cec4a6,3.47,#1e1c17,2.66,#94774b,1.41,#ba9551,2.01,#b4a782,1.86,#d4b264,2.38,#d4b264,2.38,#e2d385,2.2,#1e1c17,2.66,#ba9551,2.01,#b4a782,1.86,#1e1c17,2.66,#94774b,1.41,#ba9551,2.01,#b4a782,1.86,#d4b264,2.38,,Stereum,Stereum hirsutum
KW_T_423_25_0162L,KW_T_423_25_0162L.tif_segmented.png,2662769,3050,3751,#9a9968,7.19,#8c895f,6.29,#d1caa9,3.26,#796e4f,2.97,#b7b387,2.44,#d1caa9,3.26,#2d2a24,0.71,#b7b387,2.44,#9a9968,7.19,#8c895f,6.29,#2d2a24,0.71,#796e4f,2.97,#b7b387,2.44,#8c895f,6.29,#9a9968,7.19,#2d2a24,0.71,#b7b387,2.44,#9a9968,7.19,#8c895f,6.29,#796e4f,2.97,#2d2a24,0.71,#796e4f,2.97,#b7b387,2.44,#8c895f,6.29,#9a9968,7.19,,Reseda,Reseda alba
KW_T_423_25_0164L,KW_T_423_25_0164L.tif_segmented.png,2249220,3031,3751,#889060,6.38,#9b9f6f,2.85,#d0ccb0,2.66,#b8b591,2.01,#7d6d53,1.47,#d0ccb0,2.66,#2d2b25,0.94,#889060,6.38,#b8b591,2.01,#7d6d53,1.47,#2d2b25,0.94,#7d6d53,1.47,#b8b591,2.01,#9b9f6f,2.85,#889060,6.38,#2d2b25,0.94,#889060,6.38,#b8b591,2.01,#7d6d53,1.47,#9b9f6f,2.85,#2d2b25,0.94,#7d6d53,1.47,#b8b591,2.01,#9b9f6f,2.85,#889060,6.38,,Bromus,Bromus arvensis
KW_T_423_25_0166L,KW_T_423_25_0166L.tif_segmented.png,359005,3031,3751,#d1c9ac,1.46,#2c2a23,0.89,#baaf88,0.73,#948867,0.48,#5e5643,0.19,#d1c9ac,1.46,#baaf88,0.73,#2c2a23,0.89,#5e5643,0.19,#948867,0.48,#5e5643,0.19,#2c2a23,0.89,#948867,0.48,#baaf88,0.73,#d1c9ac,1.46,#2c2a23,0.89,#baaf88,0.73,#5e5643,0.19,#d1c9ac,1.46,#948867,0.48,#5e5643,0.19,#2c2a23,0.89,#948867,0.48,#baaf88,0.73,#d1c9ac,1.46,,Rumex,Rumex aquaticus
KW_T_423_25_0168L,KW_T_423_25_0168L.tif_segmented.png,1057047,3033,3735,#1e1c17,2.13,#c3b48e,1.64,#aa9975,1.59,#957e5e,1.41,#766249,0.83,#c3b48e,1.64,#1e1c17,2.13,#aa9975,1.59,#766249,0.83,#957e5e,1.41,#1e1c17,2.13,#766249,0.83,#957e5e,1.41,#c3b48e,1.64,#aa9975,1.59,#1e1c17,2.13,#c3b48e,1.64,#766249,0.83,#aa9975,1.59,#957e5e,1.41,#1e1c17,2.13,#766249,0.83,#957e5e,1.41,#c3b48e,1.64,#aa9975,1.59,,Collybia,Collybia tuberosa
KW_T_423_25_0170L,KW_T_423_25_0170L.tif_segmented.png,592986,3033,3755,#dcc289,2.24,#d5c8a5,1.46,#2f2c26,1.13,#c5a575,0.97,#796952,0.36,#dcc289,2.24,#c5a575,0.97,#d5c8a5,1.46,#2f2c26,1.13,#796952,0.36,#796952,0.36,#2f2c26,1.13,#c5a575,0.97,#dcc289,2.24,#d5c8a5,1.46,#2f2c26,1.13,#dcc289,2.24,#c5a575,0.97,#796952,0.36,#d5c8a5,1.46,#796952,0.36,#2f2c26,1.13,#c5a575,0.97,#dcc289,2.24,#d5c8a5,1.46,,Lyophyllum,Lyophyllum spec. 
KW_T_423_25_0172L,KW_T_423_25_0172L.tif_segmented.png,2507680,3031,3755,#9fa16a,8.27,#939462,7.14,#d5cfb4,2.75,#c3c597,2.65,#afb284,2.22,#d5cfb4,2.75,#c3c597,2.65,#2e2b26,1.09,#9fa16a,8.27,#939462,7.14,#2e2b26,1.09,#c3c597,2.65,#7d7c59,1.28,#afb284,2.22,#939462,7.14,#2e2b26,1.09,#c3c597,2.65,#939462,7.14,#9fa16a,8.27,#afb284,2.22,#2e2b26,1.09,#c3c597,2.65,#7d7c59,1.28,#afb284,2.22,#939462,7.14,,Reticularia,Reticularia lycoperdon
KW_T_423_25_0174L,KW_T_423_25_0174L.tif_segmented.png,953817,3031,3731,#b0b07d,2.56,#d5cdb4,2.08,#c5bf9a,1.59,#9e9b70,1.58,#2d2a24,0.87,#d5cdb4,2.08,#2d2a24,0.87,#c5bf9a,1.59,#b0b07d,2.56,#9e9b70,1.58,#2d2a24,0.87,#81775b,0.5,#9e9b70,1.58,#b0b07d,2.56,#c5bf9a,1.59,#2d2a24,0.87,#b0b07d,2.56,#9e9b70,1.58,#c5bf9a,1.59,#81775b,0.5,#2d2a24,0.87,#81775b,0.5,#9e9b70,1.58,#b0b07d,2.56,#c5bf9a,1.59,,Iva,Iva xanthiifolia
KW_T_423_25_0177L,KW_T_423_25_0177L.tif_segmented.png,726708,3031,3735,#d4c9aa,2.98,#cdb783,1.76,#b49667,1.49,#95744e,1.1,#332f27,0.87,#cdb783,1.76,#d4c9aa,2.98,#b49667,1.49,#95744e,1.1,#332f27,0.87,#332f27,0.87,#cdb783,1.76,#b49667,1.49,#95744e,1.1,#d4c9aa,2.98,#332f27,0.87,#cdb783,1.76,#b49667,1.49,#d4c9aa,2.98,#95744e,1.1,#332f27,0.87,#cdb783,1.76,#b49667,1.49,#95744e,1.1,#d4c9aa,2.98,Asteraceae,Crepis,Crepis pulchra
KW_T_423_25_0179L,KW_T_423_25_0179L.tif_segmented.png,1132601,3029,3739,#d3c8a9,3.35,#dbb569,2.24,#c29259,2.05,#b1a082,1.0,#8b765c,0.88,#dbb569,2.24,#c29259,2.05,#d3c8a9,3.35,#312e27,0.69,#b1a082,1.0,#312e27,0.69,#8b765c,0.88,#b1a082,1.0,#c29259,2.05,#dbb569,2.24,#dbb569,2.24,#312e27,0.69,#c29259,2.05,#d3c8a9,3.35,#b1a082,1.0,#312e27,0.69,#8b765c,0.88,#b1a082,1.0,#c29259,2.05,#dbb569,2.24,,Geastrum,Geastrum striatum
KW_T_423_25_0182L,KW_T_423_25_0182L.tif_segmented.png,855987,3031,3743,#71624a,2.39,#89745c,2.16,#d1c7a8,1.69,#a18b70,1.66,#bca387,1.18,#d1c7a8,1.69,#bca387,1.18,#2d2a24,0.9,#71624a,2.39,#a18b70,1.66,#2d2a24,0.9,#bca387,1.18,#a18b70,1.66,#71624a,2.39,#89745c,2.16,#2d2a24,0.9,#71624a,2.39,#bca387,1.18,#d1c7a8,1.69,#89745c,2.16,#2d2a24,0.9,#bca387,1.18,#a18b70,1.66,#71624a,2.39,#89745c,2.16,Postiaceae,Postia,Postia ptychogaster anamorf
KW_T_423_25_0184L,KW_T_423_25_0184L.tif_segmented.png,1006042,3029,3743,#94946b,2.44,#837f61,1.69,#a8aa7d,1.59,#c7c2a0,1.5,#302d27,0.8,#c7c2a0,1.5,#302d27,0.8,#a8aa7d,1.59,#94946b,2.44,#837f61,1.69,#302d27,0.8,#a8aa7d,1.59,#837f61,1.69,#94946b,2.44,#c7c2a0,1.5,#302d27,0.8,#94946b,2.44,#837f61,1.69,#a8aa7d,1.59,#c7c2a0,1.5,#302d27,0.8,#a8aa7d,1.59,#837f61,1.69,#94946b,2.44,#c7c2a0,1.5,Orobanchaceae,Orobanche,Orobanche lutea
KW_T_423_25_0186L,KW_T_423_25_0186L.tif_segmented.png,564740,3027,3747,#d5ccb3,2.67,#a39778,1.02,#bdb398,0.99,#2e2b25,0.8,#786559,0.54,#d5ccb3,2.67,#2e2b25,0.8,#bdb398,0.99,#a39778,1.02,#786559,0.54,#2e2b25,0.8,#786559,0.54,#a39778,1.02,#bdb398,0.99,#d5ccb3,2.67,#2e2b25,0.8,#786559,0.54,#d5ccb3,2.67,#a39778,1.02,#bdb398,0.99,#2e2b25,0.8,#786559,0.54,#a39778,1.02,#bdb398,0.99,#d5ccb3,2.67,,Calamagrostis,Calamagrostis pseudophragmites 
KW_T_423_25_0188L,KW_T_423_25_0188L.tif_segmented.png,730093,3023,3743,#d5ccb1,3.23,#ab8e63,1.36,#c3b48a,1.24,#d1a753,1.06,#ba8536,1.04,#d1a753,1.06,#ba8536,1.04,#d5ccb1,3.23,#c3b48a,1.24,#2e2c25,0.59,#2e2c25,0.59,#836d50,0.42,#c3b48a,1.24,#ab8e63,1.36,#ba8536,1.04,#d1a753,1.06,#ba8536,1.04,#2e2c25,0.59,#c3b48a,1.24,#ab8e63,1.36,#2e2c25,0.59,#836d50,0.42,#c3b48a,1.24,#ab8e63,1.36,#ba8536,1.04,,Badhamia,Badhamia utricularis
KW_T_423_25_0190L,KW_T_423_25_0190L.tif_segmented.png,867052,3025,3755,#cfbc90,2.15,#b9a17a,1.65,#a08663,1.3,#816a51,1.12,#2c2a24,0.79,#cfbc90,2.15,#b9a17a,1.65,#2c2a24,0.79,#a08663,1.3,#816a51,1.12,#2c2a24,0.79,#816a51,1.12,#a08663,1.3,#b9a17a,1.65,#cfbc90,2.15,#2c2a24,0.79,#cfbc90,2.15,#b9a17a,1.65,#816a51,1.12,#a08663,1.3,#2c2a24,0.79,#816a51,1.12,#a08663,1.3,#b9a17a,1.65,#cfbc90,2.15,,Clavulina,Clavulina coralloides s.l.
KW_T_423_25_0192L,KW_T_423_25_0192L.tif_segmented.png,1198236,3013,3747,#d0c6a7,3.81,#836f54,1.88,#a08d69,1.78,#bcac83,1.3,#2f2c26,0.63,#d0c6a7,3.81,#bcac83,1.3,#2f2c26,0.63,#836f54,1.88,#a08d69,1.78,#2f2c26,0.63,#bcac83,1.3,#a08d69,1.78,#836f54,1.88,#d0c6a7,3.81,#2f2c26,0.63,#bcac83,1.3,#d0c6a7,3.81,#836f54,1.88,#a08d69,1.78,#2f2c26,0.63,#bcac83,1.3,#a08d69,1.78,#836f54,1.88,#d0c6a7,3.81,,Clavulina,Clavulina coralloides s.l.
KW_T_423a_26_0122R,KW_T_423a_26_0122R.tif_segmented.png,3191744,3033,3991,#919462,8.58,#9fa467,6.27,#83845d,4.99,#292825,4.4,#796751,1.31,#9fa467,6.27,#919462,8.58,#292825,4.4,#b4ae92,1.29,#796751,1.31,#796751,1.31,#292825,4.4,#b4ae92,1.29,#83845d,4.99,#919462,8.58,#292825,4.4,#919462,8.58,#9fa467,6.27,#796751,1.31,#83845d,4.99,#796751,1.31,#292825,4.4,#b4ae92,1.29,#83845d,4.99,#919462,8.58,,Entoloma,Entoloma pleopodium
KW_T_423a_26_0123R,KW_T_423a_26_0123R.tif_segmented.png,1063770,3031,3919,#2e2c28,2.31,#b4b884,1.37,#c7c5a0,1.08,#9d9976,0.34,#6c6352,0.25,#b4b884,1.37,#c7c5a0,1.08,#2e2c28,2.31,#6c6352,0.25,#9d9976,0.34,#6c6352,0.25,#2e2c28,2.31,#9d9976,0.34,#b4b884,1.37,#c7c5a0,1.08,#2e2c28,2.31,#b4b884,1.37,#c7c5a0,1.08,#9d9976,0.34,#6c6352,0.25,#6c6352,0.25,#2e2c28,2.31,#9d9976,0.34,#b4b884,1.37,#c7c5a0,1.08,,Rumex,Rumex longifolius
KW_T_423a_26_0124R,KW_T_423a_26_0124R.tif_segmented.png,858922,3025,3927,#312e2a,1.59,#b2b188,1.34,#c9c79e,1.16,#989472,0.63,#6c6352,0.23,#c9c79e,1.16,#b2b188,1.34,#312e2a,1.59,#6c6352,0.23,#989472,0.63,#312e2a,1.59,#6c6352,0.23,#989472,0.63,#b2b188,1.34,#c9c79e,1.16,#312e2a,1.59,#c9c79e,1.16,#b2b188,1.34,#989472,0.63,#6c6352,0.23,#312e2a,1.59,#6c6352,0.23,#989472,0.63,#b2b188,1.34,#c9c79e,1.16,,Artemisia,Artemisia campestris subsp. maritima
KW_T_423a_26_0125R,KW_T_423a_26_0125R.tif_segmented.png,1254541,3017,3927,#2b2926,3.08,#5f5743,2.19,#776b51,1.53,#c7c0a1,0.94,#aea787,0.91,#c7c0a1,0.94,#2b2926,3.08,#aea787,0.91,#5f5743,2.19,#776b51,1.53,#2b2926,3.08,#aea787,0.91,#948967,0.9,#5f5743,2.19,#776b51,1.53,#2b2926,3.08,#776b51,1.53,#aea787,0.91,#5f5743,2.19,#948967,0.9,#2b2926,3.08,#aea787,0.91,#948967,0.9,#5f5743,2.19,#776b51,1.53,Rosaceae,Rubus,Rubus spec?
KW_T_423a_26_0126R,KW_T_423a_26_0126R.tif_segmented.png,749988,3029,3895,#2c2a27,2.01,#b5ac94,1.23,#82705e,1.04,#9b907a,0.98,#a78062,0.88,#a78062,0.88,#b5ac94,1.23,#2c2a27,2.01,#82705e,1.04,#9b907a,0.98,#2c2a27,2.01,#5b544a,0.81,#9b907a,0.98,#b5ac94,1.23,#82705e,1.04,#2c2a27,2.01,#82705e,1.04,#5b544a,0.81,#b5ac94,1.23,#9b907a,0.98,#2c2a27,2.01,#5b544a,0.81,#9b907a,0.98,#b5ac94,1.23,#82705e,1.04,Cortinariaceae,Cortinarius,Cortinarius bolaris 
KW_T_423a_26_0127R,KW_T_423a_26_0127R.tif_segmented.png,3130779,3039,3907,#848767,6.66,#939876,5.91,#bbc09c,3.69,#71735a,3.34,#a8ac89,2.33,#bbc09c,3.69,#9ca063,2.16,#2d2a27,2.28,#848767,6.66,#939876,5.91,#2d2a27,2.28,#bbc09c,3.69,#a8ac89,2.33,#71735a,3.34,#848767,6.66,#2d2a27,2.28,#bbc09c,3.69,#939876,5.91,#a8ac89,2.33,#9ca063,2.16,#2d2a27,2.28,#bbc09c,3.69,#a8ac89,2.33,#71735a,3.34,#848767,6.66,,Bovista,Bovista plumbea
KW_T_423a_26_0128R,KW_T_423a_26_0128R.tif_segmented.png,1500990,3039,3895,#b8b67c,2.47,#cfcc82,2.45,#2e2b27,2.24,#a19e72,2.22,#898663,2.21,#cfcc82,2.45,#d0cda9,1.36,#b8b67c,2.47,#2e2b27,2.24,#a19e72,2.22,#2e2b27,2.24,#6c694f,1.02,#898663,2.21,#a19e72,2.22,#b8b67c,2.47,#cfcc82,2.45,#2e2b27,2.24,#b8b67c,2.47,#d0cda9,1.36,#a19e72,2.22,#2e2b27,2.24,#6c694f,1.02,#898663,2.21,#a19e72,2.22,#b8b67c,2.47,,Bovista,Bovista nigrescens
KW_T_423a_26_0129R,KW_T_423a_26_0129R.tif_segmented.png,910737,3037,3891,#2a2825,2.39,#8f8269,1.56,#796b54,1.4,#a79c83,1.09,#beb59e,0.86,#beb59e,0.86,#5d4f3b,0.53,#2a2825,2.39,#a79c83,1.09,#796b54,1.4,#2a2825,2.39,#5d4f3b,0.53,#796b54,1.4,#8f8269,1.56,#a79c83,1.09,#2a2825,2.39,#796b54,1.4,#a79c83,1.09,#8f8269,1.56,#5d4f3b,0.53,#2a2825,2.39,#5d4f3b,0.53,#796b54,1.4,#8f8269,1.56,#a79c83,1.09,Rosaceae,Rubus,Rubus calvus
KW_T_423a_26_0130R,KW_T_423a_26_0130R.tif_segmented.png,2037570,3033,3879,#9b7e66,3.59,#8a6d58,3.45,#ad9379,2.6,#2c2925,2.08,#bfa88e,2.02,#bfa88e,2.02,#ad9379,2.6,#2c2925,2.08,#785f4a,1.69,#8a6d58,3.45,#2c2925,2.08,#bfa88e,2.02,#ad9379,2.6,#9b7e66,3.59,#8a6d58,3.45,#2c2925,2.08,#8a6d58,3.45,#785f4a,1.69,#bfa88e,2.02,#ad9379,2.6,#2c2925,2.08,#bfa88e,2.02,#ad9379,2.6,#9b7e66,3.59,#8a6d58,3.45,,Schkuhria,Schkuhria pinnata
KW_T_423a_26_0131R,KW_T_423a_26_0131R.tif_segmented.png,452604,3035,3923,#2d2a26,1.76,#9c8970,0.93,#846f5b,0.8,#bcaf96,0.65,#6c5d4d,0.62,#bcaf96,0.65,#2d2a26,1.76,#9c8970,0.93,#846f5b,0.8,#6c5d4d,0.62,#2d2a26,1.76,#6c5d4d,0.62,#846f5b,0.8,#9c8970,0.93,#bcaf96,0.65,#2d2a26,1.76,#846f5b,0.8,#6c5d4d,0.62,#bcaf96,0.65,#9c8970,0.93,#2d2a26,1.76,#6c5d4d,0.62,#846f5b,0.8,#9c8970,0.93,#bcaf96,0.65,,Rumex,Rumex pulcher
KW_T_423a_26_0132R,KW_T_423a_26_0132R.tif_segmented.png,2958154,3037,3923,#929b64,6.28,#828c5d,5.76,#a2a970,3.63,#2b2926,3.33,#6c7653,3.18,#b8bf7a,2.13,#2b2926,3.33,#c2c19c,2.01,#a2a970,3.63,#929b64,6.28,#2b2926,3.33,#6c7653,3.18,#b8bf7a,2.13,#c2c19c,2.01,#828c5d,5.76,#2b2926,3.33,#b8bf7a,2.13,#c2c19c,2.01,#a2a970,3.63,#929b64,6.28,#2b2926,3.33,#6c7653,3.18,#b8bf7a,2.13,#c2c19c,2.01,#828c5d,5.76,Hygrophoraceae,Hygrophorus,Hygrophorus spec.
KW_T_423a_26_0133R,KW_T_423a_26_0133R.tif_segmented.png,1783679,3045,3891,#bbc284,2.71,#aaaf7c,2.68,#2d2b27,2.38,#989b6e,1.95,#bebe9c,1.38,#bbc284,2.71,#2d2b27,2.38,#aaaf7c,2.68,#bebe9c,1.38,#989b6e,1.95,#2d2b27,2.38,#7c795d,0.37,#989b6e,1.95,#aaaf7c,2.68,#bbc284,2.71,#2d2b27,2.38,#bbc284,2.71,#7c795d,0.37,#bebe9c,1.38,#aaaf7c,2.68,#2d2b27,2.38,#7c795d,0.37,#989b6e,1.95,#aaaf7c,2.68,#bbc284,2.71,Hygrophoraceae,Hygrophorus,Hygrophorus lucorum
KW_T_423a_26_0134R,KW_T_423a_26_0134R.tif_segmented.png,1686301,3039,3887,#a99a79,3.02,#98886a,2.91,#86755c,2.8,#2e2b26,1.83,#72634d,1.67,#b8ac90,1.53,#2e2b26,1.83,#a99a79,3.02,#72634d,1.67,#98886a,2.91,#2e2b26,1.83,#72634d,1.67,#b8ac90,1.53,#86755c,2.8,#98886a,2.91,#2e2b26,1.83,#72634d,1.67,#86755c,2.8,#a99a79,3.02,#b8ac90,1.53,#2e2b26,1.83,#72634d,1.67,#b8ac90,1.53,#86755c,2.8,#98886a,2.91,,Pleurotus,Pleurotus eryngii
KW_T_423a_26_0135R,KW_T_423a_26_0135R.tif_segmented.png,1402265,3033,3887,#b59b6a,3.01,#a4895e,2.86,#8d7653,2.13,#2d2b27,1.7,#c3ac81,1.6,#dbcaac,0.97,#c3ac81,1.6,#b59b6a,3.01,#a4895e,2.86,#8d7653,2.13,#2d2b27,1.7,#685843,0.95,#8d7653,2.13,#a4895e,2.86,#c3ac81,1.6,#2d2b27,1.7,#b59b6a,3.01,#c3ac81,1.6,#a4895e,2.86,#dbcaac,0.97,#2d2b27,1.7,#685843,0.95,#8d7653,2.13,#a4895e,2.86,#c3ac81,1.6,,Chaerophyllum,Chaerophyllum bulbosum
KW_T_423a_26_0136R,KW_T_423a_26_0136R.tif_segmented.png,2018443,3037,3895,#ddcd97,4.41,#d0bb84,3.37,#c69d64,3.23,#d7b16a,2.92,#2c2a26,2.2,#d7b16a,2.92,#ddcd97,4.41,#c69d64,3.23,#d0bb84,3.37,#b58855,1.91,#6d6350,0.21,#2c2a26,2.2,#ddcd97,4.41,#d0bb84,3.37,#b58855,1.91,#d7b16a,2.92,#2c2a26,2.2,#c69d64,3.23,#ddcd97,4.41,#d0bb84,3.37,#6d6350,0.21,#2c2a26,2.2,#ddcd97,4.41,#d0bb84,3.37,#b58855,1.91,,Chenopodium,Chenopodium quinoa
KW_T_423a_26_0137R,KW_T_423a_26_0137R.tif_segmented.png,2886765,3031,3907,#999a6f,6.87,#a4a778,5.32,#8b8867,4.25,#7c745d,1.97,#312e2a,1.91,#a4a778,5.32,#312e2a,1.91,#c0b6a0,1.18,#999a6f,6.87,#8b8867,4.25,#312e2a,1.91,#c0b6a0,1.18,#7c745d,1.97,#8b8867,4.25,#999a6f,6.87,#312e2a,1.91,#7c745d,1.97,#999a6f,6.87,#8b8867,4.25,#a4a778,5.32,#312e2a,1.91,#c0b6a0,1.18,#7c745d,1.97,#8b8867,4.25,#999a6f,6.87,,Pseudocraterellus,Pseudocraterellus undulatus
KW_T_423a_26_0138R,KW_T_423a_26_0138R.tif_segmented.png,1405286,3039,3907,#aaae89,3.13,#989472,2.71,#2f2d29,1.92,#82775c,1.9,#c1bda3,1.14,#eae47c,0.59,#2f2d29,1.92,#c1bda3,1.14,#aaae89,3.13,#82775c,1.9,#2f2d29,1.92,#82775c,1.9,#989472,2.71,#aaae89,3.13,#c1bda3,1.14,#eae47c,0.59,#2f2d29,1.92,#aaae89,3.13,#82775c,1.9,#989472,2.71,#2f2d29,1.92,#82775c,1.9,#989472,2.71,#aaae89,3.13,#c1bda3,1.14,,Thelephora,Thelephora anthocephala
KW_T_423a_26_0139R,KW_T_423a_26_0139R.tif_segmented.png,1268690,3037,3899,#c3c5a5,3.27,#2c2926,2.57,#b1b29b,1.64,#9e9d87,1.18,#898371,0.59,#c3c5a5,3.27,#2c2926,2.57,#554d41,0.21,#b1b29b,1.64,#9e9d87,1.18,#554d41,0.21,#2c2926,2.57,#898371,0.59,#9e9d87,1.18,#b1b29b,1.64,#2c2926,2.57,#c3c5a5,3.27,#9e9d87,1.18,#554d41,0.21,#898371,0.59,#554d41,0.21,#2c2926,2.57,#898371,0.59,#9e9d87,1.18,#b1b29b,1.64,Russulaceae,Lactarius,Lactarius resimus
KW_T_423a_26_0140R,KW_T_423a_26_0140R.tif_segmented.png,699080,3031,3895,#2e2a26,2.11,#a9815b,1.43,#c09a6f,1.13,#816e55,1.11,#cab898,0.75,#c09a6f,1.13,#cab898,0.75,#a9815b,1.43,#2e2a26,2.11,#816e55,1.11,#2e2a26,2.11,#635b49,0.67,#8e8670,0.74,#816e55,1.11,#cab898,0.75,#2e2a26,2.11,#c09a6f,1.13,#635b49,0.67,#816e55,1.11,#a9815b,1.43,#2e2a26,2.11,#635b49,0.67,#8e8670,0.74,#816e55,1.11,#cab898,0.75,,Phaeolus,Phaeolus schweinitzii
KW_T_423a_26_0141R,KW_T_423a_26_0141R.tif_segmented.png,2097594,3037,3903,#998362,6.0,#89735b,4.23,#aa956d,3.77,#2b2825,2.22,#bcab89,1.77,#bcab89,1.77,#aa956d,3.77,#998362,6.0,#89735b,4.23,#2b2825,2.22,#2b2825,2.22,#554c3d,0.29,#bcab89,1.77,#aa956d,3.77,#89735b,4.23,#2b2825,2.22,#aa956d,3.77,#bcab89,1.77,#554c3d,0.29,#89735b,4.23,#2b2825,2.22,#554c3d,0.29,#bcab89,1.77,#aa956d,3.77,#89735b,4.23,,Larix,Larix decidua
KW_T_423a_26_0142R,KW_T_423a_26_0142R.tif_segmented.png,4998734,3043,3907,#8a8f67,11.25,#7c815f,10.67,#999c71,7.45,#6e7055,4.75,#aeae8d,2.18,#8a8f67,11.25,#c6c4a6,1.94,#2e2b27,1.7,#7c815f,10.67,#999c71,7.45,#2e2b27,1.7,#aeae8d,2.18,#6e7055,4.75,#c6c4a6,1.94,#999c71,7.45,#2e2b27,1.7,#8a8f67,11.25,#aeae8d,2.18,#999c71,7.45,#7c815f,10.67,#2e2b27,1.7,#aeae8d,2.18,#6e7055,4.75,#c6c4a6,1.94,#999c71,7.45,Rosaceae,Rubus,Rubus chlorothyrsos
KW_T_423a_26_0143R,KW_T_423a_26_0143R.tif_segmented.png,2160505,3041,3911,#2c2926,2.81,#999b72,2.64,#aaac7e,2.42,#bbbd8e,2.11,#858766,2.03,#2c2926,2.81,#bbbd8e,2.11,#aaac7e,2.42,#999b72,2.64,#858766,2.03,#2c2926,2.81,#858766,2.03,#bbbd8e,2.11,#999b72,2.64,#aaac7e,2.42,#2c2926,2.81,#bbbd8e,2.11,#aaac7e,2.42,#999b72,2.64,#858766,2.03,#2c2926,2.81,#858766,2.03,#bbbd8e,2.11,#999b72,2.64,#aaac7e,2.42,,Lachnellula,Lachnellula willkommii
KW_T_423a_26_0144R,KW_T_423a_26_0144R.tif_segmented.png,962001,3031,3879,#2c2926,1.7,#b1ab8d,1.26,#c8c3a7,1.24,#9b8c6f,0.98,#7d6f57,0.65,#c8c3a7,1.24,#5c503e,0.6,#2c2926,1.7,#b1ab8d,1.26,#9b8c6f,0.98,#2c2926,1.7,#5c503e,0.6,#7d6f57,0.65,#9b8c6f,0.98,#b1ab8d,1.26,#2c2926,1.7,#7d6f57,0.65,#b1ab8d,1.26,#c8c3a7,1.24,#5c503e,0.6,#2c2926,1.7,#5c503e,0.6,#7d6f57,0.65,#9b8c6f,0.98,#b1ab8d,1.26,,Mycena,Mycena galopus
KW_T_423a_26_0145R,KW_T_423a_26_0145R.tif_segmented.png,2031847,3031,3871,#caa664,3.96,#b19360,2.8,#d6b970,2.77,#302d28,1.84,#ddce91,1.61,#d6b970,2.77,#ddce91,1.61,#caa664,3.96,#b19360,2.8,#302d28,1.84,#302d28,1.84,#907853,0.85,#c1b699,1.44,#b19360,2.8,#ddce91,1.61,#d6b970,2.77,#caa664,3.96,#ddce91,1.61,#302d28,1.84,#b19360,2.8,#302d28,1.84,#907853,0.85,#c1b699,1.44,#b19360,2.8,#ddce91,1.61,,Arcyria,Arcyria denudata
KW_T_423a_26_0146R,KW_T_423a_26_0146R.tif_segmented.png,1327190,3029,3867,#a4aa79,2.93,#979a6c,2.9,#2f2c27,1.63,#b7b19c,1.22,#858662,1.19,#a4aa79,2.93,#2f2c27,1.63,#979a6c,2.9,#5e5642,0.2,#b7b19c,1.22,#2f2c27,1.63,#5e5642,0.2,#b7b19c,1.22,#858662,1.19,#979a6c,2.9,#2f2c27,1.63,#979a6c,2.9,#858662,1.19,#a4aa79,2.93,#5e5642,0.2,#2f2c27,1.63,#5e5642,0.2,#b7b19c,1.22,#858662,1.19,#979a6c,2.9,,Rumex,Rumex patientia subsp. orientalis
KW_T_423a_26_0147R,KW_T_423a_26_0147R.tif_segmented.png,1344286,3023,3879,#b8ba9d,2.13,#302d27,2.08,#a7a68a,1.52,#c8cc95,1.08,#8d856e,0.61,#c8cc95,1.08,#302d27,2.08,#b8ba9d,2.13,#a7a68a,1.52,#8d856e,0.61,#302d27,2.08,#8d856e,0.61,#a7a68a,1.52,#c8cc95,1.08,#b8ba9d,2.13,#302d27,2.08,#c8cc95,1.08,#a7a68a,1.52,#b8ba9d,2.13,#8d856e,0.61,#302d27,2.08,#8d856e,0.61,#a7a68a,1.52,#c8cc95,1.08,#b8ba9d,2.13,,Cenchrus,Cenchrus pauciflorus
KW_T_423a_26_0148R,KW_T_423a_26_0148R.tif_segmented.png,814346,3031,3883,#2d2a26,2.15,#726654,1.72,#8c785e,1.51,#a78a67,1.27,#cda36a,0.87,#cda36a,0.87,#bcb093,0.6,#a78a67,1.27,#2d2a26,2.15,#8c785e,1.51,#2d2a26,2.15,#bcb093,0.6,#726654,1.72,#a78a67,1.27,#8c785e,1.51,#2d2a26,2.15,#cda36a,0.87,#726654,1.72,#8c785e,1.51,#bcb093,0.6,#2d2a26,2.15,#bcb093,0.6,#726654,1.72,#a78a67,1.27,#8c785e,1.51,,Pholiotina,Pholiotina velata s.l.
KW_T_423a_26_0149R,KW_T_423a_26_0149R.tif_segmented.png,2780913,3027,3879,#c5b187,4.63,#d4c49c,4.22,#b69f77,4.21,#a28c67,3.61,#8c7558,2.93,#d4c49c,4.22,#c5b187,4.63,#b69f77,4.21,#2e2b27,1.87,#6f5c46,1.89,#2e2b27,1.87,#6f5c46,1.89,#8c7558,2.93,#a28c67,3.61,#b69f77,4.21,#2e2b27,1.87,#c5b187,4.63,#d4c49c,4.22,#b69f77,4.21,#a28c67,3.61,#2e2b27,1.87,#6f5c46,1.89,#8c7558,2.93,#a28c67,3.61,#b69f77,4.21,,Pholiotina,Pholiotina velata s.l.
KW_T_423a_26_0150R,KW_T_423a_26_0150R.tif_segmented.png,878496,3025,3883,#2d2a27,1.86,#af9277,0.79,#beb48d,0.79,#9c7a61,0.57,#494237,0.28,#beb48d,0.79,#af9277,0.79,#9c7a61,0.57,#2d2a27,1.86,#494237,0.28,#494237,0.28,#2d2a27,1.86,#9c7a61,0.57,#af9277,0.79,#beb48d,0.79,#2d2a27,1.86,#494237,0.28,#beb48d,0.79,#af9277,0.79,#9c7a61,0.57,#494237,0.28,#2d2a27,1.86,#9c7a61,0.57,#af9277,0.79,#beb48d,0.79,,Pholiota,Pholiota conissans
KW_T_423a_26_0151R,KW_T_423a_26_0151R.tif_segmented.png,2154376,3027,3879,#9ea468,5.61,#a8b170,4.51,#909164,2.62,#2f2d28,1.62,#777357,1.13,#a8b170,4.51,#9ea468,5.61,#2f2d28,1.62,#909164,2.62,#acab8c,0.7,#2f2d28,1.62,#777357,1.13,#acab8c,0.7,#909164,2.62,#9ea468,5.61,#2f2d28,1.62,#a8b170,4.51,#909164,2.62,#9ea468,5.61,#acab8c,0.7,#2f2d28,1.62,#777357,1.13,#acab8c,0.7,#909164,2.62,#9ea468,5.61,,Exidia,Exidia plana 
KW_T_423a_26_0152R,KW_T_423a_26_0152R.tif_segmented.png,1617268,3025,3875,#7e6c57,2.12,#a69b84,1.87,#665a49,1.77,#908069,1.73,#bdb298,1.72,#bdb298,1.72,#2f2c28,1.53,#a69b84,1.87,#7e6c57,2.12,#665a49,1.77,#2f2c28,1.53,#665a49,1.77,#7e6c57,2.12,#a69b84,1.87,#908069,1.73,#2f2c28,1.53,#7e6c57,2.12,#665a49,1.77,#a69b84,1.87,#908069,1.73,#2f2c28,1.53,#665a49,1.77,#7e6c57,2.12,#a69b84,1.87,#908069,1.73,,Solanum,Solanum sisymbriifolium
KW_T_423a_26_0153R,KW_T_423a_26_0153R.tif_segmented.png,2876089,3027,3871,#9a8c78,4.16,#897a69,4.03,#ad9f86,2.9,#74665a,2.49,#bfb6a0,1.99,#bfb6a0,1.99,#2d2a27,1.88,#ad9f86,2.9,#9a8c78,4.16,#897a69,4.03,#2d2a27,1.88,#ad9f86,2.9,#74665a,2.49,#9a8c78,4.16,#897a69,4.03,#2d2a27,1.88,#897a69,4.03,#74665a,2.49,#ad9f86,2.9,#9a8c78,4.16,#2d2a27,1.88,#ad9f86,2.9,#74665a,2.49,#9a8c78,4.16,#897a69,4.03,,Asphodelus,Asphodelus tenuifolius
KW_T_423a_26_0154R,KW_T_423a_26_0154R.tif_segmented.png,3828756,3027,3867,#79845d,8.95,#6e7755,8.76,#889166,4.3,#616749,4.24,#bdbe98,1.87,#bdbe98,1.87,#79845d,8.95,#6e7755,8.76,#2e2c28,1.58,#616749,4.24,#2e2c28,1.58,#bdbe98,1.87,#a3a37f,1.68,#889166,4.3,#79845d,8.95,#2e2c28,1.58,#a3a37f,1.68,#bdbe98,1.87,#889166,4.3,#6e7755,8.76,#2e2c28,1.58,#bdbe98,1.87,#a3a37f,1.68,#889166,4.3,#79845d,8.95,,Gloeoporus,Gloeoporus dichrous
KW_T_423a_26_0155R,KW_T_423a_26_0155R.tif_segmented.png,614847,3029,3875,#a0a583,1.9,#2b2926,1.59,#8b8e72,1.47,#b5b598,1.12,#75755f,0.75,#b5b598,1.12,#2b2926,1.59,#a0a583,1.9,#4d463c,0.24,#8b8e72,1.47,#4d463c,0.24,#2b2926,1.59,#75755f,0.75,#8b8e72,1.47,#a0a583,1.9,#2b2926,1.59,#a0a583,1.9,#4d463c,0.24,#8b8e72,1.47,#75755f,0.75,#4d463c,0.24,#2b2926,1.59,#75755f,0.75,#8b8e72,1.47,#a0a583,1.9,,Gautieria,Gautieria graveolens
KW_T_423a_26_0156R,KW_T_423a_26_0156R.tif_segmented.png,1889385,3027,3879,#a8a873,4.66,#b6b582,3.78,#97956a,2.69,#2e2b27,1.85,#7f7a5b,1.22,#b6b582,3.78,#2e2b27,1.85,#c6c0a0,0.96,#a8a873,4.66,#97956a,2.69,#2e2b27,1.85,#7f7a5b,1.22,#97956a,2.69,#b6b582,3.78,#a8a873,4.66,#2e2b27,1.85,#b6b582,3.78,#97956a,2.69,#7f7a5b,1.22,#a8a873,4.66,#2e2b27,1.85,#7f7a5b,1.22,#97956a,2.69,#b6b582,3.78,#a8a873,4.66,,Hydnellum,Hydnellum aurantiacum
KW_T_423a_26_0157R,KW_T_423a_26_0157R.tif_segmented.png,2001114,3025,3891,#816255,4.46,#6a5449,3.66,#7f433b,2.07,#c6b495,1.97,#997462,1.8,#7f433b,2.07,#c6b495,1.97,#ad937b,1.64,#816255,4.46,#2b2823,1.72,#2b2823,1.72,#ad937b,1.64,#c6b495,1.97,#997462,1.8,#816255,4.46,#2b2823,1.72,#7f433b,2.07,#816255,4.46,#997462,1.8,#c6b495,1.97,#2b2823,1.72,#ad937b,1.64,#c6b495,1.97,#997462,1.8,#816255,4.46,Rosaceae,Rubus,Rubus winteri
KW_T_423a_26_0158R,KW_T_423a_26_0158R.tif_segmented.png,1274971,3035,3895,#2e2a26,2.77,#8b7c6c,2.11,#a69880,1.64,#c5bba6,1.59,#d1bf8b,1.36,#d1bf8b,1.36,#2e2a26,2.77,#c5bba6,1.59,#a69880,1.64,#6c6153,0.97,#2e2a26,2.77,#6c6153,0.97,#d1bf8b,1.36,#8b7c6c,2.11,#a69880,1.64,#2e2a26,2.77,#d1bf8b,1.36,#8b7c6c,2.11,#6c6153,0.97,#a69880,1.64,#2e2a26,2.77,#6c6153,0.97,#d1bf8b,1.36,#8b7c6c,2.11,#a69880,1.64,,Bidens,Bidens connata
KW_T_423a_26_0159R,KW_T_423a_26_0159R.tif_segmented.png,906906,3041,3887,#2e2b26,1.63,#bb6748,1.61,#c79263,1.5,#985d44,1.46,#e5c672,1.34,#e5c672,1.34,#bb6748,1.61,#c79263,1.5,#985d44,1.46,#c3b090,0.73,#2e2b26,1.63,#c3b090,0.73,#c79263,1.5,#985d44,1.46,#bb6748,1.61,#e5c672,1.34,#bb6748,1.61,#2e2b26,1.63,#c79263,1.5,#985d44,1.46,#2e2b26,1.63,#c3b090,0.73,#c79263,1.5,#985d44,1.46,#bb6748,1.61,,Macrotyphula,Macrotyphula fistulosa var. contorta
KW_T_423a_26_0160R,KW_T_423a_26_0160R.tif_segmented.png,1171320,3047,3899,#6d5a48,1.9,#99856d,1.88,#826e5a,1.8,#2f2b27,1.54,#af9b80,1.51,#c0ad8f,1.48,#af9b80,1.51,#2f2b27,1.54,#6d5a48,1.9,#826e5a,1.8,#2f2b27,1.54,#c0ad8f,1.48,#6d5a48,1.9,#99856d,1.88,#826e5a,1.8,#2f2b27,1.54,#826e5a,1.8,#c0ad8f,1.48,#6d5a48,1.9,#af9b80,1.51,#2f2b27,1.54,#c0ad8f,1.48,#6d5a48,1.9,#99856d,1.88,#826e5a,1.8,,Macrotyphula,Macrotyphula fistulosa var. fistulosa
KW_T_423a_26_0161R,KW_T_423a_26_0161R.tif_segmented.png,4108727,3027,3899,#86775b,6.06,#c0b697,5.85,#9b8d6b,5.42,#70644c,5.01,#ada182,4.85,#c0b697,5.85,#ada182,4.85,#70644c,5.01,#2d2a27,2.39,#86775b,6.06,#2d2a27,2.39,#9b8d6b,5.42,#86775b,6.06,#70644c,5.01,#ada182,4.85,#2d2a27,2.39,#70644c,5.01,#ada182,4.85,#86775b,6.06,#9b8d6b,5.42,#2d2a27,2.39,#9b8d6b,5.42,#86775b,6.06,#70644c,5.01,#ada182,4.85,,Gyromitra,Gyromitra infula
KW_T_423a_26_0162R,KW_T_423a_26_0162R.tif_segmented.png,3293033,3043,3883,#969b6a,8.26,#888c62,6.49,#a3a973,5.7,#787958,2.81,#bbb98c,1.76,#a3a973,5.7,#2f2c27,1.7,#bbb98c,1.76,#969b6a,8.26,#888c62,6.49,#2f2c27,1.7,#bbb98c,1.76,#787958,2.81,#888c62,6.49,#969b6a,8.26,#2f2c27,1.7,#bbb98c,1.76,#888c62,6.49,#969b6a,8.26,#a3a973,5.7,#2f2c27,1.7,#bbb98c,1.76,#787958,2.81,#888c62,6.49,#969b6a,8.26,,Gyromitra,Gyromitra esculenta
KW_T_423a_26_0163R,KW_T_423a_26_0163R.tif_segmented.png,3330674,3045,3887,#9c9c6e,6.55,#a8a87b,6.39,#6f6e50,3.74,#888662,3.34,#c1b892,1.87,#c1b892,1.87,#a8a87b,6.39,#2e2b27,1.45,#9c9c6e,6.55,#6f6e50,3.74,#2e2b27,1.45,#6f6e50,3.74,#c1b892,1.87,#a8a87b,6.39,#888662,3.34,#2e2b27,1.45,#a8a87b,6.39,#9c9c6e,6.55,#888662,3.34,#c1b892,1.87,#2e2b27,1.45,#6f6e50,3.74,#c1b892,1.87,#a8a87b,6.39,#888662,3.34,Russulaceae,Russula,Russula densifolia
KW_T_423a_26_0164R,KW_T_423a_26_0164R.tif_segmented.png,3091064,3035,3887,#92996f,7.7,#a0a77a,6.29,#848966,5.11,#757459,2.16,#b5b28f,2.11,#a0a77a,6.29,#2f2c28,1.91,#92996f,7.7,#b5b28f,2.11,#848966,5.11,#2f2c28,1.91,#757459,2.16,#b5b28f,2.11,#848966,5.11,#a0a77a,6.29,#2f2c28,1.91,#b5b28f,2.11,#757459,2.16,#92996f,7.7,#848966,5.11,#2f2c28,1.91,#757459,2.16,#b5b28f,2.11,#848966,5.11,#a0a77a,6.29,Rosaceae,Rubus,Rubus spec.
KW_T_423a_26_0165R,KW_T_423a_26_0165R.tif_segmented.png,1716272,3043,3879,#c2c885,3.76,#b3b37b,2.72,#2f2b27,1.85,#a19e6d,1.29,#ebdb78,0.41,#ebdb78,0.41,#c2c885,3.76,#2f2b27,1.85,#b3b37b,2.72,#7f7456,0.31,#2f2b27,1.85,#7f7456,0.31,#a19e6d,1.29,#b3b37b,2.72,#c2c885,3.76,#ebdb78,0.41,#2f2b27,1.85,#c2c885,3.76,#b3b37b,2.72,#a19e6d,1.29,#2f2b27,1.85,#7f7456,0.31,#a19e6d,1.29,#b3b37b,2.72,#c2c885,3.76,,Noccaea,Noccaea perfoliata
KW_T_423a_26_0166R,KW_T_423a_26_0166R.tif_segmented.png,1682062,3037,3887,#c3a577,3.85,#cfb789,3.27,#ad9066,2.75,#917959,1.63,#2e2b26,1.51,#cfb789,3.27,#c3a577,3.85,#ad9066,2.75,#2e2b26,1.51,#917959,1.63,#2e2b26,1.51,#645b4c,0.77,#917959,1.63,#ad9066,2.75,#cfb789,3.27,#2e2b26,1.51,#c3a577,3.85,#cfb789,3.27,#ad9066,2.75,#645b4c,0.77,#2e2b26,1.51,#645b4c,0.77,#917959,1.63,#ad9066,2.75,#cfb789,3.27,,Suillus,Suillus grevillei
KW_T_423a_26_0167R,KW_T_423a_26_0167R.tif_segmented.png,2088987,3041,3895,#74624d,4.47,#86725a,3.39,#615343,2.74,#9a876a,2.4,#2d2a26,1.91,#cdbf9d,1.8,#b3a384,1.75,#74624d,4.47,#2d2a26,1.91,#615343,2.74,#2d2a26,1.91,#b3a384,1.75,#9a876a,2.4,#615343,2.74,#86725a,3.39,#2d2a26,1.91,#b3a384,1.75,#74624d,4.47,#cdbf9d,1.8,#86725a,3.39,#2d2a26,1.91,#b3a384,1.75,#9a876a,2.4,#615343,2.74,#86725a,3.39,,Typhula,Typhula phacorrhiza
KW_T_423a_26_0168R,KW_T_423a_26_0168R.tif_segmented.png,3011411,3045,3887,#917856,6.14,#a58b63,5.34,#7e674c,4.76,#695742,4.2,#bba275,3.48,#d2bf8d,1.96,#bba275,3.48,#a58b63,5.34,#917856,6.14,#7e674c,4.76,#2e2b27,2.02,#d2bf8d,1.96,#695742,4.2,#bba275,3.48,#7e674c,4.76,#2e2b27,2.02,#d2bf8d,1.96,#bba275,3.48,#7e674c,4.76,#a58b63,5.34,#2e2b27,2.02,#d2bf8d,1.96,#695742,4.2,#bba275,3.48,#7e674c,4.76,,Elaphocordyceps,Elaphocordyceps capitata s.l.
KW_T_423a_26_0169R,KW_T_423a_26_0169R.tif_segmented.png,3786971,3043,3891,#585549,6.87,#676356,5.95,#47443c,5.65,#d0bf8e,3.59,#7f715b,3.23,#d0bf8e,3.59,#b8a579,3.12,#9e8a67,2.69,#2c2a25,1.64,#7f715b,3.23,#2c2a25,1.64,#9e8a67,2.69,#d0bf8e,3.59,#b8a579,3.12,#47443c,5.65,#2c2a25,1.64,#d0bf8e,3.59,#47443c,5.65,#b8a579,3.12,#585549,6.87,#2c2a25,1.64,#9e8a67,2.69,#d0bf8e,3.59,#b8a579,3.12,#47443c,5.65,Caryophyllaceae,Silene,Silene stricta
KW_T_423a_26_0170R,KW_T_423a_26_0170R.tif_segmented.png,3675130,3051,3891,#989c6d,8.54,#8b8e66,8.23,#a7a97b,5.27,#7c7d5e,4.68,#c0ba9c,2.35,#989c6d,8.54,#c0ba9c,2.35,#a7a97b,5.27,#2d2a25,2.03,#8b8e66,8.23,#2d2a25,2.03,#70604c,1.7,#c0ba9c,2.35,#7c7d5e,4.68,#a7a97b,5.27,#2d2a25,2.03,#8b8e66,8.23,#a7a97b,5.27,#7c7d5e,4.68,#989c6d,8.54,#2d2a25,2.03,#70604c,1.7,#c0ba9c,2.35,#7c7d5e,4.68,#a7a97b,5.27,,Flammula,Flammula alnicola
KW_T_423a_26_0171R,KW_T_423a_26_0171R.tif_segmented.png,1930401,3051,3883,#93946b,5.08,#a4a575,3.95,#b3b683,3.87,#302c26,2.28,#c9c2a3,0.95,#e7cc71,0.47,#302c26,2.28,#b3b683,3.87,#c9c2a3,0.95,#a4a575,3.95,#302c26,2.28,#78705a,0.8,#93946b,5.08,#a4a575,3.95,#b3b683,3.87,#e7cc71,0.47,#302c26,2.28,#b3b683,3.87,#93946b,5.08,#78705a,0.8,#302c26,2.28,#78705a,0.8,#93946b,5.08,#a4a575,3.95,#b3b683,3.87,,Oenanthe,Oenanthe pimpinelloides
KW_T_423a_26_0172R,KW_T_423a_26_0172R.tif_segmented.png,938275,3043,3891,#2b2824,1.83,#6c604b,1.34,#b9b18f,1.23,#89785c,1.18,#a29473,1.06,#d89c63,0.93,#b9b18f,1.23,#2b2824,1.83,#6c604b,1.34,#a29473,1.06,#2b2824,1.83,#a29473,1.06,#b9b18f,1.23,#89785c,1.18,#6c604b,1.34,#d89c63,0.93,#2b2824,1.83,#6c604b,1.34,#b9b18f,1.23,#89785c,1.18,#2b2824,1.83,#a29473,1.06,#b9b18f,1.23,#89785c,1.18,#6c604b,1.34,,Hebeloma,Hebeloma radicosum
KW_T_423a_26_0173R,KW_T_423a_26_0173R.tif_segmented.png,408040,3051,3895,#2d2a26,2.53,#c0ac87,1.5,#aa9675,0.74,#86765f,0.37,,,#c0ac87,1.5,#2d2a26,2.53,#aa9675,0.74,#86765f,0.37,,,#2d2a26,2.53,#86765f,0.37,#c0ac87,1.5,#aa9675,0.74,,,#2d2a26,2.53,#c0ac87,1.5,#86765f,0.37,#aa9675,0.74,,,#2d2a26,2.53,#86765f,0.37,#c0ac87,1.5,#aa9675,0.74,,,,Crepidotus,Crepidotus variabilis s.l.
KW_T_423a_26_0174R,KW_T_423a_26_0174R.tif_segmented.png,1310302,3045,3895,#9ea27b,2.17,#bbb594,2.13,#8a8d6c,1.93,#2f2c28,1.32,#74735b,0.97,#bbb594,2.13,#2f2c28,1.32,#9ea27b,2.17,#8a8d6c,1.93,#74735b,0.97,#2f2c28,1.32,#74735b,0.97,#8a8d6c,1.93,#9ea27b,2.17,#bbb594,2.13,#2f2c28,1.32,#8a8d6c,1.93,#9ea27b,2.17,#74735b,0.97,#bbb594,2.13,#2f2c28,1.32,#74735b,0.97,#8a8d6c,1.93,#9ea27b,2.17,#bbb594,2.13,,hybride,hybride van Rubus caesius
KW_T_423a_26_0175R,KW_T_423a_26_0175R.tif_segmented.png,1384312,3041,3887,#a4ac7c,2.26,#2e2b26,1.97,#919570,1.96,#b6ba8c,1.59,#7c795d,1.12,#2e2b26,1.97,#b6ba8c,1.59,#a4ac7c,2.26,#7c795d,1.12,#919570,1.96,#2e2b26,1.97,#7c795d,1.12,#919570,1.96,#a4ac7c,2.26,#b6ba8c,1.59,#2e2b26,1.97,#b6ba8c,1.59,#7c795d,1.12,#919570,1.96,#a4ac7c,2.26,#2e2b26,1.97,#7c795d,1.12,#919570,1.96,#a4ac7c,2.26,#b6ba8c,1.59,,Calocybe,Calocybe carnea
KW_T_423a_26_0176R,KW_T_423a_26_0176R.tif_segmented.png,1398860,3056,3891,#a49e89,2.55,#b7af97,2.23,#928b78,1.97,#645e51,1.76,#2c2924,1.75,#2c2924,1.75,#b7af97,2.23,#a49e89,2.55,#645e51,1.76,#928b78,1.97,#2c2924,1.75,#b7af97,2.23,#645e51,1.76,#a49e89,2.55,#7a7162,1.46,#2c2924,1.75,#a49e89,2.55,#7a7162,1.46,#645e51,1.76,#928b78,1.97,#2c2924,1.75,#b7af97,2.23,#645e51,1.76,#a49e89,2.55,#7a7162,1.46,,Rhizopogon,Rhizopogon luteolus
KW_T_423a_26_0177R,KW_T_423a_26_0177R.tif_segmented.png,2410602,3045,3887,#ae976b,6.14,#94815e,2.89,#d9ca6c,2.83,#2e2b27,2.33,#c5b263,1.9,#d9ca6c,2.83,#c5b263,1.9,#ae976b,6.14,#bfb08f,0.93,#2e2b27,2.33,#2e2b27,2.33,#695f4d,1.03,#bfb08f,0.93,#94815e,2.89,#ae976b,6.14,#d9ca6c,2.83,#c5b263,1.9,#2e2b27,2.33,#ae976b,6.14,#695f4d,1.03,#2e2b27,2.33,#695f4d,1.03,#bfb08f,0.93,#94815e,2.89,#ae976b,6.14,,Hysterangium,Hysterangium clathroides var. crassum
KW_T_423a_26_0178R,KW_T_423a_26_0178R.tif_segmented.png,3309508,3037,3887,#868861,8.13,#7b7c59,7.67,#95956b,4.98,#6e6e4f,3.27,#a9a684,1.92,#c9bf9e,1.77,#2b2824,1.43,#868861,8.13,#7b7c59,7.67,#95956b,4.98,#2b2824,1.43,#a9a684,1.92,#6e6e4f,3.27,#7b7c59,7.67,#868861,8.13,#2b2824,1.43,#a9a684,1.92,#95956b,4.98,#868861,8.13,#7b7c59,7.67,#2b2824,1.43,#a9a684,1.92,#6e6e4f,3.27,#7b7c59,7.67,#868861,8.13,Postiaceae,Postia,Postia floriformis
KW_T_423a_26_0179R,KW_T_423a_26_0179R.tif_segmented.png,1518460,3051,3895,#a29f75,2.03,#2f2c27,1.85,#8f8867,1.74,#b7b28b,1.47,#766c53,1.11,#b7b28b,1.47,#2f2c27,1.85,#a29f75,2.03,#766c53,1.11,#8f8867,1.74,#2f2c27,1.85,#766c53,1.11,#8f8867,1.74,#b7b28b,1.47,#a29f75,2.03,#2f2c27,1.85,#a29f75,2.03,#b7b28b,1.47,#766c53,1.11,#8f8867,1.74,#2f2c27,1.85,#766c53,1.11,#8f8867,1.74,#b7b28b,1.47,#a29f75,2.03,,Polygonum,Polygonum patulum
KW_T_423a_26_0180R,KW_T_423a_26_0180R.tif_segmented.png,914559,3037,3903,#2e2b27,2.04,#baaf7e,1.68,#e3d288,1.67,#979173,1.4,#c6bf9e,1.36,#e3d288,1.67,#baaf7e,1.68,#2e2b27,2.04,#c6bf9e,1.36,#79705b,1.11,#2e2b27,2.04,#79705b,1.11,#979173,1.4,#baaf7e,1.68,#e3d288,1.67,#e3d288,1.67,#2e2b27,2.04,#baaf7e,1.68,#79705b,1.11,#c6bf9e,1.36,#2e2b27,2.04,#79705b,1.11,#979173,1.4,#baaf7e,1.68,#e3d288,1.67,,Fuligo,Fuligo septica 
KW_T_423a_26_0181R,KW_T_423a_26_0181R.tif_segmented.png,1313036,3035,3899,#2f2c28,2.59,#c9bd94,2.09,#bbab82,1.88,#a69774,1.73,#8f8163,1.4,#c9bd94,2.09,#bbab82,1.88,#2f2c28,2.59,#a69774,1.73,#8f8163,1.4,#2f2c28,2.59,#6b6352,0.72,#8f8163,1.4,#a69774,1.73,#c9bd94,2.09,#2f2c28,2.59,#bbab82,1.88,#c9bd94,2.09,#6b6352,0.72,#a69774,1.73,#2f2c28,2.59,#6b6352,0.72,#8f8163,1.4,#a69774,1.73,#c9bd94,2.09,Russulaceae,Lactarius,Lactarius spec.
KW_T_423a_26_0182R,KW_T_423a_26_0182R.tif_segmented.png,1549140,3051,3887,#a6ab75,2.27,#2e2b27,2.04,#969a6a,1.86,#bbba91,0.86,#7e7f5c,0.81,#2e2b27,2.04,#a6ab75,2.27,#bbba91,0.86,#969a6a,1.86,#7e7f5c,0.81,#2e2b27,2.04,#7e7f5c,0.81,#969a6a,1.86,#a6ab75,2.27,#bbba91,0.86,#2e2b27,2.04,#bbba91,0.86,#a6ab75,2.27,#969a6a,1.86,#7e7f5c,0.81,#2e2b27,2.04,#7e7f5c,0.81,#969a6a,1.86,#a6ab75,2.27,#bbba91,0.86,Cyperaceae,Carex,Carex x pseudoaxillaris
KW_T_423a_26_0183R,KW_T_423a_26_0183R.tif_segmented.png,1502033,3045,3887,#9fa166,2.84,#2c2925,2.43,#afb572,2.19,#8f8c5b,2.02,#c1be90,1.43,#afb572,2.19,#c1be90,1.43,#2c2925,2.43,#9fa166,2.84,#7b684f,0.65,#2c2925,2.43,#7b684f,0.65,#c1be90,1.43,#8f8c5b,2.02,#9fa166,2.84,#2c2925,2.43,#c1be90,1.43,#afb572,2.19,#8f8c5b,2.02,#9fa166,2.84,#2c2925,2.43,#7b684f,0.65,#c1be90,1.43,#8f8c5b,2.02,#9fa166,2.84,,Cyperus,Cyperus eragrostis
KW_T_423a_26_0184R,KW_T_423a_26_0184R.tif_segmented.png,484037,3047,3903,#322f2b,1.54,#695f53,1.32,#857664,0.87,#23221e,0.75,#c4b490,0.69,#c4b490,0.69,#a5987d,0.67,#23221e,0.75,#857664,0.87,#322f2b,1.54,#322f2b,1.54,#23221e,0.75,#695f53,1.32,#857664,0.87,#a5987d,0.67,#23221e,0.75,#322f2b,1.54,#857664,0.87,#c4b490,0.69,#695f53,1.32,#322f2b,1.54,#23221e,0.75,#695f53,1.32,#857664,0.87,#a5987d,0.67,,Glyceria,Glyceria notata
KW_T_423a_26_0185R,KW_T_423a_26_0185R.tif_segmented.png,452181,3031,3891,#2c2926,1.71,#896f54,0.95,#cbbf96,0.87,#a48e6e,0.8,#bda97e,0.65,#cbbf96,0.87,#bda97e,0.65,#2c2926,1.71,#675743,0.45,#896f54,0.95,#2c2926,1.71,#675743,0.45,#cbbf96,0.87,#a48e6e,0.8,#896f54,0.95,#2c2926,1.71,#bda97e,0.65,#cbbf96,0.87,#896f54,0.95,#675743,0.45,#2c2926,1.71,#675743,0.45,#cbbf96,0.87,#a48e6e,0.8,#896f54,0.95,,Hydnellum,Hydnellum suaveolens
KW_T_423a_26_0186R,KW_T_423a_26_0186R.tif_segmented.png,4663540,3047,3891,#838762,9.89,#8f946a,8.69,#757758,5.85,#9fa370,5.73,#64634b,2.33,#cdc9a9,1.52,#9fa370,5.73,#2d2a25,1.77,#838762,9.89,#8f946a,8.69,#2d2a25,1.77,#b4b290,1.52,#64634b,2.33,#757758,5.85,#838762,9.89,#2d2a25,1.77,#8f946a,8.69,#b4b290,1.52,#838762,9.89,#cdc9a9,1.52,#2d2a25,1.77,#b4b290,1.52,#64634b,2.33,#757758,5.85,#838762,9.89,Bankeraceae,Phellodon,Phellodon niger
KW_T_423a_26_0187R,KW_T_423a_26_0187R.tif_segmented.png,2367927,3033,3891,#918f68,5.47,#827e5e,4.51,#6e6a51,2.06,#2e2b27,1.77,#bbb687,1.63,#bbb687,1.63,#2e2b27,1.77,#a5a078,1.52,#918f68,5.47,#827e5e,4.51,#2e2b27,1.77,#bbb687,1.63,#6e6a51,2.06,#a5a078,1.52,#918f68,5.47,#2e2b27,1.77,#bbb687,1.63,#918f68,5.47,#a5a078,1.52,#827e5e,4.51,#2e2b27,1.77,#bbb687,1.63,#6e6a51,2.06,#a5a078,1.52,#918f68,5.47,Plantaginaceae,Veronica,Veronica praecox
KW_T_423a_26_0188R,KW_T_423a_26_0188R.tif_segmented.png,871807,3045,3911,#2e2b28,2.25,#bdac8a,1.64,#ab9878,1.5,#968267,1.35,#ccbe9c,1.32,#ccbe9c,1.32,#bdac8a,1.64,#2e2b28,2.25,#ab9878,1.5,#7c6a54,0.65,#2e2b28,2.25,#7c6a54,0.65,#bdac8a,1.64,#968267,1.35,#ab9878,1.5,#2e2b28,2.25,#7c6a54,0.65,#bdac8a,1.64,#ccbe9c,1.32,#ab9878,1.5,#2e2b28,2.25,#7c6a54,0.65,#bdac8a,1.64,#968267,1.35,#ab9878,1.5,,Solanum,Solanum sarrachoides
KW_T_423a_26_0189R,KW_T_423a_26_0189R.tif_segmented.png,1389731,3039,3903,#c9b485,2.8,#b8a070,2.16,#a48963,1.87,#2c2a26,1.59,#907455,1.57,#c9b485,2.8,#b8a070,2.16,#a48963,1.87,#907455,1.57,#705c46,0.45,#2c2a26,1.59,#705c46,0.45,#907455,1.57,#c9b485,2.8,#a48963,1.87,#2c2a26,1.59,#b8a070,2.16,#c9b485,2.8,#a48963,1.87,#705c46,0.45,#2c2a26,1.59,#705c46,0.45,#907455,1.57,#c9b485,2.8,#a48963,1.87,,Coprinellus,Coprinellus disseminatus
KW_T_423a_26_0190R,KW_T_423a_26_0190R.tif_segmented.png,3440618,3037,3903,#898e67,6.19,#797d5c,4.52,#989d72,4.28,#b3b485,2.95,#676a50,2.05,#cbc8a3,2.03,#b3b485,2.95,#2c2a26,1.82,#989d72,4.28,#898e67,6.19,#2c2a26,1.82,#b3b485,2.95,#676a50,2.05,#989d72,4.28,#898e67,6.19,#2c2a26,1.82,#b3b485,2.95,#cbc8a3,2.03,#898e67,6.19,#989d72,4.28,#2c2a26,1.82,#b3b485,2.95,#676a50,2.05,#989d72,4.28,#898e67,6.19,,Humaria,Humaria hemispherica
KW_T_423a_26_0191R,KW_T_423a_26_0191R.tif_segmented.png,1849529,3033,3891,#a4a87b,4.5,#b3b889,4.01,#94966e,3.12,#2d2a27,1.83,#818161,1.56,#ccc7a3,1.3,#b3b889,4.01,#2d2a27,1.83,#a4a87b,4.5,#66604b,0.33,#2d2a27,1.83,#66604b,0.33,#818161,1.56,#94966e,3.12,#a4a87b,4.5,#2d2a27,1.83,#b3b889,4.01,#94966e,3.12,#ccc7a3,1.3,#818161,1.56,#2d2a27,1.83,#66604b,0.33,#818161,1.56,#94966e,3.12,#a4a87b,4.5,Rosaceae,Rubus,Rubus spec.
KW_T_423a_26_0192R,KW_T_423a_26_0192R.tif_segmented.png,555451,3035,3899,#2e2b28,1.84,#786a59,1.41,#60584b,1.26,#bab29c,0.42,#988b75,0.36,#bab29c,0.42,#2e2b28,1.84,#988b75,0.36,#786a59,1.41,#60584b,1.26,#2e2b28,1.84,#988b75,0.36,#bab29c,0.42,#60584b,1.26,#786a59,1.41,#2e2b28,1.84,#786a59,1.41,#60584b,1.26,#bab29c,0.42,#988b75,0.36,#2e2b28,1.84,#988b75,0.36,#bab29c,0.42,#60584b,1.26,#786a59,1.41,,Ramaria,Ramaria aurea
KW_T_423a_26_0193R,KW_T_423a_26_0193R.tif_segmented.png,3004058,3031,3899,#ccbc94,4.33,#2c2a26,2.34,#bcab86,2.16,#847662,1.35,#6b6051,1.13,#ccbc94,4.33,#bcab86,2.16,#2c2a26,2.34,#9c9075,1.06,#6b6051,1.13,#2c2a26,2.34,#6b6051,1.13,#847662,1.35,#9c9075,1.06,#bcab86,2.16,#2c2a26,2.34,#ccbc94,4.33,#bcab86,2.16,#847662,1.35,#6b6051,1.13,#2c2a26,2.34,#6b6051,1.13,#847662,1.35,#9c9075,1.06,#bcab86,2.16,,Rumex,Rumex stenophyllus
KW_T_423a_26_0194R,KW_T_423a_26_0194R.tif_segmented.png,3867992,3033,3883,#787b58,7.32,#868962,7.25,#969970,4.97,#6b6d4d,4.71,#acae80,3.44,#cbc5a2,1.95,#2e2b27,1.97,#acae80,3.44,#787b58,7.32,#6b6d4d,4.71,#2e2b27,1.97,#acae80,3.44,#969970,4.97,#868962,7.25,#787b58,7.32,#2e2b27,1.97,#acae80,3.44,#969970,4.97,#868962,7.25,#cbc5a2,1.95,#2e2b27,1.97,#acae80,3.44,#969970,4.97,#868962,7.25,#787b58,7.32,Rosaceae,Rubus,Rubus umbrosus
KW_T_423a_26_0195R,KW_T_423a_26_0195R.tif_segmented.png,1655194,3023,3903,#534a3d,3.57,#675b46,3.56,#7b6b51,2.75,#2c2a26,1.65,#968463,1.33,#b9a678,0.91,#968463,1.33,#675b46,3.56,#7b6b51,2.75,#534a3d,3.57,#2c2a26,1.65,#b9a678,0.91,#534a3d,3.57,#968463,1.33,#7b6b51,2.75,#2c2a26,1.65,#b9a678,0.91,#7b6b51,2.75,#534a3d,3.57,#675b46,3.56,#2c2a26,1.65,#b9a678,0.91,#534a3d,3.57,#968463,1.33,#7b6b51,2.75,,Mycena,Mycena epipterygia s.l.
KW_T_423a_26_0196R,KW_T_423a_26_0196R.tif_segmented.png,920758,3021,3903,#2e2b27,1.99,#d1c198,1.99,#8f755b,1.86,#a89170,1.49,#bfaa85,1.15,#d1c198,1.99,#bfaa85,1.15,#2e2b27,1.99,#a89170,1.49,#725d48,0.86,#2e2b27,1.99,#bfaa85,1.15,#725d48,0.86,#a89170,1.49,#8f755b,1.86,#2e2b27,1.99,#d1c198,1.99,#bfaa85,1.15,#725d48,0.86,#a89170,1.49,#2e2b27,1.99,#bfaa85,1.15,#725d48,0.86,#a89170,1.49,#8f755b,1.86,Amanitaceae,Amanita,Amanita porphyria
KW_T_423a_26_0197R,KW_T_423a_26_0197R.tif_segmented.png,886158,3009,3899,#2e2c29,2.21,#7d705a,1.61,#b0a275,1.53,#e1dc88,1.45,#96876a,1.25,#e1dc88,1.45,#c4bb97,1.05,#b0a275,1.53,#2e2c29,2.21,#7d705a,1.61,#2e2c29,2.21,#645b4b,0.82,#c4bb97,1.05,#7d705a,1.61,#96876a,1.25,#e1dc88,1.45,#2e2c29,2.21,#b0a275,1.53,#7d705a,1.61,#645b4b,0.82,#2e2c29,2.21,#645b4b,0.82,#c4bb97,1.05,#7d705a,1.61,#96876a,1.25,,Hygrocybe,Hygrocybe pratebsis 
KW_T_423a_26_0198R,KW_T_423a_26_0198R.tif_segmented.png,1801664,3021,3899,#8a9166,2.91,#7a7f5b,2.29,#9fa478,1.86,#2e2b27,1.73,#bbb998,1.65,#bbb998,1.65,#2e2b27,1.73,#9fa478,1.86,#8a9166,2.91,#696c4e,1.24,#2e2b27,1.73,#696c4e,1.24,#7a7f5b,2.29,#8a9166,2.91,#9fa478,1.86,#2e2b27,1.73,#8a9166,2.91,#bbb998,1.65,#9fa478,1.86,#7a7f5b,2.29,#2e2b27,1.73,#696c4e,1.24,#7a7f5b,2.29,#8a9166,2.91,#9fa478,1.86,Rosaceae,Rubus,Rubus caesius
KW_T_423a_26_0199R,KW_T_423a_26_0199R.tif_segmented.png,2099421,3027,3903,#d7c693,4.79,#c8b587,3.4,#8f7554,2.54,#b7a176,2.47,#a58a61,2.27,#d7c693,4.79,#c8b587,3.4,#b7a176,2.47,#746047,1.83,#a58a61,2.27,#2f2c28,1.84,#746047,1.83,#8f7554,2.54,#a58a61,2.27,#b7a176,2.47,#2f2c28,1.84,#d7c693,4.79,#c8b587,3.4,#b7a176,2.47,#746047,1.83,#2f2c28,1.84,#746047,1.83,#8f7554,2.54,#a58a61,2.27,#b7a176,2.47,,Lathyrus,Lathyrus cicera
KW_T_423a_26_0200R,KW_T_423a_26_0200R.tif_segmented.png,622748,3029,3903,#2d2a26,1.69,#cdc1a0,1.21,#b6a98a,0.75,#8e846d,0.28,#585144,0.19,#cdc1a0,1.21,#b6a98a,0.75,#2d2a26,1.69,#585144,0.19,#8e846d,0.28,#585144,0.19,#2d2a26,1.69,#8e846d,0.28,#b6a98a,0.75,#cdc1a0,1.21,#2d2a26,1.69,#585144,0.19,#b6a98a,0.75,#cdc1a0,1.21,#8e846d,0.28,#585144,0.19,#2d2a26,1.69,#8e846d,0.28,#b6a98a,0.75,#cdc1a0,1.21,Inocybaceae,Inocybe,Inocybe maculata
KW_T_423a_26_0201R,KW_T_423a_26_0201R.tif_segmented.png,760599,3025,3899,#2d2a27,2.27,#947f5f,1.69,#a69370,1.36,#7d6b50,1.19,#beb08f,1.08,#beb08f,1.08,#a69370,1.36,#947f5f,1.69,#2d2a27,2.27,#7d6b50,1.19,#2d2a27,2.27,#544e43,0.68,#beb08f,1.08,#7d6b50,1.19,#a69370,1.36,#2d2a27,2.27,#544e43,0.68,#7d6b50,1.19,#beb08f,1.08,#a69370,1.36,#2d2a27,2.27,#544e43,0.68,#beb08f,1.08,#7d6b50,1.19,#a69370,1.36,,Clitopilus,Clitopilus nitelinus
KW_T_423a_27_0133R,KW_T_423a_27_0133R.tif_segmented.png,3254068,3029,3899,#7a7d5d,4.81,#8c8e67,4.55,#6a6951,3.68,#9d9f74,3.36,#b0b57f,2.66,#b0b57f,2.66,#c3b7a0,2.5,#322e2b,2.56,#9d9f74,3.36,#8c8e67,4.55,#322e2b,2.56,#b0b57f,2.66,#9d9f74,3.36,#6a6951,3.68,#8c8e67,4.55,#322e2b,2.56,#b0b57f,2.66,#8c8e67,4.55,#9d9f74,3.36,#7a7d5d,4.81,#322e2b,2.56,#b0b57f,2.66,#9d9f74,3.36,#6a6951,3.68,#8c8e67,4.55,Squamanitaceae,Cystoderma,Cystoderma cinnabarinum
KW_T_423a_27_0134R,KW_T_423a_27_0134R.tif_segmented.png,2375439,3017,3895,#9ea273,3.91,#b3b685,3.84,#8c8b66,2.79,#c8c4a5,2.14,#2e2b28,1.92,#b3b685,3.84,#c8c4a5,2.14,#9ea273,3.91,#2e2b28,1.92,#5b4f3f,0.4,#2e2b28,1.92,#5b4f3f,0.4,#776e55,1.75,#8c8b66,2.79,#9ea273,3.91,#2e2b28,1.92,#b3b685,3.84,#8c8b66,2.79,#776e55,1.75,#9ea273,3.91,#2e2b28,1.92,#5b4f3f,0.4,#776e55,1.75,#8c8b66,2.79,#9ea273,3.91,,Peniophora,Peniophora quercina
KW_T_423a_27_0135R,KW_T_423a_27_0135R.tif_segmented.png,5932596,3029,3899,#7f6142,9.99,#906f4a,9.61,#6d533c,8.55,#a07f57,8.27,#584336,6.7,#c5b187,2.33,#b49564,5.38,#906f4a,9.61,#7f6142,9.99,#a07f57,8.27,#2c2a27,1.93,#c5b187,2.33,#b49564,5.38,#a07f57,8.27,#906f4a,9.61,#2c2a27,1.93,#b49564,5.38,#c5b187,2.33,#a07f57,8.27,#584336,6.7,#2c2a27,1.93,#c5b187,2.33,#b49564,5.38,#a07f57,8.27,#906f4a,9.61,,Solanum,Solanum triflorum
KW_T_423a_27_0136R,KW_T_423a_27_0136R.tif_segmented.png,983566,3033,3891,#2f2c28,2.07,#cba770,1.72,#b78d5c,1.66,#dabe80,1.54,#e0cc94,1.44,#e0cc94,1.44,#dabe80,1.54,#cba770,1.72,#b78d5c,1.66,#977752,1.07,#2f2c28,2.07,#695943,0.51,#977752,1.07,#b78d5c,1.66,#e0cc94,1.44,#dabe80,1.54,#2f2c28,2.07,#cba770,1.72,#e0cc94,1.44,#b78d5c,1.66,#2f2c28,2.07,#695943,0.51,#977752,1.07,#b78d5c,1.66,#e0cc94,1.44,,Nassella,Nassella neesiana
KW_T_423a_27_0137R,KW_T_423a_27_0137R.tif_segmented.png,4309373,3029,3883,#8c9368,9.2,#9ba372,8.51,#7c815d,7.6,#696d51,3.85,#abae87,2.45,#9ba372,8.51,#c7bea4,1.71,#2f2c28,1.91,#8c9368,9.2,#7c815d,7.6,#2f2c28,1.91,#696d51,3.85,#abae87,2.45,#7c815d,7.6,#8c9368,9.2,#2f2c28,1.91,#abae87,2.45,#8c9368,9.2,#9ba372,8.51,#7c815d,7.6,#2f2c28,1.91,#696d51,3.85,#abae87,2.45,#7c815d,7.6,#8c9368,9.2,Cortinariaceae,Cortinarius,Cortinarius barbatus s.l.
KW_T_423a_27_0138R,KW_T_423a_27_0138R.tif_segmented.png,1848200,3037,3887,#9fa66f,3.91,#8b8f60,3.63,#757551,2.17,#302e29,1.92,#bdb896,1.61,#dfce57,0.5,#302e29,1.92,#9fa66f,3.91,#bdb896,1.61,#8b8f60,3.63,#302e29,1.92,#bdb896,1.61,#757551,2.17,#8b8f60,3.63,#9fa66f,3.91,#dfce57,0.5,#302e29,1.92,#8b8f60,3.63,#bdb896,1.61,#9fa66f,3.91,#302e29,1.92,#bdb896,1.61,#757551,2.17,#8b8f60,3.63,#9fa66f,3.91,,Mycetinis,Mycetinis querceus
KW_T_423a_27_0139R,KW_T_423a_27_0139R.tif_segmented.png,1983520,3025,3891,#847552,4.09,#95875f,3.0,#736444,2.47,#aa9b6e,2.21,#d3c797,2.21,#d3c797,2.21,#c1b183,2.04,#736444,2.47,#aa9b6e,2.21,#2d2b27,2.12,#2d2b27,2.12,#d3c797,2.21,#c1b183,2.04,#aa9b6e,2.21,#95875f,3.0,#2d2b27,2.12,#d3c797,2.21,#c1b183,2.04,#aa9b6e,2.21,#736444,2.47,#2d2b27,2.12,#d3c797,2.21,#c1b183,2.04,#aa9b6e,2.21,#95875f,3.0,Clitocybaceae,Clitocybe,Clitocybe clavipes
KW_T_423a_27_0140R,KW_T_423a_27_0140R.tif_segmented.png,2563906,3035,3891,#6e5d48,4.05,#81705a,3.61,#92856e,2.87,#b8ac92,2.18,#302e29,1.57,#d9c679,1.22,#ae905e,1.24,#b8ac92,2.18,#6e5d48,4.05,#302e29,1.57,#302e29,1.57,#b8ac92,2.18,#92856e,2.87,#ae905e,1.24,#81705a,3.61,#d9c679,1.22,#302e29,1.57,#ae905e,1.24,#81705a,3.61,#6e5d48,4.05,#302e29,1.57,#b8ac92,2.18,#92856e,2.87,#ae905e,1.24,#81705a,3.61,Rosaceae,Rubus,Rubus procerus
KW_T_423a_27_0141R,KW_T_423a_27_0141R.tif_segmented.png,3292665,3064,3891,#8e8f60,6.92,#9c9e69,6.38,#7f7d57,4.08,#a9aa76,3.02,#302d29,2.41,#c2bb9b,1.47,#9c9e69,6.38,#a9aa76,3.02,#302d29,2.41,#8e8f60,6.92,#302d29,2.41,#6b624a,1.3,#c2bb9b,1.47,#7f7d57,4.08,#a9aa76,3.02,#302d29,2.41,#8e8f60,6.92,#a9aa76,3.02,#9c9e69,6.38,#7f7d57,4.08,#302d29,2.41,#6b624a,1.3,#c2bb9b,1.47,#7f7d57,4.08,#a9aa76,3.02,,Agrostis,Agrostis scabra
KW_T_423a_27_0142R,KW_T_423a_27_0142R.tif_segmented.png,1089028,3054,3895,#2f2d29,1.79,#b0b475,1.51,#9ea069,1.16,#c2c194,1.1,#89875f,0.47,#b0b475,1.51,#c2c194,1.1,#2f2d29,1.79,#9ea069,1.16,#5b5243,0.21,#5b5243,0.21,#2f2d29,1.79,#89875f,0.47,#c2c194,1.1,#9ea069,1.16,#2f2d29,1.79,#c2c194,1.1,#b0b475,1.51,#89875f,0.47,#9ea069,1.16,#5b5243,0.21,#2f2d29,1.79,#89875f,0.47,#c2c194,1.1,#9ea069,1.16,,Phalaris,Phalaris paradoxa
KW_T_423a_27_0143R,KW_T_423a_27_0143R.tif_segmented.png,823647,3041,3891,#2f2c29,1.83,#d2c3a1,1.57,#bfb195,1.47,#a9987b,0.98,#80725d,0.52,#d2c3a1,1.57,#bfb195,1.47,#a9987b,0.98,#2f2c29,1.83,#50483b,0.22,#50483b,0.22,#2f2c29,1.83,#80725d,0.52,#bfb195,1.47,#a9987b,0.98,#2f2c29,1.83,#80725d,0.52,#50483b,0.22,#d2c3a1,1.57,#a9987b,0.98,#50483b,0.22,#2f2c29,1.83,#80725d,0.52,#bfb195,1.47,#a9987b,0.98,,Sistotrema,Sistotrema confluens
KW_T_423a_27_0144R,KW_T_423a_27_0144R.tif_segmented.png,997582,3037,3887,#c58745,2.44,#2f2d29,2.3,#dcc898,1.8,#d2aa68,1.69,#e9d66b,1.1,#debf1e,0.24,#e9d66b,1.1,#c58745,2.44,#d2aa68,1.69,#dcc898,1.8,#2f2d29,2.3,#72644d,0.4,#a9946b,0.71,#dcc898,1.8,#d2aa68,1.69,#debf1e,0.24,#e9d66b,1.1,#c58745,2.44,#d2aa68,1.69,#2f2d29,2.3,#2f2d29,2.3,#72644d,0.4,#a9946b,0.71,#dcc898,1.8,#d2aa68,1.69,,Xylaria,Xylaria guepini
KW_T_423a_27_0145R,KW_T_423a_27_0145R.tif_segmented.png,1304045,3035,3887,#7d805e,2.98,#90946a,2.91,#302d29,1.88,#a3a378,1.49,#65614a,0.68,#bdb395,0.64,#302d29,1.88,#a3a378,1.49,#90946a,2.91,#65614a,0.68,#302d29,1.88,#65614a,0.68,#bdb395,0.64,#7d805e,2.98,#90946a,2.91,#302d29,1.88,#a3a378,1.49,#90946a,2.91,#7d805e,2.98,#65614a,0.68,#302d29,1.88,#65614a,0.68,#bdb395,0.64,#7d805e,2.98,#90946a,2.91,,Xylaria,Xylaria filiformis
KW_T_423a_27_0146R,KW_T_423a_27_0146R.tif_segmented.png,2458127,3035,3891,#b3b86f,4.56,#a5a867,4.36,#948f62,1.95,#312e29,1.68,#b7a491,1.28,#b3b86f,4.56,#a5a867,4.36,#312e29,1.68,#b7a491,1.28,#7e6756,0.64,#312e29,1.68,#7e6756,0.64,#b7a491,1.28,#948f62,1.95,#a5a867,4.36,#312e29,1.68,#b3b86f,4.56,#948f62,1.95,#a5a867,4.36,#7e6756,0.64,#312e29,1.68,#7e6756,0.64,#b7a491,1.28,#948f62,1.95,#a5a867,4.36,Rosaceae,Rubus,Rubus deweveri
KW_T_423a_27_0147R,KW_T_423a_27_0147R.tif_segmented.png,954228,3031,3891,#6a604c,2.27,#544b3c,2.24,#81755f,1.59,#312f2a,1.53,#9a8f79,1.1,#b7af9b,1.06,#544b3c,2.24,#6a604c,2.27,#312f2a,1.53,#9a8f79,1.1,#312f2a,1.53,#544b3c,2.24,#b7af9b,1.06,#9a8f79,1.1,#6a604c,2.27,#312f2a,1.53,#81755f,1.59,#6a604c,2.27,#544b3c,2.24,#9a8f79,1.1,#312f2a,1.53,#544b3c,2.24,#b7af9b,1.06,#9a8f79,1.1,#6a604c,2.27,,Rumex,Rumex pseudonatronatus
KW_T_423a_27_0148R,KW_T_423a_27_0148R.tif_segmented.png,1056845,3039,3895,#c9b683,2.11,#2f2c29,1.98,#ddce94,1.91,#8c7757,1.66,#a99873,1.2,#ddce94,1.91,#c9b683,2.11,#8c7757,1.66,#2f2c29,1.98,#a99873,1.2,#2f2c29,1.98,#675b48,0.89,#a99873,1.2,#8c7757,1.66,#c9b683,2.11,#2f2c29,1.98,#ddce94,1.91,#c9b683,2.11,#a99873,1.2,#675b48,0.89,#2f2c29,1.98,#675b48,0.89,#a99873,1.2,#8c7757,1.66,#c9b683,2.11,Hygrophoraceae,Hygrophorus,Hygrophorus agathosmus
KW_T_423a_27_0149R,KW_T_423a_27_0149R.tif_segmented.png,4164077,3031,3883,#9fa46b,8.83,#aab073,8.54,#939663,6.31,#b7ba86,3.75,#818259,2.73,#aab073,8.54,#b7ba86,3.75,#9fa46b,8.83,#2f2d28,1.88,#939663,6.31,#2f2d28,1.88,#68644b,1.05,#818259,2.73,#b7ba86,3.75,#939663,6.31,#2f2d28,1.88,#b7ba86,3.75,#aab073,8.54,#939663,6.31,#9fa46b,8.83,#2f2d28,1.88,#68644b,1.05,#818259,2.73,#b7ba86,3.75,#939663,6.31,Hygrophoraceae,Hygrophorus,Hygrophorus russula
KW_T_423a_27_0150R,KW_T_423a_27_0150R.tif_segmented.png,1148840,3031,3895,#312e2a,1.99,#babc90,1.8,#a5a981,1.79,#cecba1,1.75,#919471,1.31,#cecba1,1.75,#312e2a,1.99,#babc90,1.8,#a5a981,1.79,#77785d,0.75,#312e2a,1.99,#77785d,0.75,#919471,1.31,#a5a981,1.79,#babc90,1.8,#312e2a,1.99,#babc90,1.8,#cecba1,1.75,#919471,1.31,#77785d,0.75,#312e2a,1.99,#77785d,0.75,#919471,1.31,#a5a981,1.79,#babc90,1.8,,Panellus,Panellus mitis
KW_T_423a_27_0151R,KW_T_423a_27_0151R.tif_segmented.png,1349251,3041,3899,#d4aa62,2.74,#c28f52,2.08,#2e2b28,2.0,#dfc379,1.87,#a5774c,1.11,#dfc379,1.87,#d4aa62,2.74,#c28f52,2.08,#a5774c,1.11,#b3aa82,0.78,#5b503f,0.42,#2e2b28,2.0,#b3aa82,0.78,#a5774c,1.11,#c28f52,2.08,#dfc379,1.87,#d4aa62,2.74,#2e2b28,2.0,#c28f52,2.08,#b3aa82,0.78,#5b503f,0.42,#2e2b28,2.0,#b3aa82,0.78,#a5774c,1.11,#c28f52,2.08,,Calyptella,Calyptella capula
KW_T_423a_27_0152R,KW_T_423a_27_0152R.tif_segmented.png,1230142,3039,3891,#302d29,2.01,#cdc5aa,1.63,#9f9169,1.56,#baaf80,1.54,#887657,1.47,#d9cf85,0.7,#cdc5aa,1.63,#baaf80,1.54,#6c5b44,0.92,#302d29,2.01,#302d29,2.01,#6c5b44,0.92,#887657,1.47,#9f9169,1.56,#baaf80,1.54,#d9cf85,0.7,#302d29,2.01,#baaf80,1.54,#9f9169,1.56,#887657,1.47,#302d29,2.01,#6c5b44,0.92,#887657,1.47,#9f9169,1.56,#baaf80,1.54,,Dipsacus,Dipsacus laciniatus
KW_T_423a_27_0153R,KW_T_423a_27_0153R.tif_segmented.png,4175876,3043,3899,#7c8664,10.31,#71795c,8.2,#88926d,8.16,#636951,2.88,#2f2c29,2.45,#bebca1,1.74,#7c8664,10.31,#2f2c29,2.45,#88926d,8.16,#71795c,8.2,#2f2c29,2.45,#bebca1,1.74,#9fa282,1.51,#88926d,8.16,#7c8664,10.31,#2f2c29,2.45,#9fa282,1.51,#88926d,8.16,#71795c,8.2,#7c8664,10.31,#2f2c29,2.45,#bebca1,1.74,#9fa282,1.51,#88926d,8.16,#7c8664,10.31,Brassicaceae,Lepidium,Lepidium bonariense
KW_T_423a_27_0154R,KW_T_423a_27_0154R.tif_segmented.png,924802,3039,3891,#7f6d51,2.39,#2f2d29,2.01,#665741,1.78,#948363,1.74,#ac9a72,0.85,#bfb08a,0.83,#ac9a72,0.85,#665741,1.78,#7f6d51,2.39,#2f2d29,2.01,#2f2d29,2.01,#bfb08a,0.83,#ac9a72,0.85,#665741,1.78,#948363,1.74,#2f2d29,2.01,#bfb08a,0.83,#ac9a72,0.85,#7f6d51,2.39,#948363,1.74,#2f2d29,2.01,#bfb08a,0.83,#ac9a72,0.85,#665741,1.78,#948363,1.74,,Boletopsis,Boletopsis leucomelaena
KW_T_423a_27_0155R,KW_T_423a_27_0155R.tif_segmented.png,664813,3037,3895,#2f2d29,1.9,#cc9262,1.33,#c17b4e,1.06,#daad7a,1.02,#c2b292,0.53,#daad7a,1.02,#cc9262,1.33,#c17b4e,1.06,#c2b292,0.53,#2f2d29,1.9,#2f2d29,1.9,#887058,0.43,#c2b292,0.53,#daad7a,1.02,#cc9262,1.33,#2f2d29,1.9,#daad7a,1.02,#c17b4e,1.06,#cc9262,1.33,#887058,0.43,#2f2d29,1.9,#887058,0.43,#c2b292,0.53,#daad7a,1.02,#cc9262,1.33,,Tylopilus,Tylopilus felleus
KW_T_423a_27_0156R,KW_T_423a_27_0156R.tif_segmented.png,1398020,3031,3899,#cec6a8,2.21,#312e2a,1.66,#bbb397,1.59,#a69b80,1.19,#8d7d65,0.98,#cec6a8,2.21,#312e2a,1.66,#bbb397,1.59,#6c5e4a,0.81,#a69b80,1.19,#312e2a,1.66,#6c5e4a,0.81,#8d7d65,0.98,#a69b80,1.19,#bbb397,1.59,#312e2a,1.66,#cec6a8,2.21,#6c5e4a,0.81,#8d7d65,0.98,#a69b80,1.19,#312e2a,1.66,#6c5e4a,0.81,#8d7d65,0.98,#a69b80,1.19,#bbb397,1.59,Russulaceae,Russula,Russula solaris
KW_T_423a_27_0157R,KW_T_423a_27_0157R.tif_segmented.png,1312542,3039,3903,#989a74,2.67,#a8ab85,2.12,#868866,1.84,#302e2a,1.81,#747257,1.29,#ccc5a3,1.24,#302e2a,1.81,#a8ab85,2.12,#989a74,2.67,#747257,1.29,#302e2a,1.81,#747257,1.29,#a8ab85,2.12,#868866,1.84,#989a74,2.67,#302e2a,1.81,#a8ab85,2.12,#989a74,2.67,#868866,1.84,#747257,1.29,#302e2a,1.81,#747257,1.29,#a8ab85,2.12,#868866,1.84,#989a74,2.67,Rosaceae,Rubus,Rubus rosaceus
KW_T_423a_27_0158R,KW_T_423a_27_0158R.tif_segmented.png,2989487,3047,3903,#937957,4.39,#7d684e,3.93,#b8ab84,3.58,#665845,3.29,#cfc29c,2.78,#cfc29c,2.78,#ac8e5d,2.43,#b8ab84,3.58,#937957,4.39,#7d684e,3.93,#2f2d29,2.4,#665845,3.29,#b8ab84,3.58,#7d684e,3.93,#9f9374,2.58,#2f2d29,2.4,#ac8e5d,2.43,#b8ab84,3.58,#cfc29c,2.78,#7d684e,3.93,#2f2d29,2.4,#665845,3.29,#b8ab84,3.58,#7d684e,3.93,#9f9374,2.58,,Acmella,Acmella decumbens
KW_T_423a_27_0159R,KW_T_423a_27_0159R.tif_segmented.png,531219,3039,3895,#2c2a28,2.56,#ccbf9e,1.4,#b4a884,1.11,#998a68,1.01,#77654e,0.8,#ccbf9e,1.4,#b4a884,1.11,#77654e,0.8,#998a68,1.01,#2c2a28,2.56,#464036,0.45,#2c2a28,2.56,#77654e,0.8,#998a68,1.01,#b4a884,1.11,#2c2a28,2.56,#464036,0.45,#b4a884,1.11,#77654e,0.8,#ccbf9e,1.4,#464036,0.45,#2c2a28,2.56,#77654e,0.8,#998a68,1.01,#b4a884,1.11,,Artemisia,Artemisia ludoviciana
KW_T_423a_27_0160R,KW_T_423a_27_0160R.tif_segmented.png,1109668,3045,3887,#91816a,3.13,#816e5b,2.91,#2f2d29,1.54,#a49780,1.41,#bdb29a,0.76,#bdb29a,0.76,#2f2d29,1.54,#816e5b,2.91,#a49780,1.41,#645647,0.54,#2f2d29,1.54,#bdb29a,0.76,#645647,0.54,#816e5b,2.91,#91816a,3.13,#2f2d29,1.54,#816e5b,2.91,#645647,0.54,#91816a,3.13,#a49780,1.41,#2f2d29,1.54,#bdb29a,0.76,#645647,0.54,#816e5b,2.91,#91816a,3.13,,Macrocystidia,Macrocystidia cucumis
KW_T_423a_27_0161R,KW_T_423a_27_0161R.tif_segmented.png,3338673,3054,3883,#90986a,7.48,#848963,6.82,#9ea575,5.11,#757859,3.76,#2f2d2a,1.88,#9ea575,5.11,#90986a,7.48,#b7b093,1.6,#848963,6.82,#2f2d2a,1.88,#2f2d2a,1.88,#615c4b,1.08,#b7b093,1.6,#757859,3.76,#848963,6.82,#2f2d2a,1.88,#615c4b,1.08,#848963,6.82,#757859,3.76,#90986a,7.48,#2f2d2a,1.88,#615c4b,1.08,#b7b093,1.6,#757859,3.76,#848963,6.82,,Phaeomarasmius,Phaeomarasmius erinaceus
KW_T_423a_27_0162R,KW_T_423a_27_0162R.tif_segmented.png,2002085,3045,3895,#c4c591,2.16,#adab81,1.83,#312f2b,1.8,#94906d,1.18,#6f6952,0.41,#dacc68,0.24,#c4c591,2.16,#312f2b,1.8,#adab81,1.83,#6f6952,0.41,#312f2b,1.8,#6f6952,0.41,#94906d,1.18,#adab81,1.83,#c4c591,2.16,#dacc68,0.24,#312f2b,1.8,#c4c591,2.16,#adab81,1.83,#94906d,1.18,#312f2b,1.8,#6f6952,0.41,#94906d,1.18,#adab81,1.83,#c4c591,2.16,Russulaceae,Lactarius,Lactarius uvidus?
KW_T_423a_27_0163R,KW_T_423a_27_0163R.tif_segmented.png,510103,3049,3899,#373430,1.14,#b8a272,1.01,#2a2825,0.99,#9d8960,0.97,#826f51,0.79,#cebf98,0.76,#b8a272,1.01,#9d8960,0.97,#826f51,0.79,#2a2825,0.99,#373430,1.14,#2a2825,0.99,#cebf98,0.76,#826f51,0.79,#9d8960,0.97,#2a2825,0.99,#373430,1.14,#b8a272,1.01,#cebf98,0.76,#826f51,0.79,#373430,1.14,#2a2825,0.99,#cebf98,0.76,#826f51,0.79,#9d8960,0.97,Rosaceae,Rubus,Rubus projectus
KW_T_423a_27_0164R,KW_T_423a_27_0164R.tif_segmented.png,1060429,3060,3895,#2f2c29,2.66,#d2c393,2.07,#bead83,1.13,#a69370,1.07,#8a775f,1.05,#d2c393,2.07,#bead83,1.13,#2f2c29,2.66,#a69370,1.07,#6e604e,0.7,#2f2c29,2.66,#6e604e,0.7,#8a775f,1.05,#a69370,1.07,#bead83,1.13,#2f2c29,2.66,#d2c393,2.07,#bead83,1.13,#6e604e,0.7,#a69370,1.07,#2f2c29,2.66,#6e604e,0.7,#8a775f,1.05,#a69370,1.07,#bead83,1.13,,Axyris,Axyris amaranthoides
KW_T_423a_27_0165R,KW_T_423a_27_0165R.tif_segmented.png,686527,3062,3871,#2d2b28,3.04,#616080,0.87,#a7aa6f,0.85,#c3c19b,0.82,#8a8761,0.69,#a7aa6f,0.85,#c3c19b,0.82,#616080,0.87,#8a8761,0.69,#2d2b28,3.04,#5a5449,0.4,#8a8761,0.69,#a7aa6f,0.85,#2d2b28,3.04,#c3c19b,0.82,#2d2b28,3.04,#616080,0.87,#8d8b9d,0.34,#c3c19b,0.82,#a7aa6f,0.85,#5a5449,0.4,#8a8761,0.69,#a7aa6f,0.85,#2d2b28,3.04,#c3c19b,0.82,,Mycocalia,Mycocalia denudata
KW_T_423a_27_0166R,KW_T_423a_27_0166R.tif_segmented.png,4028412,3047,3903,#8a8c60,9.87,#979a6a,7.95,#7c7b58,5.67,#aca785,2.17,#c5c1a1,2.15,#c5c1a1,2.15,#8a8c60,9.87,#979a6a,7.95,#2f2d29,2.07,#7c7b58,5.67,#2f2d29,2.07,#655849,1.35,#c5c1a1,2.15,#aca785,2.17,#7c7b58,5.67,#2f2d29,2.07,#aca785,2.17,#8a8c60,9.87,#979a6a,7.95,#7c7b58,5.67,#2f2d29,2.07,#655849,1.35,#c5c1a1,2.15,#aca785,2.17,#7c7b58,5.67,,Stropharia,Stropharia semiglobata
KW_T_423a_27_0167R,KW_T_423a_27_0167R.tif_segmented.png,830582,3029,3895,#2d2b28,2.75,#897b64,1.54,#776956,1.44,#b4a888,1.29,#9c8e73,1.27,#cfc49f,1.25,#b4a888,1.29,#2d2b28,2.75,#9c8e73,1.27,#776956,1.44,#2d2b28,2.75,#5c5447,0.7,#776956,1.44,#897b64,1.54,#9c8e73,1.27,#2d2b28,2.75,#776956,1.44,#cfc49f,1.25,#5c5447,0.7,#b4a888,1.29,#2d2b28,2.75,#5c5447,0.7,#776956,1.44,#897b64,1.54,#9c8e73,1.27,Cortinariaceae,Cortinarius,Cortinarius caperatus
KW_T_423a_27_0168R,KW_T_423a_27_0168R.tif_segmented.png,1322226,3029,3883,#7e6f5d,2.75,#918269,2.11,#a4977b,1.91,#685b4f,1.67,#322f2b,1.46,#d0c5ac,0.99,#baad91,1.3,#322f2b,1.46,#a4977b,1.91,#7e6f5d,2.75,#322f2b,1.46,#baad91,1.3,#685b4f,1.67,#7e6f5d,2.75,#a4977b,1.91,#322f2b,1.46,#7e6f5d,2.75,#685b4f,1.67,#baad91,1.3,#918269,2.11,#322f2b,1.46,#baad91,1.3,#685b4f,1.67,#7e6f5d,2.75,#a4977b,1.91,,Clavulinopsis,Clavulinopsis corniculata
KW_T_423a_27_0169R,KW_T_423a_27_0169R.tif_segmented.png,3326395,3037,3891,#8d9067,6.25,#9b9f71,5.95,#7d7f5d,3.35,#adaf83,2.86,#c1c198,2.5,#c1c198,2.5,#302d29,1.87,#9b9f71,5.95,#adaf83,2.86,#8d9067,6.25,#302d29,1.87,#6a6850,1.26,#c1c198,2.5,#adaf83,2.86,#7d7f5d,3.35,#302d29,1.87,#c1c198,2.5,#8d9067,6.25,#adaf83,2.86,#9b9f71,5.95,#302d29,1.87,#6a6850,1.26,#c1c198,2.5,#adaf83,2.86,#7d7f5d,3.35,,Centaurea,Centaurea iberica
KW_T_423a_27_0170R,KW_T_423a_27_0170R.tif_segmented.png,3189313,3037,3891,#d6c294,6.06,#c9b184,5.19,#b5a079,3.06,#9a8b6b,1.96,#302d29,1.77,#d6c294,6.06,#c9b184,5.19,#b5a079,3.06,#302d29,1.77,#726554,0.88,#302d29,1.77,#726554,0.88,#9a8b6b,1.96,#b5a079,3.06,#d6c294,6.06,#302d29,1.77,#d6c294,6.06,#c9b184,5.19,#b5a079,3.06,#726554,0.88,#302d29,1.77,#726554,0.88,#9a8b6b,1.96,#b5a079,3.06,#d6c294,6.06,,Artemisia,Artemisia longifolia
KW_T_423a_27_0171R,KW_T_423a_27_0171R.tif_segmented.png,662645,3039,3891,#2d2b28,3.08,#cabfa0,1.38,#b7a889,1.12,#806f5b,1.05,#9f8e73,1.03,#cabfa0,1.38,#b7a889,1.12,#2d2b28,3.08,#554a3c,0.32,#9f8e73,1.03,#554a3c,0.32,#2d2b28,3.08,#806f5b,1.05,#9f8e73,1.03,#b7a889,1.12,#2d2b28,3.08,#806f5b,1.05,#b7a889,1.12,#554a3c,0.32,#cabfa0,1.38,#554a3c,0.32,#2d2b28,3.08,#806f5b,1.05,#9f8e73,1.03,#b7a889,1.12,,Gymnopilus,Gymnopilus spec.
KW_T_423a_27_0172R,KW_T_423a_27_0172R.tif_segmented.png,658679,3037,3883,#312f2a,1.75,#8b7d62,1.45,#a09273,1.27,#cac3ac,1.17,#b5a98b,0.96,#cac3ac,1.17,#b5a98b,0.96,#312f2a,1.75,#a09273,1.27,#716551,0.94,#312f2a,1.75,#716551,0.94,#8b7d62,1.45,#a09273,1.27,#b5a98b,0.96,#312f2a,1.75,#716551,0.94,#b5a98b,0.96,#8b7d62,1.45,#a09273,1.27,#312f2a,1.75,#716551,0.94,#8b7d62,1.45,#a09273,1.27,#b5a98b,0.96,,Bankera,Bankera fuligineoalba
KW_T_423a_27_0173R,KW_T_423a_27_0173R.tif_segmented.png,3653690,3041,3891,#888c62,10.52,#94996b,7.39,#7c7f5a,5.18,#ccc6a7,2.11,#2e2c28,1.81,#ccc6a7,2.11,#888c62,10.52,#94996b,7.39,#2e2c28,1.81,#7c7f5a,5.18,#2e2c28,1.81,#68674e,0.9,#adaa87,1.51,#888c62,10.52,#7c7f5a,5.18,#2e2c28,1.81,#adaa87,1.51,#888c62,10.52,#94996b,7.39,#ccc6a7,2.11,#2e2c28,1.81,#68674e,0.9,#adaa87,1.51,#888c62,10.52,#7c7f5a,5.18,,Rumex,Rumex bucephalophorus
KW_T_423a_27_0174R,KW_T_423a_27_0174R.tif_segmented.png,830993,3037,3895,#302d2a,1.63,#685a4a,1.52,#856f5a,1.46,#cdc3ae,1.11,#4d443a,1.11,#cdc3ae,1.11,#a5896a,0.86,#b0a690,0.64,#856f5a,1.46,#4d443a,1.11,#302d2a,1.63,#4d443a,1.11,#b0a690,0.64,#685a4a,1.52,#856f5a,1.46,#302d2a,1.63,#4d443a,1.11,#856f5a,1.46,#685a4a,1.52,#b0a690,0.64,#302d2a,1.63,#4d443a,1.11,#b0a690,0.64,#685a4a,1.52,#856f5a,1.46,,Rumex,Rumex palustris x crispus
KW_T_423a_27_0175R,KW_T_423a_27_0175R.tif_segmented.png,346174,3033,3895,#2f2c2a,2.13,#444954,0.85,#5c5c5b,0.8,#6f6f70,0.68,#8d8c8e,0.55,#c3bca7,0.44,#2f2c2a,2.13,#444954,0.85,#8d8c8e,0.55,#5c5c5b,0.8,#2f2c2a,2.13,#444954,0.85,#5c5c5b,0.8,#8d8c8e,0.55,#6f6f70,0.68,#2f2c2a,2.13,#444954,0.85,#5c5c5b,0.8,#c3bca7,0.44,#8d8c8e,0.55,#2f2c2a,2.13,#444954,0.85,#5c5c5b,0.8,#8d8c8e,0.55,#6f6f70,0.68,,Coprinellus,Coprinellus angulatus
KW_T_423a_27_0176R,KW_T_423a_27_0176R.tif_segmented.png,614911,3033,3883,#312e2a,1.85,#c1b696,0.97,#a79b83,0.88,#91836a,0.81,#72695a,0.64,#c1b696,0.97,#312e2a,1.85,#a79b83,0.88,#91836a,0.81,#534f46,0.6,#312e2a,1.85,#534f46,0.6,#72695a,0.64,#91836a,0.81,#c1b696,0.97,#312e2a,1.85,#534f46,0.6,#72695a,0.64,#c1b696,0.97,#a79b83,0.88,#312e2a,1.85,#534f46,0.6,#72695a,0.64,#91836a,0.81,#c1b696,0.97,,Byssomerulius,Byssomerulius corium
KW_T_423a_27_0177R,KW_T_423a_27_0177R.tif_segmented.png,3869259,3039,3903,#929669,8.84,#9ea374,6.82,#83845f,5.36,#b1b589,3.43,#716b4f,2.85,#dcc765,0.82,#cbc9a6,2.35,#312e29,1.86,#9ea374,6.82,#929669,8.84,#312e29,1.86,#716b4f,2.85,#b1b589,3.43,#83845f,5.36,#929669,8.84,#dcc765,0.82,#312e29,1.86,#b1b589,3.43,#cbc9a6,2.35,#929669,8.84,#312e29,1.86,#716b4f,2.85,#b1b589,3.43,#83845f,5.36,#929669,8.84,Russulaceae,Russula,Russula cyanoxantha
KW_T_423a_27_0178R,KW_T_423a_27_0178R.tif_segmented.png,1611155,3039,3899,#93976b,3.27,#82865e,2.9,#a5ab78,2.18,#312f2b,1.69,#6d6e52,1.36,#bcc08f,1.13,#a5ab78,2.18,#312f2b,1.69,#93976b,3.27,#82865e,2.9,#312f2b,1.69,#6d6e52,1.36,#82865e,2.9,#bcc08f,1.13,#93976b,3.27,#312f2b,1.69,#bcc08f,1.13,#93976b,3.27,#a5ab78,2.18,#82865e,2.9,#312f2b,1.69,#6d6e52,1.36,#82865e,2.9,#bcc08f,1.13,#93976b,3.27,Rosaceae,Rubus,Rubus cf. polyanthemus
KW_T_423a_27_0179R,KW_T_423a_27_0179R.tif_segmented.png,983837,3031,3911,#302d2a,1.88,#a3977d,1.5,#cbc1a0,1.43,#877962,1.31,#6a5f4e,1.21,#dfcd79,0.85,#c7a55a,0.87,#cbc1a0,1.43,#302d2a,1.88,#6a5f4e,1.21,#302d2a,1.88,#6a5f4e,1.21,#a3977d,1.5,#877962,1.31,#c7a55a,0.87,#dfcd79,0.85,#c7a55a,0.87,#302d2a,1.88,#6a5f4e,1.21,#877962,1.31,#302d2a,1.88,#6a5f4e,1.21,#a3977d,1.5,#877962,1.31,#c7a55a,0.87,,Boltonia,Boltonia asteroides
KW_T_423a_27_0180R,KW_T_423a_27_0180R.tif_segmented.png,507914,3035,3915,#2f2c29,2.18,#d3c8a6,0.88,#90795f,0.69,#615546,0.68,#a99879,0.66,#d3c8a6,0.88,#bfb191,0.61,#2f2c29,2.18,#a99879,0.66,#615546,0.68,#615546,0.68,#2f2c29,2.18,#90795f,0.69,#bfb191,0.61,#a99879,0.66,#2f2c29,2.18,#d3c8a6,0.88,#615546,0.68,#bfb191,0.61,#a99879,0.66,#615546,0.68,#2f2c29,2.18,#90795f,0.69,#bfb191,0.61,#a99879,0.66,,Malva,Malva parviflora
KW_T_423a_27_0181R,KW_T_423a_27_0181R.tif_segmented.png,3790551,3043,3895,#8e9266,5.78,#9ca171,5.58,#7e7e5a,3.99,#abb180,3.37,#bcbe96,2.71,#bcbe96,2.71,#abb180,3.37,#302d29,1.99,#9ca171,5.58,#8e9266,5.78,#302d29,1.99,#67634b,1.69,#bcbe96,2.71,#7e7e5a,3.99,#abb180,3.37,#302d29,1.99,#bcbe96,2.71,#8e9266,5.78,#abb180,3.37,#7e7e5a,3.99,#302d29,1.99,#67634b,1.69,#bcbe96,2.71,#7e7e5a,3.99,#abb180,3.37,Russulaceae,Russula,Russula xerampelina
KW_T_423a_27_0182R,KW_T_423a_27_0182R.tif_segmented.png,3446620,3043,3887,#73755a,7.3,#848566,6.12,#e2cd5f,4.64,#65654d,4.51,#2f2d29,2.19,#e2cd5f,4.64,#cdb154,1.91,#cdc49f,0.99,#2f2d29,2.19,#73755a,7.3,#2f2d29,2.19,#9c9877,1.86,#cdb154,1.91,#cdc49f,0.99,#65654d,4.51,#e2cd5f,4.64,#cdb154,1.91,#2f2d29,2.19,#848566,6.12,#cdc49f,0.99,#2f2d29,2.19,#9c9877,1.86,#cdb154,1.91,#cdc49f,0.99,#65654d,4.51,Cortinariaceae,Cortinarius,Cortinarius sanguineus
KW_T_423a_27_0183R,KW_T_423a_27_0183R.tif_segmented.png,2423361,3037,3879,#d3c194,4.58,#c6b087,4.11,#b79f7a,3.74,#a38a69,2.69,#322e2a,2.31,#d3c194,4.58,#c6b087,4.11,#b79f7a,3.74,#322e2a,2.31,#a38a69,2.69,#322e2a,2.31,#877057,1.12,#a38a69,2.69,#b79f7a,3.74,#d3c194,4.58,#322e2a,2.31,#d3c194,4.58,#c6b087,4.11,#b79f7a,3.74,#877057,1.12,#322e2a,2.31,#877057,1.12,#a38a69,2.69,#b79f7a,3.74,#d3c194,4.58,,Calocybe,Calocybe ionides
KW_T_423a_27_0184R,KW_T_423a_27_0184R.tif_segmented.png,1570611,3035,3883,#c9bea2,2.97,#b7a78d,2.64,#312e2a,2.09,#a08d76,2.02,#827462,1.44,#c9bea2,2.97,#b7a78d,2.64,#312e2a,2.09,#a08d76,2.02,#65594c,0.96,#312e2a,2.09,#65594c,0.96,#827462,1.44,#a08d76,2.02,#b7a78d,2.64,#312e2a,2.09,#827462,1.44,#65594c,0.96,#b7a78d,2.64,#c9bea2,2.97,#312e2a,2.09,#65594c,0.96,#827462,1.44,#a08d76,2.02,#b7a78d,2.64,Cortinariaceae,Cortinarius,Cortinarius croceocaeruleus
KW_T_423a_27_0185R,KW_T_423a_27_0185R.tif_segmented.png,3993408,3033,3891,#b4bc7f,6.69,#959665,6.2,#a5aa72,5.79,#c3c991,4.6,#83825c,4.54,#c3c991,4.6,#b4bc7f,6.69,#a5aa72,5.79,#312e2a,1.77,#959665,6.2,#312e2a,1.77,#6a674d,2.41,#83825c,4.54,#959665,6.2,#a5aa72,5.79,#312e2a,1.77,#c3c991,4.6,#b4bc7f,6.69,#959665,6.2,#a5aa72,5.79,#312e2a,1.77,#6a674d,2.41,#83825c,4.54,#959665,6.2,#a5aa72,5.79,,Hygrocybe,Hygrocybe punicea
KW_T_423a_27_0186R,KW_T_423a_27_0186R.tif_segmented.png,1289525,3039,3891,#c5c58e,2.38,#2f2d2a,2.16,#b6b580,1.9,#a4a075,1.14,#888061,0.73,#c5c58e,2.38,#b6b580,1.9,#2f2d2a,2.16,#a4a075,1.14,#595143,0.44,#595143,0.44,#2f2d2a,2.16,#888061,0.73,#a4a075,1.14,#b6b580,1.9,#2f2d2a,2.16,#c5c58e,2.38,#b6b580,1.9,#a4a075,1.14,#888061,0.73,#595143,0.44,#2f2d2a,2.16,#888061,0.73,#a4a075,1.14,#b6b580,1.9,,Hygrocybe,Hygrocybe miniata
KW_T_423a_27_0187R,KW_T_423a_27_0187R.tif_segmented.png,705783,3049,3895,#312e2b,1.59,#a8987a,1.28,#cfc29d,1.16,#beb08d,1.14,#918067,1.05,#cfc29d,1.16,#beb08d,1.14,#312e2b,1.59,#a8987a,1.28,#756653,0.91,#312e2b,1.59,#756653,0.91,#beb08d,1.14,#918067,1.05,#a8987a,1.28,#312e2b,1.59,#756653,0.91,#cfc29d,1.16,#beb08d,1.14,#918067,1.05,#312e2b,1.59,#756653,0.91,#beb08d,1.14,#918067,1.05,#a8987a,1.28,,Squamanita,Squamanita odorata
KW_T_423a_27_0188R,KW_T_423a_27_0188R.tif_segmented.png,409009,3047,3899,#312e2a,1.79,#c2b398,1.03,#675e4d,0.72,#92856e,0.64,#e3ce6c,0.62,#e3ce6c,0.62,#c09e63,0.59,#c2b398,1.03,#312e2a,1.79,#675e4d,0.72,#312e2a,1.79,#675e4d,0.72,#92856e,0.64,#c2b398,1.03,#c09e63,0.59,#e3ce6c,0.62,#312e2a,1.79,#c09e63,0.59,#675e4d,0.72,#92856e,0.64,#312e2a,1.79,#675e4d,0.72,#92856e,0.64,#c2b398,1.03,#c09e63,0.59,,Mycena,Mycena pelianthina
KW_T_423a_27_0189R,KW_T_423a_27_0189R.tif_segmented.png,4058099,3035,3899,#8f9364,9.41,#9b9f6e,7.74,#81835b,6.17,#a9ab7f,3.07,#bebe95,2.79,#bebe95,2.79,#8f9364,9.41,#9b9f6e,7.74,#302d2a,2.08,#81835b,6.17,#302d2a,2.08,#bebe95,2.79,#6b694d,1.96,#a9ab7f,3.07,#9b9f6e,7.74,#302d2a,2.08,#bebe95,2.79,#8f9364,9.41,#a9ab7f,3.07,#9b9f6e,7.74,#302d2a,2.08,#bebe95,2.79,#6b694d,1.96,#a9ab7f,3.07,#9b9f6e,7.74,,Bjerkandera,Bjerkandera adusta
KW_T_423a_27_0190R,KW_T_423a_27_0190R.tif_segmented.png,2531487,3047,3883,#88865c,4.8,#999666,4.43,#727153,2.87,#b3ae7d,2.54,#c8c494,2.37,#e3d667,0.96,#c8c494,2.37,#b3ae7d,2.54,#312f2b,1.58,#88865c,4.8,#312f2b,1.58,#c8c494,2.37,#b3ae7d,2.54,#e3d667,0.96,#999666,4.43,#e3d667,0.96,#312f2b,1.58,#c8c494,2.37,#b3ae7d,2.54,#999666,4.43,#312f2b,1.58,#c8c494,2.37,#b3ae7d,2.54,#e3d667,0.96,#999666,4.43,Rosaceae,Rubus,Rubus sulcatus?
KW_T_423a_27_0191R,KW_T_423a_27_0191R.tif_segmented.png,588727,3047,3887,#2f2d29,1.85,#716a56,1.16,#c1b89c,1.11,#4f4e42,0.92,#a99f81,0.85,#c1b89c,1.11,#a99f81,0.85,#2f2d29,1.85,#716a56,1.16,#8d836b,0.83,#2f2d29,1.85,#4f4e42,0.92,#716a56,1.16,#8d836b,0.83,#a99f81,0.85,#2f2d29,1.85,#4f4e42,0.92,#716a56,1.16,#a99f81,0.85,#8d836b,0.83,#2f2d29,1.85,#4f4e42,0.92,#716a56,1.16,#8d836b,0.83,#a99f81,0.85,,Nicotiana,Nicotiana alata
KW_T_423a_27_0192R,KW_T_423a_27_0192R.tif_segmented.png,811626,3037,3883,#2e2c29,1.74,#695f4a,0.95,#c9bd95,0.83,#4e473b,0.74,#ad9f7b,0.71,#c9bd95,0.83,#ad9f7b,0.71,#695f4a,0.95,#2e2c29,1.74,#4e473b,0.74,#2e2c29,1.74,#4e473b,0.74,#695f4a,0.95,#84785e,0.56,#ad9f7b,0.71,#2e2c29,1.74,#c9bd95,0.83,#4e473b,0.74,#ad9f7b,0.71,#695f4a,0.95,#2e2c29,1.74,#4e473b,0.74,#695f4a,0.95,#84785e,0.56,#ad9f7b,0.71,Rosaceae,Rubus,Rubus adspersus
KW_T_423a_27_0193R,KW_T_423a_27_0193R.tif_segmented.png,4904196,3037,3887,#9b9e6c,8.41,#c2c594,7.65,#8d9061,7.47,#d0d1a5,6.24,#b0b086,4.82,#d0d1a5,6.24,#c2c594,7.65,#9b9e6c,8.41,#8d9061,7.47,#2f2c29,1.49,#2f2c29,1.49,#67624b,1.85,#7e795a,4.14,#d0d1a5,6.24,#c2c594,7.65,#2f2c29,1.49,#d0d1a5,6.24,#c2c594,7.65,#b0b086,4.82,#8d9061,7.47,#2f2c29,1.49,#67624b,1.85,#7e795a,4.14,#d0d1a5,6.24,#c2c594,7.65,,Calendula,Calendula arvensis
KW_T_423a_27_0194R,KW_T_423a_27_0194R.tif_segmented.png,1426604,3035,3879,#665b4f,2.43,#302e2a,2.19,#b4ae91,2.12,#7d7664,2.02,#968f76,1.74,#9c5751,0.4,#b4ae91,2.12,#302e2a,2.19,#968f76,1.74,#665b4f,2.43,#302e2a,2.19,#9c5751,0.4,#b4ae91,2.12,#665b4f,2.43,#968f76,1.74,#302e2a,2.19,#9c5751,0.4,#7d7664,2.02,#665b4f,2.43,#b4ae91,2.12,#302e2a,2.19,#9c5751,0.4,#b4ae91,2.12,#665b4f,2.43,#968f76,1.74,,Pholiota,Pholiota lenta
KW_T_423a_27_0195R,KW_T_423a_27_0195R.tif_segmented.png,1194341,3035,3875,#ccbda0,1.9,#302d2a,1.75,#bfa687,1.03,#aa8b6c,1.01,#584f42,0.45,#ccbda0,1.9,#bfa687,1.03,#aa8b6c,1.01,#302d2a,1.75,#584f42,0.45,#302d2a,1.75,#584f42,0.45,#87725c,0.43,#aa8b6c,1.01,#bfa687,1.03,#302d2a,1.75,#bfa687,1.03,#584f42,0.45,#87725c,0.43,#ccbda0,1.9,#302d2a,1.75,#584f42,0.45,#87725c,0.43,#aa8b6c,1.01,#bfa687,1.03,,Stereum,Stereum sanguinolentum
KW_T_423a_27_0196R,KW_T_423a_27_0196R.tif_segmented.png,317081,3037,3891,#c0b9a2,1.51,#2e2c29,1.42,#796f5a,0.87,#aca28d,0.85,#938c73,0.8,#c0b9a2,1.51,#494338,0.41,#aca28d,0.85,#2e2c29,1.42,#796f5a,0.87,#2e2c29,1.42,#494338,0.41,#796f5a,0.87,#938c73,0.8,#aca28d,0.85,#2e2c29,1.42,#494338,0.41,#796f5a,0.87,#aca28d,0.85,#938c73,0.8,#2e2c29,1.42,#494338,0.41,#796f5a,0.87,#938c73,0.8,#aca28d,0.85,,Xylobolus,Xylobolus frustulatus
KW_T_423a_27_0197R,KW_T_423a_27_0197R.tif_segmented.png,4980659,3049,3899,#979d6c,8.88,#a4aa79,8.27,#898c62,6.45,#b4b888,4.85,#787955,4.43,#cccaa6,2.92,#b4b888,4.85,#a4aa79,8.27,#979d6c,8.88,#332f2a,2.41,#332f2a,2.41,#625f46,2.37,#787955,4.43,#b4b888,4.85,#898c62,6.45,#332f2a,2.41,#b4b888,4.85,#cccaa6,2.92,#898c62,6.45,#a4aa79,8.27,#332f2a,2.41,#625f46,2.37,#787955,4.43,#b4b888,4.85,#898c62,6.45,,Hydnellum,Hydnellum compactum
KW_T_423a_27_0198R,KW_T_423a_27_0198R.tif_segmented.png,564537,3047,3887,#2b2a26,1.33,#b7b596,0.99,#a2a082,0.53,#3e3830,0.51,#6b6350,0.38,#b7b596,0.99,#3e3830,0.51,#a2a082,0.53,#2b2a26,1.33,#6b6350,0.38,#3e3830,0.51,#2b2a26,1.33,#6b6350,0.38,#878065,0.29,#b7b596,0.99,#2b2a26,1.33,#3e3830,0.51,#a2a082,0.53,#6b6350,0.38,#878065,0.29,#3e3830,0.51,#2b2a26,1.33,#6b6350,0.38,#878065,0.29,#b7b596,0.99,,Porodaedalea,Porodaedalea pini
KW_T_423a_27_0199R,KW_T_423a_27_0199R.tif_segmented.png,1520187,3043,3891,#cda169,3.15,#dcb87a,3.0,#b68d5d,2.26,#322f2a,2.07,#dec896,1.71,#dcb87a,3.0,#dec896,1.71,#cda169,3.15,#b68d5d,2.26,#322f2a,2.07,#322f2a,2.07,#8e7252,0.92,#bcaa80,0.72,#dec896,1.71,#b68d5d,2.26,#dcb87a,3.0,#cda169,3.15,#322f2a,2.07,#dec896,1.71,#b68d5d,2.26,#322f2a,2.07,#8e7252,0.92,#bcaa80,0.72,#dec896,1.71,#b68d5d,2.26,Rosaceae,Rubus,Rubus spec.
KW_T_423a_27_0200R,KW_T_423a_27_0200R.tif_segmented.png,497006,3045,3891,#2d2b28,1.96,#9b905e,1.03,#aead7c,0.88,#81734f,0.71,#c8c29a,0.67,#ce9e5b,0.5,#c8c29a,0.67,#aead7c,0.88,#81734f,0.71,#9b905e,1.03,#433e35,0.36,#2d2b28,1.96,#81734f,0.71,#9b905e,1.03,#c8c29a,0.67,#ce9e5b,0.5,#2d2b28,1.96,#9b905e,1.03,#433e35,0.36,#aead7c,0.88,#433e35,0.36,#2d2b28,1.96,#81734f,0.71,#9b905e,1.03,#c8c29a,0.67,,Abutilon,Abutilon theophrasti
KW_T_423a_27_0201R,KW_T_423a_27_0201R.tif_segmented.png,4290061,3045,3903,#868f66,7.25,#79815b,7.07,#696f4f,3.95,#969c73,3.79,#bfc196,2.61,#bfc196,2.61,#312f2b,1.75,#79815b,7.07,#868f66,7.25,#696f4f,3.95,#312f2b,1.75,#bfc196,2.61,#acad88,2.24,#969c73,3.79,#868f66,7.25,#312f2b,1.75,#bfc196,2.61,#acad88,2.24,#868f66,7.25,#969c73,3.79,#312f2b,1.75,#bfc196,2.61,#acad88,2.24,#969c73,3.79,#868f66,7.25,,Lamprospora,Lamprospora spec.
KW_T_423a_27_0202R,KW_T_423a_27_0202R.tif_segmented.png,924608,3039,3907,#2f2d29,2.47,#8c856e,1.22,#5e5a4e,1.2,#a39d81,1.01,#746e5c,0.99,#b5b095,0.92,#2f2d29,2.47,#a39d81,1.01,#8c856e,1.22,#5e5a4e,1.2,#2f2d29,2.47,#5e5a4e,1.2,#746e5c,0.99,#8c856e,1.22,#b5b095,0.92,#2f2d29,2.47,#746e5c,0.99,#a39d81,1.01,#5e5a4e,1.2,#8c856e,1.22,#2f2d29,2.47,#5e5a4e,1.2,#746e5c,0.99,#8c856e,1.22,#b5b095,0.92,,Entoloma,Entoloma undatum
KW_T_423a_27_0203R,KW_T_423a_27_0203R.tif_segmented.png,1122262,3037,3883,#b3966e,1.79,#302d2a,1.77,#9c7f5c,1.41,#d1c29a,1.37,#c3ac84,1.22,#d1c29a,1.37,#c3ac84,1.22,#b3966e,1.79,#7f674c,0.64,#302d2a,1.77,#302d2a,1.77,#7f674c,0.64,#9c7f5c,1.41,#b3966e,1.79,#c3ac84,1.22,#302d2a,1.77,#c3ac84,1.22,#d1c29a,1.37,#b3966e,1.79,#7f674c,0.64,#302d2a,1.77,#7f674c,0.64,#9c7f5c,1.41,#b3966e,1.79,#c3ac84,1.22,,Entoloma,Entoloma rusticoides
KW_T_423a_27_0204R,KW_T_423a_27_0204R.tif_segmented.png,516357,3041,3891,#312e2a,1.91,#c4ba97,0.79,#aa9d7c,0.58,#8f8166,0.52,#6e6454,0.47,#c4ba97,0.79,#312e2a,1.91,#aa9d7c,0.58,#8f8166,0.52,#6e6454,0.47,#312e2a,1.91,#6e6454,0.47,#8f8166,0.52,#aa9d7c,0.58,#c4ba97,0.79,#312e2a,1.91,#6e6454,0.47,#c4ba97,0.79,#aa9d7c,0.58,#8f8166,0.52,#312e2a,1.91,#6e6454,0.47,#8f8166,0.52,#aa9d7c,0.58,#c4ba97,0.79,Caryophyllaceae,Silene,Silene viscaria
KW_T_423a_27_0205R,KW_T_423a_27_0205R.tif_segmented.png,3593147,3037,3891,#9ea46b,7.31,#919562,7.01,#818059,3.66,#c0c48b,2.89,#adaf7f,2.79,#c0c48b,2.89,#9ea46b,7.31,#919562,7.01,#322f2b,1.94,#adaf7f,2.79,#322f2b,1.94,#68644a,1.42,#818059,3.66,#c0c48b,2.89,#adaf7f,2.79,#322f2b,1.94,#c0c48b,2.89,#919562,7.01,#adaf7f,2.79,#9ea46b,7.31,#322f2b,1.94,#68644a,1.42,#818059,3.66,#c0c48b,2.89,#adaf7f,2.79,,Sporobolus,Sporobolus indicus
KW_T_423a_27_0206R,KW_T_423a_27_0206R.tif_segmented.png,791702,3039,3891,#302e2a,1.64,#c2bea1,1.1,#b0ad91,1.03,#6d6652,0.73,#9c987d,0.73,#c2bea1,1.1,#302e2a,1.64,#b0ad91,1.03,#6d6652,0.73,#9c987d,0.73,#302e2a,1.64,#6d6652,0.73,#857f67,0.64,#9c987d,0.73,#b0ad91,1.03,#302e2a,1.64,#6d6652,0.73,#857f67,0.64,#b0ad91,1.03,#9c987d,0.73,#302e2a,1.64,#6d6652,0.73,#857f67,0.64,#9c987d,0.73,#b0ad91,1.03,,Kretzschmaria,Kretzschmaria deusta
KW_T_423a_27_0207R,KW_T_423a_27_0207R.tif_segmented.png,676182,3039,3891,#2f2d2a,2.08,#c4b693,1.43,#a18d69,1.07,#b3a17b,0.99,#8d7659,0.77,#c4b693,1.43,#b3a17b,0.99,#a18d69,1.07,#8d7659,0.77,#2f2d2a,2.08,#5f5648,0.25,#2f2d2a,2.08,#8d7659,0.77,#c4b693,1.43,#a18d69,1.07,#2f2d2a,2.08,#b3a17b,0.99,#5f5648,0.25,#c4b693,1.43,#a18d69,1.07,#5f5648,0.25,#2f2d2a,2.08,#8d7659,0.77,#c4b693,1.43,#a18d69,1.07,,Butyriboletus,Butyriboletus appendiculatus
KW_T_423a_27_0208R,KW_T_423a_27_0208R.tif_segmented.png,491719,3039,3887,#2e2c28,1.29,#595042,0.76,#b9b09c,0.69,#6f6554,0.66,#887c69,0.64,#b9b09c,0.69,#2e2c28,1.29,#a19680,0.58,#595042,0.76,#6f6554,0.66,#2e2c28,1.29,#595042,0.76,#6f6554,0.66,#887c69,0.64,#a19680,0.58,#2e2c28,1.29,#6f6554,0.66,#887c69,0.64,#595042,0.76,#a19680,0.58,#2e2c28,1.29,#595042,0.76,#6f6554,0.66,#887c69,0.64,#a19680,0.58,Rosaceae,Rubus,Rubus elegantispinosus
KW_T_423a_27_0209R,KW_T_423a_27_0209R.tif_segmented.png,3265841,3037,3891,#9b9b6b,6.04,#8d8d61,5.35,#adaa7a,3.86,#beb797,2.82,#7e7857,2.65,#beb797,2.82,#adaa7a,3.86,#9b9b6b,6.04,#6b5c46,1.06,#302e2a,1.72,#302e2a,1.72,#6b5c46,1.06,#beb797,2.82,#7e7857,2.65,#adaa7a,3.86,#302e2a,1.72,#adaa7a,3.86,#8d8d61,5.35,#7e7857,2.65,#9b9b6b,6.04,#302e2a,1.72,#6b5c46,1.06,#beb797,2.82,#7e7857,2.65,#adaa7a,3.86,,Amaranthus,Amaranthus crispus
KW_T_423a_27_0210R,KW_T_423a_27_0210R.tif_segmented.png,1816451,3035,3883,#c2a577,3.52,#d2ba87,3.47,#af916a,2.63,#2c2a26,1.73,#8f7960,0.81,#d2ba87,3.47,#c2a577,3.52,#af916a,2.63,#2c2a26,1.73,#8f7960,0.81,#534c3e,0.24,#2c2a26,1.73,#8f7960,0.81,#d2ba87,3.47,#c2a577,3.52,#2c2a26,1.73,#d2ba87,3.47,#c2a577,3.52,#534c3e,0.24,#af916a,2.63,#534c3e,0.24,#2c2a26,1.73,#8f7960,0.81,#d2ba87,3.47,#c2a577,3.52,,Clavariadelphus,Clavariadelphus ligula
KW_T_423a_27_0211R,KW_T_423a_27_0211R.tif_segmented.png,602099,3031,3887,#2f2c29,2.01,#5b574d,1.2,#736c5d,1.18,#8d8b71,0.83,#b4aa8e,0.71,#b4aa8e,0.71,#2f2c29,2.01,#8d8b71,0.83,#736c5d,1.18,#5b574d,1.2,#2f2c29,2.01,#5b574d,1.2,#b4aa8e,0.71,#8d8b71,0.83,#736c5d,1.18,#2f2c29,2.01,#8d8b71,0.83,#5b574d,1.2,#b4aa8e,0.71,#736c5d,1.18,#2f2c29,2.01,#5b574d,1.2,#b4aa8e,0.71,#8d8b71,0.83,#736c5d,1.18,,Clavulinopsis,Clavulinopsis helvola
KW_T_423a_27_0212R,KW_T_423a_27_0212R.tif_segmented.png,515412,3035,3899,#434039,1.89,#2e2c29,1.89,#c5bca0,1.51,#666050,1.1,#a6a08a,0.78,#c5bca0,1.51,#a6a08a,0.78,#2e2c29,1.89,#434039,1.89,#666050,1.1,#2e2c29,1.89,#434039,1.89,#666050,1.1,#877f6b,0.53,#a6a08a,0.78,#2e2c29,1.89,#434039,1.89,#a6a08a,0.78,#666050,1.1,#877f6b,0.53,#2e2c29,1.89,#434039,1.89,#666050,1.1,#877f6b,0.53,#a6a08a,0.78,,Clavaria,Clavaria fuscata
KW_T_423a_28_0106R,KW_T_423a_28_0106R.tif_segmented.png,3070133,3074,3975,#9fa579,6.51,#919670,5.11,#adb384,4.46,#2a2826,3.75,#828465,3.37,#adb384,4.46,#2a2826,3.75,#9fa579,6.51,#919670,5.11,#828465,3.37,#2a2826,3.75,#6e6f56,1.6,#828465,3.37,#919670,5.11,#9fa579,6.51,#2a2826,3.75,#919670,5.11,#adb384,4.46,#828465,3.37,#9fa579,6.51,#2a2826,3.75,#6e6f56,1.6,#828465,3.37,#919670,5.11,#9fa579,6.51,Amanitaceae,Amanita,Amanita excelsa
KW_T_423a_28_0107R,KW_T_423a_28_0107R.tif_segmented.png,2943974,3054,3927,#625241,3.95,#79654e,3.53,#2b2825,3.4,#917a5e,2.19,#a89574,1.56,#c2b395,1.46,#a89574,1.56,#625241,3.95,#79654e,3.53,#2b2825,3.4,#2b2825,3.4,#a89574,1.56,#917a5e,2.19,#c2b395,1.46,#79654e,3.53,#2b2825,3.4,#79654e,3.53,#a89574,1.56,#c2b395,1.46,#625241,3.95,#2b2825,3.4,#a89574,1.56,#917a5e,2.19,#c2b395,1.46,#79654e,3.53,,Medicago,Medicago murex
KW_T_423a_28_0108R,KW_T_423a_28_0108R.tif_segmented.png,1275466,3029,3895,#686251,3.33,#565042,3.01,#2a2825,2.7,#7c7660,2.24,#979075,1.39,#b9af94,0.74,#2a2825,2.7,#565042,3.01,#979075,1.39,#686251,3.33,#2a2825,2.7,#b9af94,0.74,#979075,1.39,#565042,3.01,#7c7660,2.24,#2a2825,2.7,#7c7660,2.24,#565042,3.01,#686251,3.33,#979075,1.39,#2a2825,2.7,#b9af94,0.74,#979075,1.39,#565042,3.01,#7c7660,2.24,,Dracocephalum,Dracocephalum parviflorum
KW_T_423a_28_0109R,KW_T_423a_28_0109R.tif_segmented.png,1052123,3029,3875,#2e2b28,1.83,#d8c37d,1.46,#c0a466,1.36,#c2b492,0.8,#98835d,0.46,#d8c37d,1.46,#c0a466,1.36,#c2b492,0.8,#98835d,0.46,#534a3a,0.2,#534a3a,0.2,#2e2b28,1.83,#98835d,0.46,#c2b492,0.8,#c0a466,1.36,#d8c37d,1.46,#2e2b28,1.83,#c0a466,1.36,#534a3a,0.2,#c2b492,0.8,#534a3a,0.2,#2e2b28,1.83,#98835d,0.46,#c2b492,0.8,#c0a466,1.36,,Panaeolus,Panaeolus acuminatus
KW_T_423a_28_0110R,KW_T_423a_28_0110R.tif_segmented.png,3576201,3054,3895,#979b6d,8.48,#a3a775,7.06,#8a8c64,6.4,#7c775b,3.05,#2d2a26,2.37,#a3a775,7.06,#979b6d,8.48,#2d2a26,2.37,#b8b492,2.18,#8a8c64,6.4,#2d2a26,2.37,#645e48,0.85,#7c775b,3.05,#b8b492,2.18,#8a8c64,6.4,#2d2a26,2.37,#7c775b,3.05,#8a8c64,6.4,#979b6d,8.48,#a3a775,7.06,#2d2a26,2.37,#645e48,0.85,#7c775b,3.05,#b8b492,2.18,#8a8c64,6.4,,Psathyrella,Psathyrella spec.
KW_T_423a_28_0111R,KW_T_423a_28_0111R.tif_segmented.png,2577793,3051,3907,#6e5f4e,5.18,#80705a,4.1,#918268,3.73,#584d40,3.32,#a69979,3.32,#c2b897,1.44,#a69979,3.32,#6e5f4e,5.18,#584d40,3.32,#80705a,4.1,#2d2a28,2.13,#a69979,3.32,#c2b897,1.44,#584d40,3.32,#918268,3.73,#2d2a28,2.13,#80705a,4.1,#6e5f4e,5.18,#584d40,3.32,#c2b897,1.44,#2d2a28,2.13,#a69979,3.32,#c2b897,1.44,#584d40,3.32,#918268,3.73,,Pluteus,Pluteus chrysophaeus
KW_T_423a_28_0112R,KW_T_423a_28_0112R.tif_segmented.png,663466,3060,3915,#2b2926,2.67,#6f5c41,1.46,#837356,1.46,#9b8b6a,1.26,#4f3c2d,0.86,#bcaa84,0.67,#4f3c2d,0.86,#6f5c41,1.46,#9b8b6a,1.26,#837356,1.46,#4f3c2d,0.86,#2b2926,2.67,#bcaa84,0.67,#6f5c41,1.46,#837356,1.46,#2b2926,2.67,#bcaa84,0.67,#837356,1.46,#4f3c2d,0.86,#6f5c41,1.46,#4f3c2d,0.86,#2b2926,2.67,#bcaa84,0.67,#6f5c41,1.46,#837356,1.46,,Pluteus,Pluteus romellii
KW_T_423a_28_0113R,KW_T_423a_28_0113R.tif_segmented.png,505669,3041,3927,#312e2b,2.2,#22211e,1.22,#aca080,0.91,#8e8169,0.87,#6a5f4f,0.45,#aca080,0.91,#8e8169,0.87,#22211e,1.22,#6a5f4f,0.45,#312e2b,2.2,#6a5f4f,0.45,#8e8169,0.87,#312e2b,2.2,#22211e,1.22,#aca080,0.91,#22211e,1.22,#312e2b,2.2,#6a5f4f,0.45,#aca080,0.91,#8e8169,0.87,#6a5f4f,0.45,#8e8169,0.87,#312e2b,2.2,#22211e,1.22,#aca080,0.91,Rosaceae,Rubus,Rubus foliosus
KW_T_423a_28_0114R,KW_T_423a_28_0114R.tif_segmented.png,3830780,3035,3907,#9aa06d,9.28,#8e9366,7.11,#a5ac77,6.01,#80835e,4.07,#302d29,2.01,#a5ac77,6.01,#9aa06d,9.28,#bebb97,1.2,#302d29,2.01,#8e9366,7.11,#302d29,2.01,#6b6b4f,1.51,#bebb97,1.2,#80835e,4.07,#8e9366,7.11,#302d29,2.01,#8e9366,7.11,#bebb97,1.2,#a5ac77,6.01,#9aa06d,9.28,#302d29,2.01,#6b6b4f,1.51,#bebb97,1.2,#80835e,4.07,#8e9366,7.11,,Verbascum,Verbascum blattaria
KW_T_423a_28_0115R,KW_T_423a_28_0115R.tif_segmented.png,464303,3039,3923,#2b2926,2.74,#c3bb8d,1.02,#ae9e75,1.0,#8d795b,0.72,#4e493d,0.24,#c3bb8d,1.02,#ae9e75,1.0,#8d795b,0.72,#2b2926,2.74,#4e493d,0.24,#4e493d,0.24,#2b2926,2.74,#8d795b,0.72,#c3bb8d,1.02,#ae9e75,1.0,#2b2926,2.74,#c3bb8d,1.02,#ae9e75,1.0,#4e493d,0.24,#8d795b,0.72,#4e493d,0.24,#2b2926,2.74,#8d795b,0.72,#c3bb8d,1.02,#ae9e75,1.0,Tricholomataceae,Tricholoma,Tricholoma squarrulosum
KW_T_423a_28_0116R,KW_T_423a_28_0116R.tif_segmented.png,1293481,3054,3923,#2c2926,2.79,#c6b998,2.13,#9b8c75,1.98,#b1a386,1.97,#817262,1.13,#c6b998,2.13,#b1a386,1.97,#2c2926,2.79,#4f4639,0.33,#9b8c75,1.98,#4f4639,0.33,#2c2926,2.79,#817262,1.13,#9b8c75,1.98,#b1a386,1.97,#2c2926,2.79,#817262,1.13,#4f4639,0.33,#b1a386,1.97,#c6b998,2.13,#4f4639,0.33,#2c2926,2.79,#817262,1.13,#9b8c75,1.98,#b1a386,1.97,,Hebeloma,Hebeloma sacchariolens s.l.
KW_T_423a_28_0117R,KW_T_423a_28_0117R.tif_segmented.png,435716,3047,3923,#2b2825,2.8,#c3b590,0.73,#aa9f7a,0.56,#93856a,0.36,#524a3d,0.26,#c3b590,0.73,#aa9f7a,0.56,#2b2825,2.8,#524a3d,0.26,#93856a,0.36,#524a3d,0.26,#2b2825,2.8,#93856a,0.36,#aa9f7a,0.56,#c3b590,0.73,#2b2825,2.8,#aa9f7a,0.56,#524a3d,0.26,#c3b590,0.73,#93856a,0.36,#524a3d,0.26,#2b2825,2.8,#93856a,0.36,#aa9f7a,0.56,#c3b590,0.73,Rosaceae,Rubus,Rubus adspersus
KW_T_423a_28_0118R,KW_T_423a_28_0118R.tif_segmented.png,3574662,3045,3923,#828364,6.96,#91936f,5.84,#727258,5.75,#a3a17f,3.23,#2b2926,2.46,#bfb49c,2.25,#2b2926,2.46,#a3a17f,3.23,#91936f,5.84,#828364,6.96,#2b2926,2.46,#5b594b,2.46,#bfb49c,2.25,#a3a17f,3.23,#727258,5.75,#2b2926,2.46,#91936f,5.84,#a3a17f,3.23,#828364,6.96,#5b594b,2.46,#2b2926,2.46,#5b594b,2.46,#bfb49c,2.25,#a3a17f,3.23,#727258,5.75,,Rumex,Rumex obovatus
KW_T_423a_28_0119R,KW_T_423a_28_0119R.tif_segmented.png,1653693,3045,3915,#2c2926,2.13,#806f5a,1.78,#bfb190,1.71,#978366,1.57,#ac9875,1.46,#bfb190,1.71,#ac9875,1.46,#2c2926,2.13,#978366,1.57,#51483a,0.33,#51483a,0.33,#2c2926,2.13,#806f5a,1.78,#978366,1.57,#bfb190,1.71,#2c2926,2.13,#806f5a,1.78,#51483a,0.33,#bfb190,1.71,#ac9875,1.46,#51483a,0.33,#2c2926,2.13,#806f5a,1.78,#978366,1.57,#bfb190,1.71,,Coprinopsis,Coprinopsis nivea
KW_T_423a_28_0120R,KW_T_423a_28_0120R.tif_segmented.png,553036,3049,3919,#322f2b,2.01,#937a5a,1.12,#ab9269,1.03,#77624b,0.97,#211f1c,0.68,#c4aa73,0.65,#c9bda1,0.54,#ab9269,1.03,#937a5a,1.12,#77624b,0.97,#322f2b,2.01,#211f1c,0.68,#77624b,0.97,#937a5a,1.12,#ab9269,1.03,#211f1c,0.68,#322f2b,2.01,#c4aa73,0.65,#ab9269,1.03,#77624b,0.97,#322f2b,2.01,#211f1c,0.68,#77624b,0.97,#937a5a,1.12,#ab9269,1.03,,Pleurotus,Pleurotus dryinus
KW_T_423a_28_0121R,KW_T_423a_28_0121R.tif_segmented.png,786953,3047,3923,#33302c,1.83,#665647,1.57,#b08f67,1.54,#cbae7a,1.46,#242220,1.29,#dac796,0.93,#cbae7a,1.46,#b08f67,1.54,#877058,1.14,#665647,1.57,#33302c,1.83,#242220,1.29,#665647,1.57,#dac796,0.93,#877058,1.14,#242220,1.29,#33302c,1.83,#cbae7a,1.46,#dac796,0.93,#b08f67,1.54,#33302c,1.83,#242220,1.29,#665647,1.57,#dac796,0.93,#877058,1.14,,Resupinatus,Resupinatus applicatus 
KW_T_423a_28_0122R,KW_T_423a_28_0122R.tif_segmented.png,2935813,3045,3915,#939170,5.7,#868265,4.93,#a29f7d,4.39,#2c2a27,2.57,#757058,2.34,#b9b293,2.0,#2c2a27,2.57,#a29f7d,4.39,#939170,5.7,#868265,4.93,#2c2a27,2.57,#b9b293,2.0,#a29f7d,4.39,#757058,2.34,#939170,5.7,#2c2a27,2.57,#a29f7d,4.39,#868265,4.93,#939170,5.7,#757058,2.34,#2c2a27,2.57,#b9b293,2.0,#a29f7d,4.39,#757058,2.34,#939170,5.7,Rosaceae,Rubus,Rubus spec. serie Pallidi 
KW_T_423a_28_0123R,KW_T_423a_28_0123R.tif_segmented.png,2564182,3051,3923,#ccba92,4.16,#bba883,3.16,#2e2b27,2.5,#a19073,1.74,#877961,1.52,#ccba92,4.16,#bba883,3.16,#2e2b27,2.5,#6a5e4b,1.13,#a19073,1.74,#2e2b27,2.5,#6a5e4b,1.13,#877961,1.52,#a19073,1.74,#ccba92,4.16,#2e2b27,2.5,#bba883,3.16,#ccba92,4.16,#877961,1.52,#6a5e4b,1.13,#2e2b27,2.5,#6a5e4b,1.13,#877961,1.52,#a19073,1.74,#ccba92,4.16,,Morchella,Morchella elata
KW_T_423a_28_0124R,KW_T_423a_28_0124R.tif_segmented.png,1167241,3049,3931,#2d2a27,2.41,#91826d,2.03,#b3a893,1.97,#a19581,1.86,#7d6d5d,1.56,#cbbfa7,1.44,#2d2a27,2.41,#4b4236,0.48,#b3a893,1.97,#a19581,1.86,#4b4236,0.48,#2d2a27,2.41,#7d6d5d,1.56,#b3a893,1.97,#91826d,2.03,#2d2a27,2.41,#4b4236,0.48,#7d6d5d,1.56,#b3a893,1.97,#91826d,2.03,#4b4236,0.48,#2d2a27,2.41,#7d6d5d,1.56,#b3a893,1.97,#91826d,2.03,,Gymnopus,Gymnopus perforans
KW_T_423a_28_0125R,KW_T_423a_28_0125R.tif_segmented.png,830229,3031,3927,#2b2926,2.87,#8f7859,1.48,#c8ba97,1.4,#aa9773,1.08,#e1d58e,0.92,#e1d58e,0.92,#c6a962,0.86,#c8ba97,1.4,#2b2926,2.87,#8f7859,1.48,#6c5e4a,0.32,#2b2926,2.87,#8f7859,1.48,#aa9773,1.08,#c6a962,0.86,#e1d58e,0.92,#c6a962,0.86,#2b2926,2.87,#c8ba97,1.4,#aa9773,1.08,#6c5e4a,0.32,#2b2926,2.87,#8f7859,1.48,#aa9773,1.08,#c6a962,0.86,,Mycoacia,Mycoacia uda
KW_T_423a_28_0126R,KW_T_423a_28_0126R.tif_segmented.png,3121116,3043,3923,#b1b470,7.26,#a4a568,7.04,#969360,3.85,#2d2a26,2.57,#c4be90,2.28,#b1b470,7.26,#c4be90,2.28,#a4a568,7.04,#2d2a26,2.57,#969360,3.85,#2d2a26,2.57,#655644,0.62,#857959,1.97,#c4be90,2.28,#969360,3.85,#2d2a26,2.57,#b1b470,7.26,#c4be90,2.28,#969360,3.85,#a4a568,7.04,#2d2a26,2.57,#655644,0.62,#857959,1.97,#c4be90,2.28,#969360,3.85,,Calyptella,Calyptella capula s.l.
KW_T_423a_28_0127R,KW_T_423a_28_0127R.tif_segmented.png,3611382,3054,3923,#95805f,6.34,#a48f68,6.32,#836f55,4.51,#b39f74,4.27,#302d29,2.74,#c2b187,2.26,#b39f74,4.27,#a48f68,6.32,#95805f,6.34,#302d29,2.74,#302d29,2.74,#c2b187,2.26,#836f55,4.51,#95805f,6.34,#a48f68,6.32,#302d29,2.74,#b39f74,4.27,#c2b187,2.26,#a48f68,6.32,#836f55,4.51,#302d29,2.74,#c2b187,2.26,#836f55,4.51,#95805f,6.34,#a48f68,6.32,,Reseda,Reseda inodora
KW_T_423a_28_0128R,KW_T_423a_28_0128R.tif_segmented.png,955239,3039,3907,#2f2c29,2.0,#c8bb98,0.74,#927c60,0.57,#ac9c7c,0.46,#6d5d49,0.26,#c8bb98,0.74,#ac9c7c,0.46,#2f2c29,2.0,#6d5d49,0.26,#927c60,0.57,#2f2c29,2.0,#6d5d49,0.26,#927c60,0.57,#ac9c7c,0.46,#c8bb98,0.74,#2f2c29,2.0,#c8bb98,0.74,#ac9c7c,0.46,#6d5d49,0.26,#927c60,0.57,#2f2c29,2.0,#6d5d49,0.26,#927c60,0.57,#ac9c7c,0.46,#c8bb98,0.74,,Sarcomyxa,Sarcomyxa serotina
KW_T_423a_28_0129R,KW_T_423a_28_0129R.tif_segmented.png,936222,3045,3903,#302d29,2.23,#a28763,1.75,#907556,1.68,#b49c74,1.17,#cab487,1.12,#d9c699,0.93,#cab487,1.12,#b49c74,1.17,#302d29,2.23,#907556,1.68,#302d29,2.23,#756048,0.79,#cab487,1.12,#d9c699,0.93,#907556,1.68,#302d29,2.23,#d9c699,0.93,#cab487,1.12,#b49c74,1.17,#756048,0.79,#302d29,2.23,#756048,0.79,#cab487,1.12,#d9c699,0.93,#907556,1.68,,Pleurotus,Pleurotus cornucopiae
KW_T_423a_28_0130R,KW_T_423a_28_0130R.tif_segmented.png,2820352,3051,3907,#8f916a,5.54,#9da075,4.4,#7f8060,4.18,#c9c5a4,2.0,#6c6a52,1.85,#c9c5a4,2.0,#2e2b27,1.69,#9da075,4.4,#b1ac8a,1.62,#8f916a,5.54,#2e2b27,1.69,#6c6a52,1.85,#b1ac8a,1.62,#7f8060,4.18,#9da075,4.4,#2e2b27,1.69,#8f916a,5.54,#b1ac8a,1.62,#7f8060,4.18,#9da075,4.4,#2e2b27,1.69,#6c6a52,1.85,#b1ac8a,1.62,#7f8060,4.18,#9da075,4.4,,Ramariopsis,Ramariopsis kunzei
KW_T_423a_28_0131R,KW_T_423a_28_0131R.tif_segmented.png,1587444,3049,3903,#2f2c28,2.32,#7b664f,2.25,#96805f,2.03,#e1cd87,1.87,#b09b73,1.84,#e1cd87,1.87,#c7b17c,1.64,#cfc3a5,1.27,#2f2c28,2.32,#b09b73,1.84,#2f2c28,2.32,#b09b73,1.84,#96805f,2.03,#7b664f,2.25,#c7b17c,1.64,#e1cd87,1.87,#2f2c28,2.32,#c7b17c,1.64,#b09b73,1.84,#7b664f,2.25,#2f2c28,2.32,#b09b73,1.84,#96805f,2.03,#7b664f,2.25,#c7b17c,1.64,,Agrocybe,Agrocybe erebia
KW_T_423a_28_0132R,KW_T_423a_28_0132R.tif_segmented.png,2379074,3043,3903,#dac793,5.52,#cfb987,3.15,#c2a97a,2.16,#302c27,2.01,#b0966a,1.64,#dac793,5.52,#cfb987,3.15,#c2a97a,2.16,#b0966a,1.64,#302c27,2.01,#302c27,2.01,#6b5a45,0.58,#917a5c,0.56,#b0966a,1.64,#c2a97a,2.16,#302c27,2.01,#dac793,5.52,#cfb987,3.15,#c2a97a,2.16,#b0966a,1.64,#302c27,2.01,#6b5a45,0.58,#917a5c,0.56,#b0966a,1.64,#c2a97a,2.16,Rosaceae,Rubus,Rubus gratus
KW_T_423a_28_0133R,KW_T_423a_28_0133R.tif_segmented.png,1662195,3041,3915,#d08847,2.31,#766350,2.16,#e2b65a,1.84,#2e2b27,1.76,#d8c78a,1.62,#e2b65a,1.84,#d08847,2.31,#d8c78a,1.62,#b39d74,1.51,#2e2b27,1.76,#2e2b27,1.76,#b39d74,1.51,#937c5d,1.58,#766350,2.16,#d8c78a,1.62,#e2b65a,1.84,#d08847,2.31,#2e2b27,1.76,#d8c78a,1.62,#b39d74,1.51,#2e2b27,1.76,#b39d74,1.51,#937c5d,1.58,#766350,2.16,#d8c78a,1.62,,Verbena,Verbena bracteata
KW_T_423a_28_0134R,KW_T_423a_28_0134R.tif_segmented.png,2663623,3041,3907,#83855e,5.03,#93986c,4.79,#a2a77a,4.2,#6f6e4e,2.83,#302c27,1.91,#302c27,1.91,#bab592,1.6,#a2a77a,4.2,#83855e,5.03,#93986c,4.79,#302c27,1.91,#bab592,1.6,#6f6e4e,2.83,#83855e,5.03,#a2a77a,4.2,#302c27,1.91,#93986c,4.79,#bab592,1.6,#83855e,5.03,#a2a77a,4.2,#302c27,1.91,#bab592,1.6,#6f6e4e,2.83,#83855e,5.03,#a2a77a,4.2,,Pseudoinonotus,Pseudoinonotus dryadeus
KW_T_423a_28_0135R,KW_T_423a_28_0135R.tif_segmented.png,1224051,3043,3903,#302d29,2.35,#99815e,1.49,#a9946f,1.45,#856f53,1.42,#d0c19b,1.37,#d0c19b,1.37,#bca880,1.28,#302d29,2.35,#856f53,1.42,#a9946f,1.45,#302d29,2.35,#bca880,1.28,#a9946f,1.45,#856f53,1.42,#99815e,1.49,#302d29,2.35,#bca880,1.28,#d0c19b,1.37,#a9946f,1.45,#856f53,1.42,#302d29,2.35,#bca880,1.28,#a9946f,1.45,#856f53,1.42,#99815e,1.49,,Gymnopus,Gymnopus spec.
KW_T_423a_28_0136R,KW_T_423a_28_0136R.tif_segmented.png,1242125,3035,3899,#322e29,2.01,#ccbf9a,1.63,#b5a783,1.33,#988a68,0.74,#786b54,0.47,#ccbf9a,1.63,#b5a783,1.33,#322e29,2.01,#786b54,0.47,#988a68,0.74,#322e29,2.01,#786b54,0.47,#988a68,0.74,#b5a783,1.33,#ccbf9a,1.63,#322e29,2.01,#786b54,0.47,#b5a783,1.33,#ccbf9a,1.63,#988a68,0.74,#322e29,2.01,#786b54,0.47,#988a68,0.74,#b5a783,1.33,#ccbf9a,1.63,Rosaceae,Rubus,Rubus glandithyrsos
KW_T_423a_28_0137R,KW_T_423a_28_0137R.tif_segmented.png,753652,3033,3899,#2f2c28,1.9,#c7c292,0.73,#a8a281,0.68,#605743,0.63,#867d5e,0.45,#c7c292,0.73,#2f2c28,1.9,#a8a281,0.68,#605743,0.63,#867d5e,0.45,#2f2c28,1.9,#605743,0.63,#867d5e,0.45,#a8a281,0.68,#c7c292,0.73,#2f2c28,1.9,#c7c292,0.73,#a8a281,0.68,#867d5e,0.45,#605743,0.63,#2f2c28,1.9,#605743,0.63,#867d5e,0.45,#a8a281,0.68,#c7c292,0.73,,Geum,Geum spec.
KW_T_423a_28_0138R,KW_T_423a_28_0138R.tif_segmented.png,3508492,3047,3899,#9b9f71,7.02,#8e8f68,5.86,#a7ac7b,5.63,#7e7d5d,3.7,#2e2b28,2.37,#a7ac7b,5.63,#9b9f71,7.02,#b6b68c,1.81,#2e2b28,2.37,#8e8f68,5.86,#2e2b28,2.37,#69654d,1.84,#7e7d5d,3.7,#b6b68c,1.81,#8e8f68,5.86,#2e2b28,2.37,#b6b68c,1.81,#8e8f68,5.86,#7e7d5d,3.7,#a7ac7b,5.63,#2e2b28,2.37,#69654d,1.84,#7e7d5d,3.7,#b6b68c,1.81,#8e8f68,5.86,,Coriolopsis,Coriolopsis spec.
KW_T_423a_28_0139R,KW_T_423a_28_0139R.tif_segmented.png,1554165,3039,3891,#ecdf7e,2.36,#e5cb63,2.31,#302d29,1.68,#dba755,1.16,#bbb182,0.81,#ecdf7e,2.36,#e5cb63,2.31,#dba755,1.16,#302d29,1.68,#bbb182,0.81,#302d29,1.68,#968a63,0.34,#bbb182,0.81,#dba755,1.16,#e5cb63,2.31,#e5cb63,2.31,#ecdf7e,2.36,#dba755,1.16,#302d29,1.68,#bbb182,0.81,#302d29,1.68,#968a63,0.34,#bbb182,0.81,#dba755,1.16,#e5cb63,2.31,,Diplomitoporus,Diplomitoporus flavescens
KW_T_423a_28_0140R,KW_T_423a_28_0140R.tif_segmented.png,651755,3039,3899,#2f2d29,2.16,#975949,1.95,#804e3d,1.24,#9d705f,1.1,#af947c,0.62,#975949,1.95,#804e3d,1.24,#af947c,0.62,#9d705f,1.1,#2f2d29,2.16,#2f2d29,2.16,#6b5b4d,0.42,#af947c,0.62,#9d705f,1.1,#804e3d,1.24,#2f2d29,2.16,#975949,1.95,#804e3d,1.24,#9d705f,1.1,#6b5b4d,0.42,#2f2d29,2.16,#6b5b4d,0.42,#af947c,0.62,#9d705f,1.1,#804e3d,1.24,,Arcyria,Arcyria obvelata
KW_T_423a_28_0141R,KW_T_423a_28_0141R.tif_segmented.png,1067203,3033,3895,#cabd99,1.72,#38332e,1.1,#b5a481,1.1,#292723,0.83,#998a6c,0.58,#cabd99,1.72,#b5a481,1.1,#998a6c,0.58,#292723,0.83,#38332e,1.1,#38332e,1.1,#292723,0.83,#756a55,0.26,#998a6c,0.58,#b5a481,1.1,#292723,0.83,#38332e,1.1,#756a55,0.26,#b5a481,1.1,#cabd99,1.72,#38332e,1.1,#292723,0.83,#756a55,0.26,#998a6c,0.58,#b5a481,1.1,,Brefeldia,Brefeldia maxima
KW_T_423a_28_0142R,KW_T_423a_28_0142R.tif_segmented.png,3115558,3043,3899,#96976c,6.36,#a2a774,6.09,#aead85,3.43,#878262,3.3,#2f2c28,1.93,#a2a774,6.09,#2f2c28,1.93,#c3bca0,1.79,#aead85,3.43,#96976c,6.36,#2f2c28,1.93,#716753,1.16,#878262,3.3,#aead85,3.43,#96976c,6.36,#2f2c28,1.93,#aead85,3.43,#96976c,6.36,#878262,3.3,#716753,1.16,#2f2c28,1.93,#716753,1.16,#878262,3.3,#aead85,3.43,#96976c,6.36,Rosaceae,Rubus,Rubus gratus
KW_T_423a_28_0143R,KW_T_423a_28_0143R.tif_segmented.png,1158111,3047,3903,#9a9773,2.0,#aaab85,1.98,#2f2c28,1.94,#847d63,1.55,#c8c1a4,1.13,#cda66e,0.45,#c8c1a4,1.13,#2f2c28,1.94,#aaab85,1.98,#695f4d,0.84,#2f2c28,1.94,#695f4d,0.84,#847d63,1.55,#cda66e,0.45,#aaab85,1.98,#2f2c28,1.94,#cda66e,0.45,#aaab85,1.98,#9a9773,2.0,#847d63,1.55,#2f2c28,1.94,#695f4d,0.84,#847d63,1.55,#cda66e,0.45,#aaab85,1.98,,Plantago,Plantago afra
KW_T_423a_28_0144R,KW_T_423a_28_0144R.tif_segmented.png,1156856,3037,3903,#766753,2.08,#8a7960,1.91,#302d28,1.86,#cdbf9e,1.59,#615543,1.52,#cdbf9e,1.59,#b6a787,1.47,#302d28,1.86,#615543,1.52,#9f8e71,1.31,#302d28,1.86,#615543,1.52,#766753,2.08,#8a7960,1.91,#9f8e71,1.31,#302d28,1.86,#766753,2.08,#b6a787,1.47,#cdbf9e,1.59,#8a7960,1.91,#302d28,1.86,#615543,1.52,#766753,2.08,#8a7960,1.91,#9f8e71,1.31,,Pluteus,Pluteus spec.
KW_T_423a_28_0145R,KW_T_423a_28_0145R.tif_segmented.png,570757,3031,3911,#33302b,1.73,#89714d,1.58,#a1885a,1.1,#afa47d,0.73,#22201c,0.72,#a1885a,1.1,#89714d,1.58,#afa47d,0.73,#22201c,0.72,#33302b,1.73,#33302b,1.73,#22201c,0.72,#afa47d,0.73,#89714d,1.58,#a1885a,1.1,#22201c,0.72,#33302b,1.73,#afa47d,0.73,#a1885a,1.1,#89714d,1.58,#33302b,1.73,#22201c,0.72,#afa47d,0.73,#89714d,1.58,#a1885a,1.1,,Pluteus,Pluteus salicinus
KW_T_423a_28_0146R,KW_T_423a_28_0146R.tif_segmented.png,3227428,3039,3895,#9ba07a,5.33,#8e9071,5.29,#a8ae85,4.93,#7e7f65,4.34,#302c28,2.29,#c5c2a3,1.86,#302c28,2.29,#a8ae85,4.93,#9ba07a,5.33,#8e9071,5.29,#302c28,2.29,#6b6a57,2.15,#7e7f65,4.34,#8e9071,5.29,#9ba07a,5.33,#302c28,2.29,#7e7f65,4.34,#8e9071,5.29,#a8ae85,4.93,#9ba07a,5.33,#302c28,2.29,#6b6a57,2.15,#7e7f65,4.34,#8e9071,5.29,#9ba07a,5.33,Russulaceae,Lactarius,Lactarius aurantiacus
KW_T_423a_28_0147R,KW_T_423a_28_0147R.tif_segmented.png,1596844,3039,3899,#988465,2.74,#867256,2.26,#a79574,2.07,#2e2b28,1.98,#b9a883,1.83,#cbbc97,1.71,#b9a883,1.83,#2e2b28,1.98,#726148,1.4,#a79574,2.07,#2e2b28,1.98,#726148,1.4,#867256,2.26,#988465,2.74,#a79574,2.07,#2e2b28,1.98,#b9a883,1.83,#cbbc97,1.71,#726148,1.4,#867256,2.26,#2e2b28,1.98,#726148,1.4,#867256,2.26,#988465,2.74,#a79574,2.07,,Hygrocybe,Hygrocybe acutoconica s.l. 
KW_T_423a_28_0148R,KW_T_423a_28_0148R.tif_segmented.png,561074,3035,3891,#2f2d28,1.81,#947b5e,1.14,#7a654e,1.11,#a6987e,0.83,#cbc1a4,0.74,#cbc1a4,0.74,#947b5e,1.14,#5e503e,0.48,#2f2d28,1.81,#7a654e,1.11,#2f2d28,1.81,#5e503e,0.48,#a6987e,0.83,#7a654e,1.11,#947b5e,1.14,#2f2d28,1.81,#7a654e,1.11,#cbc1a4,0.74,#5e503e,0.48,#a6987e,0.83,#2f2d28,1.81,#5e503e,0.48,#a6987e,0.83,#7a654e,1.11,#947b5e,1.14,,Hygrcybe,Hygrcybe chlorophana
KW_T_423a_28_0149R,KW_T_423a_28_0149R.tif_segmented.png,1178883,3037,3911,#957f5f,2.29,#7d684e,2.17,#302c28,1.94,#ab9977,1.09,#61513e,1.03,#c3b698,0.97,#ab9977,1.09,#61513e,1.03,#7d684e,2.17,#957f5f,2.29,#302c28,1.94,#61513e,1.03,#ab9977,1.09,#957f5f,2.29,#7d684e,2.17,#302c28,1.94,#7d684e,2.17,#ab9977,1.09,#c3b698,0.97,#61513e,1.03,#302c28,1.94,#61513e,1.03,#ab9977,1.09,#957f5f,2.29,#7d684e,2.17,,Verbena,Verbena bonariensis
KW_T_423a_28_0150R,KW_T_423a_28_0150R.tif_segmented.png,4882160,3041,3911,#91946d,8.03,#848663,7.94,#9ea278,6.92,#77785a,5.86,#afb187,4.97,#c8c6a2,2.75,#afb187,4.97,#2e2c28,2.73,#9ea278,6.92,#91946d,8.03,#2e2c28,2.73,#afb187,4.97,#65664d,3.33,#9ea278,6.92,#77785a,5.86,#2e2c28,2.73,#afb187,4.97,#91946d,8.03,#c8c6a2,2.75,#77785a,5.86,#2e2c28,2.73,#afb187,4.97,#65664d,3.33,#9ea278,6.92,#77785a,5.86,,Symphyotrichum,Symphyotrichum ciliolatum
KW_T_423a_28_0151R,KW_T_423a_28_0151R.tif_segmented.png,1485085,3041,3899,#9c7b5d,2.42,#7a4b3b,2.36,#885f4b,2.31,#b0946a,2.22,#312d2a,1.95,#c7af7b,1.71,#7a4b3b,2.36,#b0946a,2.22,#885f4b,2.31,#9c7b5d,2.42,#312d2a,1.95,#c7af7b,1.71,#9c7b5d,2.42,#885f4b,2.31,#b0946a,2.22,#312d2a,1.95,#c7af7b,1.71,#7a4b3b,2.36,#b0946a,2.22,#885f4b,2.31,#312d2a,1.95,#c7af7b,1.71,#9c7b5d,2.42,#885f4b,2.31,#b0946a,2.22,,Xylaria,Xylaria carpophila
KW_T_423a_28_0152R,KW_T_423a_28_0152R.tif_segmented.png,420280,3037,3915,#2f2c27,1.71,#836e54,1.03,#998262,0.67,#b5a07b,0.65,#cdc0a5,0.59,#cdc0a5,0.59,#b5a07b,0.65,#2f2c27,1.71,#836e54,1.03,#645744,0.47,#2f2c27,1.71,#645744,0.47,#b5a07b,0.65,#836e54,1.03,#998262,0.67,#2f2c27,1.71,#b5a07b,0.65,#836e54,1.03,#645744,0.47,#cdc0a5,0.59,#2f2c27,1.71,#645744,0.47,#b5a07b,0.65,#836e54,1.03,#998262,0.67,,Stromatinia,Stromatinia rapulum
KW_T_423a_28_0153R,KW_T_423a_28_0153R.tif_segmented.png,388165,3035,3923,#2b2925,1.68,#79654e,1.17,#927f64,0.97,#463d34,0.64,#c9bfa5,0.48,#c9bfa5,0.48,#79654e,1.17,#aa9b80,0.43,#463d34,0.64,#2b2925,1.68,#463d34,0.64,#2b2925,1.68,#79654e,1.17,#aa9b80,0.43,#927f64,0.97,#2b2925,1.68,#463d34,0.64,#79654e,1.17,#aa9b80,0.43,#927f64,0.97,#463d34,0.64,#2b2925,1.68,#79654e,1.17,#aa9b80,0.43,#927f64,0.97,,Agrocybe,Agrocybe praecox
KW_T_423a_28_0154R,KW_T_423a_28_0154R.tif_segmented.png,1104904,3035,3915,#2f2c28,1.93,#afb373,1.55,#c4cb7e,1.26,#9c996b,1.18,#c6c2a2,1.09,#c4cb7e,1.26,#afb373,1.55,#c6c2a2,1.09,#2f2c28,1.93,#605a43,0.29,#2f2c28,1.93,#605a43,0.29,#837e59,0.61,#9c996b,1.18,#afb373,1.55,#2f2c28,1.93,#c4cb7e,1.26,#afb373,1.55,#9c996b,1.18,#837e59,0.61,#2f2c28,1.93,#605a43,0.29,#837e59,0.61,#9c996b,1.18,#afb373,1.55,Rosaceae,Rubus,Rubus paludosus
KW_T_423a_28_0155R,KW_T_423a_28_0155R.tif_segmented.png,714717,3041,3911,#2f2c28,1.48,#766f5e,1.06,#b0ab87,0.98,#928d7a,0.86,#9a8f5d,0.56,#9a8f5d,0.56,#b0ab87,0.98,#2f2c28,1.48,#564e3e,0.28,#766f5e,1.06,#2f2c28,1.48,#564e3e,0.28,#b0ab87,0.98,#766f5e,1.06,#928d7a,0.86,#2f2c28,1.48,#9a8f5d,0.56,#b0ab87,0.98,#564e3e,0.28,#766f5e,1.06,#2f2c28,1.48,#564e3e,0.28,#b0ab87,0.98,#766f5e,1.06,#928d7a,0.86,Poaceae,Avena,Avena sterilis
KW_T_423a_28_0156R,KW_T_423a_28_0156R.tif_segmented.png,2099679,3054,3911,#93936d,3.06,#818062,2.9,#a5a97a,2.76,#302d29,2.33,#6b6953,1.81,#a5a97a,2.76,#302d29,2.33,#b7b499,1.08,#93936d,3.06,#6b6953,1.81,#302d29,2.33,#b7b499,1.08,#6b6953,1.81,#818062,2.9,#93936d,3.06,#302d29,2.33,#93936d,3.06,#818062,2.9,#a5a97a,2.76,#6b6953,1.81,#302d29,2.33,#b7b499,1.08,#6b6953,1.81,#818062,2.9,#93936d,3.06,,Gymnopilus,Gymnopilus penetrans
KW_T_423a_28_0157R,KW_T_423a_28_0157R.tif_segmented.png,2502388,3039,3911,#cabfa1,4.13,#baaf92,3.27,#a89c81,2.71,#2f2c28,2.22,#91836b,1.68,#cabfa1,4.13,#baaf92,3.27,#2f2c28,2.22,#a89c81,2.71,#91836b,1.68,#2f2c28,2.22,#696051,0.67,#91836b,1.68,#baaf92,3.27,#a89c81,2.71,#2f2c28,2.22,#696051,0.67,#a89c81,2.71,#cabfa1,4.13,#baaf92,3.27,#2f2c28,2.22,#696051,0.67,#91836b,1.68,#baaf92,3.27,#a89c81,2.71,,Galerina,Galerina spec.
KW_T_423a_28_0158R,KW_T_423a_28_0158R.tif_segmented.png,1518521,3039,3903,#939871,3.34,#332f2a,2.31,#a6aa81,1.72,#828465,1.58,#c2c19f,1.16,#c2c19f,1.16,#332f2a,2.31,#a6aa81,1.72,#939871,3.34,#6d6a52,0.59,#332f2a,2.31,#6d6a52,0.59,#828465,1.58,#939871,3.34,#a6aa81,1.72,#332f2a,2.31,#939871,3.34,#828465,1.58,#a6aa81,1.72,#c2c19f,1.16,#332f2a,2.31,#6d6a52,0.59,#828465,1.58,#939871,3.34,#a6aa81,1.72,,Thelephora,Thelephora terrestris
KW_T_423a_28_0159R,KW_T_423a_28_0159R.tif_segmented.png,939946,3047,3899,#2f2c28,2.2,#e4d377,1.73,#625747,1.28,#a99772,1.03,#ceb768,0.98,#e4d377,1.73,#ceb768,0.98,#2f2c28,2.2,#a99772,1.03,#bab19a,0.96,#2f2c28,2.2,#625747,1.28,#81725b,0.87,#a99772,1.03,#bab19a,0.96,#e4d377,1.73,#ceb768,0.98,#2f2c28,2.2,#81725b,0.87,#a99772,1.03,#2f2c28,2.2,#625747,1.28,#81725b,0.87,#a99772,1.03,#bab19a,0.96,,Stereopsis,Stereopsis vitellina
KW_T_423a_28_0160R,KW_T_423a_28_0160R.tif_segmented.png,1475911,3049,3903,#322e29,2.08,#bbb49b,1.8,#a9a18b,1.71,#938a78,1.59,#746c5f,1.18,#322e29,2.08,#bbb49b,1.8,#a9a18b,1.71,#938a78,1.59,#746c5f,1.18,#322e29,2.08,#746c5f,1.18,#938a78,1.59,#a9a18b,1.71,#bbb49b,1.8,#322e29,2.08,#a9a18b,1.71,#938a78,1.59,#746c5f,1.18,#bbb49b,1.8,#322e29,2.08,#746c5f,1.18,#938a78,1.59,#a9a18b,1.71,#bbb49b,1.8,Rosaceae,Rubus,Rubus serpens
KW_T_423a_28_0161R,KW_T_423a_28_0161R.tif_segmented.png,1206725,3037,3911,#2e2b29,3.0,#d09550,2.44,#dcb061,1.91,#b88148,1.7,#e7cf79,1.56,#e7cf79,1.56,#dcb061,1.91,#d09550,2.44,#b88148,1.7,#2e2b29,3.0,#2e2b29,3.0,#877053,0.8,#b7a884,0.73,#e7cf79,1.56,#b88148,1.7,#e7cf79,1.56,#dcb061,1.91,#d09550,2.44,#2e2b29,3.0,#b88148,1.7,#2e2b29,3.0,#877053,0.8,#b7a884,0.73,#e7cf79,1.56,#b88148,1.7,,Geastrum,Geastrum pectinatum
KW_T_423a_28_0162R,KW_T_423a_28_0162R.tif_segmented.png,1107665,3041,3875,#a1aa75,8.25,#b2ba85,6.14,#949667,5.88,#ccc9a1,3.27,#827a56,2.89,#984841,1.74,#bd7773,0.71,#ccc9a1,3.27,#b2ba85,6.14,#a1aa75,8.25,#312e29,2.01,#bd7773,0.71,#984841,1.74,#827a56,2.89,#949667,5.88,#984841,1.74,#312e29,2.01,#bd7773,0.71,#ccc9a1,3.27,#b2ba85,6.14,#312e29,2.01,#bd7773,0.71,#984841,1.74,#827a56,2.89,#949667,5.88,,Hygrocybe,Hygrocybe glutinipes var. rubra
KW_T_423a_28_0163R,KW_T_423a_28_0163R.tif_segmented.png,521490,3043,3899,#35312d,1.27,#675e46,1.0,#817760,0.88,#9a947f,0.81,#23211e,0.52,#bdb69c,0.52,#675e46,1.0,#23211e,0.52,#35312d,1.27,#817760,0.88,#35312d,1.27,#23211e,0.52,#675e46,1.0,#9a947f,0.81,#817760,0.88,#23211e,0.52,#35312d,1.27,#817760,0.88,#675e46,1.0,#9a947f,0.81,#35312d,1.27,#23211e,0.52,#675e46,1.0,#9a947f,0.81,#817760,0.88,,Loreleia,Loreleia postii
KW_T_423a_28_0164R,KW_T_423a_28_0164R.tif_segmented.png,1602859,3043,3911,#d4b583,3.41,#dec593,3.06,#c6a477,2.52,#33302c,2.02,#ae8f69,1.8,#dec593,3.06,#d4b583,3.41,#c6a477,2.52,#ae8f69,1.8,#1f1f1a,0.72,#33302c,2.02,#1f1f1a,0.72,#93795d,0.9,#ae8f69,1.8,#c6a477,2.52,#1f1f1a,0.72,#33302c,2.02,#d4b583,3.41,#dec593,3.06,#c6a477,2.52,#33302c,2.02,#1f1f1a,0.72,#93795d,0.9,#ae8f69,1.8,#c6a477,2.52,Postiaceae,Postia,Postia stiptica
KW_T_423a_28_0165R,KW_T_423a_28_0165R.tif_segmented.png,854602,3033,3883,#2f2d28,2.0,#c6b78b,1.17,#ac9d79,0.88,#9a8a6b,0.75,#817057,0.72,#c6b78b,1.17,#2f2d28,2.0,#ac9d79,0.88,#817057,0.72,#9a8a6b,0.75,#2f2d28,2.0,#817057,0.72,#9a8a6b,0.75,#ac9d79,0.88,#c6b78b,1.17,#2f2d28,2.0,#c6b78b,1.17,#817057,0.72,#ac9d79,0.88,#9a8a6b,0.75,#2f2d28,2.0,#817057,0.72,#9a8a6b,0.75,#ac9d79,0.88,#c6b78b,1.17,,Beta,Beta macrocarpa
KW_T_423a_28_0166R,KW_T_423a_28_0166R.tif_segmented.png,1017279,3023,3883,#2e2c29,1.92,#9da183,1.32,#888a75,1.13,#b5b499,0.96,#675f53,0.2,#2e2c29,1.92,#b5b499,0.96,#9da183,1.32,#675f53,0.2,#888a75,1.13,#2e2c29,1.92,#675f53,0.2,#888a75,1.13,#9da183,1.32,#b5b499,0.96,#2e2c29,1.92,#9da183,1.32,#888a75,1.13,#b5b499,0.96,#675f53,0.2,#2e2c29,1.92,#675f53,0.2,#888a75,1.13,#9da183,1.32,#b5b499,0.96,,Disciotis,Disciotis venosa
KW_T_423a_28_0167R,KW_T_423a_28_0167R.tif_segmented.png,2194100,3045,3899,#76624c,4.11,#5f4f3f,3.13,#8d775c,2.92,#312d29,1.89,#aa9674,1.65,#d2b677,0.95,#c0b69a,0.98,#5f4f3f,3.13,#aa9674,1.65,#76624c,4.11,#312d29,1.89,#d2b677,0.95,#aa9674,1.65,#5f4f3f,3.13,#8d775c,2.92,#d2b677,0.95,#312d29,1.89,#76624c,4.11,#aa9674,1.65,#8d775c,2.92,#312d29,1.89,#d2b677,0.95,#aa9674,1.65,#5f4f3f,3.13,#8d775c,2.92,,Typhula,Typhula incarnata
KW_T_423a_28_0168R,KW_T_423a_28_0168R.tif_segmented.png,863641,3039,3899,#2f2c29,2.01,#8f7c5e,1.25,#a29579,1.12,#b9b19d,1.0,#6d5e49,0.93,#c3b279,0.48,#2f2c29,2.01,#6d5e49,0.93,#b9b19d,1.0,#8f7c5e,1.25,#2f2c29,2.01,#6d5e49,0.93,#8f7c5e,1.25,#c3b279,0.48,#a29579,1.12,#2f2c29,2.01,#c3b279,0.48,#6d5e49,0.93,#8f7c5e,1.25,#a29579,1.12,#2f2c29,2.01,#6d5e49,0.93,#8f7c5e,1.25,#c3b279,0.48,#a29579,1.12,,Typhula,Typhula setipes s.l.
KW_T_423a_28_0169R,KW_T_423a_28_0169R.tif_segmented.png,1582995,3041,3915,#82705d,2.77,#9c8868,2.35,#d0bd88,2.31,#b8a378,1.96,#2f2c28,1.75,#d0bd88,2.31,#b8a378,1.96,#2f2c28,1.75,#9c8868,2.35,#584d3d,0.34,#2f2c28,1.75,#584d3d,0.34,#b8a378,1.96,#d0bd88,2.31,#82705d,2.77,#2f2c28,1.75,#d0bd88,2.31,#b8a378,1.96,#82705d,2.77,#584d3d,0.34,#2f2c28,1.75,#584d3d,0.34,#b8a378,1.96,#d0bd88,2.31,#82705d,2.77,Rosaceae,Rubus,Rubus rosaceus
KW_T_423a_28_0170R,KW_T_423a_28_0170R.tif_segmented.png,1936530,3049,3923,#2f2c28,2.7,#9b9c72,2.37,#abab81,2.17,#bdbc90,2.03,#8b8965,1.65,#bdbc90,2.03,#2f2c28,2.7,#abab81,2.17,#777154,0.68,#9b9c72,2.37,#2f2c28,2.7,#777154,0.68,#8b8965,1.65,#bdbc90,2.03,#9b9c72,2.37,#2f2c28,2.7,#bdbc90,2.03,#abab81,2.17,#8b8965,1.65,#9b9c72,2.37,#2f2c28,2.7,#777154,0.68,#8b8965,1.65,#bdbc90,2.03,#9b9c72,2.37,,Anacyclus,Anacyclus clavatus
KW_T_423a_28_0171R,KW_T_423a_28_0171R.tif_segmented.png,1172455,3045,3899,#96996f,2.13,#2d2b28,1.95,#acac82,1.86,#c5c497,1.66,#7f815e,1.15,#c5c497,1.66,#4e4437,0.41,#acac82,1.86,#2d2b28,1.95,#96996f,2.13,#4e4437,0.41,#2d2b28,1.95,#7f815e,1.15,#c5c497,1.66,#96996f,2.13,#2d2b28,1.95,#c5c497,1.66,#acac82,1.86,#96996f,2.13,#4e4437,0.41,#4e4437,0.41,#2d2b28,1.95,#7f815e,1.15,#c5c497,1.66,#96996f,2.13,,Mycena,Mycena aurantiomarginata
KW_T_423a_28_0172R,KW_T_423a_28_0172R.tif_segmented.png,702462,3037,3887,#6f624c,2.54,#2e2c28,2.1,#83755b,1.95,#5d513e,1.63,#988a6b,1.5,#aea68b,1.01,#5d513e,1.63,#6f624c,2.54,#988a6b,1.5,#2e2c28,2.1,#2e2c28,2.1,#aea68b,1.01,#5d513e,1.63,#988a6b,1.5,#83755b,1.95,#2e2c28,2.1,#6f624c,2.54,#83755b,1.95,#aea68b,1.01,#5d513e,1.63,#2e2c28,2.1,#aea68b,1.01,#5d513e,1.63,#988a6b,1.5,#83755b,1.95,Clitocybaceae,Clitocybe,Clitocybe phaeophthalma
KW_T_423a_28_0173R,KW_T_423a_28_0173R.tif_segmented.png,731550,3033,3887,#302d28,1.75,#c5aa89,1.55,#ba9072,1.12,#98836c,1.07,#7a6a5a,1.01,#c5aa89,1.55,#ba9072,1.12,#302d28,1.75,#98836c,1.07,#7a6a5a,1.01,#302d28,1.75,#7a6a5a,1.01,#98836c,1.07,#ba9072,1.12,#c5aa89,1.55,#302d28,1.75,#7a6a5a,1.01,#c5aa89,1.55,#ba9072,1.12,#98836c,1.07,#302d28,1.75,#7a6a5a,1.01,#98836c,1.07,#ba9072,1.12,#c5aa89,1.55,,Gentianopsis,Gentianopsis ciliata
KW_T_423a_28_0174R,KW_T_423a_28_0174R.tif_segmented.png,1675926,3039,3891,#b3af8f,1.99,#9c9b78,1.84,#302d29,1.81,#898566,1.46,#6b604d,0.46,#b3af8f,1.99,#302d29,1.81,#6b604d,0.46,#9c9b78,1.84,#898566,1.46,#302d29,1.81,#6b604d,0.46,#898566,1.46,#9c9b78,1.84,#b3af8f,1.99,#302d29,1.81,#9c9b78,1.84,#898566,1.46,#b3af8f,1.99,#6b604d,0.46,#302d29,1.81,#6b604d,0.46,#898566,1.46,#9c9b78,1.84,#b3af8f,1.99,Rosaceae,Rubus,Rubus egregius
KW_T_423a_28_0175R,KW_T_423a_28_0175R.tif_segmented.png,728590,3039,3891,#2f2c28,1.99,#c8c59c,1.55,#b5b488,1.43,#a09d75,1.11,#847c5d,0.56,#c8c59c,1.55,#b5b488,1.43,#2f2c28,1.99,#5d5242,0.26,#a09d75,1.11,#5d5242,0.26,#2f2c28,1.99,#847c5d,0.56,#a09d75,1.11,#b5b488,1.43,#2f2c28,1.99,#b5b488,1.43,#c8c59c,1.55,#a09d75,1.11,#847c5d,0.56,#5d5242,0.26,#2f2c28,1.99,#847c5d,0.56,#a09d75,1.11,#b5b488,1.43,,Geastrum,Geastrum coronatum
KW_T_423a_28_0176R,KW_T_423a_28_0176R.tif_segmented.png,1059460,3039,3879,#302d2a,2.26,#cdbe92,1.78,#bba97d,1.48,#a2906b,1.08,#5c5446,0.69,#cdbe92,1.78,#bba97d,1.48,#a2906b,1.08,#302d2a,2.26,#827358,0.54,#302d2a,2.26,#5c5446,0.69,#827358,0.54,#a2906b,1.08,#cdbe92,1.78,#302d2a,2.26,#bba97d,1.48,#cdbe92,1.78,#5c5446,0.69,#827358,0.54,#302d2a,2.26,#5c5446,0.69,#827358,0.54,#a2906b,1.08,#cdbe92,1.78,,Exidia,Exidia plana
KW_T_423a_28_0177R,KW_T_423a_28_0177R.tif_segmented.png,2532334,3045,3875,#7e705f,4.88,#907e69,4.8,#a78b70,3.54,#6c6154,3.15,#b7a283,2.22,#b7a283,2.22,#a78b70,3.54,#312d29,2.12,#907e69,4.8,#7e705f,4.88,#312d29,2.12,#b7a283,2.22,#a78b70,3.54,#907e69,4.8,#7e705f,4.88,#312d29,2.12,#7e705f,4.88,#b7a283,2.22,#6c6154,3.15,#907e69,4.8,#312d29,2.12,#b7a283,2.22,#a78b70,3.54,#907e69,4.8,#7e705f,4.88,,Exidia,Exidia nucleata
KW_T_423a_28_0178R,KW_T_423a_28_0178R.tif_segmented.png,2507541,3051,3887,#a0a576,4.87,#8d8e67,4.43,#b5b88c,3.72,#787659,3.33,#2e2b27,1.8,#ded276,0.76,#b5b88c,3.72,#2e2b27,1.8,#a0a576,4.87,#615f47,1.66,#2e2b27,1.8,#615f47,1.66,#787659,3.33,#b5b88c,3.72,#8d8e67,4.43,#ded276,0.76,#2e2b27,1.8,#b5b88c,3.72,#8d8e67,4.43,#787659,3.33,#2e2b27,1.8,#615f47,1.66,#787659,3.33,#b5b88c,3.72,#8d8e67,4.43,Rosaceae,Rubus,Rubus camptostachys
KW_T_423a_28_0179R,KW_T_423a_28_0179R.tif_segmented.png,1755164,3043,3891,#302d29,2.05,#a4a270,1.16,#c8c29e,1.1,#b5b47f,0.98,#918862,0.98,#c8c29e,1.1,#b5b47f,0.98,#302d29,2.05,#a4a270,1.16,#918862,0.98,#68634e,0.29,#302d29,2.05,#918862,0.98,#a4a270,1.16,#b5b47f,0.98,#302d29,2.05,#b5b47f,0.98,#a4a270,1.16,#918862,0.98,#c8c29e,1.1,#68634e,0.29,#302d29,2.05,#918862,0.98,#a4a270,1.16,#b5b47f,0.98,,Lepista,Lepista irina
KW_T_423a_28_0180R,KW_T_423a_28_0180R.tif_segmented.png,6118287,3033,3891,#d0c49b,8.56,#c6b991,7.11,#baac88,5.76,#a99b7b,2.96,#312e28,2.1,#d0c49b,8.56,#c6b991,7.11,#312e28,2.1,#baac88,5.76,#a99b7b,2.96,#312e28,2.1,#a99b7b,2.96,#c6b991,7.11,#baac88,5.76,#d0c49b,8.56,#312e28,2.1,#d0c49b,8.56,#c6b991,7.11,#baac88,5.76,#a99b7b,2.96,#312e28,2.1,#a99b7b,2.96,#c6b991,7.11,#baac88,5.76,#d0c49b,8.56,,Lepiota,Lepiota spec.
KW_T_423a_28_0181R,KW_T_423a_28_0181R.tif_segmented.png,1223912,3025,3899,#2f2c29,2.48,#877a63,1.87,#baae91,1.85,#ae976b,1.51,#9c9685,1.31,#ae976b,1.51,#baae91,1.85,#2f2c29,2.48,#695f4d,1.26,#877a63,1.87,#2f2c29,2.48,#695f4d,1.26,#877a63,1.87,#baae91,1.85,#ae976b,1.51,#2f2c29,2.48,#ae976b,1.51,#695f4d,1.26,#877a63,1.87,#9c9685,1.31,#2f2c29,2.48,#695f4d,1.26,#877a63,1.87,#baae91,1.85,#ae976b,1.51,,Myxomphalia,Myxomphalia maura
KW_T_423a_28_0182R,KW_T_423a_28_0182R.tif_segmented.png,1305031,3051,3891,#999c70,3.01,#868862,2.34,#302c27,2.32,#b2b486,1.89,#706d52,0.88,#ddd988,0.66,#302c27,2.32,#b2b486,1.89,#999c70,3.01,#706d52,0.88,#302c27,2.32,#706d52,0.88,#b2b486,1.89,#999c70,3.01,#868862,2.34,#ddd988,0.66,#302c27,2.32,#b2b486,1.89,#999c70,3.01,#868862,2.34,#302c27,2.32,#706d52,0.88,#b2b486,1.89,#999c70,3.01,#868862,2.34,,Mycena,Mycena belliae
KW_T_423a_28_0183R,KW_T_423a_28_0183R.tif_segmented.png,1052050,3049,3895,#2d2b28,2.34,#b7bb80,1.67,#a4a76e,1.62,#c7c893,1.25,#8e8e5e,0.69,#c7c893,1.25,#b7bb80,1.67,#2d2b28,2.34,#a4a76e,1.62,#6c674b,0.54,#2d2b28,2.34,#6c674b,0.54,#8e8e5e,0.69,#a4a76e,1.62,#c7c893,1.25,#2d2b28,2.34,#c7c893,1.25,#b7bb80,1.67,#8e8e5e,0.69,#a4a76e,1.62,#2d2b28,2.34,#6c674b,0.54,#8e8e5e,0.69,#a4a76e,1.62,#c7c893,1.25,,Omphalina,Omphalina pyxidata
KW_T_423a_28_0184R,KW_T_423a_28_0184R.tif_segmented.png,1068145,3041,3895,#8b6946,2.57,#755c42,2.17,#2f2c28,1.65,#604d3b,1.53,#9d7d57,1.48,#8b6946,2.57,#9d7d57,1.48,#ac9d7c,0.85,#755c42,2.17,#604d3b,1.53,#2f2c28,1.65,#ac9d7c,0.85,#604d3b,1.53,#9d7d57,1.48,#755c42,2.17,#2f2c28,1.65,#ac9d7c,0.85,#755c42,2.17,#9d7d57,1.48,#604d3b,1.53,#2f2c28,1.65,#ac9d7c,0.85,#604d3b,1.53,#9d7d57,1.48,#755c42,2.17,Rosaceae,Rubus,Rubus conothyrsoides
KW_T_423a_28_0185R,KW_T_423a_28_0185R.tif_segmented.png,2337399,3041,3899,#c1ac92,2.3,#2e2c28,2.28,#ad987f,2.15,#5c533c,1.67,#968268,1.67,#c1ac92,2.3,#5c533c,1.67,#ad987f,2.15,#7a6d4e,1.23,#2e2c28,2.28,#2e2c28,2.28,#5c533c,1.67,#7a6d4e,1.23,#968268,1.67,#ad987f,2.15,#2e2c28,2.28,#7a6d4e,1.23,#5c533c,1.67,#c1ac92,2.3,#968268,1.67,#2e2c28,2.28,#5c533c,1.67,#7a6d4e,1.23,#968268,1.67,#ad987f,2.15,,Hypomyces,Hypomyces rosellus
